household_key,recency_weeks,frequency_baskets,monetary_spend,avg_line_sales,total_units,product_diversity,category_diversity,discount_amount,coupon_line_count,first_half_spend,second_half_spend,top_department_share,spend_trend_change,discount_rate,coupon_engagement,campaign_exposure_count,future_spend,next_period_active_flag,next_period_spend_decline_flag,age_desc,marital_status_code,income_desc,homeowner_desc,hh_comp_desc,household_size_desc,kid_category_desc,household_key_1,missing_demographic_flag
1128,0,196,2315.21,2.5526019845644985,42336.0,682,147,353.63,1.0,1188.33,1126.8800000000003,0.4950997965627309,-61.44999999999959,0.13250325984322775,0.00510204081632653,7,711.7900000000001,1,0,25-34,U,75-99K,Unknown,2 Adults Kids,3,1,1128.0,1
2062,0,210,5184.410000000003,2.594799799799801,54517.0,1043,171,1636.9399999999996,20.0,3590.5800000000017,1593.8300000000004,0.461120937580168,-1996.7500000000014,0.23997302586731353,0.09523809523809523,6,173.21,1,1,25-34,U,25-34K,Unknown,2 Adults No Kids,2,None/Unknown,2062.0,1
868,0,135,5881.960000000002,4.145144467935167,418629.0,986,163,781.21,25.0,2270.2200000000007,3611.740000000001,0.47012390427680567,1341.5200000000004,0.11724299395032692,0.18518518518518517,5,954.69,1,0,65+,A,35-49K,Homeowner,2 Adults No Kids,2,None/Unknown,868.0,1
351,0,257,6819.720000000005,3.43389728096677,51921.0,810,152,1487.68,12.0,2481.2600000000007,4338.460000000003,0.3694594499480914,1857.200000000002,0.17907889351662362,0.04669260700389105,7,839.95,1,1,45-54,U,50-74K,Unknown,Unknown,1,None/Unknown,351.0,1
239,0,235,3717.790000000001,1.5686877637130805,2680.0,1054,168,980.2099999999997,115.0,1644.65,2073.14,0.47175607013844245,428.4899999999998,0.20864410387398882,0.48936170212765956,8,953.4100000000001,1,0,45-54,U,50-74K,Renter,Unknown,1,None/Unknown,239.0,1
123,0,161,3041.0299999999997,2.55119966442953,113758.0,558,118,703.9099999999999,3.0,1532.28,1508.75,0.47644383646330357,-23.529999999999973,0.18796295801801896,0.018633540372670808,3,181.62,1,1,45-54,B,35-49K,Homeowner,2 Adults No Kids,2,None/Unknown,123.0,1
582,0,123,4344.8600000000015,4.357933801404214,85851.0,726,156,605.38,2.0,2493.620000000001,1851.2400000000007,0.5513042997933189,-642.3800000000001,0.1222930605384789,0.016260162601626018,3,792.8800000000001,1,0,45-54,A,125-149K,Homeowner,Unknown,3,1,582.0,1
184,0,218,5881.010000000001,4.520376633358955,446759.0,710,156,915.3600000000001,17.0,1825.88,4055.1300000000006,0.35395960897872986,2229.2500000000005,0.1346836620136926,0.0779816513761468,5,1209.0600000000002,1,0,45-54,U,25-34K,Unknown,Single Male,1,None/Unknown,184.0,1
2334,0,316,10306.730000000009,2.947306262510726,3965.0,1632,187,1564.7,8.0,4348.810000000001,5957.920000000004,0.5816054170430385,1609.1100000000024,0.1318038349213194,0.02531645569620253,9,1648.6500000000005,1,0,35-44,U,50-74K,Homeowner,Unknown,1,None/Unknown,2334.0,1
1707,0,646,5618.040000000004,2.6676353276353293,2825.0,969,174,920.2199999999998,56.0,3650.9400000000014,1967.1000000000001,0.5344728766616114,-1683.8400000000013,0.14074386763450816,0.08668730650154799,5,962.4500000000004,1,0,35-44,B,25-34K,Unknown,Single Female,1,None/Unknown,1707.0,1
1393,0,168,4747.590000000002,3.182030831099197,14456.0,598,149,630.9199999999998,12.0,1811.3900000000006,2936.2,0.4387973687702601,1124.8099999999993,0.11730386296576553,0.07142857142857142,7,1203.3000000000002,1,0,35-44,B,150-174K,Homeowner,Single Female,1,None/Unknown,1393.0,1
853,0,455,11974.59000000001,5.4454706684856795,648809.0,697,156,488.92999999999995,6.0,5585.990000000003,6388.600000000005,0.6332759618492155,802.6100000000015,0.039228885579675694,0.013186813186813187,3,1522.7000000000007,1,1,25-34,B,175-199K,Unknown,Single Female,1,None/Unknown,853.0,1
2264,0,263,14323.990000000009,3.819730666666669,26458.0,1738,210,2085.9100000000003,10.0,5876.540000000004,8447.450000000006,0.641870037608236,2570.9100000000026,0.12711290135832634,0.03802281368821293,7,2636.6000000000017,1,0,45-54,A,250K+,Homeowner,2 Adults No Kids,2,None/Unknown,2264.0,1
17,1,118,4870.440000000001,5.0628274428274445,286802.0,422,122,1146.9499999999998,10.0,2952.830000000001,1917.6100000000001,0.37224152232652474,-1035.2200000000007,0.1906058939174625,0.0847457627118644,5,269.19,1,1,65+,B,Under 15K,Homeowner,2 Adults No Kids,2,None/Unknown,17.0,1
441,0,65,2095.52,2.839457994579946,973.0,221,85,268.17999999999995,2.0,945.6700000000001,1149.8500000000004,0.5978945560051918,204.1800000000003,0.11345771459999153,0.03076923076923077,1,274.37999999999994,1,1,45-54,B,50-74K,Homeowner,Single Female,1,None/Unknown,441.0,1
1470,0,106,1548.3300000000002,3.336918103448276,87404.0,353,118,243.29999999999995,4.0,643.3699999999998,904.9600000000003,0.4808535648085356,261.5900000000005,0.1357981279616885,0.03773584905660377,6,442.99999999999994,1,0,45-54,U,35-49K,Unknown,Single Female,1,None/Unknown,1470.0,1
302,0,77,1564.73,3.3221443736730363,10999.0,358,109,198.04999999999998,1.0,826.4199999999998,738.31,0.4862819783604839,-88.1099999999999,0.11235094566536946,0.012987012987012988,1,232.8,1,0,45-54,U,35-49K,Homeowner,2 Adults Kids,3,1,302.0,1
2341,0,296,5522.910000000002,2.078626270229583,43391.0,1180,180,1559.79,13.0,2355.76,3167.1500000000005,0.581447099445763,811.3900000000003,0.22022533779490866,0.04391891891891892,10,175.47000000000003,1,1,45-54,U,50-74K,Homeowner,Unknown,1,None/Unknown,2341.0,1
752,3,100,3401.45,3.661410118406889,310788.0,667,160,505.98,0.0,2093.65,1307.8000000000002,0.3695571006482529,-785.8499999999999,0.12949176312819424,0.0,3,391.11000000000007,1,1,35-44,A,75-99K,Renter,Single Female,2,None/Unknown,752.0,1
1541,0,83,6225.270000000001,3.0864005949429854,17419.0,862,161,799.4100000000001,120.0,2486.8300000000013,3738.440000000001,0.6152279338888111,1251.6099999999997,0.11380020157501836,1.4457831325301205,8,1518.0800000000002,1,0,35-44,U,50-74K,Unknown,Unknown,1,None/Unknown,1541.0,1
2184,1,230,4513.1900000000005,3.792596638655463,269451.0,847,163,596.15,0.0,2880.0500000000006,1633.1399999999999,0.4999988921361609,-1246.9100000000008,0.11667847510637382,0.0,4,581.6100000000001,1,1,25-34,U,50-74K,Unknown,Single Female,1,None/Unknown,2184.0,1
276,0,156,5217.880000000002,3.48555778223113,241681.0,792,150,1128.26,1.0,1415.69,3802.190000000001,0.39808121305971,2386.500000000001,0.1777868121409234,0.00641025641025641,5,540.8299999999999,1,1,35-44,U,35-49K,Unknown,Single Male,1,None/Unknown,276.0,1
2004,0,210,8167.390000000005,2.7215561479506847,3516.0,951,159,1384.33,199.0,3209.870000000001,4957.520000000003,0.5871153452939065,1747.6500000000024,0.14492991838119199,0.9476190476190476,7,1886.480000000001,1,0,45-54,U,50-74K,Unknown,Unknown,1,None/Unknown,2004.0,1
1263,1,122,5131.260000000001,3.7536649597659117,21869.0,811,154,739.1599999999999,6.0,2526.200000000001,2605.0600000000004,0.5356130852850955,78.85999999999922,0.1259126263538213,0.04918032786885246,6,126.18,1,1,25-34,B,15-24K,Unknown,Single Male,1,None/Unknown,1263.0,1
473,0,65,2983.79,3.5186202830188678,245735.0,472,117,651.96,2.0,1278.48,1705.3099999999997,0.5695709148432028,426.8299999999997,0.17931926012514612,0.03076923076923077,2,224.92,1,1,45-54,U,50-74K,Homeowner,Unknown,1,None/Unknown,473.0,1
460,0,103,651.2800000000002,2.114545454545455,41705.0,199,81,122.86,8.0,351.43000000000006,299.85,0.37566023829996303,-51.58000000000004,0.1587051437724442,0.07766990291262135,4,109.17000000000002,1,0,65+,B,25-34K,Homeowner,Single Female,1,None/Unknown,460.0,1
221,0,69,2445.87,2.2922867853795688,41144.0,601,98,583.4699999999999,12.0,942.7100000000002,1503.1599999999999,0.6652234174342871,560.4499999999997,0.1926063102854087,0.17391304347826086,3,433.41999999999996,1,0,65+,U,15-24K,Unknown,Unknown,1,None/Unknown,221.0,1
56,0,174,5556.260000000002,2.853754494093478,10633.0,929,168,1037.0299999999997,42.0,2069.48,3486.780000000001,0.5659490376620243,1417.300000000001,0.15728566466817012,0.2413793103448276,1,1135.2700000000002,1,0,55-64,A,100-124K,Homeowner,2 Adults Kids,4,2,56.0,1
2405,0,129,2867.63,3.266093394077449,199864.0,516,110,426.1,2.0,864.76,2002.87,0.49353647437082176,1138.11,0.1293670094391465,0.015503875968992248,3,558.0699999999999,1,0,25-34,U,15-24K,Unknown,Single Female,1,None/Unknown,2405.0,1
16,1,93,1486.02,2.936798418972332,81186.0,276,108,170.2,0.0,948.3900000000001,537.6299999999999,0.5385122676679992,-410.7600000000002,0.10276412553887768,0.0,2,26.0,1,1,45-54,B,50-74K,Homeowner,Single Female,1,None/Unknown,16.0,1
1388,0,140,6299.170000000001,3.5468299549549553,373289.0,892,155,806.5999999999999,36.0,3589.1100000000006,2710.0600000000004,0.5684240939679355,-879.0500000000002,0.11351338419340899,0.2571428571428571,8,649.9900000000002,1,1,35-44,A,100-124K,Unknown,2 Adults Kids,3,1,1388.0,1
825,0,217,10600.390000000005,3.9836114242765897,715626.0,1498,205,1698.2000000000003,47.0,5565.260000000002,5035.130000000002,0.35576804249654964,-530.1300000000001,0.138080869433,0.21658986175115208,6,1234.6300000000006,1,1,45-54,A,175-199K,Homeowner,2 Adults No Kids,2,None/Unknown,825.0,1
1261,0,208,3297.0200000000004,2.594036191974823,72054.0,629,142,540.18,8.0,1347.0000000000002,1950.0200000000004,0.50885344947862,603.0200000000002,0.1407745230897529,0.038461538461538464,5,480.96000000000004,1,1,45-54,A,25-34K,Homeowner,Single Female,2,None/Unknown,1261.0,1
2017,0,141,5574.750000000002,2.6333254605573932,450130.0,1064,167,1025.52,1.0,1382.2600000000002,4192.49,0.48796627651464164,2810.2299999999996,0.15537546191292168,0.0070921985815602835,6,1531.8700000000003,1,0,45-54,A,75-99K,Homeowner,2 Adults No Kids,2,None/Unknown,2017.0,1
671,0,111,4621.070000000001,5.3176869965477565,400059.0,413,109,677.31,12.0,2594.62,2026.45,0.5567498436509294,-568.1699999999998,0.12783341323196898,0.10810810810810811,3,468.59,1,1,35-44,U,35-49K,Homeowner,Single Female,1,None/Unknown,671.0,1
1720,0,126,4649.460000000002,3.114172806430008,44551.0,727,144,583.9499999999999,22.0,1611.48,3037.980000000001,0.6218098445841019,1426.500000000001,0.11158116791919603,0.1746031746031746,6,1106.23,1,0,45-54,U,50-74K,Unknown,Unknown,1,None/Unknown,1720.0,1
510,0,311,6866.660000000003,2.56218656716418,347309.0,1491,186,1079.93,21.0,3029.1300000000006,3837.530000000002,0.5044592276303179,808.4000000000015,0.13589854264533588,0.06752411575562701,9,1036.6999999999998,1,0,35-44,A,250K+,Homeowner,2 Adults Kids,3,1,510.0,1
1137,0,116,1806.2800000000002,3.157832167832168,24405.0,166,64,247.28000000000003,0.0,786.4,1019.8800000000001,0.4501018668202051,233.48000000000013,0.1204152788328561,0.0,4,315.61,1,0,65+,B,35-49K,Homeowner,Single Male,1,None/Unknown,1137.0,1
98,0,142,1850.6300000000006,1.8107925636007833,1341.0,574,125,395.46999999999997,1.0,415.46,1435.17,0.7122763599422897,1019.71,0.17606963180624188,0.007042253521126761,2,696.67,1,0,35-44,U,35-49K,Unknown,1 Adult Kids,2,1,98.0,1
1169,0,111,4410.910000000002,2.43696685082873,15528.0,720,133,1104.18,5.0,2312.0600000000004,2098.85,0.45523032662194407,-213.2100000000005,0.20021069465774805,0.04504504504504504,4,748.4899999999999,1,0,19-24,A,15-24K,Homeowner,2 Adults No Kids,2,None/Unknown,1169.0,1
2053,0,152,3082.5299999999997,2.655064599483204,44424.0,561,128,568.16,2.0,1198.9099999999999,1883.6200000000001,0.5907517526187904,684.7100000000003,0.15563085334553195,0.013157894736842105,4,268.80999999999995,1,1,45-54,A,15-24K,Homeowner,2 Adults No Kids,2,None/Unknown,2053.0,1
281,2,74,1354.3399999999997,2.792453608247422,12286.0,240,83,366.02,5.0,709.54,644.8,0.5910480381588081,-64.74000000000001,0.2127577948801414,0.06756756756756757,5,140.73999999999998,1,1,35-44,B,50-74K,Homeowner,Single Female,1,None/Unknown,281.0,1
934,0,190,8672.600000000004,2.146683168316833,109561.0,1894,193,2878.6099999999997,34.0,3251.0300000000007,5421.5700000000015,0.5885962687083456,2170.540000000001,0.2492041959240633,0.17894736842105263,7,2036.7800000000002,1,0,45-54,U,Under 15K,Unknown,Single Female,1,None/Unknown,934.0,1
1163,0,145,4514.990000000001,3.3271849668386153,343778.0,917,164,746.6999999999998,3.0,2047.11,2467.8800000000006,0.45881607711202016,420.77000000000066,0.14191257941839974,0.020689655172413793,6,293.02,1,1,35-44,U,Under 15K,Unknown,Unknown,1,None/Unknown,1163.0,1
133,0,65,3219.2300000000005,3.3850998948475293,1425.0,643,143,817.7900000000001,10.0,1248.14,1971.0900000000001,0.49792031013627486,722.95,0.20257268975630538,0.15384615384615385,4,604.6600000000001,1,0,45-54,A,Under 15K,Homeowner,Single Male,2,None/Unknown,133.0,1
597,0,93,3253.4300000000007,2.35074421965318,1632.0,871,146,583.55,2.0,1456.3400000000001,1797.0900000000006,0.6150770110314343,340.75000000000045,0.15208575494268928,0.021505376344086023,3,572.82,1,0,19-24,U,Under 15K,Unknown,1 Adult Kids,2,1,597.0,1
1919,0,86,3553.500000000001,2.763219284603422,182217.0,732,136,804.4000000000001,27.0,1455.8700000000001,2097.6300000000006,0.5088532432812719,641.7600000000004,0.18458431813488144,0.313953488372093,7,601.45,1,0,35-44,A,35-49K,Homeowner,1 Adult Kids,5+,3+,1919.0,1
1354,0,72,2017.38,2.752223738062756,62534.0,501,120,374.50999999999993,9.0,649.71,1367.6699999999998,0.5294292597329209,717.9599999999998,0.1565749261044613,0.125,1,517.38,1,0,65+,B,15-24K,Homeowner,2 Adults No Kids,2,None/Unknown,1354.0,1
1,0,73,3693.7700000000004,2.4924224021592445,1725.0,590,124,716.1600000000001,92.0,1576.4099999999999,2117.36,0.6433129296085027,540.9500000000003,0.16239713555543966,1.2602739726027397,6,636.39,1,0,65+,A,35-49K,Homeowner,2 Adults No Kids,2,None/Unknown,1.0,1
2121,0,121,4676.340000000001,3.6391750972762655,414453.0,856,177,699.11,28.0,1960.3300000000002,2716.0100000000007,0.42360906178763724,755.6800000000005,0.13005608832748886,0.23140495867768596,4,906.4500000000002,1,0,55-64,B,35-49K,Homeowner,2 Adults No Kids,2,None/Unknown,2121.0,1
1662,1,74,7695.7900000000045,3.197253842958041,3189.0,1188,174,1383.4,3.0,3397.950000000001,4297.840000000002,0.5236395483764497,899.8900000000008,0.15237042070933635,0.04054054054054054,8,922.1500000000003,1,1,35-44,U,150-174K,Homeowner,2 Adults No Kids,2,None/Unknown,1662.0,1
1796,0,49,2183.81,3.151240981240981,84247.0,406,97,271.0899999999999,0.0,827.2699999999999,1356.54,0.7006149802409549,529.2700000000001,0.11042812334514643,0.0,2,417.25,1,0,19-24,U,35-49K,Unknown,Single Female,1,None/Unknown,1796.0,1
1833,0,69,2588.42,2.9854901960784312,6320.0,585,127,757.86,29.0,1292.44,1295.98,0.5986354610148277,3.5399999999999636,0.22647835805730543,0.42028985507246375,6,403.39,1,0,25-34,U,25-34K,Homeowner,1 Adult Kids,5+,3+,1833.0,1
886,0,172,4016.7800000000007,4.300620985010707,291318.0,517,148,594.37,20.0,2054.2700000000004,1962.51,0.3006512679310293,-91.76000000000045,0.12889843097708814,0.11627906976744186,3,873.3300000000002,1,0,35-44,A,100-124K,Homeowner,2 Adults No Kids,2,None/Unknown,886.0,1
2393,0,47,3180.6800000000007,3.7463839811543003,1266.0,509,151,416.36999999999995,6.0,931.9699999999999,2248.7100000000005,0.4425971804771305,1316.7400000000007,0.1157531866390514,0.1276595744680851,2,867.6100000000001,1,0,35-44,U,75-99K,Homeowner,Single Male,1,None/Unknown,2393.0,1
688,7,26,2870.630000000001,3.5222453987730074,968.0,631,144,394.8399999999999,3.0,570.7500000000001,2299.880000000001,0.5444240462894904,1729.130000000001,0.1209136816446024,0.11538461538461539,3,336.98,1,1,35-44,A,125-149K,Homeowner,2 Adults Kids,3,1,688.0,1
1438,6,37,1796.5800000000002,3.4952918287937744,629.0,379,130,174.79000000000002,0.0,754.8800000000001,1041.7000000000003,0.27843458125994947,286.82000000000016,0.0886642284299751,0.0,1,334.19,1,0,45-54,U,Under 15K,Unknown,Single Female,1,None/Unknown,1438.0,1
119,1,49,2127.7200000000003,3.3934928229665076,674.0,497,144,184.9,2.0,330.04999999999995,1797.67,0.4628052563307202,1467.6200000000001,0.07995260786467295,0.04081632653061224,2,465.2899999999999,1,0,45-54,U,125-149K,Unknown,Single Male,1,None/Unknown,119.0,1
314,0,34,2438.4599999999996,2.3605614714424004,1454.0,492,115,381.5300000000001,0.0,840.4899999999998,1597.9700000000003,0.5590987754566408,757.4800000000005,0.13529480600995042,0.0,1,565.55,1,0,45-54,U,75-99K,Homeowner,2 Adults Kids,3,1,314.0,1
1451,0,217,5629.560000000001,3.706096115865702,437057.0,986,166,1445.0700000000002,140.0,1768.38,3861.1800000000007,0.4312646103780757,2092.8000000000006,0.20426085887177137,0.6451612903225806,6,1070.49,1,0,45-54,A,125-149K,Homeowner,1 Adult Kids,5+,3+,1451.0,1
982,0,349,16033.240000000025,3.254819326025178,1167297.0,1410,189,2231.8899999999994,168.0,8237.870000000006,7795.370000000008,0.4244538221844114,-442.4999999999982,0.12219403858609253,0.4813753581661891,10,2757.1000000000026,1,0,45-54,U,35-49K,Unknown,2 Adults Kids,4,2,982.0,1
1020,0,133,7540.730000000003,2.8434125188536967,33092.0,1317,188,1136.6199999999997,8.0,2929.7400000000002,4610.990000000001,0.5353447212670388,1681.2500000000005,0.1309869948774683,0.06015037593984962,4,2020.730000000001,1,0,45-54,A,25-34K,Homeowner,2 Adults No Kids,2,None/Unknown,1020.0,1
2193,0,108,8426.190000000006,3.195369738339024,203353.0,1708,216,961.8100000000002,3.0,4021.3300000000036,4404.860000000002,0.5026079402434548,383.52999999999884,0.10245100127822748,0.027777777777777776,7,728.8199999999999,1,1,25-34,A,50-74K,Homeowner,2 Adults No Kids,2,None/Unknown,2193.0,1
621,0,114,2531.2200000000003,3.1404714640198512,947.0,371,92,321.24,4.0,667.2900000000001,1863.93,0.465411935746399,1196.6399999999999,0.11261858185566143,0.03508771929824561,2,647.9300000000002,1,0,45-54,U,35-49K,Unknown,Single Male,1,None/Unknown,621.0,1
2331,1,90,5051.650000000001,2.724730312837109,413984.0,1004,151,1447.8199999999997,75.0,2388.5300000000007,2663.120000000001,0.5048112992784535,274.59000000000015,0.22275970194492775,0.8333333333333334,8,851.9000000000001,1,0,35-44,A,35-49K,Homeowner,2 Adults Kids,5+,3+,2331.0,1
879,0,78,2146.48,3.752587412587413,206538.0,416,112,383.50000000000006,7.0,448.88,1697.6000000000001,0.4425617755581231,1248.7200000000003,0.15158222594645018,0.08974358974358974,1,302.12,1,1,35-44,B,50-74K,Homeowner,2 Adults No Kids,2,None/Unknown,879.0,1
2376,1,140,2839.6400000000003,3.2527376861397483,125600.0,652,147,537.28,9.0,890.0800000000002,1949.5600000000004,0.41653871617528976,1059.4800000000002,0.15910356182556884,0.06428571428571428,3,1085.8500000000001,1,0,45-54,U,35-49K,Unknown,Single Female,1,None/Unknown,2376.0,1
1197,0,114,6387.130000000004,3.845352197471405,283555.0,979,163,1004.1999999999999,145.0,1854.4400000000005,4532.690000000002,0.4849063663961746,2678.250000000002,0.1358618814205291,1.2719298245614035,5,1601.6000000000008,1,0,35-44,A,150-174K,Homeowner,2 Adults No Kids,2,None/Unknown,1197.0,1
690,0,239,4389.740000000001,3.46740916271722,173925.0,733,157,581.28,6.0,1844.9600000000005,2544.7800000000007,0.39821720648603326,699.8200000000002,0.11693374800342785,0.02510460251046025,4,573.3999999999999,1,1,65+,B,15-24K,Homeowner,Single Female,1,None/Unknown,690.0,1
787,0,165,2190.3099999999995,3.0936581920903947,833.0,241,78,342.71,3.0,937.1899999999998,1253.12,0.6509809113778416,315.93000000000006,0.13529699726018746,0.01818181818181818,3,314.28000000000003,1,1,25-34,B,25-34K,Homeowner,Single Male,1,None/Unknown,787.0,1
2002,0,58,2161.49,2.5886107784431136,64628.0,533,129,611.71,1.0,974.5399999999998,1186.95,0.6066787262490226,212.4100000000002,0.2205791143804991,0.017241379310344827,1,303.63,1,1,35-44,U,35-49K,Homeowner,Single Female,1,None/Unknown,2002.0,1
1272,0,229,8860.920000000006,3.030410396716828,15303.0,1334,194,1216.1599999999999,33.0,3992.3100000000027,4868.610000000003,0.43051285870993067,876.3000000000006,0.12068575420657564,0.14410480349344978,7,1158.5300000000004,1,1,65+,A,35-49K,Homeowner,Single Female,2,None/Unknown,1272.0,1
2070,0,476,5529.5300000000025,2.86950181629476,110744.0,1039,174,1372.9100000000003,13.0,943.1099999999998,4586.420000000002,0.4950764350677181,3643.310000000002,0.1989021273636569,0.0273109243697479,6,3680.8900000000017,1,0,45-54,U,50-74K,Unknown,Unknown,1,None/Unknown,2070.0,1
1316,2,51,3105.7200000000007,3.2452664576802515,10587.0,602,139,493.06999999999994,10.0,952.81,2152.9100000000008,0.6368990121453317,1200.1000000000008,0.13700993945187126,0.19607843137254902,6,630.7600000000001,1,0,55-64,U,35-49K,Unknown,2 Adults No Kids,2,None/Unknown,1316.0,1
1321,0,162,1438.08,1.8366283524904214,937.0,350,86,351.8,1.0,643.3399999999999,794.74,0.655533767245216,151.4000000000001,0.19654948935124145,0.006172839506172839,4,450.05,1,0,19-24,U,35-49K,Unknown,2 Adults No Kids,2,None/Unknown,1321.0,1
1858,0,56,2472.53,2.9469964243146607,1038.0,398,96,427.7,30.0,804.04,1668.4900000000002,0.5606281824689691,864.4500000000003,0.1474710626398596,0.5357142857142857,2,387.53999999999996,1,0,25-34,B,150-174K,Homeowner,Single Female,1,None/Unknown,1858.0,1
1505,0,96,3923.580000000001,2.5577444589309,1730.0,710,162,605.77,45.0,1765.5700000000002,2158.0099999999998,0.47016245367750864,392.4399999999996,0.13374325234305143,0.46875,4,129.65,1,1,45-54,U,25-34K,Unknown,Single Female,1,None/Unknown,1505.0,1
1264,1,118,5992.460000000002,4.1270385674931145,100715.0,1002,170,997.9800000000001,31.0,2741.8100000000004,3250.6500000000005,0.45303765064764706,508.84000000000015,0.14276354564233437,0.2627118644067797,7,466.3200000000001,1,1,45-54,U,15-24K,Unknown,Single Male,1,None/Unknown,1264.0,1
27,0,328,4774.180000000003,2.3119515738498806,2481.0,516,89,430.04999999999995,15.0,1003.7899999999998,3770.390000000003,0.5550963725707867,2766.600000000003,0.08263470292435186,0.04573170731707317,7,962.0600000000002,1,0,45-54,U,25-34K,Probable Renter,Single Female,1,None/Unknown,27.0,1
926,0,222,6604.940000000002,3.8829747207525,635428.0,674,170,915.5400000000001,3.0,3703.3000000000015,2901.640000000001,0.3810874890612177,-801.6600000000008,0.12173956981469265,0.013513513513513514,9,669.1600000000001,1,1,35-44,U,Under 15K,Homeowner,2 Adults No Kids,2,None/Unknown,926.0,1
2133,0,119,5827.930000000004,3.626589919103923,207358.0,886,167,646.8,0.0,2155.61,3672.320000000002,0.5631570729229758,1516.7100000000019,0.09989605744177743,0.0,5,931.99,1,0,55-64,A,100-124K,Unknown,2 Adults No Kids,2,None/Unknown,2133.0,1
1869,1,102,3099.54,2.3842615384615384,37305.0,869,155,947.75,49.0,1411.8299999999997,1687.7099999999998,0.507739858172503,275.8800000000001,0.23416903656520782,0.4803921568627451,7,531.0800000000002,1,0,19-24,A,35-49K,Renter,2 Adults No Kids,2,None/Unknown,1869.0,1
1040,0,207,5033.160000000003,2.943368421052633,1821.0,703,140,746.8,10.0,2273.810000000001,2759.350000000001,0.6476666746139601,485.53999999999996,0.12920504640170513,0.04830917874396135,5,631.5799999999999,1,1,25-34,B,100-124K,Unknown,Single Male,1,None/Unknown,1040.0,1
790,0,47,2260.8900000000003,2.9985278514588862,22024.0,527,114,257.45,8.0,243.05999999999997,2017.8300000000004,0.6976058101013317,1774.7700000000004,0.10223004042345353,0.1702127659574468,2,581.74,1,0,45-54,U,50-74K,Homeowner,Unknown,1,None/Unknown,790.0,1
164,0,97,3475.82,2.276240995415848,60732.0,943,158,895.1999999999999,20.0,1169.9999999999995,2305.82,0.6591595652248965,1135.8200000000006,0.20480345548636242,0.20618556701030927,3,796.5900000000001,1,0,45-54,U,35-49K,Unknown,2 Adults No Kids,2,None/Unknown,164.0,1
1896,0,102,2579.8600000000006,2.5193945312500006,28907.0,739,173,462.7499999999999,0.0,576.0300000000001,2003.83,0.4801810950981835,1427.7999999999997,0.15208981762368487,0.0,1,798.4800000000002,1,0,45-54,A,50-74K,Homeowner,2 Adults No Kids,2,None/Unknown,1896.0,1
523,0,228,4645.380000000001,2.9494476190476195,348248.0,679,147,544.22,25.0,1485.64,3159.7400000000002,0.5265317369084981,1674.1000000000001,0.10486742716201632,0.10964912280701754,2,1086.4899999999998,1,0,65+,B,35-49K,Homeowner,Single Male,1,None/Unknown,523.0,1
404,0,211,5296.600000000004,3.406173633440517,104237.0,836,151,570.0500000000001,1.0,2770.050000000001,2526.5500000000006,0.700504096967866,-243.50000000000045,0.09716788968150472,0.004739336492890996,8,810.5800000000002,1,0,25-34,A,25-34K,Unknown,Unknown,2,None/Unknown,404.0,1
55,0,120,873.4499999999999,2.7210280373831774,359.0,203,73,156.81,0.0,526.66,346.78999999999996,0.5265098173908067,-179.87,0.15220429794420826,0.0,4,199.34,1,0,65+,A,35-49K,Homeowner,2 Adults No Kids,2,None/Unknown,55.0,1
1103,0,179,5507.840000000003,3.5557391865719836,440481.0,822,157,653.47,5.0,2543.0300000000016,2964.8100000000004,0.5021877904950032,421.77999999999884,0.10606023718981834,0.027932960893854747,5,596.35,1,1,35-44,A,50-74K,Homeowner,2 Adults Kids,3,1,1103.0,1
1879,0,252,4353.290000000001,2.2210663265306128,2721.0,301,100,745.16,8.0,1633.8200000000004,2719.4700000000003,0.5817462195259218,1085.6499999999999,0.14615422334238834,0.031746031746031744,3,508.65999999999997,1,1,65+,A,35-49K,Unknown,Single Male,2,None/Unknown,1879.0,1
513,0,146,10846.510000000002,5.536758550280757,11727.0,844,153,2479.4799999999996,30.0,5193.630000000001,5652.880000000001,0.38726373736805664,459.25,0.186063474458558,0.2054794520547945,4,1283.5,1,1,45-54,U,75-99K,Homeowner,2 Adults No Kids,2,None/Unknown,513.0,1
2209,1,200,5587.6100000000015,3.442766481823784,563661.0,1027,183,621.1500000000001,0.0,3232.8000000000006,2354.8100000000004,0.37777153380425604,-877.9900000000002,0.10004413119527891,0.0,5,1409.0700000000006,1,0,25-34,A,35-49K,Renter,2 Adults Kids,5+,3+,2209.0,1
2158,0,111,2484.75,2.8858885017421603,342759.0,497,118,526.4699999999998,61.0,1019.13,1465.62,0.3843927960559412,446.4899999999999,0.17483611293761328,0.5495495495495496,1,709.4200000000001,1,0,25-34,B,50-74K,Probable Renter,Single Female,1,None/Unknown,2158.0,1
716,5,71,1123.9799999999998,2.8672959183673465,19050.0,277,101,512.0899999999999,33.0,464.43,659.55,0.3897934126941761,195.11999999999995,0.3130000550098712,0.4647887323943662,1,166.70000000000002,1,0,45-54,A,75-99K,Homeowner,2 Adults Kids,5+,3+,716.0,1
1045,0,271,4301.67,2.8487880794701987,493202.0,878,160,698.1099999999999,1.0,2261.5600000000004,2040.1100000000004,0.4649636071572203,-221.45000000000005,0.13962814363832007,0.0036900369003690036,5,591.4399999999999,1,1,25-34,A,Under 15K,Homeowner,Single Male,2,None/Unknown,1045.0,1
161,0,201,4361.840000000002,2.9313440860215065,101777.0,677,133,855.8500000000004,2.0,1222.6999999999998,3139.140000000001,0.6428938246244702,1916.440000000001,0.16402852603355125,0.009950248756218905,2,1709.6800000000005,1,0,19-24,A,75-99K,Unknown,2 Adults Kids,3,1,161.0,1
898,0,266,7054.480000000003,3.536080200501255,549012.0,889,161,1006.7399999999997,5.0,2882.0700000000006,4172.410000000002,0.3655081593540556,1290.340000000001,0.12488680373442225,0.018796992481203006,4,1300.7500000000005,1,0,55-64,A,125-149K,Homeowner,2 Adults No Kids,2,None/Unknown,898.0,1
1653,0,461,16148.330000000016,3.560037477954148,872690.0,2155,190,3717.730000000001,27.0,6449.720000000002,9698.610000000008,0.42839414354301614,3248.890000000006,0.18713977507366825,0.05856832971800434,7,3005.4200000000005,1,0,35-44,B,Under 15K,Homeowner,Single Female,1,None/Unknown,1653.0,1
1861,0,115,1632.9699999999998,2.415636094674556,1014.0,476,116,375.99,5.0,642.19,990.78,0.6139978076755848,348.5899999999999,0.1871565387065945,0.043478260869565216,5,235.48000000000002,1,1,25-34,U,15-24K,Homeowner,2 Adults Kids,4,2,1861.0,1
361,0,196,7298.220000000001,2.1560472673559827,4175.0,1440,196,1728.6699999999996,19.0,3634.9100000000003,3663.31,0.5328737692204399,28.399999999999636,0.1915022781932647,0.09693877551020408,7,1448.8799999999999,1,0,45-54,U,50-74K,Unknown,Unknown,1,None/Unknown,361.0,1
2085,0,303,10966.000000000004,3.3443122903324194,360050.0,1574,193,2473.5599999999995,30.0,3491.21,7474.790000000003,0.44094109064380804,3983.5800000000027,0.18405066832545106,0.09900990099009901,7,1928.5700000000004,1,0,35-44,A,35-49K,Homeowner,2 Adults No Kids,2,None/Unknown,2085.0,1
324,0,135,7553.850000000002,3.614282296650719,558276.0,1085,176,786.26,38.0,3520.740000000001,4033.110000000001,0.5025662410558854,512.3699999999999,0.09427453594736757,0.2814814814814815,5,1001.0200000000002,1,1,45-54,U,50-74K,Unknown,Single Female,1,None/Unknown,324.0,1
1491,0,252,4766.380000000001,2.6203298515667957,2210.0,663,163,676.25,4.0,2077.78,2688.6000000000004,0.5544836962222901,610.8200000000002,0.1242505920850765,0.015873015873015872,6,869.5900000000001,1,0,65+,U,35-49K,Homeowner,2 Adults No Kids,2,None/Unknown,1491.0,1
929,0,213,4455.710000000002,2.1798972602739735,267872.0,898,145,945.0400000000001,12.0,1602.7800000000002,2852.930000000001,0.5908553294536671,1250.150000000001,0.17498310419849092,0.056338028169014086,4,886.84,1,0,45-54,B,25-34K,Renter,1 Adult Kids,2,1,929.0,1
1236,2,180,3591.89,2.652799113737075,1776.0,620,124,605.7,0.0,2085.83,1506.0600000000004,0.5446659001250037,-579.7699999999995,0.14429708475577654,0.0,3,401.1199999999999,1,1,35-44,U,50-74K,Unknown,2 Adults Kids,3,1,1236.0,1
742,0,315,3634.0799999999995,1.6223571428571426,56379.0,830,142,597.02,35.0,1607.9600000000005,2026.1199999999997,0.7219819046361117,418.1599999999992,0.14110278650941838,0.1111111111111111,8,316.88,1,1,35-44,A,15-24K,Renter,1 Adult Kids,4,2,742.0,1
768,0,407,5557.970000000002,2.4133608336951813,438251.0,1025,168,1260.5899999999997,17.0,1907.5100000000007,3650.4600000000005,0.5017857239243824,1742.9499999999998,0.18487627886239902,0.04176904176904177,4,1123.38,1,0,35-44,A,50-74K,Renter,Single Female,2,None/Unknown,768.0,1
1240,0,160,8223.550000000005,3.774001835704454,317028.0,885,165,671.2900000000002,3.0,2919.5000000000014,5304.050000000003,0.367797362452955,2384.5500000000015,0.0754695981040693,0.01875,5,3026.520000000001,1,0,45-54,U,Under 15K,Homeowner,2 Adults No Kids,2,None/Unknown,1240.0,1
1678,3,75,2444.730000000001,3.0256559405940604,9911.0,585,131,362.26,1.0,1841.6400000000003,603.09,0.473377428182253,-1238.5500000000002,0.12905639136584024,0.013333333333333334,4,169.26,1,1,45-54,U,75-99K,Unknown,Single Female,1,None/Unknown,1678.0,1
971,0,108,3106.7500000000005,2.722830850131464,1342.0,760,143,394.71999999999997,0.0,919.9000000000001,2186.8500000000004,0.5917148145167779,1266.9500000000003,0.11272979634267892,0.0,3,569.4000000000001,1,0,25-34,A,35-49K,Homeowner,2 Adults Kids,3,1,971.0,1
1788,0,133,7840.970000000005,3.580351598173518,284751.0,924,145,479.02,4.0,2566.920000000001,5274.050000000004,0.5249847914224897,2707.130000000003,0.05757458843099567,0.03007518796992481,5,1231.3100000000004,1,0,35-44,A,75-99K,Homeowner,2 Adults No Kids,2,None/Unknown,1788.0,1
214,0,75,2339.81,2.4603680336487908,1098.0,426,116,456.94999999999993,10.0,822.9899999999998,1516.82,0.7163444895098321,693.8300000000002,0.16338548892289648,0.13333333333333333,4,318.1,1,1,55-64,B,Under 15K,Homeowner,2 Adults No Kids,2,None/Unknown,214.0,1
1367,0,271,9957.990000000005,3.3116029265048237,821166.0,1762,200,1930.76,44.0,4235.250000000002,5722.7400000000025,0.48293280069572264,1487.4900000000007,0.1624022710545683,0.16236162361623616,4,2167.4900000000007,1,0,35-44,U,75-99K,Homeowner,2 Adults Kids,3,1,1367.0,1
256,0,111,8737.510000000006,3.183063752276869,113595.0,860,157,1052.2799999999997,83.0,4169.080000000002,4568.430000000002,0.6570704926231842,399.35000000000036,0.10748749462450158,0.7477477477477478,10,1112.8400000000004,1,1,25-34,U,50-74K,Homeowner,2 Adults No Kids,2,None/Unknown,256.0,1
1676,0,78,3753.540000000001,2.9074670797831144,202745.0,732,138,554.2199999999999,4.0,1567.1900000000005,2186.35,0.49290269985134016,619.1599999999994,0.12865619254554567,0.05128205128205128,5,1449.8900000000006,1,0,35-44,U,75-99K,Unknown,2 Adults No Kids,2,None/Unknown,1676.0,1
1376,0,205,9446.330000000005,3.6684776699029147,1078200.0,1373,187,1856.4500000000003,189.0,3870.2800000000016,5576.050000000003,0.4611261728099694,1705.7700000000013,0.1642472029005253,0.9219512195121952,4,1595.0800000000002,1,0,55-64,U,50-74K,Homeowner,Unknown,1,None/Unknown,1376.0,1
1370,0,71,7047.68,3.0131167165455324,3036.0,677,108,1232.9700000000003,2.0,2861.0600000000004,4186.62,0.49015846349436976,1325.5599999999995,0.14889773145827925,0.028169014084507043,5,1484.2100000000003,1,0,65+,U,25-34K,Homeowner,2 Adults No Kids,2,None/Unknown,1370.0,1
97,1,154,4590.84,2.9849414824447336,323671.0,877,135,847.25,1.0,1954.4500000000003,2636.39,0.5346145803382386,681.9399999999996,0.15579918684685248,0.006493506493506494,3,733.1099999999998,1,0,45-54,U,75-99K,Unknown,Single Female,1,None/Unknown,97.0,1
1467,0,693,2224.2200000000003,1.6761266013564433,66238.0,343,86,429.91,4.0,396.80000000000007,1827.42,0.5725602683187814,1430.62,0.16197774788725497,0.005772005772005772,2,733.5999999999999,1,0,35-44,A,50-74K,Probable Owner,2 Adults Kids,4,2,1467.0,1
1921,0,93,1310.9900000000002,2.9263169642857148,38349.0,267,91,570.91,11.0,514.5800000000002,796.4100000000001,0.31366371978428514,281.8299999999999,0.3033689356501408,0.11827956989247312,2,149.13,1,1,35-44,A,35-49K,Homeowner,2 Adults No Kids,2,None/Unknown,1921.0,1
2337,0,1170,10970.03000000001,2.109215535473949,6932.0,1541,189,1731.0499999999997,16.0,4868.380000000004,6101.650000000005,0.5009731058164834,1233.2700000000013,0.13629155945793575,0.013675213675213675,6,733.94,1,1,65+,U,Under 15K,Homeowner,1 Adult Kids,3,2,2337.0,1
1258,0,198,2912.3500000000004,3.406257309941521,31900.0,387,121,642.7800000000001,5.0,958.19,1954.1600000000005,0.6543375624495682,995.9700000000005,0.18080351492069208,0.025252525252525252,6,590.1,1,0,45-54,U,75-99K,Homeowner,Unknown,1,None/Unknown,1258.0,1
1995,0,119,12067.670000000015,3.3689754327191554,310707.0,1875,215,1954.6499999999996,19.0,4462.900000000004,7604.770000000006,0.4713975440163672,3141.8700000000017,0.1393956206961471,0.15966386554621848,9,3264.7600000000016,1,0,25-34,B,25-34K,Unknown,1 Adult Kids,3,2,1995.0,1
230,0,142,3959.7000000000016,2.361180679785332,145418.0,890,132,921.98,11.0,1626.3700000000001,2333.3300000000004,0.5639139328737024,706.9600000000003,0.18886530866423026,0.07746478873239436,3,561.31,1,1,25-34,U,25-34K,Unknown,Single Female,1,None/Unknown,230.0,1
1604,0,128,622.2800000000001,2.1094237288135598,343.0,144,57,76.44,0.0,185.54,436.74,0.7918300443530243,251.20000000000002,0.10940004579803067,0.0,3,196.13000000000002,1,0,35-44,U,35-49K,Probable Owner,2 Adults No Kids,2,None/Unknown,1604.0,1
2269,0,178,2757.8199999999997,2.9432443970117395,12229.0,378,106,1030.1699999999998,10.0,1005.1899999999999,1752.63,0.4582532580081369,747.4400000000002,0.2719568953455526,0.056179775280898875,3,516.13,1,0,55-64,A,35-49K,Homeowner,2 Adults No Kids,2,None/Unknown,2269.0,1
289,0,156,4784.080000000002,3.663154670750384,584439.0,699,147,511.23000000000013,2.0,1934.4500000000005,2849.630000000001,0.317718349191485,915.1800000000005,0.09654392282982487,0.01282051282051282,5,1186.3900000000003,1,0,45-54,B,100-124K,Homeowner,Single Male,1,None/Unknown,289.0,1
803,0,52,1665.06,2.831734693877551,694.0,331,92,312.18,0.0,654.11,1010.95,0.6413522635820932,356.84000000000003,0.15788675122898585,0.0,3,371.78,1,0,25-34,U,75-99K,Unknown,2 Adults No Kids,2,None/Unknown,803.0,1
588,0,223,8113.250000000003,2.9916113569321543,629662.0,1306,181,1112.73,65.0,3513.0600000000004,4600.190000000001,0.38917326595384094,1087.130000000001,0.12060832561960894,0.2914798206278027,9,1427.2900000000002,1,0,35-44,A,50-74K,Homeowner,2 Adults Kids,5+,3+,588.0,1
18,0,128,5561.200000000003,3.57863577863578,182710.0,587,137,886.3099999999997,60.0,2297.7800000000007,3263.4200000000014,0.6117618499604401,965.6400000000008,0.1374654711663882,0.46875,3,1557.7100000000005,1,0,45-54,A,100-124K,Homeowner,2 Adults No Kids,2,None/Unknown,18.0,1
1634,0,73,4037.1100000000006,2.318845491097071,4663.0,807,135,820.5700000000002,7.0,2718.13,1318.9799999999998,0.6384641488589607,-1399.1500000000003,0.16892220154477036,0.0958904109589041,4,579.03,1,1,25-34,A,35-49K,Homeowner,2 Adults Kids,5+,3+,1634.0,1
1920,0,72,1604.82,3.275142857142857,535.0,324,121,163.48,3.0,769.98,834.8400000000001,0.39482932665345655,64.86000000000013,0.09245037606740937,0.041666666666666664,4,322.91999999999996,1,0,55-64,A,50-74K,Homeowner,2 Adults No Kids,2,None/Unknown,1920.0,1
1686,0,75,1042.82,2.237811158798283,12730.0,294,93,192.09999999999997,5.0,395.32,647.4999999999998,0.6155520607583284,252.17999999999978,0.15555663524762736,0.06666666666666667,1,270.94,1,0,45-54,U,15-24K,Homeowner,2 Adults No Kids,2,None/Unknown,1686.0,1
1708,2,50,3008.41,3.262917570498915,1565.0,550,113,951.15,5.0,1526.25,1482.16,0.6148463806462551,-44.08999999999992,0.24021608461546232,0.1,3,563.19,1,0,45-54,U,25-34K,Unknown,Single Female,1,None/Unknown,1708.0,1
166,0,104,2373.27,3.4901029411764704,974.0,327,114,282.12000000000006,0.0,743.99,1629.2800000000002,0.5344651051081419,885.2900000000002,0.10624428050116935,0.0,2,686.4200000000001,1,0,25-34,A,50-74K,Homeowner,2 Adults Kids,3,1,166.0,1
2179,2,39,1301.93,3.5865840220385676,20747.0,321,117,221.94,0.0,519.47,782.4599999999998,0.32929573786609107,262.9899999999998,0.14564234481943997,0.0,1,150.36,1,1,45-54,A,35-49K,Homeowner,2 Adults Kids,3,1,2179.0,1
1850,0,191,5994.160000000002,3.511517281780903,553751.0,1034,186,559.65,3.0,2394.850000000001,3599.3100000000013,0.3373116500060057,1204.4600000000005,0.08539307669889726,0.015706806282722512,2,887.9499999999998,1,0,65+,A,75-99K,Homeowner,Single Female,2,None/Unknown,1850.0,1
1568,0,67,3743.5000000000014,3.440716911764707,1653.0,688,148,1098.2399999999998,7.0,1483.4899999999998,2260.0100000000007,0.5249792974489111,776.5200000000009,0.2268275454691907,0.1044776119402985,5,832.44,1,0,55-64,B,35-49K,Homeowner,Single Female,1,None/Unknown,1568.0,1
105,0,123,3866.7000000000003,1.9142079207920792,2544.0,1121,135,1179.2299999999996,34.0,2070.2200000000003,1796.48,0.5272195929345436,-273.74000000000024,0.23369923879245244,0.2764227642276423,8,724.9699999999998,1,0,25-34,B,Under 15K,Homeowner,1 Adult Kids,3,2,105.0,1
748,2,74,2246.6800000000007,2.7909068322981376,8474.0,564,113,604.9600000000002,2.0,843.8000000000003,1402.8799999999999,0.5890514002884254,559.0799999999996,0.2121445904812669,0.02702702702702703,3,462.5,1,0,45-54,B,Under 15K,Homeowner,2 Adults Kids,3,1,748.0,1
155,0,49,2049.1099999999997,2.9526080691642647,15752.0,391,95,345.88000000000005,6.0,895.82,1153.2899999999997,0.6703202853921948,257.4699999999997,0.14441813953294172,0.12244897959183673,2,51.94,1,1,35-44,B,50-74K,Homeowner,2 Adults Kids,3,1,155.0,1
518,0,132,4085.8100000000013,2.727510013351136,22639.0,939,167,1049.47,103.0,758.82,3326.9900000000007,0.5793343302796751,2568.1700000000005,0.20436470844822477,0.7803030303030303,4,840.56,1,0,45-54,A,75-99K,Homeowner,2 Adults No Kids,2,None/Unknown,518.0,1
1391,0,147,7155.000000000002,3.6486486486486496,771134.0,1254,200,1750.0000000000002,36.0,3381.4300000000007,3773.5700000000015,0.36978197064989515,392.1400000000008,0.19651880965749577,0.24489795918367346,6,950.7400000000002,1,1,45-54,A,50-74K,Homeowner,2 Adults No Kids,2,None/Unknown,1391.0,1
409,0,115,3691.59,2.4302764976958526,175582.0,930,152,1290.24,125.0,1403.3700000000001,2288.22,0.6158674175626221,884.8499999999997,0.25898916663153904,1.0869565217391304,7,808.26,1,0,19-24,B,25-34K,Homeowner,2 Adults No Kids,2,None/Unknown,409.0,1
1484,0,84,2723.5500000000006,2.250867768595042,1428.0,820,149,541.26,65.0,1108.22,1615.33,0.6327660590038734,507.1099999999999,0.16578606412011723,0.7738095238095238,1,485.8399999999999,1,0,19-24,A,35-49K,Homeowner,2 Adults No Kids,2,None/Unknown,1484.0,1
80,0,78,2556.1200000000003,2.4792628516003883,122685.0,724,133,737.9300000000001,14.0,800.8299999999999,1755.2900000000006,0.42735865295839004,954.4600000000007,0.22401906467722105,0.1794871794871795,2,445.97,1,0,45-54,U,50-74K,Homeowner,2 Adults No Kids,2,None/Unknown,80.0,1
1363,0,47,3542.3900000000017,3.2174296094459596,7531.0,614,146,605.81,3.0,567.6000000000001,2974.7900000000013,0.46178427558795027,2407.1900000000014,0.1460416566221493,0.06382978723404255,2,533.0100000000001,1,0,25-34,U,15-24K,Unknown,1 Adult Kids,2,1,1363.0,1
785,1,87,1823.7000000000003,3.9818777292576426,197795.0,240,92,185.06,0.0,1286.4199999999998,537.28,0.5018204748588035,-749.1399999999999,0.09212648599135784,0.0,1,266.1,1,1,65+,A,75-99K,Homeowner,2 Adults No Kids,2,None/Unknown,785.0,1
2107,0,78,3134.110000000001,2.965099337748345,1440.0,551,124,771.9499999999999,1.0,1062.1799999999998,2071.9300000000003,0.5120241472060647,1009.7500000000005,0.197628812665448,0.01282051282051282,4,274.95000000000005,1,1,35-44,A,75-99K,Homeowner,2 Adults Kids,5+,3+,2107.0,1
2486,0,63,2759.94,2.126302003081664,51390.0,932,150,698.15,5.0,747.3,2012.64,0.6219048240179132,1265.3400000000001,0.20188890399035303,0.07936507936507936,2,505.58000000000004,1,0,35-44,B,25-34K,Unknown,Single Male,1,None/Unknown,2486.0,1
410,0,111,1016.3299999999999,2.258511111111111,645.0,302,89,404.8,3.0,310.17,706.1599999999999,0.46506548070016634,395.98999999999984,0.2848437510994772,0.02702702702702703,1,132.09000000000003,1,1,55-64,A,35-49K,Homeowner,2 Adults Kids,5+,3+,410.0,1
2168,0,168,4805.410000000002,2.106711968434898,2614.0,832,157,1542.18,52.0,2371.9900000000002,2433.42,0.41297828905337924,61.429999999999836,0.24295520032012144,0.30952380952380953,5,861.25,1,0,35-44,U,50-74K,Unknown,Single Female,1,None/Unknown,2168.0,1
1848,0,93,9400.820000000009,3.7483333333333366,224795.0,1037,164,675.0300000000001,9.0,5074.140000000004,4326.680000000002,0.5697556170631919,-747.4600000000019,0.06699484410744498,0.0967741935483871,3,1447.2900000000006,1,0,45-54,A,75-99K,Homeowner,Unknown,3,1,1848.0,1
1931,0,94,2042.4500000000003,2.8645862552594674,968.0,380,95,602.34,2.0,751.6899999999998,1290.76,0.43480623760679576,539.0700000000002,0.22774587018250975,0.02127659574468085,3,168.63,1,1,45-54,U,50-74K,Homeowner,Unknown,1,None/Unknown,1931.0,1
1740,0,310,9888.780000000006,3.5985371179039323,339981.0,805,169,1119.3,6.0,961.3900000000003,8927.390000000007,0.3885777618674901,7966.000000000006,0.10167985697778353,0.01935483870967742,4,2049.4200000000005,1,0,19-24,U,250K+,Unknown,Single Female,1,None/Unknown,1740.0,1
2068,0,93,2194.1299999999997,1.9229886064855386,32822.0,661,141,652.48,22.0,807.4200000000001,1386.71,0.5371969755666255,579.29,0.2292129937012798,0.23655913978494625,4,367.27,1,0,55-64,A,50-74K,Homeowner,Single Female,2,None/Unknown,2068.0,1
1529,0,215,7878.330000000003,3.3510548702679723,533558.0,1040,153,1562.4500000000003,112.0,3091.310000000001,4787.020000000001,0.42674526200349555,1695.7100000000005,0.1655000963903406,0.5209302325581395,8,1147.18,1,1,45-54,U,50-74K,Unknown,Single Male,1,None/Unknown,1529.0,1
1873,0,245,5179.040000000001,2.8756468628539706,363326.0,1123,149,839.9000000000001,6.0,2065.33,3113.7100000000005,0.38576454323581194,1048.3800000000006,0.139542843091973,0.024489795918367346,8,507.78,1,1,35-44,U,15-24K,Unknown,Single Male,1,None/Unknown,1873.0,1
2448,0,174,8258.260000000007,3.2221069059695697,16367.0,1205,177,2371.5600000000004,292.0,4631.850000000004,3626.41,0.6767018718228777,-1005.4400000000041,0.2231044363874458,1.6781609195402298,8,1042.4700000000003,1,1,45-54,A,50-74K,Homeowner,2 Adults No Kids,2,None/Unknown,2448.0,1
483,0,84,2389.8700000000003,3.238306233062331,1182.0,538,122,703.9499999999999,5.0,770.8000000000001,1619.07,0.6046186612660939,848.2699999999999,0.22753424568979447,0.05952380952380952,3,329.11999999999995,1,1,45-54,U,35-49K,Unknown,Single Female,1,None/Unknown,483.0,1
136,0,70,2607.1699999999996,2.2710540069686407,1357.0,732,132,545.4899999999999,1.0,805.99,1801.1800000000003,0.6516145859303383,995.1900000000003,0.17302531830263967,0.014285714285714285,2,197.65000000000003,1,1,45-54,U,50-74K,Unknown,Unknown,1,None/Unknown,136.0,1
1939,0,63,3008.93,3.2493844492440602,182722.0,559,141,559.9699999999999,2.0,1215.5900000000001,1793.3400000000001,0.5398198030529126,577.75,0.15690268710246855,0.031746031746031744,3,775.6899999999999,1,0,35-44,A,50-74K,Homeowner,2 Adults No Kids,2,None/Unknown,1939.0,1
1955,0,140,6807.010000000003,3.2979699612403115,247963.0,1004,148,1103.59,41.0,2752.580000000001,4054.4300000000017,0.5384331740367649,1301.8500000000008,0.1395077490961494,0.29285714285714287,8,827.4900000000002,1,1,25-34,U,35-49K,Unknown,Single Male,1,None/Unknown,1955.0,1
595,0,136,2195.370000000001,2.6166507747318244,1061.0,625,141,537.91,8.0,869.8199999999999,1325.5500000000004,0.476480046643618,455.7300000000005,0.19680018146695538,0.058823529411764705,5,178.37,1,1,25-34,U,35-49K,Unknown,2 Adults Kids,3,1,595.0,1
1042,0,224,4514.570000000001,2.003803817132712,111757.0,1140,165,1109.8400000000001,9.0,1978.9499999999998,2535.62,0.5797119105474053,556.6700000000001,0.19732558615036955,0.04017857142857143,6,769.55,1,0,25-34,U,75-99K,Homeowner,2 Adults No Kids,2,None/Unknown,1042.0,1
2134,0,73,7962.880000000005,3.3359363217427753,13499.0,1329,190,1426.88,26.0,3452.3900000000012,4510.490000000002,0.4448629139205914,1058.1000000000004,0.15196128548546495,0.3561643835616438,8,1166.9500000000003,1,0,35-44,U,35-49K,Unknown,Single Female,1,None/Unknown,2134.0,1
968,0,149,8043.3600000000015,2.749866666666667,4154.0,1324,166,1709.77,10.0,3887.7700000000004,4155.590000000001,0.6296112569871298,267.8200000000006,0.17530474832182077,0.06711409395973154,8,1761.750000000001,1,0,35-44,B,35-49K,Renter,1 Adult Kids,2,1,968.0,1
1172,0,136,3560.67,3.767904761904762,15103.0,709,143,522.29,1.0,1280.5800000000002,2280.0899999999997,0.5508513847113043,999.5099999999995,0.1279194505946666,0.007352941176470588,4,1008.5700000000002,1,0,25-34,B,50-74K,Unknown,Single Male,1,None/Unknown,1172.0,1
367,0,95,5872.680000000001,2.6609333937471686,3152.0,964,166,2211.1099999999997,240.0,2574.1800000000003,3298.5000000000005,0.6427406226799347,724.3200000000002,0.2735239287512416,2.526315789473684,8,1313.6900000000003,1,0,55-64,A,50-74K,Homeowner,2 Adults No Kids,2,None/Unknown,367.0,1
458,0,107,1409.4400000000003,2.2732903225806456,31919.0,388,113,636.6099999999999,30.0,474.11,935.3300000000002,0.6853927801112497,461.22000000000014,0.3111409789594584,0.2803738317757009,5,276.2,1,0,55-64,A,35-49K,Homeowner,Single Female,2,None/Unknown,458.0,1
908,0,177,5343.120000000002,3.545534173855343,185933.0,802,159,1371.0100000000002,10.0,2719.540000000001,2623.5800000000004,0.483393597748132,-95.96000000000049,0.2041977143725248,0.05649717514124294,3,754.3499999999999,1,1,45-54,A,100-124K,Probable Owner,2 Adults Kids,3,1,908.0,1
714,0,253,3602.760000000001,2.8058878504672906,2160.0,579,124,1255.0299999999997,24.0,1406.2800000000002,2196.48,0.6176375889595752,790.1999999999998,0.25835410752626187,0.09486166007905138,5,514.5799999999999,1,1,55-64,U,15-24K,Unknown,2 Adults Kids,3,1,714.0,1
2130,0,83,5024.710000000002,4.0984584013050585,34285.0,933,169,1034.6799999999998,114.0,1350.6900000000003,3674.020000000001,0.5889454316766538,2323.330000000001,0.17075646228415725,1.3734939759036144,3,1035.6800000000003,1,0,25-34,B,50-74K,Homeowner,Single Female,1,None/Unknown,2130.0,1
86,0,42,3732.35,3.804638124362895,16257.0,705,152,471.16999999999996,1.0,1477.61,2254.7400000000007,0.5673369324956127,777.1300000000008,0.11208939174786846,0.023809523809523808,2,287.09000000000003,1,1,65+,B,35-49K,Homeowner,Single Male,1,None/Unknown,86.0,1
548,2,86,4029.7700000000013,2.903292507204612,49971.0,897,165,820.51,7.0,1856.1300000000003,2173.6400000000003,0.4980482757080427,317.51,0.16916755321342267,0.08139534883720931,4,226.06,1,1,35-44,B,75-99K,Homeowner,2 Adults No Kids,2,None/Unknown,548.0,1
761,0,155,7396.350000000002,3.8422597402597414,286280.0,1133,190,1434.1099999999997,42.0,2387.88,5008.470000000001,0.5081749781987059,2620.590000000001,0.1624049030288342,0.2709677419354839,4,1639.6600000000003,1,0,25-34,A,125-149K,Homeowner,1 Adult Kids,5+,3+,761.0,1
685,0,175,5012.480000000002,2.9659644970414214,41429.0,776,141,772.5200000000001,3.0,1639.9399999999998,3372.5400000000013,0.46301830630745644,1732.6000000000015,0.1335384615384615,0.017142857142857144,2,1007.29,1,0,35-44,A,Under 15K,Unknown,Single Female,2,None/Unknown,685.0,1
1975,0,301,15243.860000000008,4.396844534179408,471231.0,1467,209,1551.6699999999998,195.0,6185.140000000003,9058.720000000005,0.521992461227012,2873.5800000000017,0.09238589076974643,0.6478405315614618,11,2304.4100000000017,1,0,35-44,B,75-99K,Renter,Single Male,1,None/Unknown,1975.0,1
1018,0,150,1775.7400000000002,3.5729175050301816,37718.0,339,115,262.49,13.0,1053.72,722.02,0.5847308727629045,-331.70000000000005,0.1287833070850689,0.08666666666666667,5,362.85,1,0,45-54,A,35-49K,Homeowner,2 Adults Kids,5+,3+,1018.0,1
1429,0,70,664.5200000000001,2.4981954887218047,434.0,139,43,333.73,40.0,276.79999999999995,387.71999999999997,0.766207187142599,110.92000000000002,0.3343150513398447,0.5714285714285714,1,154.04000000000002,1,0,45-54,B,35-49K,Renter,Single Female,1,None/Unknown,1429.0,1
2082,0,149,3984.840000000001,3.444114088159033,375268.0,650,142,808.26,8.0,1814.4600000000003,2170.38,0.35316599913672814,355.91999999999985,0.16862990548914059,0.053691275167785234,4,1097.5700000000002,1,0,45-54,A,Under 15K,Homeowner,2 Adults Kids,3,1,2082.0,1
389,0,221,12850.360000000008,3.2466801414856006,349238.0,1506,173,2958.3099999999995,95.0,5167.7800000000025,7682.5800000000045,0.5127280480858123,2514.800000000002,0.18713212433430504,0.4298642533936652,7,2030.5600000000009,1,0,35-44,U,150-174K,Probable Owner,Single Female,1,None/Unknown,389.0,1
1557,0,177,6011.9900000000025,3.538546203649207,635353.0,696,152,531.0100000000001,12.0,2496.92,3515.0700000000015,0.3664510420010677,1018.1500000000015,0.08115696163839216,0.06779661016949153,7,516.3700000000001,1,1,25-34,A,100-124K,Renter,1 Adult Kids,4,2,1557.0,1
553,0,234,6327.090000000002,2.692378723404256,75480.0,1318,197,979.5000000000002,8.0,2509.0400000000004,3818.050000000002,0.5502324133211317,1309.0100000000016,0.13405706355495517,0.03418803418803419,7,932.0000000000002,1,0,45-54,U,75-99K,Homeowner,2 Adults No Kids,2,None/Unknown,553.0,1
996,0,109,1901.3400000000001,2.4128680203045687,7674.0,376,111,451.5599999999999,19.0,988.88,912.46,0.4005438269851788,-76.41999999999996,0.19191635853627434,0.1743119266055046,5,319.51,1,0,55-64,A,25-34K,Homeowner,2 Adults No Kids,2,None/Unknown,996.0,1
2086,0,476,4806.670000000001,3.394540960451978,19399.0,703,161,790.09,9.0,1575.8300000000004,3230.8400000000006,0.4961168542878957,1655.0100000000002,0.14116917645209012,0.018907563025210083,5,1462.8700000000006,1,0,45-54,A,25-34K,Homeowner,2 Adults No Kids,2,None/Unknown,2086.0,1
644,1,195,3446.7099999999996,2.2660815253122943,145830.0,741,146,533.25,18.0,1729.6900000000007,1717.0199999999995,0.5671553452422747,-12.67000000000121,0.13398375863074002,0.09230769230769231,5,325.31999999999994,1,1,65+,A,75-99K,Homeowner,2 Adults No Kids,2,None/Unknown,644.0,1
2296,0,191,10920.750000000007,2.654533300923677,21833.0,1808,187,1802.0299999999997,3.0,3992.180000000002,6928.570000000005,0.5182794222008561,2936.390000000003,0.14163806966716386,0.015706806282722512,7,2484.0800000000013,1,0,35-44,U,125-149K,Homeowner,2 Adults No Kids,2,None/Unknown,2296.0,1
889,0,185,11261.980000000005,3.0388505126821386,840664.0,1253,165,1875.8999999999992,265.0,5461.060000000003,5800.920000000001,0.5527065400577871,339.85999999999785,0.14278559402277982,1.4324324324324325,10,1721.03,1,0,25-34,A,50-74K,Homeowner,2 Adults Kids,4,2,889.0,1
1175,0,118,6350.4800000000005,4.305410169491526,590691.0,629,155,520.68,9.0,2877.770000000001,3472.710000000001,0.4929343923608924,594.94,0.07577759796016974,0.07627118644067797,4,1053.0300000000004,1,0,25-34,A,50-74K,Homeowner,Single Female,2,None/Unknown,1175.0,1
2445,0,198,5675.570000000002,2.5868596171376494,176721.0,1460,176,1894.4199999999996,32.0,2683.9500000000007,2991.620000000001,0.6036310009391126,307.6700000000001,0.25025396334737554,0.16161616161616163,8,870.4800000000001,1,0,45-54,U,35-49K,Unknown,Unknown,1,None/Unknown,2445.0,1
1001,0,68,3153.9000000000015,3.8090579710144947,1432.0,500,122,379.22,21.0,825.55,2328.350000000001,0.7007260851643995,1502.8000000000009,0.1073328955710533,0.3088235294117647,3,928.1000000000004,1,0,45-54,U,50-74K,Homeowner,Unknown,1,None/Unknown,1001.0,1
1421,0,193,4741.240000000001,3.0392564102564106,518083.0,670,128,1097.7,28.0,1906.41,2834.8300000000004,0.5141376517535495,928.4200000000003,0.18799645141070126,0.14507772020725387,6,793.96,1,0,35-44,A,50-74K,Homeowner,2 Adults No Kids,2,None/Unknown,1421.0,1
915,0,96,821.0699999999999,1.9228805620608898,496.0,158,58,68.41999999999999,0.0,333.0700000000001,488.00000000000006,0.47909435249126137,154.92999999999995,0.07692048252369335,0.0,2,149.04000000000002,1,0,45-54,U,15-24K,Unknown,Single Female,1,None/Unknown,915.0,1
1352,0,121,4747.4000000000015,3.475402635431919,458218.0,710,169,460.2699999999998,5.0,2058.670000000001,2688.7300000000005,0.45759784302986883,630.0599999999995,0.08838309647116652,0.04132231404958678,5,651.55,1,1,35-44,U,75-99K,Homeowner,2 Adults No Kids,2,None/Unknown,1352.0,1
1492,0,82,1062.49,2.4709069767441862,531.0,326,108,206.57000000000002,1.0,483.21000000000004,579.28,0.4133968319701833,96.06999999999994,0.1627740217168613,0.012195121951219513,3,163.8,1,0,65+,A,15-24K,Homeowner,2 Adults No Kids,2,None/Unknown,1492.0,1
680,1,84,3034.9000000000005,2.4010284810126588,1751.0,677,132,826.29,10.0,1102.8099999999997,1932.0900000000004,0.6119377903720055,829.2800000000007,0.21399879311818373,0.11904761904761904,3,478.12,1,0,45-54,U,50-74K,Homeowner,Unknown,1,None/Unknown,680.0,1
218,0,146,8056.870000000003,4.638382268278643,827297.0,974,160,848.8999999999999,2.0,3053.060000000001,5003.810000000003,0.34036790962247115,1950.7500000000023,0.09532022497773911,0.0136986301369863,4,1154.8500000000004,1,1,45-54,A,15-24K,Homeowner,2 Adults No Kids,2,None/Unknown,218.0,1
1803,0,189,13039.53,4.628871139510117,5556.0,1213,177,1174.54,10.0,7146.580000000001,5892.950000000001,0.42724392673662326,-1253.63,0.08263220879030425,0.05291005291005291,11,1381.3700000000003,1,1,19-24,A,50-74K,Homeowner,2 Adults Kids,3,1,1803.0,1
2012,0,255,7100.140000000001,2.8480304853590055,415054.0,1197,150,1647.5199999999998,34.0,2585.500000000001,4514.64,0.4138031081077274,1929.1399999999994,0.1883383670604481,0.13333333333333333,6,1434.9200000000005,1,0,45-54,A,25-34K,Renter,Single Male,2,None/Unknown,2012.0,1
392,0,89,9509.47000000001,3.6987436795021433,2801.0,1119,172,736.54,5.0,3742.370000000002,5767.100000000004,0.5260408834561754,2024.7300000000018,0.07188554373848935,0.056179775280898875,5,1934.5000000000014,1,0,35-44,A,250K+,Homeowner,2 Adults Kids,3,1,392.0,1
208,0,114,3630.340000000001,3.089651063829788,174232.0,439,119,1121.53,136.0,1614.8200000000002,2015.5200000000002,0.49031495672581604,400.70000000000005,0.23601866212669956,1.1929824561403508,7,665.99,1,0,45-54,U,50-74K,Homeowner,2 Adults No Kids,2,None/Unknown,208.0,1
2097,0,197,8683.360000000004,6.2201719197707765,692187.0,720,150,1857.9099999999999,8.0,4258.690000000001,4424.670000000002,0.47435900388789576,165.98000000000047,0.17625105893312656,0.04060913705583756,6,140.46999999999997,1,1,35-44,A,15-24K,Homeowner,2 Adults Kids,5+,3+,2097.0,1
693,4,202,5942.730000000002,2.9173932253313706,2396.0,1214,196,1054.32,11.0,2741.930000000001,3200.8,0.5271684899027886,458.869999999999,0.15068064398567962,0.054455445544554455,7,436.07,1,1,45-54,U,15-24K,Unknown,2 Adults No Kids,2,None/Unknown,693.0,1
823,0,100,2118.76,4.130136452241715,99224.0,402,128,250.33999999999995,1.0,963.5300000000001,1155.23,0.4214493382922087,191.69999999999993,0.10566881938288798,0.01,2,471.39000000000004,1,0,35-44,A,50-74K,Homeowner,2 Adults Kids,3,1,823.0,1
2087,1,203,6865.190000000001,3.056629563668745,470158.0,1169,159,1593.3000000000002,10.0,2982.6099999999997,3882.58,0.4792962758496124,899.9700000000003,0.1883669543854754,0.04926108374384237,5,967.5500000000002,1,1,45-54,B,100-124K,Homeowner,Unknown,1,None/Unknown,2087.0,1
43,7,95,838.6899999999996,2.3427094972067026,42997.0,229,65,91.13,7.0,352.92,485.76999999999987,0.5054787823868179,132.84999999999985,0.09800821664408169,0.07368421052631578,5,46.15,1,1,35-44,B,15-24K,Homeowner,2 Adults Kids,5+,3+,43.0,1
1791,0,111,2416.4700000000003,2.893976047904192,73391.0,468,133,599.13,44.0,791.9200000000002,1624.5500000000002,0.3435672696122857,832.63,0.1986768802228412,0.3963963963963964,3,553.6300000000001,1,0,45-54,B,100-124K,Homeowner,2 Adults No Kids,2,None/Unknown,1791.0,1
871,0,112,8805.070000000007,4.070767452612116,25068.0,1014,173,1093.36,0.0,4006.930000000002,4798.140000000003,0.5492937591637542,791.210000000001,0.11045792110465993,0.0,6,1630.8900000000008,1,0,35-44,A,200-249K,Homeowner,2 Adults Kids,3,1,871.0,1
596,0,102,2691.710000000001,3.8343447293447306,5464.0,401,115,296.64,0.0,1062.41,1629.3000000000002,0.4901456694814819,566.8900000000001,0.09926548095102646,0.0,4,304.65999999999997,1,1,45-54,A,15-24K,Homeowner,1 Adult Kids,3,1,596.0,1
527,0,111,3055.7400000000002,2.907459562321599,1201.0,362,102,596.2799999999999,4.0,1025.4899999999998,2030.2500000000007,0.6377865917911865,1004.7600000000009,0.16327402369099836,0.036036036036036036,2,525.78,1,0,45-54,U,50-74K,Homeowner,Single Female,1,None/Unknown,527.0,1
1247,0,103,5649.360000000003,2.468047182175624,22585.0,742,139,1037.27,6.0,2147.1800000000007,3502.1800000000017,0.4812191115453783,1355.000000000001,0.1551259752670627,0.05825242718446602,5,990.5899999999999,1,0,35-44,A,35-49K,Homeowner,2 Adults No Kids,2,None/Unknown,1247.0,1
1567,0,126,1909.7600000000002,2.0826172300981463,1267.0,433,103,221.84999999999994,3.0,828.6300000000001,1081.13,0.44798822888739936,252.5,0.10407626160507781,0.023809523809523808,2,214.47,1,1,45-54,U,15-24K,Renter,Single Male,1,None/Unknown,1567.0,1
2250,2,59,2180.1400000000003,3.5277346278317157,100113.0,382,91,770.52,7.0,664.2899999999998,1515.8499999999997,0.5299063362903299,851.5599999999998,0.2611347969606799,0.11864406779661017,1,153.02000000000004,1,1,35-44,U,75-99K,Unknown,Unknown,1,None/Unknown,2250.0,1
491,0,100,3884.4500000000007,4.106183932346724,236753.0,685,153,421.92,1.0,1790.5800000000004,2093.87,0.30842719046454453,303.2899999999995,0.09797578935391059,0.01,5,951.26,1,0,45-54,A,75-99K,Unknown,Single Female,2,None/Unknown,491.0,1
358,0,307,10761.920000000007,3.4771954765751234,3980.0,1538,197,1300.7999999999995,6.0,4124.350000000002,6637.570000000005,0.6026991466206771,2513.220000000003,0.10783637521222401,0.019543973941368076,6,1967.4200000000008,1,0,35-44,U,50-74K,Homeowner,2 Adults No Kids,2,None/Unknown,358.0,1
1164,0,92,4099.640000000002,3.3222366288492724,1676.0,487,109,295.5,1.0,1612.0600000000002,2487.58,0.4247446117220045,875.5199999999998,0.06723335320376594,0.010869565217391304,3,589.71,1,1,25-34,U,15-24K,Unknown,Single Male,1,None/Unknown,1164.0,1
131,0,328,5510.1100000000015,3.076554997208264,132035.0,1209,193,1153.3600000000004,22.0,3187.7100000000005,2322.4000000000005,0.44645751173751524,-865.31,0.1730869952142052,0.06707317073170732,7,646.1100000000001,1,1,45-54,U,50-74K,Unknown,2 Adults No Kids,2,None/Unknown,131.0,1
1428,0,137,4151.870000000001,2.94458865248227,233687.0,968,168,897.18,12.0,641.8099999999997,3510.0600000000013,0.525223573955832,2868.250000000002,0.1776928333052752,0.08759124087591241,4,759.66,1,0,55-64,U,35-49K,Unknown,2 Adults No Kids,2,None/Unknown,1428.0,1
2124,0,214,6886.380000000001,2.9940782608695655,978908.0,900,164,1027.72,119.0,3087.8899999999994,3798.4900000000016,0.35362991876718974,710.6000000000022,0.12985936493094602,0.5560747663551402,8,973.0300000000002,1,1,25-34,A,50-74K,Homeowner,2 Adults Kids,4,2,2124.0,1
2088,0,92,4053.0500000000006,2.2808384918401803,2743.0,865,160,851.6200000000001,7.0,1404.37,2648.680000000001,0.6240041450265849,1244.3100000000013,0.17363451567587623,0.07608695652173914,8,852.6599999999997,1,0,25-34,U,35-49K,Unknown,Single Female,1,None/Unknown,2088.0,1
993,0,107,2635.09,2.404279197080292,10507.0,600,138,535.95,14.0,851.8900000000001,1783.2000000000003,0.6049053353016405,931.3100000000002,0.16901395125889299,0.1308411214953271,7,429.7800000000001,1,0,55-64,A,50-74K,Homeowner,1 Adult Kids,5+,3+,993.0,1
1749,0,107,3494.400000000001,4.462835249042147,334002.0,426,133,422.94,17.0,1418.1299999999999,2076.27,0.46546474358974343,658.1400000000001,0.10796611986705261,0.1588785046728972,5,714.95,1,0,55-64,B,35-49K,Homeowner,Single Male,1,None/Unknown,1749.0,1
71,1,78,3022.2200000000003,5.246909722222223,12381.0,360,106,462.32000000000005,13.0,1740.7200000000003,1281.5000000000002,0.5188437638557087,-459.22,0.13267748397205945,0.16666666666666666,2,353.81,1,1,35-44,A,25-34K,Homeowner,Single Female,2,None/Unknown,71.0,1
1378,0,106,5913.729999999998,2.6412371594461805,45859.0,733,142,847.54,8.0,2331.629999999999,3582.1000000000004,0.5187774889959469,1250.4700000000012,0.12535218975133375,0.07547169811320754,12,1019.9900000000002,1,0,25-34,U,100-124K,Unknown,Single Female,1,None/Unknown,1378.0,1
856,0,162,4243.300000000001,2.946736111111112,161792.0,627,146,1030.77,9.0,1400.9400000000003,2842.3600000000006,0.5125091320434565,1441.4200000000003,0.19544109198398954,0.05555555555555555,5,836.7399999999999,1,0,55-64,B,35-49K,Homeowner,Single Female,1,None/Unknown,856.0,1
598,0,188,2826.3400000000006,2.962620545073376,57053.0,494,130,475.26,23.0,998.7900000000001,1827.55,0.611624928352569,828.7599999999999,0.14394838866004359,0.12234042553191489,6,528.56,1,0,35-44,B,25-34K,Unknown,Single Female,1,None/Unknown,598.0,1
2479,0,114,12114.85000000001,3.0818748410073797,324601.0,1597,188,1559.9699999999998,44.0,5032.990000000001,7081.860000000004,0.4748849552408818,2048.8700000000035,0.11407609021544698,0.38596491228070173,9,2164.8500000000004,1,0,25-34,U,150-174K,Homeowner,2 Adults No Kids,2,None/Unknown,2479.0,1
2302,0,61,1600.0600000000002,2.153512786002692,17131.0,490,142,431.30999999999995,4.0,641.77,958.2900000000001,0.5111933302501157,316.5200000000001,0.21232468728001297,0.06557377049180328,2,360.17999999999995,1,0,35-44,A,35-49K,Homeowner,1 Adult Kids,3,1,2302.0,1
2280,0,200,10529.990000000005,3.489062292909213,203300.0,1319,170,2761.910000000001,89.0,4224.510000000001,6305.480000000003,0.3569993893631425,2080.970000000002,0.2077889541750991,0.445,10,1802.9200000000005,1,0,35-44,U,15-24K,Homeowner,2 Adults Kids,3,1,2280.0,1
386,0,212,4033.6100000000006,1.8007187500000004,114826.0,1047,152,1116.2100000000003,42.0,1715.0900000000004,2318.5200000000004,0.6056262256390677,603.4300000000001,0.21674738146187636,0.19811320754716982,4,642.8199999999998,1,0,35-44,B,25-34K,Probable Owner,Single Female,1,None/Unknown,386.0,1
1831,0,136,4688.1500000000015,3.3922937771345887,387805.0,741,156,967.8899999999999,97.0,1547.1100000000001,3141.040000000001,0.4251229162889411,1593.9300000000007,0.1711250274043323,0.7132352941176471,6,873.91,1,0,55-64,U,75-99K,Homeowner,Single Male,1,None/Unknown,1831.0,1
888,0,69,7288.430000000005,2.6766177010650036,3208.0,1167,161,1201.0500000000002,49.0,2811.8300000000004,4476.600000000002,0.5595896509947956,1664.7700000000018,0.14147509623675414,0.7101449275362319,9,1400.5800000000004,1,0,25-34,U,150-174K,Homeowner,2 Adults Kids,3,1,888.0,1
817,0,126,4085.49,2.5250247218788626,1825.0,779,138,1060.16,5.0,1609.4799999999996,2476.01,0.6770130388276557,866.5300000000007,0.20603033630347967,0.03968253968253968,6,716.36,1,0,35-44,A,150-174K,Homeowner,2 Adults Kids,3,1,817.0,1
1060,4,61,5988.94,3.0095175879396985,4625.0,592,133,901.6100000000001,0.0,3104.3899999999994,2884.5499999999997,0.6338801190193923,-219.8399999999997,0.1308473198801257,0.0,8,107.99000000000001,1,1,35-44,B,35-49K,Renter,2 Adults No Kids,2,None/Unknown,1060.0,1
2094,1,64,2426.6600000000003,2.9485540704738766,1283.0,554,132,568.44,2.0,922.74,1503.92,0.48368951563053736,581.1800000000001,0.18978999031751861,0.03125,1,628.86,1,0,45-54,A,50-74K,Homeowner,2 Adults No Kids,2,None/Unknown,2094.0,1
647,0,110,4950.660000000001,3.67259643916914,351947.0,846,153,1022.3299999999998,56.0,1992.21,2958.4500000000003,0.47711820242149516,966.2400000000002,0.17115883334812207,0.509090909090909,9,1376.0800000000002,1,0,35-44,A,50-74K,Renter,2 Adults Kids,4,2,647.0,1
2498,0,146,2381.5700000000006,3.022296954314722,31266.0,589,131,255.61,0.0,395.68999999999994,1985.8800000000003,0.6819241088861546,1590.1900000000005,0.09692550375780187,0.0,6,220.02999999999997,1,1,25-34,U,50-74K,Homeowner,2 Adults No Kids,2,None/Unknown,2498.0,1
290,0,249,4584.790000000001,2.106980698529412,3235.0,835,137,960.32,4.0,752.75,3832.04,0.6796559929680528,3079.29,0.17318321908853024,0.01606425702811245,8,939.55,1,0,25-34,U,35-49K,Unknown,2 Adults No Kids,2,None/Unknown,290.0,1
2483,0,56,788.2900000000001,2.1247708894878707,486.0,139,67,119.56,2.0,5.0,783.2900000000001,0.6240469877836835,778.2900000000001,0.1316957647188412,0.03571428571428571,1,982.6199999999999,1,0,45-54,B,75-99K,Homeowner,Single Male,1,None/Unknown,2483.0,1
2173,1,70,1922.1300000000006,3.291318493150686,11025.0,447,102,422.75999999999993,3.0,317.63,1604.5000000000002,0.5615437041199084,1286.8700000000003,0.18028990698924038,0.04285714285714286,1,255.39,1,1,25-34,U,35-49K,Unknown,2 Adults No Kids,2,None/Unknown,2173.0,1
1142,0,238,12565.38000000001,3.5616156462585065,654608.0,1211,184,1614.62,37.0,4803.360000000002,7762.020000000005,0.5585314570669567,2958.6600000000026,0.11386600846262332,0.15546218487394958,8,2613.5800000000013,1,0,45-54,A,50-74K,Homeowner,2 Adults No Kids,2,None/Unknown,1142.0,1
2330,6,63,4599.420000000002,4.059505736981467,458802.0,823,161,635.0299999999999,102.0,1981.7800000000007,2617.640000000001,0.40952989724791367,635.8600000000001,0.12131742589956913,1.619047619047619,6,1083.94,1,0,45-54,U,50-74K,Homeowner,Unknown,1,None/Unknown,2330.0,1
193,1,121,4456.71,5.318269689737471,677163.0,473,111,542.4200000000001,3.0,1824.1599999999999,2632.55,0.44892757213280643,808.3900000000003,0.1085028795010332,0.024793388429752067,5,357.94999999999993,1,1,45-54,A,75-99K,Homeowner,2 Adults No Kids,2,None/Unknown,193.0,1
1964,1,57,1699.31,1.9921570926143024,996.0,567,120,380.46000000000004,8.0,647.8100000000001,1051.5,0.5872913123561918,403.68999999999994,0.18293368978300487,0.14035087719298245,1,290.81,1,0,65+,U,Under 15K,Renter,Single Male,1,None/Unknown,1964.0,1
534,0,399,1118.4900000000002,1.3097072599531618,20765.0,412,104,151.7,1.0,436.84000000000003,681.65,0.5823208075172778,244.80999999999995,0.11943095127500607,0.002506265664160401,3,196.95000000000005,1,0,45-54,U,35-49K,Unknown,Single Male,1,None/Unknown,534.0,1
1014,0,145,3874.2500000000014,2.5043632837750494,67347.0,1124,179,633.5699999999999,11.0,1644.0100000000002,2230.2400000000007,0.48076143769761875,586.2300000000005,0.14054909024761408,0.07586206896551724,5,325.51,1,1,45-54,A,15-24K,Unknown,2 Adults Kids,4,2,1014.0,1
2050,0,138,4625.160000000001,4.07862433862434,376511.0,782,153,879.2599999999998,0.0,2533.74,2091.42,0.3304901884475347,-442.3199999999997,0.15973708401611791,0.0,5,568.0600000000001,1,1,35-44,A,25-34K,Homeowner,2 Adults Kids,5+,3+,2050.0,1
1917,0,260,5914.330000000002,2.5459879466207496,2991.0,1181,169,1064.1,22.0,3080.280000000002,2834.0499999999997,0.6136045841202639,-246.2300000000023,0.1524841547454083,0.08461538461538462,11,873.6700000000003,1,0,65+,U,15-24K,Unknown,Single Female,1,None/Unknown,1917.0,1
2406,0,122,4137.630000000001,4.068466076696166,155457.0,663,157,533.0800000000002,6.0,1562.73,2574.900000000001,0.5212573381380161,1012.170000000001,0.11413254087708294,0.04918032786885246,6,723.1799999999998,1,0,25-34,A,125-149K,Homeowner,2 Adults Kids,3,1,2406.0,1
2111,1,117,2460.7999999999997,3.881388012618296,122056.0,414,109,1848.9600000000003,149.0,1225.2799999999997,1235.5199999999998,0.5064613133940182,10.240000000000009,0.42901692901692906,1.2735042735042734,5,129.57000000000002,1,1,45-54,U,75-99K,Homeowner,2 Adults No Kids,2,None/Unknown,2111.0,1
2361,0,80,4053.9499999999994,3.3365843621399174,1467.0,456,127,498.53999999999996,1.0,1428.5,2625.45,0.6821791092638043,1196.9499999999998,0.10950930150313344,0.0125,7,474.7600000000001,1,1,25-34,U,35-49K,Unknown,2 Adults No Kids,2,None/Unknown,2361.0,1
1186,0,63,4346.370000000002,4.088777046095957,117601.0,783,172,463.8899999999999,3.0,1596.7200000000005,2749.65,0.37629332063307985,1152.9299999999996,0.096437614598795,0.047619047619047616,5,1714.0100000000011,1,0,45-54,A,50-74K,Homeowner,1 Adult Kids,5+,3+,1186.0,1
109,0,89,2901.1900000000005,2.4628098471986424,1265.0,665,148,385.15,1.0,920.5899999999999,1980.6000000000006,0.5798482691585177,1060.0100000000007,0.1171972467851774,0.011235955056179775,4,599.88,1,0,25-34,A,15-24K,Homeowner,Single Female,2,None/Unknown,109.0,1
1076,0,74,1960.6900000000005,3.9770588235294126,602.0,350,119,229.95999999999998,1.0,1249.2600000000002,711.43,0.5657447123206626,-537.8300000000003,0.10497340971857665,0.013513513513513514,1,280.32,1,1,25-34,B,35-49K,Homeowner,2 Adults No Kids,2,None/Unknown,1076.0,1
1865,0,143,5974.270000000002,2.8681084973595787,2444.0,765,169,498.82,6.0,3090.2400000000007,2884.0300000000007,0.5572312600535293,-206.21000000000004,0.07706056921810138,0.04195804195804196,8,677.66,1,1,45-54,U,50-74K,Homeowner,Unknown,1,None/Unknown,1865.0,1
1228,0,652,12150.170000000007,3.8462076606521074,903102.0,1322,206,2091.44,45.0,5324.670000000002,6825.500000000003,0.39642161385396224,1500.8300000000008,0.14685418291892552,0.06901840490797546,5,2353.7200000000007,1,0,45-54,U,100-124K,Unknown,Single Female,1,None/Unknown,1228.0,1
1248,0,143,8293.840000000004,3.975953978907001,160832.0,1016,145,1232.83,45.0,4634.290000000001,3659.5500000000006,0.5458629537102233,-974.7400000000002,0.12940828222243445,0.3146853146853147,7,797.4499999999998,1,1,45-54,U,50-74K,Unknown,1 Adult Kids,2,1,1248.0,1
2058,0,148,5208.800000000002,3.5848589125946333,138506.0,677,169,447.84999999999997,13.0,2659.860000000001,2548.9400000000005,0.40270119797266146,-110.92000000000053,0.0791723016272882,0.08783783783783784,7,761.7700000000001,1,0,25-34,B,125-149K,Homeowner,2 Adults No Kids,2,None/Unknown,2058.0,1
1907,5,305,6403.450000000001,2.4562523973916384,375823.0,1185,182,1291.11,47.0,3106.8700000000003,3296.580000000001,0.4416119435616736,189.7100000000005,0.16779516957434862,0.1540983606557377,9,2536.050000000002,1,0,25-34,B,50-74K,Unknown,Single Male,1,None/Unknown,1907.0,1
574,0,95,5643.290000000001,2.698847441415591,99952.0,991,145,1866.2699999999998,382.0,1912.38,3730.9100000000003,0.5499894565049817,1818.5300000000002,0.24851922083317793,4.021052631578947,8,1110.25,1,0,35-44,A,75-99K,Homeowner,2 Adults Kids,3,1,574.0,1
1474,1,54,1923.2300000000007,2.6095386702849397,886.0,418,101,395.83,0.0,151.75,1771.4800000000007,0.5935795510677346,1619.7300000000007,0.17068553638111986,0.0,1,522.64,1,0,35-44,U,50-74K,Homeowner,Unknown,1,None/Unknown,1474.0,1
411,0,148,6258.720000000003,5.168224607762182,171455.0,760,150,1008.1100000000001,8.0,2040.8800000000006,4217.84,0.4775049850448652,2176.9599999999996,0.13872761575542564,0.05405405405405406,5,438.49,1,1,35-44,U,Under 15K,Unknown,2 Adults No Kids,2,None/Unknown,411.0,1
1545,0,160,3564.1600000000008,3.080518582541055,32723.0,726,174,548.89,8.0,1159.8200000000002,2404.3400000000006,0.5146373900161608,1244.5200000000004,0.13345084547963187,0.05,4,384.37,1,1,45-54,A,35-49K,Homeowner,2 Adults No Kids,2,None/Unknown,1545.0,1
1443,1,165,1963.8000000000002,3.5967032967032972,11768.0,225,83,157.19,2.0,1271.2499999999998,692.5500000000001,0.7128220796415113,-578.6999999999997,0.07411161768796645,0.012121212121212121,2,257.68,1,1,35-44,U,150-174K,Unknown,2 Adults No Kids,2,None/Unknown,1443.0,1
1901,0,756,10282.870000000004,2.776152807775379,14432.0,2406,234,1736.2800000000002,24.0,5431.7400000000025,4851.130000000002,0.46081687311032815,-580.6100000000006,0.14445946676761665,0.031746031746031744,8,1179.3700000000003,1,1,45-54,U,35-49K,Homeowner,2 Adults Kids,3,1,1901.0,1
1795,0,985,8299.440000000006,2.043190546528805,127770.0,1582,172,2693.9100000000003,138.0,3171.6200000000013,5127.820000000001,0.620071956662136,1956.1999999999994,0.245049052381667,0.1401015228426396,6,1452.2900000000009,1,0,45-54,U,25-34K,Homeowner,2 Adults No Kids,2,None/Unknown,1795.0,1
1461,0,260,5963.600000000002,3.7720430107526894,381764.0,807,169,916.29,2.0,2472.13,3491.470000000001,0.46109900060366205,1019.340000000001,0.1331838154389096,0.007692307692307693,4,1282.6000000000004,1,0,35-44,U,25-34K,Homeowner,2 Adults No Kids,2,None/Unknown,1461.0,1
1369,0,121,2417.6100000000006,2.8111744186046517,922.0,354,119,337.16999999999996,1.0,1321.7300000000002,1095.8799999999999,0.5544897646849574,-225.85000000000036,0.12239452878269767,0.008264462809917356,2,688.1000000000001,1,0,25-34,B,Under 15K,Probable Renter,Single Male,1,None/Unknown,1369.0,1
575,0,307,10166.650000000005,2.8287840845854215,242099.0,1514,195,1462.3099999999997,10.0,4709.5700000000015,5457.080000000003,0.5958934358908784,747.5100000000011,0.125747272327018,0.03257328990228013,7,1604.48,1,0,35-44,U,50-74K,Unknown,Single Female,1,None/Unknown,575.0,1
2041,0,123,5302.620000000003,4.014095382286149,131434.0,756,134,885.8699999999999,6.0,1022.5500000000001,4280.0700000000015,0.5427939395996695,3257.5200000000013,0.1431480054100434,0.04878048780487805,3,1104.3700000000001,1,0,35-44,B,35-49K,Renter,2 Adults No Kids,2,None/Unknown,2041.0,1
906,0,343,6419.45,4.815791447861965,581873.0,365,106,1259.8599999999997,14.0,3048.7800000000007,3370.6700000000005,0.5486544797451495,321.8899999999999,0.1640590105100588,0.04081632653061224,5,629.2600000000001,1,1,55-64,A,Under 15K,Homeowner,Single Female,2,None/Unknown,906.0,1
1528,0,195,6637.940000000003,2.7832033542976955,267104.0,1497,190,1358.8899999999999,4.0,2793.5300000000007,3844.4100000000017,0.44933819829645927,1050.880000000001,0.16992858420148974,0.020512820512820513,8,1448.6100000000001,1,0,35-44,B,125-149K,Unknown,Single Female,1,None/Unknown,1528.0,1
118,0,78,3841.020000000002,2.9410566615620226,184549.0,516,132,448.45999999999987,2.0,1594.66,2246.36,0.6185518430000362,651.7,0.10454880311832664,0.02564102564102564,5,685.1899999999999,1,0,45-54,B,35-49K,Homeowner,Single Female,1,None/Unknown,118.0,1
800,0,381,8859.670000000006,2.4246496989600455,3947.0,1168,173,1494.5299999999997,3.0,3903.0600000000027,4956.610000000002,0.5568819154663772,1053.5499999999997,0.14434046087577979,0.007874015748031496,9,1566.91,1,0,25-34,A,35-49K,Homeowner,2 Adults No Kids,2,None/Unknown,800.0,1
1753,0,431,2770.1600000000003,2.308466666666667,188407.0,628,151,400.07,12.0,1020.8100000000001,1749.3500000000001,0.3994931700695988,728.5400000000001,0.12619589114985347,0.027842227378190254,5,193.89,1,1,45-54,U,35-49K,Homeowner,Unknown,1,None/Unknown,1753.0,1
456,2,85,5558.140000000002,4.007310742609951,20058.0,895,170,786.2699999999999,12.0,2798.7200000000007,2759.420000000001,0.6952235819896582,-39.29999999999973,0.12393114568572959,0.1411764705882353,9,755.8900000000001,1,1,19-24,B,50-74K,Homeowner,2 Adults No Kids,2,None/Unknown,456.0,1
1822,1,213,3345.38,2.4259463379260335,10501.0,1019,175,595.03,1.0,2120.34,1225.04,0.49331316621729077,-895.3000000000002,0.15100712869980534,0.004694835680751174,2,171.06,1,1,55-64,U,35-49K,Unknown,2 Adults No Kids,2,None/Unknown,1822.0,1
1333,0,115,6575.5300000000025,3.1889088263821543,2332.0,1118,182,739.26,32.0,2122.92,4452.610000000002,0.4791720211146477,2329.6900000000023,0.10106373525419045,0.2782608695652174,4,1134.3200000000004,1,0,45-54,U,125-149K,Homeowner,2 Adults Kids,4,2,1333.0,1
1710,0,195,11103.220000000007,3.5759162640901794,328492.0,1270,176,1911.8899999999999,19.0,5539.440000000002,5563.780000000001,0.4009566594195196,24.339999999998327,0.14689772118714317,0.09743589743589744,8,881.3700000000001,1,1,35-44,A,150-174K,Homeowner,Single Male,2,None/Unknown,1710.0,1
2279,2,43,736.1,2.223867069486405,369.0,268,91,197.24,6.0,187.95,548.15,0.6044966716478739,360.2,0.2113270619495575,0.13953488372093023,2,236.36999999999998,1,0,25-34,U,50-74K,Unknown,2 Adults No Kids,2,None/Unknown,2279.0,1
2233,0,249,7387.590000000005,3.199475963620617,511095.0,1373,200,795.8299999999999,16.0,3470.490000000002,3917.1000000000017,0.40341978913285637,446.6099999999997,0.09724907190392275,0.0642570281124498,9,1053.18,1,1,25-34,B,150-174K,Homeowner,Single Male,1,None/Unknown,2233.0,1
526,0,151,3376.5800000000004,3.2250047755491886,239375.0,748,146,479.65999999999997,5.0,1440.85,1935.7300000000002,0.5300600015400198,494.88000000000034,0.12438541169636742,0.033112582781456956,6,1198.3400000000004,1,0,45-54,U,50-74K,Unknown,Unknown,1,None/Unknown,526.0,1
844,0,123,4611.980000000001,3.642954186413903,12089.0,631,148,525.3000000000001,31.0,2421.6499999999996,2190.3300000000004,0.5547704023000964,-231.31999999999925,0.10225255388065278,0.25203252032520324,4,787.6600000000001,1,0,45-54,A,200-249K,Homeowner,2 Adults No Kids,2,None/Unknown,844.0,1
1256,0,148,4439.340000000002,3.5038200473559606,122321.0,603,142,369.38,10.0,2222.6500000000005,2216.6900000000005,0.2725990800434297,-5.960000000000036,0.07681462010680594,0.06756756756756757,9,834.9800000000001,1,0,45-54,U,50-74K,Unknown,1 Adult Kids,2,1,1256.0,1
1234,1,80,4790.570000000001,3.5591158989598815,1750.0,912,168,777.7400000000001,5.0,1640.6900000000003,3149.880000000001,0.5640351774423502,1509.1900000000007,0.13967253978316582,0.0625,6,757.2600000000002,1,0,45-54,B,35-49K,Homeowner,2 Adults No Kids,2,None/Unknown,1234.0,1
2367,0,137,4355.2800000000025,2.7408936438011344,16964.0,960,148,700.93,5.0,2072.140000000001,2283.140000000001,0.547911959736228,211.0,0.13862754909309533,0.0364963503649635,6,140.25000000000003,1,1,45-54,U,Under 15K,Unknown,2 Adults No Kids,2,None/Unknown,2367.0,1
209,0,163,5574.230000000001,4.138255382331107,260373.0,757,128,1087.85,44.0,1919.1899999999996,3655.0400000000004,0.45457399497329665,1735.8500000000008,0.16328984341226757,0.26993865030674846,4,1302.33,1,0,45-54,U,25-34K,Homeowner,2 Adults Kids,3,1,209.0,1
1976,0,153,3002.6100000000006,2.531711635750422,1432.0,737,157,426.36999999999995,8.0,1571.5600000000002,1431.0500000000004,0.6387109881070135,-140.50999999999976,0.12434309911402221,0.05228758169934641,7,544.2,1,0,25-34,A,50-74K,Homeowner,2 Adults Kids,5+,3+,1976.0,1
1062,1,183,1330.9099999999999,1.9401020408163263,793.0,312,91,309.27,2.0,779.6800000000001,551.2299999999999,0.7107618095889281,-228.45000000000016,0.1885585728395664,0.01092896174863388,2,164.85000000000002,1,1,65+,U,15-24K,Homeowner,2 Adults No Kids,2,None/Unknown,1062.0,1
1549,0,153,1718.7699999999998,2.494586357039187,74373.0,395,125,357.67999999999995,25.0,830.3,888.47,0.2894860859800905,58.17000000000007,0.17225553227864865,0.16339869281045752,5,270.14000000000004,1,0,45-54,U,15-24K,Homeowner,Unknown,1,None/Unknown,1549.0,1
845,0,105,4466.6,3.084668508287293,73194.0,880,173,670.9999999999999,8.0,1884.9,2581.7000000000007,0.571244346930551,696.8000000000006,0.13060573030208655,0.0761904761904762,9,630.6800000000003,1,1,19-24,B,50-74K,Homeowner,Single Female,1,None/Unknown,845.0,1
1066,2,225,2742.6199999999994,1.953433048433048,1872.0,521,120,632.2200000000001,23.0,1079.43,1663.1899999999998,0.6403840123677361,583.7599999999998,0.18733332543172423,0.10222222222222223,5,371.72,1,1,35-44,U,25-34K,Unknown,2 Adults No Kids,2,None/Unknown,1066.0,1
583,0,142,2843.09,3.621770700636943,1151.0,584,135,460.67999999999995,0.0,1441.15,1401.94,0.4596055699960254,-39.210000000000036,0.13944069956443697,0.0,6,220.25,1,1,35-44,B,15-24K,Unknown,Single Female,1,None/Unknown,583.0,1
454,0,295,6892.290000000003,2.6246344249809606,4183.0,1192,156,2179.6099999999997,31.0,3234.1200000000013,3658.1700000000005,0.638477196983876,424.0499999999993,0.24025948257807067,0.10508474576271186,8,1323.6399999999999,1,0,55-64,U,35-49K,Unknown,Single Male,1,None/Unknown,454.0,1
707,0,417,15982.020000000008,4.397914144193728,1379367.0,1644,197,1794.2400000000005,8.0,6394.810000000005,9587.210000000008,0.44672951228943525,3192.4000000000033,0.10093461729295136,0.019184652278177457,6,3212.4000000000024,1,0,25-34,A,100-124K,Homeowner,2 Adults Kids,5+,3+,707.0,1
1962,0,113,2938.6300000000006,3.090042060988434,131386.0,656,139,314.2,10.0,851.8100000000002,2086.8200000000006,0.5333846043904811,1235.0100000000004,0.09659281302742534,0.08849557522123894,1,573.92,1,0,65+,U,25-34K,Unknown,2 Adults No Kids,2,None/Unknown,1962.0,1
192,1,78,3278.73,3.035861111111111,1310.0,444,113,489.1,15.0,1606.4299999999998,1672.3000000000002,0.6871471575884565,65.87000000000035,0.12980946592601048,0.19230769230769232,3,499.34999999999997,1,0,45-54,A,35-49K,Homeowner,Single Male,2,None/Unknown,192.0,1
997,0,83,3936.9100000000003,2.9534208552138037,57036.0,723,146,380.57,2.0,1832.0200000000004,2104.89,0.6671171045312186,272.86999999999944,0.08814632609763101,0.024096385542168676,10,709.9,1,0,45-54,U,75-99K,Homeowner,Single Male,1,None/Unknown,997.0,1
2203,0,95,4645.390000000001,5.173040089086861,90352.0,609,154,377.91,0.0,2189.8500000000013,2455.54,0.5132055650871078,265.6899999999987,0.07523142157545835,0.0,5,593.7000000000002,1,1,45-54,A,50-74K,Homeowner,2 Adults No Kids,2,None/Unknown,2203.0,1
1899,0,61,10045.26000000001,3.5061989528795845,13508.0,1231,150,1741.3799999999999,76.0,4374.540000000003,5670.720000000004,0.6254820681595097,1296.1800000000012,0.14774185009468335,1.2459016393442623,11,1231.54,1,1,25-34,A,25-34K,Homeowner,2 Adults Kids,3,1,1899.0,1
2156,0,101,5430.680000000002,2.568912015137182,330499.0,861,145,819.4699999999998,32.0,2160.0800000000004,3270.600000000001,0.5909665087981614,1110.5200000000004,0.13111205331072048,0.31683168316831684,5,443.78,1,1,45-54,A,50-74K,Homeowner,2 Adults No Kids,2,None/Unknown,2156.0,1
546,1,120,3262.7400000000002,3.838517647058824,225092.0,377,98,838.1699999999997,10.0,1684.73,1578.0100000000004,0.580931977417753,-106.71999999999957,0.20438634351887747,0.08333333333333333,3,76.25999999999999,1,1,45-54,U,50-74K,Unknown,2 Adults No Kids,2,None/Unknown,546.0,1
712,0,231,10387.900000000009,3.331590763309817,160949.0,1159,182,1722.7899999999997,61.0,4894.300000000002,5493.600000000002,0.5450129477565241,599.3000000000002,0.14225366184750815,0.26406926406926406,9,1323.1200000000001,1,1,65+,A,50-74K,Homeowner,2 Adults No Kids,2,None/Unknown,712.0,1
492,0,114,6926.600000000003,3.418854886475816,460164.0,957,159,1497.1499999999994,75.0,2443.210000000001,4483.390000000001,0.6078913175295237,2040.1800000000003,0.17772963347677687,0.6578947368421053,8,221.68,1,1,45-54,U,50-74K,Homeowner,2 Adults No Kids,2,None/Unknown,492.0,1
283,0,62,4663.970000000001,3.377241129616221,1617.0,895,165,729.5199999999999,17.0,1097.1000000000004,3566.870000000001,0.5009959326496526,2469.7700000000004,0.13525935896794095,0.27419354838709675,5,1359.4000000000008,1,0,25-34,A,50-74K,Homeowner,2 Adults No Kids,2,None/Unknown,283.0,1
1402,0,151,2203.7200000000003,2.771974842767296,54813.0,394,94,313.57000000000005,1.0,1351.9599999999998,851.7600000000003,0.3900813170457227,-500.1999999999995,0.1245664980991463,0.006622516556291391,2,42.03999999999999,1,1,55-64,U,15-24K,Unknown,Single Male,1,None/Unknown,1402.0,1
576,1,164,3659.81,3.190767218831735,35319.0,698,167,491.89,3.0,1932.6399999999999,1727.17,0.4453755796065915,-205.4699999999998,0.11847917720451863,0.018292682926829267,9,90.31,1,1,55-64,A,35-49K,Homeowner,Single Male,2,None/Unknown,576.0,1
1038,3,273,1582.4600000000003,1.678112407211029,1115.0,460,126,314.88,0.0,868.53,713.9300000000002,0.5232738900193371,-154.5999999999998,0.16595865791054842,0.0,2,19.54,1,1,55-64,U,Under 15K,Probable Renter,Single Male,1,None/Unknown,1038.0,1
2148,0,112,2881.17,2.1728280542986425,11712.0,475,111,845.5099999999998,15.0,1553.3600000000001,1327.81,0.5916381192362825,-225.55000000000018,0.22688022583103454,0.13392857142857142,5,382.75000000000006,1,1,55-64,A,35-49K,Homeowner,2 Adults Kids,4,2,2148.0,1
2063,0,75,2392.82,2.691586051743532,1223.0,406,101,491.48,2.0,1308.8600000000001,1083.96,0.3266647721098955,-224.9000000000001,0.1703983635544153,0.02666666666666667,2,198.60999999999999,1,1,55-64,A,75-99K,Homeowner,2 Adults No Kids,2,None/Unknown,2063.0,1
464,0,140,2997.55,2.4610426929392446,92212.0,737,122,1233.6100000000001,173.0,1088.42,1909.13,0.6576137178695937,820.71,0.29155361650233036,1.2357142857142858,8,592.94,1,0,65+,A,50-74K,Homeowner,2 Adults No Kids,2,None/Unknown,464.0,1
243,0,205,6592.880000000003,3.6424751381215486,534732.0,930,182,729.76,13.0,2701.130000000001,3891.7500000000014,0.35071319362706416,1190.6200000000003,0.09965804682464244,0.06341463414634146,5,1481.2400000000007,1,0,65+,U,50-74K,Homeowner,2 Adults No Kids,2,None/Unknown,243.0,1
2364,0,104,6510.370000000003,2.66381751227496,2778.0,1066,164,1039.53,4.0,2456.230000000001,4054.140000000001,0.4258390844145569,1597.9099999999999,0.13768791639624361,0.038461538461538464,3,903.7299999999998,1,1,45-54,A,25-34K,Renter,2 Adults No Kids,2,None/Unknown,2364.0,1
1296,0,69,1801.69,2.3706447368421055,1089.0,308,84,531.43,9.0,691.1899999999999,1110.5000000000002,0.605953299402228,419.3100000000003,0.22777653956933205,0.13043478260869565,4,322.74,1,0,65+,A,25-34K,Homeowner,Single Female,2,None/Unknown,1296.0,1
1618,0,88,3923.7200000000007,3.493962600178095,327613.0,562,153,521.16,133.0,1431.1000000000001,2492.6200000000003,0.4567808100476077,1061.5200000000002,0.11724950954806426,1.5113636363636365,5,638.7600000000001,1,0,35-44,A,75-99K,Homeowner,Single Female,2,None/Unknown,1618.0,1
2007,0,150,7077.490000000003,3.7171691176470607,522859.0,977,161,1025.7400000000002,22.0,2797.250000000001,4280.240000000001,0.4480557372740897,1482.9899999999998,0.12658409054167286,0.14666666666666667,9,1810.26,1,0,45-54,A,50-74K,Homeowner,2 Adults Kids,3,1,2007.0,1
806,0,110,5136.300000000001,3.305212355212356,63678.0,934,171,825.9199999999998,28.0,2173.39,2962.9100000000003,0.5146954033058816,789.5200000000004,0.138525582752733,0.2545454545454545,9,739.0500000000003,1,1,35-44,A,75-99K,Homeowner,2 Adults No Kids,2,None/Unknown,806.0,1
614,1,101,2316.43,1.9952024117140394,1345.0,435,99,533.52,10.0,653.9599999999999,1662.4699999999998,0.6438528252526515,1008.5099999999999,0.18720328426814506,0.09900990099009901,4,440.80999999999995,1,0,35-44,A,15-24K,Unknown,2 Adults Kids,4,2,614.0,1
2295,0,82,7404.810000000001,2.9906340872374804,122405.0,1306,179,1496.72,5.0,3922.4100000000008,3482.4000000000005,0.5560156168760576,-440.0100000000002,0.1681418812271598,0.06097560975609756,8,599.1800000000001,1,1,35-44,B,35-49K,Renter,Single Male,1,None/Unknown,2295.0,1
2370,0,147,4586.39,2.717055687203792,274069.0,881,147,1899.0799999999995,184.0,1756.7299999999998,2829.66,0.44406384978163643,1072.93,0.29282072078045224,1.251700680272109,4,721.1300000000001,1,0,25-34,A,Under 15K,Homeowner,2 Adults No Kids,2,None/Unknown,2370.0,1
973,0,72,11387.78000000001,3.723930673642907,90153.0,1444,181,1357.3399999999997,3.0,3521.0400000000027,7866.740000000007,0.4144372300834754,4345.700000000004,0.10649880110975798,0.041666666666666664,7,2098.540000000001,1,0,35-44,A,50-74K,Homeowner,2 Adults Kids,4,2,973.0,1
1219,0,86,606.0500000000001,2.3490310077519383,348.0,204,77,102.08,1.0,252.82000000000002,353.23,0.41600528009240156,100.41,0.1441543219465352,0.011627906976744186,2,217.03000000000003,1,0,19-24,A,15-24K,Homeowner,2 Adults Kids,3,1,1219.0,1
733,1,64,2125.07,2.6764105793450885,1389.0,305,103,486.5799999999999,13.0,689.3200000000002,1435.75,0.6729613612728051,746.4299999999998,0.1863113357456014,0.203125,2,553.49,1,0,45-54,A,75-99K,Homeowner,2 Adults No Kids,2,None/Unknown,733.0,1
601,0,74,4838.110000000001,3.4731586503948315,225492.0,827,149,699.94,5.0,1818.9800000000002,3019.130000000001,0.5425238367875058,1200.1500000000008,0.1263874468450086,0.06756756756756757,5,403.15999999999997,1,1,35-44,A,100-124K,Homeowner,2 Adults Kids,4,2,601.0,1
1318,1,61,4637.350000000001,3.5078290468986393,49414.0,690,150,372.77,8.0,1786.69,2850.6600000000008,0.4592558249862528,1063.9700000000007,0.07440340750321348,0.13114754098360656,3,946.61,1,0,65+,A,50-74K,Homeowner,2 Adults No Kids,2,None/Unknown,1318.0,1
157,2,156,2382.05,2.908485958485959,16117.0,612,134,376.44,1.0,1020.0300000000001,1362.0200000000002,0.6106294998005918,341.9900000000001,0.13646596507509542,0.00641025641025641,5,366.9,1,0,19-24,U,15-24K,Homeowner,2 Adults No Kids,2,None/Unknown,157.0,1
1627,0,90,2538.5,4.407118055555555,179918.0,364,112,379.72999999999996,1.0,385.27000000000004,2153.2300000000005,0.340177270041363,1767.9600000000005,0.1301233967165028,0.011111111111111112,1,945.5200000000002,1,0,25-34,U,35-49K,Unknown,Single Male,1,None/Unknown,1627.0,1
1218,0,79,2834.0100000000007,2.8368468468468477,154352.0,624,143,610.7799999999999,41.0,857.62,1976.3900000000006,0.5325775138408119,1118.7700000000004,0.17730543806734222,0.5189873417721519,1,259.52,1,1,45-54,A,35-49K,Homeowner,2 Adults Kids,4,2,1218.0,1
1802,0,44,4154.500000000002,3.821987120515181,1434.0,653,154,498.3699999999999,1.0,1281.2599999999998,2873.2400000000007,0.5202262606811889,1591.980000000001,0.10711023518817411,0.022727272727272728,2,680.9399999999999,1,0,45-54,U,150-174K,Homeowner,2 Adults No Kids,2,None/Unknown,1802.0,1
1483,3,104,4046.1600000000008,2.4257553956834537,111271.0,1078,148,778.79,14.0,1908.39,2137.7700000000004,0.5735190897048064,229.38000000000034,0.1614089265173732,0.1346153846153846,4,679.11,1,0,19-24,U,Under 15K,Unknown,Unknown,1,None/Unknown,1483.0,1
442,0,124,1992.3800000000006,2.7633564493758676,123929.0,482,138,395.82000000000005,11.0,566.19,1426.19,0.43442515985906294,860.0,0.1657398877815928,0.08870967741935484,2,1102.3300000000004,1,0,25-34,U,15-24K,Unknown,1 Adult Kids,2,1,442.0,1
1591,0,78,3675.720000000002,3.0605495420482947,227428.0,651,120,696.13,65.0,829.6600000000001,2846.060000000001,0.49499689856681095,2016.4000000000008,0.1592300742248704,0.8333333333333334,3,1169.24,1,0,25-34,U,25-34K,Unknown,Single Female,1,None/Unknown,1591.0,1
1123,0,70,3736.100000000001,3.936880927291887,1275.0,513,134,593.78,3.0,1949.4600000000005,1786.64,0.5440432536602336,-162.8200000000004,0.13713544024314758,0.04285714285714286,4,179.70999999999998,1,1,55-64,A,15-24K,Unknown,Single Female,2,None/Unknown,1123.0,1
1751,0,126,3525.420000000001,2.512772630078404,1970.0,823,139,891.7799999999999,31.0,310.71,3214.7100000000005,0.5630392974454106,2904.0000000000005,0.20188807389296382,0.24603174603174602,5,617.4500000000002,1,0,25-34,A,15-24K,Renter,2 Adults Kids,4,2,1751.0,1
443,1,83,2156.74,2.7128805031446537,1275.0,417,105,618.91,14.0,512.4499999999999,1644.29,0.6814776004525349,1131.8400000000001,0.22297840145551495,0.1686746987951807,4,487.4700000000001,1,0,45-54,A,25-34K,Homeowner,2 Adults No Kids,2,None/Unknown,443.0,1
2154,0,95,2032.9600000000005,3.1372839506172845,63619.0,407,120,651.3699999999999,12.0,199.22,1833.7400000000005,0.4729556902250904,1634.5200000000004,0.24265645431075902,0.12631578947368421,3,490.38000000000005,1,0,45-54,A,35-49K,Homeowner,2 Adults No Kids,2,None/Unknown,2154.0,1
1709,5,79,1812.7200000000003,2.7341176470588238,50820.0,436,136,417.7699999999999,28.0,553.6700000000001,1259.0500000000002,0.5353391588331347,705.3800000000001,0.1872996516460508,0.35443037974683544,1,328.91999999999996,1,0,25-34,A,35-49K,Unknown,2 Adults Kids,3,1,1709.0,1
490,1,72,3458.170000000001,2.970936426116839,17348.0,702,129,1433.9199999999996,203.0,1600.26,1857.9100000000008,0.7236602017830237,257.6500000000008,0.29310989781463537,2.8194444444444446,5,428.7,1,1,35-44,A,75-99K,Homeowner,2 Adults Kids,5+,3+,490.0,1
578,0,96,2203.9200000000005,3.4063678516228757,15690.0,520,135,294.69000000000005,1.0,688.4900000000001,1515.4299999999998,0.4432783404116301,826.9399999999997,0.11794157551598689,0.010416666666666666,2,792.77,1,0,25-34,U,50-74K,Unknown,Single Male,1,None/Unknown,578.0,1
2420,0,93,4098.500000000001,2.954938716654651,55994.0,636,123,716.38,0.0,1712.11,2386.3900000000003,0.4106111992192264,674.2800000000004,0.14878460107001626,0.0,5,484.9600000000001,1,1,45-54,U,15-24K,Unknown,2 Adults Kids,3,1,2420.0,1
2317,0,127,11631.490000000005,2.8286697470817135,239213.0,1686,176,2633.3999999999996,56.0,4978.520000000003,6652.970000000002,0.5775898014785723,1674.449999999999,0.1846071017722533,0.4409448818897638,15,2335.880000000002,1,0,35-44,A,50-74K,Homeowner,2 Adults Kids,5+,3+,2317.0,1
1816,0,137,3319.8800000000006,2.8472384219554034,170804.0,908,162,585.58,42.0,1780.3700000000006,1539.51,0.48930081810185905,-240.86000000000058,0.14993880362364484,0.30656934306569344,4,549.6299999999999,1,0,19-24,B,Under 15K,Renter,2 Adults Kids,5+,3+,1816.0,1
1453,0,606,17408.73,3.240039084310441,80935.0,2642,228,2304.9300000000003,72.0,6725.010000000005,10683.719999999998,0.4247771089562537,3958.7099999999928,0.1169204500838505,0.1188118811881188,9,4252.560000000003,1,0,45-54,A,125-149K,Homeowner,2 Adults Kids,3,1,1453.0,1
1260,0,150,10004.250000000007,3.075391945896098,16445.0,1200,194,835.4300000000001,6.0,5304.5300000000025,4699.720000000003,0.4094629782342502,-604.8099999999995,0.07707146336423211,0.04,3,1196.5500000000002,1,1,65+,U,50-74K,Homeowner,Single Male,1,None/Unknown,1260.0,1
451,0,134,2003.2600000000007,3.4420274914089357,44611.0,385,127,285.31000000000006,1.0,656.96,1346.3000000000002,0.32329303235725754,689.3400000000001,0.12466736870622265,0.007462686567164179,3,373.02,1,0,25-34,B,Under 15K,Renter,2 Adults No Kids,2,None/Unknown,451.0,1
2260,1,121,6930.630000000003,3.9468280182232363,639829.0,740,142,776.4399999999997,4.0,4421.010000000001,2509.620000000001,0.5420950187789565,-1911.3900000000003,0.1007438624535653,0.03305785123966942,3,526.01,1,1,45-54,U,25-34K,Homeowner,Single Female,1,None/Unknown,2260.0,1
1935,0,147,10442.690000000006,4.982199427480919,930942.0,647,151,1095.98,262.0,3536.3599999999997,6906.330000000004,0.397185016504368,3369.970000000004,0.09498321730320734,1.782312925170068,4,1928.5700000000004,1,0,55-64,A,150-174K,Homeowner,2 Adults No Kids,2,None/Unknown,1935.0,1
104,0,95,4186.790000000002,2.70814359637775,39717.0,803,138,1138.39,86.0,971.3400000000001,3215.4500000000007,0.5765419330799966,2244.1100000000006,0.21377493342948026,0.9052631578947369,8,2359.949999999999,1,0,35-44,A,35-49K,Homeowner,2 Adults Kids,5+,3+,104.0,1
2199,0,141,5042.130000000001,2.4704213620774134,389991.0,747,114,981.95,22.0,2331.1600000000003,2710.9700000000007,0.5583969473218658,379.8100000000004,0.16300414337126995,0.15602836879432624,6,597.04,1,1,19-24,U,50-74K,Unknown,2 Adults Kids,3,1,2199.0,1
40,0,336,10685.530000000006,3.3413164477798643,991737.0,1373,190,1056.74,11.0,4077.690000000002,6607.840000000002,0.28574249475692814,2530.15,0.08999452405710305,0.03273809523809524,10,2222.3600000000006,1,0,45-54,U,Under 15K,Homeowner,2 Adults No Kids,2,None/Unknown,40.0,1
19,0,360,9823.820000000005,2.435255329697572,421300.0,1652,172,2711.32,18.0,2738.33,7085.490000000005,0.5336335559894211,4347.160000000005,0.21629754434334192,0.05,7,1475.79,1,0,35-44,B,15-24K,Unknown,Single Female,1,None/Unknown,19.0,1
1563,1,96,3591.920000000001,3.849860664523045,26922.0,620,141,548.84,2.0,1820.860000000001,1771.0599999999997,0.5176006147130224,-49.80000000000132,0.1325457162453269,0.020833333333333332,3,1162.9600000000003,1,0,45-54,A,75-99K,Homeowner,Unknown,3,1,1563.0,1
48,6,45,924.0,3.2421052631578946,41508.0,200,76,176.45999999999998,4.0,251.44000000000005,672.56,0.4450324675324675,421.1199999999999,0.16035112589280845,0.08888888888888889,2,248.82999999999998,1,0,19-24,U,35-49K,Homeowner,2 Adults No Kids,2,None/Unknown,48.0,1
863,0,100,1418.7,3.111184210526316,88530.0,362,98,227.52,3.0,127.64,1291.06,0.42335236484105165,1163.4199999999998,0.13820752997776725,0.03,3,764.8300000000002,1,0,45-54,U,15-24K,Unknown,Unknown,1,None/Unknown,863.0,1
321,0,99,5421.850000000002,3.5460104643557897,2107.0,755,154,1202.8000000000002,103.0,2438.270000000001,2983.5800000000004,0.5008622518144176,545.3099999999995,0.181564309057837,1.0404040404040404,6,513.8100000000001,1,1,45-54,A,100-124K,Homeowner,2 Adults No Kids,2,None/Unknown,321.0,1
2432,0,223,4811.910000000002,2.227736111111112,120704.0,1159,155,1269.01,15.0,1268.0300000000002,3543.8800000000006,0.6229605291869549,2275.8500000000004,0.20868717233576492,0.06726457399103139,9,136.2,1,1,19-24,U,35-49K,Unknown,Single Female,1,None/Unknown,2432.0,1
362,0,81,2630.51,2.568857421875,50729.0,498,115,389.03,18.0,1276.79,1353.72,0.5037236125314102,76.93000000000006,0.12883750505043814,0.2222222222222222,3,356.98,1,1,65+,U,50-74K,Unknown,Single Male,1,None/Unknown,362.0,1
2488,0,107,5603.000000000002,3.112777777777779,243561.0,929,165,776.0,40.0,2179.2400000000007,3423.7600000000016,0.4886650008923789,1244.520000000001,0.1216491613105502,0.37383177570093457,8,724.5100000000002,1,1,45-54,B,35-49K,Homeowner,Single Female,1,None/Unknown,2488.0,1
1397,0,235,4633.010000000001,2.4643670212765962,15047.0,659,140,813.5899999999998,51.0,1912.4600000000003,2720.55,0.5411320070537294,808.0899999999999,0.1493757573532111,0.2170212765957447,6,1074.5899999999995,1,0,45-54,B,35-49K,Renter,Single Female,1,None/Unknown,1397.0,1
605,0,107,4970.160000000002,2.925344320188347,381896.0,833,153,811.6199999999998,73.0,1197.15,3773.0100000000016,0.45019476234165484,2575.8600000000015,0.14037545530961046,0.6822429906542056,6,886.2200000000001,1,0,25-34,A,75-99K,Homeowner,2 Adults Kids,4,2,605.0,1
2343,0,205,4025.6600000000008,2.861165600568586,292902.0,883,162,769.8699999999999,19.0,1743.4000000000003,2282.26,0.49575970151478255,538.8599999999999,0.1605390853565716,0.09268292682926829,5,601.82,1,0,19-24,U,50-74K,Unknown,Single Male,1,None/Unknown,2343.0,1
1412,1,68,3476.25,2.96608361774744,1436.0,461,131,544.97,8.0,829.8899999999999,2646.36,0.7146465300251708,1816.4700000000003,0.13552354758008764,0.11764705882352941,5,576.9,1,0,45-54,A,50-74K,Homeowner,2 Adults Kids,3,1,1412.0,1
304,0,256,7298.090000000004,2.946342349616473,465879.0,1518,178,1568.9,3.0,3353.250000000001,3944.8400000000015,0.4835319926172463,591.5900000000006,0.17693715680292857,0.01171875,8,1288.1899999999996,1,0,25-34,U,50-74K,Unknown,2 Adults No Kids,2,None/Unknown,304.0,1
766,0,108,7258.880000000003,2.7769242540168335,2981.0,1236,184,1285.8400000000001,29.0,2614.7900000000013,4644.090000000002,0.4993745591606416,2029.3000000000006,0.1504835734816354,0.26851851851851855,9,1091.2100000000005,1,0,45-54,A,150-174K,Homeowner,2 Adults No Kids,2,None/Unknown,766.0,1
608,0,195,4412.060000000001,3.0940112201963546,1896.0,718,152,585.57,7.0,1456.5700000000002,2955.4900000000007,0.44264357239022123,1498.9200000000005,0.11716953836118318,0.035897435897435895,7,736.9200000000001,1,0,25-34,B,25-34K,Renter,1 Adult Kids,5+,3+,608.0,1
1961,0,72,1180.31,2.282998065764023,634.0,387,104,267.6,1.0,703.75,476.56,0.6831849259940186,-227.19,0.18481811714816532,0.013888888888888888,3,453.9100000000001,1,0,,,,,,,,,1
1963,3,43,2074.0400000000004,2.586084788029926,5421.0,559,122,347.0,21.0,1123.84,950.2000000000002,0.5670189581685985,-173.63999999999976,0.143326834748703,0.4883720930232558,2,468.40999999999997,1,0,,,,,,,,,1
635,26,31,311.88,2.3102222222222224,140.0,72,36,129.82,0.0,168.6,143.27999999999994,0.36574964730024356,-25.32000000000005,0.2939098935929364,0.0,1,51.02,1,0,,,,,,,,,1
1379,0,421,11264.200000000006,3.126339161809605,1056480.0,1364,189,1936.3400000000001,8.0,3575.620000000001,7688.580000000004,0.4745752028550626,4112.960000000003,0.14668642343419278,0.019002375296912115,10,2731.020000000002,1,0,,,,,,,,,1
1862,3,137,2130.0,3.2618683001531394,116512.0,399,123,418.37,10.0,1109.6100000000001,1020.39,0.3947605633802817,-89.22000000000014,0.16417160773357087,0.072992700729927,5,80.04000000000002,1,1,,,,,,,,,1
1767,2,453,8018.420000000004,2.4619035922628196,29729.0,1849,198,1590.32,4.0,3293.19,4725.230000000001,0.507638661980789,1432.0400000000013,0.16550765240812004,0.008830022075055188,10,1185.8000000000006,1,0,,,,,,,,,1
1558,0,122,3949.880000000001,3.7053283302063797,1312.0,721,168,369.38,1.0,1554.2500000000005,2395.6300000000006,0.4569024881768559,841.3800000000001,0.08551927876534404,0.00819672131147541,6,537.22,1,1,,,,,,,,,1
468,0,277,4286.800000000002,2.930143540669858,16766.0,820,152,725.2600000000001,16.0,1694.9700000000003,2591.8300000000004,0.5194620696090322,896.8600000000001,0.14470297642087282,0.05776173285198556,7,1548.8800000000006,1,0,,,,,,,,,1
919,0,117,1218.23,1.949168,8432.0,389,91,178.51,3.0,658.9399999999999,559.29,0.7123531681209623,-99.64999999999998,0.1278047453355671,0.02564102564102564,1,251.2199999999999,1,0,,,,,,,,,1
1193,0,209,4470.920000000004,3.022934415145371,9339.0,822,148,1039.51,19.0,3775.690000000004,695.23,0.6848814114320991,-3080.460000000004,0.18864408040751798,0.09090909090909091,3,252.73000000000002,1,1,,,,,,,,,1
2128,15,80,1830.4400000000005,4.553333333333335,97568.0,337,97,168.38,3.0,1643.71,186.73,0.46418347501147256,-1456.98,0.08423970142384003,0.0375,2,47.27,1,1,,,,,,,,,1
545,1,48,2295.1000000000004,2.0238977072310407,16367.0,619,147,427.73,13.0,1016.05,1279.0500000000002,0.5958651039170405,263.0000000000002,0.15709023332341718,0.2708333333333333,3,365.17999999999995,1,0,,,,,,,,,1
1936,0,444,4497.850000000002,2.8023987538940824,204287.0,754,152,705.6200000000003,8.0,1984.8000000000006,2513.0500000000006,0.4801605211378768,528.25,0.13560566314401734,0.018018018018018018,6,532.01,1,1,,,,,,,,,1
2262,0,132,1305.98,2.374509090909091,27029.0,317,108,167.3,2.0,639.3999999999999,666.58,0.5173892402640163,27.180000000000177,0.11355614682884449,0.015151515151515152,7,185.01999999999995,1,1,,,,,,,,,1
2137,0,170,2655.0100000000007,2.9532925472747507,215770.0,602,139,503.42,0.0,792.7100000000002,1862.3000000000006,0.331565606155909,1069.5900000000006,0.15938931684412821,0.0,3,315.13,1,1,,,,,,,,,1
1969,0,208,2027.54,1.9877843137254902,1269.0,462,105,607.38,2.0,665.8700000000001,1361.6699999999998,0.6783984532980852,695.7999999999997,0.2305117422919861,0.009615384615384616,3,218.66000000000003,1,1,,,,,,,,,1
480,1,87,3435.5400000000013,3.1634806629834267,252190.0,742,160,759.9899999999999,12.0,2222.1500000000005,1213.3900000000003,0.44590952222940194,-1008.7600000000002,0.18114278768117487,0.13793103448275862,4,210.85,1,1,,,,,,,,,1
1622,0,94,3285.1900000000005,2.9410832587287383,87782.0,579,147,842.14,2.0,1528.93,1756.2600000000002,0.519878606716811,227.33000000000015,0.20403989988685176,0.02127659574468085,3,559.12,1,0,,,,,,,,,1
2270,0,272,4219.460000000001,1.8305683297180046,14052.0,1182,168,1162.7999999999997,8.0,1919.1399999999999,2300.32,0.6053144241206218,381.1800000000003,0.21604307484216662,0.029411764705882353,8,509.2099999999999,1,1,,,,,,,,,1
402,0,68,1734.12,3.5903105590062108,116449.0,327,94,190.56999999999994,3.0,590.3100000000001,1143.8099999999997,0.2587710193066224,553.4999999999997,0.09901334760402972,0.04411764705882353,2,499.72000000000014,1,0,,,,,,,,,1
978,0,56,2324.9300000000007,3.3356241032998577,793.0,539,143,307.05000000000007,0.0,1529.8100000000004,795.1200000000001,0.4240600792281916,-734.6900000000003,0.1166612208299455,0.0,3,689.42,1,0,,,,,,,,,1
1687,0,99,3521.19,2.731722265321955,1458.0,688,138,809.9599999999999,116.0,1511.8900000000003,2009.3000000000002,0.5737634152090627,497.40999999999985,0.18700806945037693,1.1717171717171717,6,245.07999999999993,1,1,,,,,,,,,1
1089,2,82,1712.5400000000002,2.5636826347305393,63740.0,488,98,307.89000000000004,1.0,1412.33,300.21,0.5611139009891739,-1112.12,0.15238835297436684,0.012195121951219513,1,692.4400000000002,1,0,,,,,,,,,1
1735,0,65,2724.1400000000003,3.858555240793202,66548.0,473,136,457.8799999999999,3.0,797.45,1926.6900000000003,0.4202537314528622,1129.2400000000002,0.14389601573843025,0.046153846153846156,2,1178.6300000000003,1,0,,,,,,,,,1
2079,1,115,4440.970000000001,3.496826771653544,9657.0,653,138,682.79,0.0,2436.5600000000004,2004.4100000000008,0.4077847857562649,-432.14999999999964,0.1332595593860758,0.0,7,361.9,1,1,,,,,,,,,1
307,0,349,2185.6800000000003,2.5180645161290327,47246.0,300,70,476.26,1.0,868.7400000000001,1316.9400000000003,0.5925295560191792,448.20000000000016,0.17891462617489495,0.0028653295128939827,4,396.35,1,0,,,,,,,,,1
32,1,104,3006.3200000000006,3.483568945538819,264174.0,630,144,345.6,3.0,1555.49,1450.8300000000002,0.4737752468133797,-104.65999999999985,0.10310508604023962,0.028846153846153848,6,375.5,1,1,,,,,,,,,1
2299,0,54,1771.1299999999997,1.8584784889821613,1034.0,506,127,283.2300000000001,4.0,701.2999999999998,1069.8300000000002,0.6117393980114391,368.5300000000003,0.13786775443447113,0.07407407407407407,1,286.75999999999993,1,0,,,,,,,,,1
183,2,130,1529.2899999999997,2.755477477477477,788.0,347,95,193.05999999999997,2.0,830.4799999999997,698.81,0.3142111698892951,-131.66999999999973,0.11209103840682788,0.015384615384615385,5,31.380000000000003,1,1,,,,,,,,,1
481,3,44,1800.1000000000001,2.5569602272727274,911.0,494,119,386.04999999999995,4.0,1224.9099999999999,575.1899999999999,0.561302149880562,-649.7199999999999,0.1765889806280447,0.09090909090909091,1,255.82,1,1,,,,,,,,,1
1456,10,67,1494.1200000000001,2.5069127516778527,739.0,412,120,277.68,1.0,814.7300000000001,679.3900000000001,0.5967659893448987,-135.34000000000003,0.1567219776498476,0.014925373134328358,1,12.379999999999999,1,1,,,,,,,,,1
1426,1,59,2041.4900000000002,3.2200157728706627,29138.0,412,117,312.69,1.0,1556.8100000000004,484.68,0.5083786841963467,-1072.1300000000003,0.13282331852279772,0.01694915254237288,2,289.38000000000005,1,1,,,,,,,,,1
537,1,38,1241.45,3.526846590909091,452.0,290,92,191.67999999999998,0.0,826.91,414.5400000000001,0.47098956864956293,-412.3699999999999,0.13374920628275172,0.0,1,169.8,1,1,,,,,,,,,1
1216,1,122,5066.010000000001,2.579434826883911,2386.0,1135,172,898.3500000000001,9.0,2141.7300000000005,2924.28,0.5399081328303733,782.5499999999997,0.15061968090457314,0.07377049180327869,9,237.52,1,1,,,,,,,,,1
356,0,206,2370.26,3.3860857142857146,120381.0,342,94,229.55999999999995,3.0,916.19,1454.0699999999997,0.4764414030528296,537.8799999999997,0.08829842065989181,0.014563106796116505,1,467.07000000000005,1,0,,,,,,,,,1
998,0,230,7552.380000000004,3.157349498327761,258334.0,1366,166,1824.08,30.0,3106.630000000001,4445.750000000001,0.5278005079193575,1339.12,0.1945382372451863,0.13043478260869565,8,753.0100000000001,1,1,,,,,,,,,1
1998,0,302,2189.52,1.3963775510204082,1806.0,416,83,523.7500000000002,0.0,852.2800000000004,1337.24,0.8711909459607585,484.9599999999996,0.19303276120695698,0.0,5,194.02,1,1,,,,,,,,,1
1307,7,141,1754.9500000000003,3.5742362525458256,67998.0,286,101,195.20000000000002,0.0,807.6,947.3500000000004,0.32537109319353813,139.75000000000034,0.10009486449760274,0.0,3,294.6300000000001,1,0,,,,,,,,,1
961,1,62,3288.270000000001,3.3349594320486826,1241.0,667,149,296.21,1.0,1696.6499999999999,1591.62,0.5170895334020624,-105.02999999999997,0.08263681203410254,0.016129032258064516,6,668.0,1,0,,,,,,,,,1
834,3,26,910.6300000000001,3.732090163934427,48560.0,198,83,142.42000000000002,0.0,875.6200000000001,35.01,0.5936439607744088,-840.6100000000001,0.1352452400170932,0.0,2,35.65,1,1,,,,,,,,,1
1987,0,59,1620.16,2.0932299741602067,978.0,571,137,558.56,7.0,317.78000000000003,1302.3800000000003,0.6164391171242346,984.6000000000004,0.25637071307923914,0.11864406779661017,1,353.38,1,0,,,,,,,,,1
1490,0,183,4418.550000000001,3.4984560570071266,231026.0,716,123,1103.8899999999999,1.0,2203.2300000000005,2215.3199999999997,0.4349730115083001,12.089999999999236,0.1998917145319822,0.00546448087431694,5,646.1499999999999,1,0,,,,,,,,,1
1017,1,54,2790.63,2.3871941830624466,1475.0,770,135,484.13999999999993,18.0,987.23,1803.4,0.6739875941991592,816.1700000000001,0.14783939024725398,0.3333333333333333,4,645.6300000000003,1,0,,,,,,,,,1
2029,1,40,1515.9500000000003,3.6794902912621366,537.0,308,87,334.57,2.0,354.67,1161.2800000000002,0.4610574227382168,806.6100000000001,0.18079782979919157,0.05,2,172.95,1,1,,,,,,,,,1
734,3,68,1117.4599999999998,4.2009774436090215,28125.0,205,89,207.38,0.0,456.63,660.83,0.36844271830759046,204.20000000000005,0.15653210953775554,0.0,1,202.3,1,0,,,,,,,,,1
1598,0,382,9094.470000000007,3.2045348837209326,203723.0,1590,197,1698.5499999999997,9.0,1910.520000000001,7183.950000000004,0.44569392169087346,5273.430000000004,0.1573748589366089,0.02356020942408377,7,2422.3600000000015,1,0,,,,,,,,,1
318,5,85,1080.1799999999998,2.857619047619047,16611.0,212,83,147.09999999999997,2.0,526.47,553.71,0.7091780999463053,27.24000000000001,0.11985854898637638,0.023529411764705882,3,162.07,1,0,,,,,,,,,1
2247,1,49,2944.8399999999997,4.200912981455064,1110.0,533,124,572.13,2.0,1699.8999999999999,1244.94,0.5298352372285083,-454.9599999999998,0.1626769634088434,0.04081632653061224,1,1047.83,1,0,,,,,,,,,1
697,0,56,2514.5000000000005,2.982799525504152,129940.0,567,141,288.21000000000004,3.0,1322.4200000000003,1192.08,0.455080532909127,-130.34000000000037,0.10283261557563929,0.05357142857142857,3,309.09,1,1,,,,,,,,,1
1774,2,56,3689.0,2.8010630220197417,1661.0,804,138,648.62,36.0,1860.8700000000001,1828.1299999999999,0.6138601246950394,-32.74000000000024,0.14953361520834008,0.6428571428571429,4,1323.4599999999998,1,0,,,,,,,,,1
1046,0,141,3979.920000000001,3.4016410256410263,160365.0,659,153,452.96999999999997,0.0,1796.4600000000003,2183.46,0.41312890711371075,386.9999999999998,0.10218390260078636,0.0,3,335.03,1,1,,,,,,,,,1
111,0,46,1411.1200000000001,2.4931448763250885,37133.0,451,126,349.52,19.0,814.4099999999999,596.7099999999999,0.5492445716877374,-217.69999999999993,0.19851872046528532,0.41304347826086957,1,104.53,1,1,,,,,,,,,1
1061,0,101,4237.040000000002,3.307603434816551,59942.0,756,135,1033.34,1.0,694.1400000000001,3542.900000000002,0.495553499612937,2848.760000000002,0.19606555884015944,0.009900990099009901,3,1974.63,1,0,,,,,,,,,1
519,3,29,800.13,2.5810645161290324,339.0,250,103,232.0,16.0,509.5999999999999,290.53,0.6028770324822218,-219.06999999999994,0.2247778865065447,0.5517241379310345,1,19.0,1,1,,,,,,,,,1
433,1,66,791.5300000000001,2.3418047337278107,439.0,209,79,90.58000000000001,0.0,611.72,179.81,0.542645256654833,-431.91,0.10268560610354717,0.0,2,158.29000000000002,1,0,,,,,,,,,1
681,1,57,2354.37,3.5139850746268655,24696.0,278,85,232.31999999999996,3.0,1187.0,1167.37,0.7909419505005586,-19.63000000000011,0.08981362281525809,0.05263157894736842,5,418.82000000000005,1,0,,,,,,,,,1
1269,1,89,2274.2699999999995,2.4937171052631575,1147.0,652,140,466.84,2.0,1064.4399999999998,1209.8300000000002,0.5572821168990489,145.39000000000033,0.1703105676167684,0.02247191011235955,2,320.90000000000003,1,1,,,,,,,,,1
419,0,44,1682.9999999999998,4.512064343163538,40903.0,295,106,492.5,10.0,788.5899999999999,894.41,0.5801604278074867,105.82000000000005,0.22638473914042748,0.22727272727272727,1,13.61,1,1,,,,,,,,,1
953,0,94,1844.2200000000003,2.3493248407643317,15041.0,557,140,422.21000000000004,3.0,865.9900000000005,978.23,0.5493379314832286,112.23999999999955,0.18628856836522636,0.031914893617021274,2,669.1700000000001,1,0,,,,,,,,,1
1136,0,44,1525.0200000000002,3.0020078740157485,748.0,371,101,386.1600000000001,6.0,1018.6600000000001,506.3599999999999,0.5419010898217728,-512.3000000000002,0.20205318180391174,0.13636363636363635,2,409.0899999999999,1,0,,,,,,,,,1
205,0,85,2665.3900000000003,3.4040740740740745,10593.0,493,134,338.76000000000005,1.0,306.65999999999997,2358.7300000000005,0.33465271498730015,2052.0700000000006,0.11276400978646206,0.011764705882352941,4,1084.2500000000002,1,0,,,,,,,,,1
1544,10,50,2345.9500000000003,2.962058080808081,89891.0,512,121,325.28000000000003,2.0,1798.76,547.19,0.5769730812677165,-1251.57,0.12177161831815304,0.04,4,111.97999999999999,1,1,,,,,,,,,1
1408,3,54,1036.77,2.8561157024793387,501.0,219,69,145.82000000000002,1.0,349.68999999999994,687.08,0.7239696364671048,337.3900000000001,0.12330562578746652,0.018518518518518517,2,18.52,1,1,,,,,,,,,1
1351,1,82,527.4100000000001,2.897857142857143,244.0,101,44,146.44,5.0,292.82000000000005,234.59000000000003,0.6300032232987618,-58.23000000000002,0.21731839430140235,0.06097560975609756,2,36.99,1,1,,,,,,,,,1
2273,2,43,1390.89,3.0040820734341254,635.0,300,104,196.42000000000002,1.0,859.17,531.7199999999999,0.5861930131067157,-327.45000000000005,0.12374394415709597,0.023255813953488372,1,203.98000000000002,1,0,,,,,,,,,1
1756,9,60,3177.390000000001,3.643795871559634,149793.0,611,157,495.9299999999999,3.0,2451.0700000000006,726.3199999999999,0.4393448711049004,-1724.7500000000007,0.1350086570187187,0.05,5,166.89999999999998,1,1,,,,,,,,,1
180,2,62,1977.76,3.557122302158273,2548.0,431,127,365.79,0.0,1186.3700000000001,791.3899999999999,0.5013297872340426,-394.98000000000025,0.15608371914403363,0.0,2,125.63999999999996,1,1,,,,,,,,,1
92,0,49,1328.0500000000002,2.1454765751211635,10973.0,473,125,362.94,0.0,432.49000000000007,895.5600000000001,0.43357554308949203,463.07,0.21463166547407136,0.0,1,259.3299999999999,1,0,,,,,,,,,1
1593,3,38,1598.1600000000003,2.7939860139860144,16915.0,434,130,311.74999999999994,9.0,854.9100000000002,743.2500000000001,0.5690982129448865,-111.66000000000008,0.16322758664020812,0.23684210526315788,1,190.94,1,1,,,,,,,,,1
1551,62,17,772.9600000000002,2.760571428571429,362.0,213,91,118.02999999999997,0.0,772.9600000000002,0.0,0.34352359759884077,-772.9600000000002,0.13247062256590977,0.0,1,27.15,1,1,,,,,,,,,1
1034,15,58,565.7399999999999,2.6939999999999995,29216.0,140,63,91.55000000000001,0.0,403.91999999999996,161.82,0.4668575670802843,-242.09999999999997,0.13928402988026597,0.0,2,275.13,1,0,,,,,,,,,1
637,1,94,2305.8799999999997,2.678141695702671,6307.0,541,127,629.68,5.0,564.18,1741.6999999999998,0.5954082606206742,1177.52,0.2145008107482048,0.05319148936170213,7,204.15999999999997,1,1,,,,,,,,,1
394,0,57,1388.1800000000003,3.105548098434005,504.0,347,127,141.76999999999998,0.0,351.96000000000004,1036.2199999999998,0.3784451584088518,684.2599999999998,0.09266315892676229,0.0,4,177.70999999999998,1,1,,,,,,,,,1
308,0,64,1863.19,3.522098298676749,70724.0,368,124,176.35999999999999,0.0,493.91999999999996,1369.2700000000002,0.5102109822401365,875.3500000000003,0.08647005466892206,0.0,1,602.0699999999999,1,0,,,,,,,,,1
1019,1,40,1305.5900000000001,3.3911428571428575,495.0,302,100,232.55999999999997,0.0,798.3400000000001,507.25,0.3813295138596344,-291.09000000000015,0.15119461690992422,0.0,1,247.96999999999997,1,0,,,,,,,,,1
1667,2,38,788.33,3.2575619834710747,440.0,206,93,286.85,3.0,662.4100000000001,125.92,0.5391777555084798,-536.4900000000001,0.26679253706356143,0.07894736842105263,1,102.77,1,1,,,,,,,,,1
2036,0,36,2911.610000000001,3.5121954161640545,17427.0,544,136,288.48999999999995,8.0,722.38,2189.230000000001,0.4095946915967453,1466.8500000000008,0.09015030780288112,0.2222222222222222,2,1152.8400000000004,1,0,,,,,,,,,1
618,0,509,6656.720000000001,3.50722866174921,707353.0,955,163,908.2699999999999,19.0,1707.81,4948.910000000001,0.39078705428499316,3241.100000000001,0.12006228692965884,0.03732809430255403,5,687.1500000000001,1,1,,,,,,,,,1
1922,0,100,2604.59,2.791629153269025,53166.0,523,145,251.67000000000002,1.0,930.7600000000002,1673.8300000000004,0.5001593340986489,743.0700000000002,0.08811172652349576,0.01,3,492.3500000000001,1,0,,,,,,,,,1
339,0,59,1514.7900000000002,2.0197200000000004,1072.0,483,111,588.1999999999999,6.0,693.3399999999999,821.4499999999998,0.6423068544154633,128.1099999999999,0.27969700283881516,0.1016949152542373,2,154.13,1,1,,,,,,,,,1
1883,2,117,2294.59,2.5495444444444444,13741.0,648,140,473.46999999999997,6.0,1035.35,1259.24,0.6156263210421032,223.8900000000001,0.17104759289899785,0.05128205128205128,6,166.39000000000004,1,1,,,,,,,,,1
1916,0,138,2604.51,2.52375,9158.0,656,147,496.96000000000004,3.0,1203.5,1401.01,0.5777708666889357,197.51,0.16023369563465067,0.021739130434782608,7,281.19000000000005,1,1,,,,,,,,,1
23,0,97,2844.06,4.1158610709117225,167285.0,417,127,244.46000000000004,1.0,1658.42,1185.64,0.5928531746868912,-472.78,0.0791511792055742,0.010309278350515464,3,314.52,1,1,,,,,,,,,1
2366,1,149,4863.700000000001,2.7232362821948493,406663.0,1003,145,898.0099999999998,38.0,1539.82,3323.8800000000015,0.5267471266731087,1784.0600000000015,0.15585824347285782,0.2550335570469799,7,636.33,1,1,,,,,,,,,1
830,0,213,1563.88,2.0907486631016043,1152.0,371,91,431.86,40.0,1139.53,424.34999999999997,0.6763690308719339,-715.1800000000001,0.21639091264393157,0.18779342723004694,4,130.44,1,1,,,,,,,,,1
2289,0,69,1874.89,2.777614814814815,859.0,498,123,521.9300000000001,7.0,742.5600000000001,1132.33,0.4124241955528058,389.76999999999987,0.2177593644912843,0.10144927536231885,3,553.17,1,0,,,,,,,,,1
365,0,153,6404.540000000001,4.678261504747992,153134.0,676,154,887.45,5.0,3407.4600000000005,2997.080000000001,0.3826566779191011,-410.37999999999965,0.12170203195561156,0.032679738562091505,7,643.8899999999999,1,1,,,,,,,,,1
1729,4,78,2712.76,2.8435639412997906,6160.0,793,153,502.66,5.0,2112.3700000000003,600.39,0.6235715654904967,-1511.9800000000005,0.15632794471639785,0.0641025641025641,6,197.85,1,1,,,,,,,,,1
940,0,58,1015.4099999999999,2.435035971223021,455.0,274,89,165.07999999999998,1.0,487.55000000000007,527.8599999999999,0.7093587811819856,40.30999999999983,0.13984023583427221,0.017241379310344827,1,246.21000000000006,1,0,,,,,,,,,1
2456,2,70,1140.09,2.167471482889734,635.0,340,102,186.12,0.0,519.34,620.75,0.6390986676490453,101.40999999999997,0.14033976519555727,0.0,1,131.15,1,1,,,,,,,,,1
2207,0,350,4505.730000000001,2.2130304518664055,15228.0,1284,186,943.9600000000003,16.0,1546.24,2959.4900000000007,0.5111069682382211,1413.2500000000007,0.17321352223704467,0.045714285714285714,6,360.33,1,1,,,,,,,,,1
68,0,496,4381.770000000001,2.270347150259068,169075.0,905,162,934.3200000000002,34.0,1325.8600000000001,3055.910000000001,0.5847043546329451,1730.050000000001,0.17575323216875557,0.06854838709677419,8,578.9999999999999,1,1,,,,,,,,,1
245,3,40,924.4899999999999,3.361781818181818,84068.0,223,71,286.24,0.0,502.71000000000004,421.78,0.4173977003537086,-80.93000000000006,0.23641935030931752,0.0,1,471.96000000000004,1,0,,,,,,,,,1
156,0,537,4661.989999999999,2.4549710373880984,311894.0,1099,178,739.8899999999998,22.0,2887.2599999999998,1774.7299999999998,0.4210862743163329,-1112.53,0.13696898116951875,0.040968342644320296,7,562.0799999999999,1,1,,,,,,,,,1
1203,0,144,5409.290000000003,3.2763718958207164,94876.0,802,144,763.98,20.0,2254.7500000000005,3154.5400000000013,0.4991265027388067,899.7900000000009,0.12375612924754624,0.1388888888888889,6,976.1500000000003,1,0,,,,,,,,,1
1347,0,100,2245.5300000000007,4.15838888888889,109893.0,420,121,320.76000000000005,6.0,487.99000000000007,1757.5400000000004,0.41400471158256613,1269.5500000000004,0.12498977122616693,0.06,1,1114.8100000000004,1,0,,,,,,,,,1
935,4,50,1414.3499999999997,3.6172634271099735,247332.0,285,101,117.03,1.0,931.1599999999996,483.18999999999994,0.42528369922579284,-447.9699999999997,0.07642126709242646,0.02,1,150.32,1,1,,,,,,,,,1
882,0,194,4009.460000000002,2.9180931586608456,112326.0,869,145,849.4999999999999,19.0,2825.1900000000005,1184.27,0.6999720660637591,-1640.9200000000005,0.1748316512175444,0.0979381443298969,3,600.3399999999999,1,0,45-54,U,50-74K,Unknown,2 Adults No Kids,2,None/Unknown,882.0,1
1677,0,173,10902.290000000008,3.286792282182698,3868.0,1396,187,1603.46,17.0,4647.100000000003,6255.190000000003,0.6389180621685899,1608.0900000000001,0.1282178198028906,0.09826589595375723,9,1657.3200000000002,1,0,45-54,A,75-99K,Homeowner,2 Adults No Kids,2,None/Unknown,1677.0,1
1633,0,188,8707.03,2.825123296560675,211390.0,1397,189,1746.7099999999996,165.0,3164.8500000000004,5542.180000000002,0.5087877266990007,2377.3300000000017,0.1670894818505147,0.8776595744680851,10,1455.7500000000005,1,0,45-54,A,50-74K,Homeowner,2 Adults No Kids,2,None/Unknown,1633.0,1
1130,0,322,5524.120000000003,2.733359722909452,6786.0,1363,187,1499.5600000000004,40.0,3186.1000000000013,2338.0200000000004,0.48386711367602425,-848.0800000000008,0.2135006150621896,0.12422360248447205,6,1039.0300000000002,1,0,55-64,U,25-34K,Renter,2 Adults Kids,3,1,1130.0,1
1864,0,144,14623.300000000016,4.11692004504505,434819.0,1461,172,1300.64,38.0,6149.190000000006,8474.110000000004,0.5325241224620979,2324.9199999999983,0.08167827811458715,0.2638888888888889,4,2318.280000000001,1,0,45-54,U,125-149K,Homeowner,1 Adult Kids,5+,3+,1864.0,1
2318,1,365,10604.880000000005,3.267060998151573,196645.0,1905,188,1847.57,7.0,6773.680000000003,3831.2000000000007,0.4851087423902958,-2942.4800000000023,0.1483699994780143,0.019178082191780823,11,80.83999999999999,1,1,19-24,U,Under 15K,Unknown,Single Female,1,None/Unknown,2318.0,1
2360,0,299,8326.500000000002,3.377890466531441,925900.0,1197,179,1251.2999999999997,5.0,3912.210000000001,4414.290000000002,0.37828859664925224,502.08000000000084,0.13064586857107055,0.016722408026755852,8,1068.0800000000002,1,1,25-34,B,50-74K,Homeowner,Unknown,1,None/Unknown,2360.0,1
1070,0,159,4604.520000000001,3.3126043165467634,521862.0,857,166,697.7599999999999,5.0,2332.3500000000004,2272.1700000000005,0.38361870509846835,-60.179999999999836,0.13159621898504034,0.031446540880503145,7,582.61,1,1,35-44,U,50-74K,Homeowner,2 Adults No Kids,2,None/Unknown,1070.0,1
1527,0,264,14581.030000000012,4.565131496556046,1405232.0,1438,189,1557.6099999999997,6.0,6061.510000000003,8519.520000000006,0.41557832334204076,2458.010000000003,0.09651432834489143,0.022727272727272728,12,2714.1500000000015,1,0,25-34,A,50-74K,Homeowner,2 Adults No Kids,2,None/Unknown,1527.0,1
2314,1,77,4489.610000000001,2.7062145871006633,15735.0,680,150,770.7299999999998,24.0,2153.9100000000008,2335.7000000000003,0.5499920928543904,181.7899999999995,0.14651714527958265,0.3116883116883117,3,588.4399999999998,1,1,45-54,A,125-149K,Homeowner,2 Adults No Kids,2,None/Unknown,2314.0,1
418,0,230,6044.480000000001,3.2549703823371035,275767.0,945,171,804.8899999999999,8.0,1497.73,4546.750000000004,0.6020203557626131,3049.0200000000036,0.11751299754575965,0.034782608695652174,9,916.4800000000001,1,0,35-44,U,35-49K,Unknown,2 Adults Kids,3,1,418.0,1
306,0,145,4472.24,2.4928874024526197,275817.0,919,156,1705.44,93.0,1492.53,2979.71,0.5146280163855249,1487.18,0.27606480102562775,0.6413793103448275,4,1244.49,1,0,19-24,U,35-49K,Homeowner,2 Adults Kids,4,2,306.0,1
864,0,94,6693.470000000001,2.9881562500000007,2848.0,995,157,1148.1399999999999,39.0,2657.9100000000003,4035.5600000000018,0.4808089077862454,1377.6500000000015,0.14641636092588126,0.4148936170212766,6,1199.5000000000002,1,0,35-44,U,15-24K,Homeowner,Single Female,1,None/Unknown,864.0,1
1158,0,170,2528.0400000000004,2.592861538461539,110654.0,557,135,624.4599999999999,4.0,847.1200000000002,1680.92,0.5180179111090014,833.7999999999998,0.19808406026962722,0.023529411764705882,4,375.1600000000001,1,0,45-54,U,15-24K,Homeowner,2 Adults No Kids,2,None/Unknown,1158.0,1
353,0,107,3129.710000000001,3.2703343782654137,1272.0,752,180,468.59,5.0,823.5200000000001,2306.19,0.4337973805879777,1482.67,0.13022538420920987,0.04672897196261682,3,669.4900000000001,1,0,45-54,A,150-174K,Homeowner,2 Adults No Kids,2,None/Unknown,353.0,1
722,0,108,5455.200000000002,3.2685440383463162,131129.0,948,160,1083.3099999999997,34.0,1986.0000000000002,3469.2000000000007,0.47731155594661956,1483.2000000000005,0.1656814778902226,0.3148148148148148,4,982.4200000000003,1,0,35-44,A,50-74K,Homeowner,2 Adults No Kids,2,None/Unknown,722.0,1
2447,0,117,6925.350000000005,4.124687313877311,2082.0,807,148,908.25,2.0,4156.970000000002,2768.380000000001,0.4025081764820548,-1388.590000000001,0.11594286151960777,0.017094017094017096,3,595.59,1,1,35-44,A,25-34K,Homeowner,2 Adults No Kids,2,None/Unknown,2447.0,1
412,0,89,2069.5299999999997,1.7871588946459411,8948.0,636,133,632.48,15.0,772.0399999999998,1297.4899999999998,0.5184655453170527,525.4499999999999,0.23407759408736462,0.16853932584269662,3,356.77,1,0,65+,A,15-24K,Homeowner,Single Female,2,None/Unknown,412.0,1
624,1,136,4846.510000000001,3.0102546583850938,238068.0,838,131,1266.7500000000002,3.0,2116.44,2730.070000000001,0.5788350792632222,613.630000000001,0.20721349983478538,0.022058823529411766,5,1156.9600000000003,1,0,45-54,U,50-74K,Unknown,Unknown,1,None/Unknown,624.0,1
158,0,159,1698.5600000000002,3.3045914396887164,556.0,230,72,490.99,114.0,648.9499999999999,1049.6100000000001,0.5091783628485305,400.6600000000002,0.22424242424242422,0.7169811320754716,4,171.22999999999996,1,1,45-54,U,50-74K,Homeowner,Unknown,1,None/Unknown,158.0,1
253,0,357,9679.260000000002,2.2833828733191797,103381.0,1605,170,3027.560000000002,72.0,5369.7400000000025,4309.520000000002,0.6173395486845069,-1060.2200000000003,0.23826260228759055,0.20168067226890757,6,1314.4500000000003,1,1,45-54,U,Under 15K,Unknown,Single Female,1,None/Unknown,253.0,1
947,0,193,1991.6999999999998,2.3598341232227487,16635.0,329,100,294.52000000000004,33.0,1011.0,980.6999999999999,0.6274941005171462,-30.300000000000068,0.128823997690511,0.17098445595854922,7,313.80999999999995,1,0,65+,B,35-49K,Homeowner,Single Male,1,None/Unknown,947.0,1
1778,0,234,8189.010000000001,3.226560283687944,1206132.0,1051,163,1037.2600000000002,24.0,3573.6899999999996,4615.32,0.35398051779152784,1041.63,0.11242463097221306,0.10256410256410256,7,1147.29,1,1,25-34,A,35-49K,Homeowner,2 Adults No Kids,2,None/Unknown,1778.0,1
2024,2,84,3910.650000000001,4.023302469135803,199956.0,647,156,499.09,41.0,1847.6399999999999,2063.0100000000007,0.4295986600692979,215.3700000000008,0.1131790082862028,0.4880952380952381,5,1046.3400000000001,1,0,25-34,B,125-149K,Homeowner,2 Adults No Kids,2,None/Unknown,2024.0,1
939,0,129,4048.890000000001,2.2149288840262584,25897.0,796,164,1088.1399999999999,5.0,1516.7499999999998,2532.140000000001,0.5620528095354527,1015.390000000001,0.21182278476084426,0.03875968992248062,2,1205.77,1,0,45-54,U,75-99K,Homeowner,2 Adults No Kids,2,None/Unknown,939.0,1
1556,0,121,3213.59,2.065289203084833,2135.0,796,123,976.5100000000002,58.0,1639.75,1573.84,0.6418460351196011,-65.91000000000008,0.233051717142789,0.4793388429752066,4,586.21,1,0,45-54,A,35-49K,Homeowner,2 Adults No Kids,2,None/Unknown,1556.0,1
332,0,99,4228.760000000002,2.735291073738682,2203.0,1168,178,891.6299999999997,3.0,1768.3600000000006,2460.400000000001,0.5572248129475305,692.0400000000004,0.17413322032110826,0.030303030303030304,6,1290.2600000000004,1,0,35-44,A,125-149K,Homeowner,2 Adults Kids,5+,3+,332.0,1
377,0,116,2526.5800000000004,2.436432015429123,1244.0,524,121,492.46000000000004,0.0,1482.5800000000004,1044.0,0.6650610706963562,-438.5800000000004,0.16311807726959562,0.0,4,639.8699999999999,1,0,45-54,A,50-74K,Homeowner,2 Adults No Kids,2,None/Unknown,377.0,1
1990,1,109,3909.840000000001,3.4206824146981636,385189.0,548,125,742.12,83.0,1323.06,2586.78,0.5044784441307059,1263.7200000000003,0.15952845682250058,0.7614678899082569,3,683.42,1,0,35-44,A,125-149K,Homeowner,2 Adults Kids,5+,3+,1990.0,1
354,0,135,7424.550000000005,2.7457655325443806,3344.0,1405,175,1247.6100000000001,118.0,3792.8100000000018,3631.740000000001,0.60275033503714,-161.07000000000062,0.1438638124757845,0.8740740740740741,6,1305.3200000000006,1,0,25-34,A,35-49K,Homeowner,2 Adults Kids,5+,3+,354.0,1
1167,1,126,5815.230000000003,3.6097020484171343,190247.0,929,181,684.7500000000001,5.0,2541.06,3274.170000000001,0.5373183863750873,733.110000000001,0.10534647798916301,0.03968253968253968,9,983.56,1,0,35-44,U,50-74K,Homeowner,2 Adults Kids,4,2,1167.0,1
699,0,137,9016.740000000005,4.387708029197083,759184.0,1038,164,1086.8000000000002,18.0,3847.1600000000008,5169.580000000003,0.45636338632366014,1322.420000000002,0.10756625895478215,0.13138686131386862,5,1336.2600000000002,1,0,45-54,A,50-74K,Homeowner,2 Adults No Kids,2,None/Unknown,699.0,1
675,0,178,3782.3000000000006,3.544798500468604,210023.0,422,114,527.7900000000001,25.0,1248.83,2533.4700000000007,0.42590487269650734,1284.6400000000008,0.12245451951119349,0.1404494382022472,3,1050.0799999999997,1,0,35-44,U,50-74K,Unknown,2 Adults No Kids,2,None/Unknown,675.0,1
859,0,170,5977.710000000002,3.082882929345024,270152.0,903,175,791.1,5.0,3055.0200000000013,2922.69,0.48436775956009887,-132.3300000000013,0.11687431025542153,0.029411764705882353,4,1096.4900000000002,1,0,25-34,U,50-74K,Unknown,Single Female,1,None/Unknown,859.0,1
149,0,196,10965.870000000006,3.863942917547571,1150590.0,1163,168,1183.31,1.0,5543.640000000001,5422.230000000001,0.41576546138154097,-121.40999999999985,0.0973983429334325,0.00510204081632653,5,955.0600000000003,1,1,45-54,U,35-49K,Homeowner,2 Adults No Kids,2,None/Unknown,149.0,1
543,0,88,2992.82,2.9838683948155533,1606.0,319,72,381.73,3.0,1046.36,1946.46,0.6941446528692002,900.1000000000001,0.1131202678875702,0.03409090909090909,4,704.7299999999998,1,0,35-44,A,35-49K,Probable Owner,1 Adult Kids,3,1,543.0,1
1053,0,78,3843.4800000000014,3.3479790940766563,35549.0,404,111,412.38999999999993,1.0,1126.74,2716.7400000000007,0.2725706911444835,1590.0000000000007,0.09689910641067508,0.01282051282051282,5,772.94,1,0,55-64,A,100-124K,Homeowner,2 Adults No Kids,2,None/Unknown,1053.0,1
784,1,113,2611.36,3.616842105263158,223733.0,397,118,368.55999999999995,4.0,1435.3000000000002,1176.06,0.4363818087127014,-259.24000000000024,0.12368117264893015,0.035398230088495575,4,506.30000000000007,1,0,45-54,A,100-124K,Homeowner,Single Female,2,None/Unknown,784.0,1
788,0,257,6447.7300000000005,2.829192628345766,200776.0,1316,150,1832.46,54.0,2767.63,3680.1000000000004,0.5149812414601728,912.4700000000003,0.22130651591328218,0.21011673151750973,10,1066.4700000000003,1,0,25-34,U,Under 15K,Unknown,1 Adult Kids,2,1,788.0,1
1299,0,163,5096.890000000002,2.768544269418795,318605.0,1124,174,1428.7000000000005,123.0,2186.88,2910.01,0.5380300536209333,723.1300000000001,0.21893805770819189,0.754601226993865,8,862.68,1,0,35-44,U,15-24K,Renter,2 Adults Kids,4,2,1299.0,1
2235,0,78,3413.7899999999995,4.607004048582995,168280.0,560,151,412.83000000000004,1.0,1278.18,2135.61,0.42283503086012914,857.4300000000001,0.10788371983630465,0.01282051282051282,4,411.0799999999999,1,1,45-54,U,175-199K,Homeowner,2 Adults Kids,3,1,2235.0,1
946,0,111,2144.2799999999997,2.015300751879699,1288.0,667,129,480.67999999999995,2.0,829.5300000000002,1314.75,0.5538315891581325,485.2199999999998,0.18311898086066075,0.018018018018018018,3,386.16999999999996,1,0,19-24,U,Under 15K,Unknown,Single Female,1,None/Unknown,946.0,1
949,0,113,4599.000000000002,2.957556270096464,427037.0,762,148,712.2299999999998,39.0,1873.8300000000004,2725.17,0.49129593389867326,851.3399999999997,0.13409888105015216,0.34513274336283184,7,1200.97,1,0,25-34,U,50-74K,Homeowner,2 Adults No Kids,2,None/Unknown,949.0,1
2407,0,150,5707.600000000001,3.2447981807845374,385727.0,811,122,2387.210000000001,27.0,1927.3700000000003,3780.2300000000005,0.600961875394211,1852.8600000000001,0.29490624239481844,0.18,5,957.62,1,0,45-54,A,100-124K,Homeowner,2 Adults No Kids,2,None/Unknown,2407.0,1
1306,0,141,2383.9199999999996,2.316734693877551,5907.0,685,134,426.14000000000004,2.0,729.85,1654.07,0.576256753582335,924.2199999999999,0.1516480075158538,0.014184397163120567,6,657.7700000000003,1,0,45-54,U,Under 15K,Unknown,Unknown,1,None/Unknown,1306.0,1
779,1,63,2629.86,3.4832582781456956,888.0,567,141,297.15,0.0,1163.7400000000005,1466.1200000000003,0.5884077479409551,302.3799999999999,0.10151998114116452,0.0,1,1288.4200000000005,1,0,65+,U,125-149K,Homeowner,2 Adults Kids,3,1,779.0,1
2030,0,76,2310.12,2.6162174405436014,18814.0,637,146,422.28000000000003,28.0,868.8499999999999,1441.2700000000002,0.5415952418056205,572.4200000000003,0.15454545454545454,0.3684210526315789,3,317.9800000000001,1,1,35-44,B,75-99K,Homeowner,Single Female,1,None/Unknown,2030.0,1
1494,0,71,2243.38,2.2102266009852216,1204.0,536,120,327.65000000000003,2.0,918.84,1324.5400000000002,0.6630931897404808,405.70000000000016,0.12743919752006005,0.028169014084507043,4,351.71000000000004,1,0,65+,B,25-34K,Unknown,Single Female,1,None/Unknown,1494.0,1
134,1,77,4886.750000000002,3.473169864960911,41179.0,1000,158,1119.02,7.0,2354.8600000000006,2531.8900000000003,0.5987046605617229,177.02999999999975,0.18632415160753735,0.09090909090909091,5,648.3399999999999,1,1,55-64,A,25-34K,Homeowner,Single Female,2,None/Unknown,134.0,1
1536,0,145,6172.900000000002,3.916814720812184,388153.0,1011,159,899.7499999999999,11.0,2889.560000000001,3283.3400000000015,0.5462910463477455,393.78000000000065,0.1272154001682537,0.07586206896551724,7,787.29,1,1,45-54,U,50-74K,Unknown,Unknown,1,None/Unknown,1536.0,1
1021,3,86,1898.27,2.8892998477929983,817.0,430,125,261.59999999999997,2.0,1140.9699999999998,757.3,0.5844163369805138,-383.66999999999985,0.12111840064448322,0.023255813953488372,1,187.85000000000002,1,1,35-44,A,50-74K,Homeowner,2 Adults Kids,5+,3+,1021.0,1
220,0,86,2446.9699999999993,2.9446089049338138,211411.0,477,126,491.38999999999993,3.0,999.01,1447.96,0.44961319509434133,448.95000000000005,0.1672327420738099,0.03488372093023256,3,78.27,1,1,45-54,A,35-49K,Homeowner,2 Adults No Kids,2,None/Unknown,220.0,1
2221,0,102,2012.7799999999997,1.9297986577181205,1116.0,566,111,561.38,0.0,755.1400000000002,1257.6399999999999,0.7423911207384812,502.49999999999966,0.21808279205643785,0.0,4,288.62,1,1,65+,B,35-49K,Homeowner,Single Male,1,None/Unknown,2221.0,1
1159,1,202,3871.500000000001,3.1424512987012996,236847.0,686,146,542.3100000000001,3.0,2633.830000000001,1237.67,0.3681028025313185,-1396.1600000000008,0.12286663902614746,0.01485148514851485,4,597.13,1,0,45-54,A,15-24K,Homeowner,2 Adults No Kids,2,None/Unknown,1159.0,1
852,0,82,1627.6699999999998,2.9975506445672186,605.0,371,129,174.75,3.0,541.8,1085.8700000000001,0.4276972605012072,544.0700000000002,0.09695298543069873,0.036585365853658534,1,316.06,1,0,25-34,U,35-49K,Unknown,2 Adults Kids,4,2,852.0,1
708,2,58,2257.11,2.908646907216495,1049.0,532,125,350.62,0.0,1016.67,1240.4400000000005,0.5535264120933406,223.77000000000055,0.1344541037607421,0.0,4,570.95,1,0,35-44,A,100-124K,Homeowner,2 Adults Kids,4,2,708.0,1
2185,0,93,7741.320000000005,3.7854865525672396,165895.0,1066,161,737.71,30.0,4827.630000000003,2913.6900000000005,0.4897743537277878,-1913.9400000000023,0.08700405588846831,0.3225806451612903,10,809.4100000000001,1,1,25-34,U,125-149K,Homeowner,2 Adults Kids,4,2,2185.0,1
1923,0,142,4069.9900000000016,3.905940499040309,420090.0,637,156,412.6099999999999,22.0,1551.6499999999999,2518.3400000000006,0.36869623758289316,966.6900000000007,0.09204702627939138,0.15492957746478872,6,800.32,1,0,19-24,B,35-49K,Renter,Single Female,1,None/Unknown,1923.0,1
2182,2,77,1436.64,2.626398537477148,691.0,382,85,208.41,1.0,979.28,457.36,0.658808052121617,-521.92,0.12668915838424363,0.012987012987012988,4,93.88,1,1,45-54,A,75-99K,Homeowner,2 Adults No Kids,2,None/Unknown,2182.0,1
1364,0,127,2123.2299999999996,2.6842351453855873,871.0,548,143,423.25,33.0,1103.27,1019.9599999999999,0.4763779712984463,-83.31000000000006,0.1662098268983067,0.25984251968503935,5,342.81999999999994,1,0,65+,B,100-124K,Homeowner,Single Female,1,None/Unknown,1364.0,1
432,0,202,2858.13,3.027680084745763,50361.0,593,142,388.1599999999999,3.0,1126.7700000000002,1731.36,0.43324481391679187,604.5899999999997,0.11957034029615343,0.01485148514851485,2,628.4200000000001,1,0,19-24,U,25-34K,Unknown,Single Female,1,None/Unknown,432.0,1
2011,0,91,1192.42,2.832351543942993,624.0,215,60,294.24,1.0,381.9,810.52,0.4956475067509771,428.62,0.19792017004560558,0.01098901098901099,3,174.92000000000002,1,0,45-54,U,75-99K,Homeowner,Single Male,1,None/Unknown,2011.0,1
101,0,168,5276.280000000001,5.6491220556745185,256593.0,498,114,1692.2400000000002,17.0,1685.7600000000002,3590.5200000000004,0.595519949661504,1904.7600000000002,0.24284066057068074,0.10119047619047619,4,1375.3000000000002,1,0,45-54,A,Under 15K,Homeowner,2 Adults Kids,4,2,101.0,1
920,0,187,4499.250000000002,3.232219827586208,104248.0,792,156,870.5199999999998,10.0,1212.8000000000002,3286.4500000000003,0.5237895204756344,2073.65,0.16211495091968547,0.053475935828877004,5,1388.1100000000001,1,0,45-54,A,35-49K,Homeowner,2 Adults Kids,5+,3+,920.0,1
1847,1,87,2150.0099999999998,3.180488165680473,22544.0,360,120,426.51,1.0,674.35,1475.6599999999999,0.5093278635913322,801.3099999999998,0.16553723627218112,0.011494252873563218,2,528.6999999999999,1,0,45-54,U,175-199K,Unknown,Single Female,1,None/Unknown,1847.0,1
301,0,63,5980.730000000001,3.0251542741527575,2419.0,1091,154,994.3499999999999,5.0,1905.0700000000006,4075.6600000000017,0.598326625679474,2170.590000000001,0.14255750471679174,0.07936507936507936,6,1230.9500000000005,1,0,35-44,A,35-49K,Homeowner,2 Adults Kids,4,2,301.0,1
248,0,41,4811.290000000001,2.8966225165562918,29737.0,1257,162,1791.3800000000006,110.0,2569.7200000000003,2241.57,0.617433162415901,-328.1500000000001,0.27131145430560666,2.682926829268293,1,1227.7200000000005,1,0,35-44,A,125-149K,Homeowner,2 Adults Kids,4,2,248.0,1
1003,0,62,2542.170000000001,3.161902985074628,1049.0,552,126,594.4899999999999,2.0,1137.7400000000002,1404.43,0.4245978829110561,266.6899999999998,0.18952962705553034,0.03225806451612903,2,46.56,1,1,35-44,U,25-34K,Unknown,Single Female,1,None/Unknown,1003.0,1
22,0,111,5204.300000000001,3.8154692082111445,340832.0,628,137,740.15,51.0,2240.710000000001,2963.5900000000006,0.4508195146321311,722.8799999999997,0.12451109858775831,0.4594594594594595,7,1051.74,1,0,45-54,A,75-99K,Homeowner,2 Adults No Kids,2,None/Unknown,22.0,1
1270,0,66,3061.1900000000005,3.8946437659033086,1099.0,541,144,321.63,0.0,912.8500000000001,2148.34,0.459177640068078,1235.49,0.09507747973584167,0.0,4,394.13,1,1,45-54,U,15-24K,Unknown,Single Female,1,None/Unknown,1270.0,1
1499,0,80,1785.45,3.5924547283702215,14557.0,307,101,514.38,7.0,666.4699999999999,1118.98,0.5597580441905402,452.5100000000001,0.2236600096528874,0.0875,1,320.64,1,0,55-64,A,15-24K,Homeowner,2 Adults No Kids,2,None/Unknown,1499.0,1
2380,0,145,3943.57,2.8128174037089875,461103.0,718,134,1275.14,99.0,819.1099999999999,3124.460000000001,0.4759139561361914,2305.3500000000013,0.24434007637902855,0.6827586206896552,6,1075.21,1,0,45-54,U,50-74K,Homeowner,Unknown,1,None/Unknown,2380.0,1
1894,0,38,2172.1,3.107439198855508,37267.0,542,115,369.72,11.0,399.4599999999999,1772.64,0.6753004005340454,1373.1800000000003,0.1454548315773737,0.2894736842105263,2,163.37,1,1,35-44,A,100-124K,Homeowner,2 Adults No Kids,2,None/Unknown,1894.0,1
1946,0,40,2915.1600000000003,3.065362776025237,20409.0,441,110,517.87,0.0,582.9100000000002,2332.25,0.6069752603630674,1749.3399999999997,0.15084924978808806,0.0,2,397.29999999999995,1,1,25-34,U,75-99K,Unknown,Single Male,1,None/Unknown,1946.0,1
1804,0,267,8690.530000000004,3.814982440737491,648276.0,1199,185,1456.28,29.0,3440.3,5250.230000000002,0.3590529001108101,1809.930000000002,0.14352096865911546,0.10861423220973783,6,1560.6600000000005,1,0,65+,A,35-49K,Homeowner,2 Adults No Kids,2,None/Unknown,1804.0,1
731,0,218,2914.2900000000004,3.4693928571428576,199568.0,632,157,592.46,12.0,1054.7800000000002,1859.5100000000002,0.3692940647636302,804.73,0.16894845654808582,0.05504587155963303,4,237.02000000000007,1,1,45-54,U,35-49K,Homeowner,2 Adults No Kids,2,None/Unknown,731.0,1
1797,0,94,4354.340000000001,3.121390681003585,1647.0,854,161,1083.37,33.0,1834.79,2519.5500000000006,0.42412168089767893,684.7600000000007,0.1992327652633185,0.35106382978723405,5,1197.1500000000003,1,0,65+,U,Under 15K,Homeowner,Single Female,1,None/Unknown,1797.0,1
1081,0,129,8922.760000000006,3.5421834061135393,14986.0,1357,198,1062.85,28.0,4125.670000000002,4797.090000000001,0.42746302713510137,671.4199999999992,0.1064381645187424,0.21705426356589147,7,1278.7900000000009,1,1,55-64,A,75-99K,Homeowner,2 Adults No Kids,2,None/Unknown,1081.0,1
222,3,113,5228.6500000000015,2.6248242971887557,199565.0,829,141,598.5699999999999,3.0,3499.6000000000013,1729.0500000000002,0.5006072313120976,-1770.550000000001,0.10271965019340265,0.02654867256637168,3,669.2500000000002,1,1,35-44,A,35-49K,Unknown,2 Adults No Kids,2,None/Unknown,222.0,1
2322,0,285,21427.289999999986,4.181750585480091,977564.0,2592,242,2211.3700000000003,34.0,10755.360000000011,10671.930000000002,0.32240707994338097,-83.43000000000939,0.09354887290565547,0.11929824561403508,8,2219.630000000001,1,1,45-54,U,175-199K,Homeowner,Single Male,1,None/Unknown,2322.0,1
1382,1,109,2991.1000000000004,3.4983625730994157,1107.0,473,113,609.59,4.0,1858.5300000000002,1132.57,0.7291598408612217,-725.9600000000003,0.16929810675176146,0.03669724770642202,5,91.37,1,1,45-54,U,50-74K,Homeowner,2 Adults No Kids,2,None/Unknown,1382.0,1
606,1,84,2881.1400000000003,2.8301964636542243,29118.0,693,144,387.3999999999999,0.0,1204.3,1676.8400000000001,0.5709163733799815,472.5400000000002,0.11852386692529382,0.0,3,441.98,1,0,45-54,U,35-49K,Probable Renter,Unknown,1,None/Unknown,606.0,1
1692,0,125,1644.9600000000005,2.0981632653061233,84109.0,558,116,559.6099999999999,1.0,486.35,1158.6100000000004,0.5621717245404143,672.2600000000003,0.25384088507055785,0.008,3,372.22,1,0,35-44,U,50-74K,Unknown,Unknown,1,None/Unknown,1692.0,1
264,1,59,1688.5200000000002,2.7059615384615388,26388.0,416,85,356.63,1.0,735.1299999999999,953.39,0.4991116480704996,218.2600000000001,0.17437840745177613,0.01694915254237288,1,94.54999999999998,1,1,45-54,U,75-99K,Homeowner,2 Adults No Kids,2,None/Unknown,264.0,1
1389,0,37,2384.38,4.007361344537816,837.0,402,119,229.62999999999997,3.0,890.73,1493.6500000000003,0.5617728717737944,602.9200000000003,0.08784587664163486,0.08108108108108109,1,456.78,1,0,65+,A,100-124K,Homeowner,Single Female,2,None/Unknown,1389.0,1
1911,1,113,1452.2499999999998,3.129849137931034,207513.0,260,88,189.43,0.0,477.9000000000001,974.35,0.4151557927354106,496.44999999999993,0.11538789532673847,0.0,3,149.01999999999998,1,1,35-44,A,50-74K,Unknown,Single Male,2,None/Unknown,1911.0,1
1291,0,92,2892.810000000001,2.4640630323679735,1481.0,587,131,540.49,13.0,971.6299999999999,1921.1799999999998,0.5787694317981475,949.55,0.15742580025048783,0.14130434782608695,4,397.20000000000005,1,1,55-64,A,35-49K,Homeowner,Single Male,2,None/Unknown,1291.0,1
1812,0,90,1682.35,2.956678383128295,41957.0,425,128,320.51000000000005,2.0,377.39000000000004,1304.9599999999996,0.4613843730496032,927.5699999999995,0.1600261625874999,0.022222222222222223,2,266.64,1,0,45-54,U,50-74K,Unknown,Single Female,1,None/Unknown,1812.0,1
715,0,151,3097.28,2.561852770885029,30083.0,715,150,997.57,27.0,1179.0399999999997,1918.2400000000002,0.39321598305610084,739.2000000000005,0.24361576126109624,0.17880794701986755,3,614.8600000000001,1,0,55-64,A,15-24K,Homeowner,2 Adults No Kids,2,None/Unknown,715.0,1
1305,0,359,7238.460000000005,3.41597923548844,297460.0,782,132,1296.3499999999997,16.0,3489.040000000001,3749.4200000000033,0.46514866421863194,260.3800000000024,0.1518897315816051,0.04456824512534819,7,314.47,1,1,19-24,B,Under 15K,Renter,1 Adult Kids,2,1,1305.0,1
2489,1,123,8951.710000000005,2.850863057324842,189867.0,2022,199,2100.46,461.0,3344.6800000000007,5607.030000000001,0.568982909410604,2262.35,0.19004955587907163,3.747967479674797,12,451.71000000000004,1,1,35-44,A,50-74K,Homeowner,2 Adults No Kids,2,None/Unknown,2489.0,1
1004,0,215,3290.3600000000006,4.538427586206898,413698.0,351,109,386.72999999999996,0.0,1179.76,2110.6,0.4835094032263946,930.8399999999999,0.10517284047983592,0.0,5,418.3599999999999,1,1,25-34,U,15-24K,Unknown,Single Male,1,None/Unknown,1004.0,1
1834,0,132,3720.8300000000004,2.9838251804330396,75850.0,679,147,761.5400000000001,10.0,1631.5800000000002,2089.25,0.5998124074467254,457.66999999999985,0.16989672873948378,0.07575757575757576,4,48.67,1,1,45-54,U,125-149K,Homeowner,Unknown,5+,3+,1834.0,1
1113,0,151,3896.260000000001,3.196275635767023,35944.0,738,140,1000.2000000000003,51.0,1912.3500000000001,1983.91,0.6458090579170791,71.55999999999995,0.2042700236497388,0.33774834437086093,6,495.03999999999996,1,1,45-54,A,50-74K,Homeowner,2 Adults Kids,3,1,1113.0,1
1190,1,219,2859.7800000000007,2.7954838709677428,200404.0,718,151,475.45,12.0,1004.8899999999998,1854.8900000000003,0.43802320458217053,850.0000000000006,0.14255388683838893,0.0547945205479452,6,467.2400000000001,1,0,25-34,U,35-49K,Homeowner,2 Adults No Kids,2,None/Unknown,1190.0,1
2400,0,331,12353.700000000008,3.8425194401244194,784337.0,1563,163,3407.1700000000005,122.0,3806.9600000000005,8546.740000000005,0.45656847746019386,4739.780000000004,0.21617905610540528,0.3685800604229607,4,2327.6200000000003,1,0,35-44,A,25-34K,Homeowner,2 Adults Kids,3,1,2400.0,1
2186,0,91,4701.080000000002,3.5161406133133895,1710.0,701,154,632.2199999999999,4.0,1475.2800000000002,3225.8000000000015,0.5454129689347978,1750.5200000000013,0.11854199088744298,0.04395604395604396,3,768.4499999999998,1,0,35-44,U,25-34K,Unknown,Single Female,1,None/Unknown,2186.0,1
484,0,120,2439.3700000000003,2.514814432989691,14897.0,665,131,414.57999999999987,10.0,783.9300000000001,1655.4399999999998,0.6014298773863742,871.5099999999998,0.14526533401075697,0.08333333333333333,3,525.1399999999999,1,0,25-34,U,15-24K,Unknown,2 Adults No Kids,2,None/Unknown,484.0,1
1764,0,96,8693.940000000002,3.7668717504332765,369543.0,1396,199,1230.49,48.0,1392.3800000000003,7301.560000000003,0.4338987846707015,5909.180000000003,0.12398596191418547,0.5,10,2718.2600000000007,1,0,45-54,A,75-99K,Homeowner,2 Adults Kids,4,2,1764.0,1
922,0,124,2789.6400000000003,3.452524752475248,130815.0,507,147,305.06,16.0,1357.89,1431.75,0.43705639437346744,73.8599999999999,0.09857498303551232,0.12903225806451613,4,547.3500000000001,1,0,45-54,U,35-49K,Unknown,Unknown,1,None/Unknown,922.0,1
1928,0,101,2108.6000000000004,2.689540816326531,81812.0,419,116,553.53,28.0,1079.5900000000001,1029.01,0.58434980555819,-50.580000000000155,0.20792748663664057,0.27722772277227725,5,219.77,1,1,35-44,B,75-99K,Homeowner,2 Adults Kids,3,1,1928.0,1
1694,0,208,6530.040000000002,2.494285714285715,223605.0,896,141,1362.88,55.0,2241.74,4288.300000000001,0.5463335599781929,2046.5600000000013,0.17267120406642913,0.2644230769230769,7,1525.4300000000005,1,0,35-44,U,15-24K,Probable Renter,Single Female,1,None/Unknown,1694.0,1
764,0,85,2345.5800000000004,2.870966952264382,108831.0,588,157,645.5400000000001,24.0,537.18,1808.4000000000003,0.381014503875374,1271.2200000000003,0.21581882371820588,0.2823529411764706,1,851.2000000000002,1,0,35-44,A,50-74K,Homeowner,2 Adults Kids,5+,3+,764.0,1
2115,0,283,12618.780000000012,3.9225303077401343,1633520.0,1392,186,1499.0399999999995,190.0,5489.850000000005,7128.930000000004,0.3947576548604537,1639.079999999999,0.10618069928643363,0.6713780918727915,8,2156.0800000000004,1,0,35-44,A,150-174K,Homeowner,2 Adults Kids,5+,3+,2115.0,1
1151,0,113,2185.9300000000003,3.9600181159420296,10880.0,349,88,341.4200000000001,0.0,682.2900000000001,1503.6399999999999,0.4160746227006354,821.3499999999998,0.13509011415118605,0.0,2,622.9800000000001,1,0,45-54,U,Under 15K,Probable Renter,Single Male,1,None/Unknown,1151.0,1
52,0,121,4594.8600000000015,3.3032782171099937,152374.0,899,176,480.17,1.0,1661.7500000000005,2933.1100000000006,0.5517164832007938,1271.3600000000001,0.09461421902924709,0.008264462809917356,5,892.4199999999998,1,0,45-54,B,50-74K,Homeowner,2 Adults No Kids,2,None/Unknown,52.0,1
2129,0,149,6238.69,3.0945882936507934,377012.0,1121,178,1082.0900000000001,6.0,2330.9500000000003,3907.7399999999993,0.5150456265658335,1576.789999999999,0.1478107524061644,0.040268456375838924,7,926.3000000000004,1,0,25-34,U,35-49K,Unknown,1 Adult Kids,2,1,2129.0,1
2467,0,332,10769.700000000006,2.8348775993682565,47008.0,1792,183,4538.950000000001,227.0,3730.8700000000013,7038.830000000004,0.5907471888724846,3307.9600000000023,0.29649577199818394,0.6837349397590361,9,2080.860000000001,1,0,35-44,A,75-99K,Homeowner,2 Adults Kids,3,1,2467.0,1
1479,0,614,7376.400000000003,2.703958944281526,142979.0,1377,188,915.8300000000002,32.0,2725.07,4651.330000000003,0.45295265983406535,1926.2600000000025,0.1104443557402532,0.05211726384364821,1,1752.8300000000017,1,0,45-54,U,15-24K,Probable Renter,Unknown,1,None/Unknown,1479.0,1
983,0,154,3012.5200000000004,2.449203252032521,1420.0,854,144,705.0300000000001,53.0,1209.77,1802.75,0.5894334311473449,592.98,0.18964909685142095,0.34415584415584416,6,794.6300000000001,1,0,45-54,A,35-49K,Homeowner,2 Adults Kids,3,1,983.0,1
350,1,91,2542.3,4.9079150579150586,297141.0,363,126,233.55999999999995,0.0,1350.1900000000005,1192.11,0.27628918695669274,-158.0800000000006,0.08413969004200497,0.0,5,540.95,1,0,45-54,A,50-74K,Homeowner,1 Adult Kids,4,2,350.0,1
198,0,443,7704.710000000005,2.525306456899379,3882.0,1638,192,1648.94,18.0,3934.9200000000005,3769.7900000000013,0.5375776635330854,-165.1299999999992,0.1762884007847203,0.040632054176072234,7,954.46,1,1,35-44,A,Under 15K,Homeowner,2 Adults Kids,3,1,198.0,1
867,0,150,4843.8600000000015,3.3849475890985334,371226.0,796,170,750.27,92.0,2235.3500000000004,2608.51,0.4584504919630211,373.15999999999985,0.13411736945691285,0.6133333333333333,3,1244.98,1,0,45-54,U,75-99K,Homeowner,Unknown,1,None/Unknown,867.0,1
2194,0,341,6250.920000000003,3.1778952719878,325294.0,970,161,940.35,4.0,3125.720000000001,3125.2000000000007,0.5402660728340787,-0.5200000000004366,0.13076271646037482,0.011730205278592375,10,918.8600000000002,1,0,55-64,B,25-34K,Homeowner,Single Male,1,None/Unknown,2194.0,1
2300,0,104,3917.4000000000005,2.6558644067796613,14257.0,868,156,818.01,6.0,1159.95,2757.4500000000003,0.548795119211722,1597.5000000000002,0.17274322603533798,0.057692307692307696,5,697.9499999999999,1,0,45-54,U,50-74K,Homeowner,2 Adults No Kids,2,None/Unknown,2300.0,1
1631,0,290,8864.570000000002,2.1860838471023434,14103.0,1597,158,2196.730000000001,12.0,3497.94,5366.630000000001,0.6779110549073446,1868.690000000001,0.19859600589442475,0.041379310344827586,6,1562.6400000000003,1,0,19-24,B,Under 15K,Renter,1 Adult Kids,4,3+,1631.0,1
956,0,528,8913.790000000003,4.14402138540214,965805.0,889,164,1010.8499999999999,5.0,4051.6600000000008,4862.130000000001,0.32533075156583213,810.4700000000003,0.10185256089893432,0.00946969696969697,3,1318.1400000000003,1,0,45-54,U,50-74K,Homeowner,2 Adults No Kids,2,None/Unknown,956.0,1
57,0,159,2581.140000000001,3.521336971350615,123709.0,445,134,433.90999999999997,3.0,1549.25,1031.89,0.34607963922917767,-517.3599999999999,0.1439146946153463,0.018867924528301886,4,524.73,1,0,45-54,B,35-49K,Homeowner,2 Adults No Kids,2,None/Unknown,57.0,1
1430,0,298,17881.730000000018,3.8216990810002174,1538547.0,1690,185,2132.56,36.0,6530.930000000004,11350.800000000008,0.4522062462636443,4819.870000000004,0.10655186868982101,0.12080536912751678,9,2471.260000000001,1,1,35-44,A,35-49K,Homeowner,2 Adults Kids,3,1,1430.0,1
383,0,137,5402.4500000000035,3.053957037874507,164606.0,599,143,867.83,30.0,2388.510000000001,3013.940000000001,0.5048950013419834,625.4299999999998,0.1384037076494191,0.21897810218978103,3,360.99,1,1,45-54,U,50-74K,Homeowner,Unknown,1,None/Unknown,383.0,1
607,3,215,3181.440000000001,2.3070630891950694,152773.0,737,141,1127.3100000000002,16.0,2742.760000000001,438.68000000000006,0.5764087960168977,-2304.080000000001,0.26163272410791993,0.07441860465116279,3,21.57,1,1,45-54,U,125-149K,Unknown,Unknown,1,None/Unknown,607.0,1
390,1,93,1575.26,3.1070216962524655,12063.0,331,113,223.75000000000003,1.0,820.7300000000001,754.5300000000001,0.47905742544087954,-66.20000000000005,0.1243739612342344,0.010752688172043012,3,230.76000000000002,1,0,45-54,B,25-34K,Renter,Single Female,1,None/Unknown,390.0,1
1693,0,147,6803.7800000000025,2.7623954526999603,97974.0,1302,188,1047.7899999999997,12.0,2639.980000000001,4163.800000000002,0.5128193445408287,1523.820000000001,0.13344974317238456,0.08163265306122448,6,1550.7700000000007,1,0,25-34,A,35-49K,Homeowner,2 Adults Kids,3,1,1693.0,1
1178,0,180,4101.3200000000015,3.0290398818316113,241570.0,758,155,1099.6499999999999,7.0,1982.1399999999999,2119.1800000000003,0.5226731881443045,137.04000000000042,0.21143171369955982,0.03888888888888889,7,920.9600000000002,1,0,45-54,U,15-24K,Unknown,Single Female,1,None/Unknown,1178.0,1
282,0,88,3303.640000000001,3.287203980099503,128045.0,600,143,501.90000000000003,38.0,1328.5600000000002,1975.0800000000002,0.5901641825380488,646.52,0.13188667048566036,0.4318181818181818,5,858.92,1,0,45-54,U,35-49K,Unknown,Single Female,1,None/Unknown,282.0,1
1091,8,112,5429.590000000002,4.713185763888891,695246.0,691,144,445.67,2.0,3175.430000000001,2254.16,0.37049758821568474,-921.2700000000013,0.07585536640080606,0.017857142857142856,5,187.81000000000003,1,1,45-54,A,75-99K,Homeowner,2 Adults No Kids,2,None/Unknown,1091.0,1
2374,0,75,5729.790000000001,3.8898778004073327,33138.0,1017,156,1219.6899999999998,71.0,2108.5099999999998,3621.280000000002,0.49848074711289586,1512.7700000000023,0.17550809556974042,0.9466666666666667,4,519.5600000000001,1,1,45-54,U,150-174K,Homeowner,2 Adults No Kids,2,None/Unknown,2374.0,1
2084,0,112,2434.5,3.0973282442748094,86557.0,569,133,684.2900000000002,6.0,573.6899999999999,1860.8100000000002,0.43795440542205794,1287.1200000000003,0.21940880918561373,0.05357142857142857,3,503.45,1,0,55-64,A,125-149K,Homeowner,2 Adults No Kids,2,None/Unknown,2084.0,1
139,0,71,2499.3700000000003,2.9130186480186486,90834.0,483,120,433.23,16.0,572.08,1927.29,0.4749276817758074,1355.21,0.1477289776989702,0.22535211267605634,2,573.9599999999999,1,0,35-44,B,75-99K,Homeowner,Single Male,1,None/Unknown,139.0,1
660,0,144,6784.470000000005,3.6222477309129766,194001.0,1079,159,1183.8799999999997,16.0,2495.6300000000006,4288.840000000004,0.5482358975719545,1793.2100000000032,0.14857279110480828,0.1111111111111111,8,1169.81,1,0,55-64,A,50-74K,Homeowner,Unknown,2,None/Unknown,660.0,1
1462,0,102,3827.2000000000003,2.437707006369427,32224.0,816,152,767.1199999999999,7.0,1469.6099999999997,2357.59,0.6165081521739129,887.9800000000005,0.16697139076076545,0.06862745098039216,5,1002.8000000000002,1,0,25-34,A,50-74K,Renter,2 Adults No Kids,2,None/Unknown,1462.0,1
235,0,184,11187.310000000001,4.444700039729837,436718.0,1333,187,1090.0600000000002,9.0,6020.130000000004,5167.180000000001,0.5007924156924229,-852.9500000000025,0.08878611624476579,0.04891304347826087,7,969.3300000000002,1,1,35-44,A,250K+,Homeowner,2 Adults Kids,5+,3+,235.0,1
1845,0,128,11260.460000000012,2.875500510725233,15413.0,1458,194,1361.9500000000003,13.0,6638.140000000006,4622.320000000002,0.5359727755349245,-2015.8200000000033,0.10789936311686904,0.1015625,9,1387.1500000000008,1,1,45-54,U,175-199K,Unknown,2 Adults Kids,3,1,1845.0,1
1226,1,65,5138.67,2.611112804878049,2632.0,1166,163,1184.7899999999997,24.0,1791.4800000000005,3347.190000000001,0.5677908875253712,1555.7100000000005,0.18736419618373482,0.36923076923076925,5,1098.79,1,0,25-34,B,35-49K,Homeowner,1 Adult Kids,3,2,1226.0,1
1452,0,340,1697.8100000000002,1.7667117585848078,34855.0,355,100,216.18999999999997,1.0,605.41,1092.4,0.6251818519151141,486.9900000000001,0.11295193312434688,0.0029411764705882353,6,186.24,1,1,45-54,A,25-34K,Unknown,2 Adults Kids,3,1,1452.0,1
622,0,122,2047.3100000000004,3.3952072968490885,4558.0,457,125,313.51,6.0,688.04,1359.27,0.5685265055121108,671.23,0.13279707898103196,0.04918032786885246,5,337.06000000000006,1,0,35-44,U,15-24K,Unknown,Single Female,1,None/Unknown,622.0,1
1084,0,203,2171.1099999999997,2.677077681874229,1070.0,366,119,299.38999999999993,1.0,910.2199999999999,1260.89,0.5619061217533888,350.6700000000002,0.1211859947379073,0.0049261083743842365,6,192.05,1,1,25-34,U,35-49K,Unknown,2 Adults Kids,3,1,1084.0,1
1578,1,84,2269.88,2.344917355371901,31555.0,577,126,397.8100000000001,3.0,1164.31,1105.57,0.5748850159479796,-58.74000000000001,0.14912152461492906,0.03571428571428571,2,576.9299999999998,1,0,45-54,U,15-24K,Unknown,2 Adults No Kids,2,None/Unknown,1578.0,1
670,0,173,4734.280000000001,3.0742077922077926,214888.0,911,171,823.3900000000001,62.0,1789.8999999999999,2944.38,0.5350845323892968,1154.4800000000002,0.148153812658902,0.3583815028901734,3,951.3900000000003,1,0,55-64,A,35-49K,Unknown,2 Adults Kids,3,1,670.0,1
2305,0,113,5534.900000000003,2.7292406311637096,46211.0,928,150,1520.71,56.0,3020.1600000000017,2514.7400000000002,0.47201575457551137,-505.42000000000144,0.21553203762679618,0.49557522123893805,9,785.7400000000001,1,1,45-54,B,50-74K,Homeowner,Single Female,1,None/Unknown,2305.0,1
2453,1,87,3347.7000000000007,3.2596884128529706,1268.0,742,182,529.12,12.0,1791.3000000000002,1556.4000000000003,0.45852674970875523,-234.89999999999986,0.1364829937938826,0.13793103448275862,5,1203.9800000000007,1,0,45-54,B,50-74K,Homeowner,Single Female,1,None/Unknown,2453.0,1
1745,5,117,2383.2799999999997,2.66586129753915,1197.0,401,99,487.7099999999999,0.0,1212.44,1170.8400000000001,0.5785639958376692,-41.59999999999991,0.16987519984395624,0.0,6,208.19999999999996,1,1,45-54,A,Under 15K,Unknown,Single Male,2,None/Unknown,1745.0,1
586,1,176,4644.27,2.8918244084682443,182500.0,914,148,652.3199999999999,7.0,1483.15,3161.1199999999994,0.4548055991576716,1677.9699999999993,0.12315848498751082,0.03977272727272727,8,1178.3700000000001,1,0,19-24,A,35-49K,Renter,2 Adults Kids,3,1,586.0,1
2307,0,158,5331.120000000001,2.9372561983471077,270417.0,804,146,1098.3400000000001,16.0,2211.2099999999996,3119.9100000000003,0.5579109080268311,908.7000000000007,0.1708292764866723,0.10126582278481013,8,678.1200000000001,1,1,45-54,A,75-99K,Homeowner,2 Adults Kids,3,1,2307.0,1
1927,1,83,4322.790000000002,3.1808609271523194,2113.0,932,149,734.8700000000001,3.0,1639.6000000000006,2683.190000000001,0.5657480469789185,1043.5900000000004,0.14529841863628631,0.03614457831325301,4,774.4899999999999,1,0,19-24,U,Under 15K,Unknown,Unknown,1,None/Unknown,1927.0,1
1726,0,148,6426.920000000002,3.8763088057901096,535019.0,817,166,881.3700000000001,161.0,2419.1800000000003,4007.7400000000007,0.3873503949014456,1588.5600000000004,0.12059866261464719,1.087837837837838,6,1704.9900000000002,1,0,55-64,U,75-99K,Homeowner,Single Female,1,None/Unknown,1726.0,1
2426,0,97,2167.98,3.491111111111111,191372.0,265,87,352.58000000000004,2.0,873.6200000000001,1294.36,0.644097270270021,420.7399999999998,0.13988161360967405,0.020618556701030927,3,269.08,1,1,19-24,U,Under 15K,Probable Renter,Single Female,1,None/Unknown,2426.0,1
1425,0,107,3334.9300000000007,2.499947526236882,1594.0,684,151,1134.44,49.0,1676.03,1658.9000000000003,0.6850278716494798,-17.129999999999654,0.25382548323365484,0.45794392523364486,4,493.67,1,0,19-24,B,50-74K,Unknown,2 Adults Kids,3,1,1425.0,1
1485,0,56,1948.8,4.730097087378641,525.0,299,112,196.79000000000002,6.0,1162.2800000000002,786.5200000000001,0.39294437602627263,-375.7600000000001,0.09171836184918834,0.10714285714285714,3,239.07999999999998,1,1,35-44,U,50-74K,Homeowner,Single Male,1,None/Unknown,1485.0,1
986,1,75,1591.7900000000002,2.768330434782609,706.0,317,82,374.23,0.0,692.3999999999999,899.3900000000001,0.5798252282022125,206.99000000000024,0.19034903002004047,0.0,2,236.08000000000004,1,0,25-34,U,35-49K,Unknown,Single Male,1,None/Unknown,986.0,1
114,0,77,2712.2100000000005,3.0371892497200452,67899.0,588,137,438.30999999999995,1.0,1559.1599999999999,1153.0500000000002,0.5445190453541575,-406.1099999999997,0.1391230653987278,0.012987012987012988,4,603.42,1,0,25-34,U,35-49K,Homeowner,2 Adults No Kids,2,None/Unknown,114.0,1
1540,0,122,3262.0600000000004,2.450833959429001,2167.0,754,125,648.4499999999999,1.0,1086.45,2175.61,0.7202657216605456,1089.16,0.16582236076624274,0.00819672131147541,5,336.62999999999994,1,1,45-54,U,15-24K,Unknown,2 Adults Kids,4,2,1540.0,1
1174,3,111,1747.8300000000002,2.155154130702836,1021.0,578,144,364.73999999999995,0.0,826.9900000000001,920.84,0.5659646533129652,93.84999999999991,0.17265226714381057,0.0,2,408.81999999999994,1,0,25-34,U,Under 15K,Unknown,2 Adults Kids,5+,3+,1174.0,1
1297,0,100,1685.6699999999998,3.14490671641791,43776.0,351,103,163.68,0.0,310.07000000000005,1375.6,0.40817597750449386,1065.5299999999997,0.08850677264984995,0.0,4,1047.6100000000001,1,0,35-44,U,75-99K,Homeowner,Unknown,1,None/Unknown,1297.0,1
2123,0,48,3391.5199999999995,3.009334516415261,1433.0,515,125,699.1999999999999,11.0,820.8,2570.72,0.5621432278152569,1749.9199999999998,0.1709234560175226,0.22916666666666666,3,940.9299999999998,1,0,45-54,U,75-99K,Homeowner,2 Adults No Kids,2,None/Unknown,2123.0,1
1082,0,108,1543.5900000000001,1.7641028571428574,30691.0,393,86,424.14,2.0,523.23,1020.36,0.7455801087076231,497.13,0.21554786479852417,0.018518518518518517,6,488.95000000000005,1,0,45-54,U,35-49K,Unknown,Single Male,1,None/Unknown,1082.0,1
911,1,66,3151.790000000001,2.74307223672759,75897.0,598,150,405.60999999999996,7.0,864.7499999999999,2287.040000000001,0.3910603181049498,1422.2900000000009,0.11401866531736657,0.10606060606060606,3,544.97,1,0,25-34,A,125-149K,Homeowner,2 Adults No Kids,2,None/Unknown,911.0,1
1572,0,37,1630.6700000000003,3.3143699186991875,55915.0,377,121,257.08,4.0,875.5300000000003,755.14,0.5581877387822184,-120.39000000000033,0.1361832869818567,0.10810810810810811,1,913.7399999999999,1,0,35-44,A,75-99K,Homeowner,2 Adults No Kids,2,None/Unknown,1572.0,1
1696,2,57,2491.9900000000002,2.931752941176471,973.0,556,137,260.36,2.0,1056.56,1435.4299999999998,0.557193247163913,378.8699999999999,0.09459552745835376,0.03508771929824561,4,148.02,1,1,45-54,A,50-74K,Homeowner,2 Adults Kids,3,1,1696.0,1
1997,0,54,3430.0700000000015,3.4893896236012223,102308.0,613,144,381.10999999999996,4.0,1192.8700000000003,2237.2000000000003,0.5408781744978963,1044.33,0.09999790091257821,0.07407407407407407,3,865.6100000000006,1,0,25-34,U,50-74K,Unknown,Single Male,1,None/Unknown,1997.0,1
1481,0,137,2766.01,2.616849574266793,87088.0,739,150,409.0700000000001,4.0,290.04999999999995,2475.9600000000005,0.49304955513537546,2185.9100000000008,0.12883769857767366,0.029197080291970802,4,532.76,1,0,19-24,U,35-49K,Unknown,Single Male,1,None/Unknown,1481.0,1
2237,0,136,4330.020000000001,2.707954971857412,195896.0,737,129,1041.7199999999998,46.0,1651.7300000000002,2678.2900000000004,0.5690458704578731,1026.5600000000002,0.19392599046119124,0.3382352941176471,5,611.5,1,1,45-54,U,50-74K,Homeowner,Single Female,1,None/Unknown,2237.0,1
1762,0,289,12837.800000000012,3.381928345626979,1360912.0,1804,200,2267.73,41.0,4819.120000000003,8018.680000000007,0.4542764336568568,3199.560000000004,0.1501258148505877,0.14186851211072665,7,2522.34,1,0,45-54,A,125-149K,Homeowner,2 Adults Kids,5+,3+,1762.0,1
1337,0,204,10016.950000000004,2.7443698630137,608420.0,1829,203,2533.01,50.0,3837.9700000000025,6178.980000000003,0.42050025207273656,2341.0100000000007,0.20183410943142444,0.24509803921568626,9,1483.8100000000004,1,0,45-54,U,50-74K,Homeowner,2 Adults Kids,4,2,1337.0,1
1914,0,140,3621.5300000000016,3.557495088408646,1189.0,333,100,253.60999999999996,0.0,2165.6400000000012,1455.89,0.47106885763751777,-709.7500000000011,0.06544537745733053,0.0,6,454.42,1,1,55-64,B,75-99K,Homeowner,Single Female,1,None/Unknown,1914.0,1
2351,0,277,13811.130000000008,3.316793948126803,943321.0,1554,195,2949.7400000000007,36.0,5477.180000000002,8333.950000000004,0.4719135943257355,2856.7700000000023,0.17598967118055323,0.1299638989169675,8,2805.650000000001,1,0,45-54,A,75-99K,Homeowner,2 Adults No Kids,2,None/Unknown,2351.0,1
493,0,156,3986.61,2.859835007173601,136838.0,605,139,652.1800000000001,32.0,1506.89,2479.7200000000003,0.6130095494668402,972.8300000000002,0.14059269766469273,0.20512820512820512,5,938.95,1,0,55-64,U,50-74K,Unknown,Unknown,1,None/Unknown,493.0,1
346,0,108,4546.43,3.282620938628159,1972.0,484,121,757.1,3.0,845.3800000000001,3701.05,0.3926905286125597,2855.67,0.1427539770681037,0.027777777777777776,3,804.9799999999999,1,0,65+,A,50-74K,Homeowner,2 Adults No Kids,2,None/Unknown,346.0,1
1179,0,162,7511.810000000003,3.4873769730733533,367636.0,1160,178,1226.5599999999997,12.0,2193.51,5318.300000000002,0.40423413265244973,3124.790000000002,0.1403648506529249,0.07407407407407407,4,1916.5900000000008,1,0,35-44,A,50-74K,Homeowner,2 Adults No Kids,2,None/Unknown,1179.0,1
334,2,443,4337.570000000001,2.3035422198619226,41328.0,930,151,1301.76,58.0,2090.61,2246.96,0.637260032691115,156.3499999999999,0.23083593263738775,0.1309255079006772,7,490.22999999999996,1,1,45-54,A,Under 15K,Homeowner,2 Adults No Kids,2,None/Unknown,334.0,1
1475,0,291,12327.750000000007,3.6722520107238625,643009.0,987,162,2131.0000000000005,29.0,4192.51,8135.240000000004,0.5120196305084056,3942.730000000004,0.14738480159073222,0.09965635738831616,6,2527.460000000001,1,0,25-34,B,50-74K,Homeowner,Single Male,1,None/Unknown,1475.0,1
426,0,196,6819.5700000000015,3.4012817955112227,889544.0,829,148,1133.5499999999997,72.0,2559.6000000000004,4259.970000000001,0.3569550572836702,1700.3700000000008,0.14252896976281001,0.3673469387755102,3,1041.2800000000002,1,0,45-54,U,50-74K,Homeowner,2 Adults No Kids,2,None/Unknown,426.0,1
25,0,79,2803.6600000000003,3.13959686450168,15102.0,415,112,501.5999999999999,6.0,1119.7200000000003,1683.9399999999998,0.47002489602876224,564.2199999999996,0.15175810677526122,0.0759493670886076,4,345.99,1,1,35-44,U,50-74K,Unknown,Unknown,1,None/Unknown,25.0,1
2200,0,175,7550.860000000002,2.4659895493141746,458636.0,1433,157,1890.04,52.0,3783.720000000001,3767.1400000000012,0.5311818786204486,-16.579999999999927,0.20019701511508434,0.29714285714285715,10,1122.2500000000005,1,0,45-54,U,Under 15K,Unknown,Single Male,1,None/Unknown,2200.0,1
755,0,279,9639.480000000001,9.376926070038913,2863364.0,605,141,480.94000000000005,13.0,4692.71,4946.77,0.7293795930900835,254.0600000000004,0.04752174316876177,0.04659498207885305,6,977.5699999999999,1,1,35-44,U,50-74K,Homeowner,Unknown,1,None/Unknown,755.0,1
46,0,114,6842.870000000003,4.075562835020848,94441.0,1102,190,1281.02,10.0,1885.920000000001,4956.950000000003,0.47674879107742796,3071.0300000000016,0.1576855422710056,0.08771929824561403,7,1590.5600000000002,1,0,45-54,A,150-174K,Homeowner,2 Adults Kids,5+,3+,46.0,1
1695,0,147,1108.7,2.6910194174757285,32954.0,313,92,263.47,1.0,709.52,399.17999999999995,0.5958329575178136,-310.34000000000003,0.19200973640292385,0.006802721088435374,1,65.85999999999999,1,1,35-44,U,25-34K,Homeowner,Single Male,1,None/Unknown,1695.0,1
979,0,175,10744.340000000007,2.7570798049781904,263761.0,1841,187,2847.7500000000005,220.0,4254.420000000002,6489.920000000004,0.43602678247337645,2235.500000000002,0.20951524011391912,1.2571428571428571,10,2110.3200000000006,1,0,35-44,B,35-49K,Homeowner,1 Adult Kids,2,1,979.0,1
840,0,178,9828.350000000008,3.875532334384861,14965.0,1396,193,1038.03,6.0,3926.6300000000024,5901.720000000003,0.4159782669522348,1975.0900000000006,0.09552675315974586,0.033707865168539325,4,2116.2200000000007,1,0,35-44,A,75-99K,Homeowner,2 Adults Kids,5+,3+,840.0,1
438,0,54,3114.1099999999997,3.023407766990291,1255.0,534,143,692.7499999999999,57.0,111.03000000000002,3003.08,0.5491360292346771,2892.0499999999997,0.18197412040369226,1.0555555555555556,2,1342.4099999999999,1,0,35-44,A,50-74K,Probable Owner,2 Adults No Kids,2,None/Unknown,438.0,1
121,0,106,2107.36,2.54512077294686,11134.0,602,114,387.7899999999999,3.0,584.8499999999999,1522.5100000000002,0.5082235593349024,937.6600000000003,0.15541750996934048,0.02830188679245283,3,118.21999999999998,1,1,45-54,U,25-34K,Unknown,2 Adults Kids,3,1,121.0,1
127,0,160,3860.990000000001,3.121253031527891,253570.0,789,151,1168.9800000000002,76.0,509.60999999999996,3351.380000000001,0.4610268350863378,2841.770000000001,0.2324029765585083,0.475,4,797.2399999999999,1,0,45-54,U,25-34K,Unknown,Single Female,1,None/Unknown,127.0,1
1423,1,178,1545.39,3.288063829787234,48730.0,207,79,210.34,1.0,458.1400000000001,1087.25,0.49265881104446124,629.1099999999999,0.11980201967272873,0.0056179775280898875,3,150.37,1,1,45-54,U,15-24K,Unknown,Single Male,1,None/Unknown,1423.0,1
695,0,174,6636.940000000003,3.3168115942029,333477.0,977,174,821.5699999999999,4.0,1512.7000000000003,5124.2400000000025,0.48520101130942855,3611.5400000000022,0.11015202768381348,0.022988505747126436,8,1886.9900000000011,1,0,35-44,B,35-49K,Unknown,1 Adult Kids,3,2,695.0,1
1074,0,111,6469.600000000003,3.2641775983854706,135155.0,971,147,1436.6,10.0,1772.1900000000005,4697.410000000002,0.6089031779399035,2925.220000000001,0.1817054969517593,0.09009009009009009,4,1299.6200000000003,1,0,45-54,A,35-49K,Homeowner,2 Adults Kids,4,2,1074.0,1
1350,0,116,1905.0699999999997,2.30638014527845,10842.0,543,136,433.85,0.0,1031.4399999999998,873.63,0.5245529035678478,-157.80999999999983,0.18549159441109575,0.0,3,663.53,1,0,,,,,,,,,1
957,0,532,3462.0200000000023,2.5606656804733743,75813.0,742,154,631.0,4.0,1346.42,2115.600000000001,0.43524878539118744,769.1800000000007,0.1541648953584394,0.007518796992481203,4,292.88,1,1,,,,,,,,,1
1526,0,173,2526.0399999999995,2.2023016564952043,1411.0,628,124,509.12,0.0,1153.1499999999999,1372.8899999999999,0.5552524900634987,219.74,0.16774074513369974,0.0,3,375.04999999999995,1,0,,,,,,,,,1
1579,0,519,10970.080000000005,3.4836710066687853,799047.0,1376,173,1978.2599999999998,6.0,4694.100000000001,6275.980000000001,0.5489549757157651,1581.88,0.1527809742407134,0.011560693641618497,6,1725.170000000001,1,0,,,,,,,,,1
1246,0,80,4650.960000000002,3.9182476832350477,137608.0,721,136,575.6200000000001,3.0,2964.000000000001,1686.9600000000003,0.5672377315650962,-1277.0400000000006,0.11013320373934771,0.0375,3,777.29,1,0,,,,,,,,,1
1810,0,235,3388.250000000001,4.132012195121952,199067.0,454,112,227.91999999999996,1.0,1352.92,2035.33,0.6845539732900464,682.4099999999999,0.06302801029818839,0.00425531914893617,3,637.3400000000001,1,0,,,,,,,,,1
855,0,155,4183.6500000000015,3.3495996797437964,1673.0,706,147,814.29,6.0,2188.2400000000007,1995.4100000000008,0.5052860540437175,-192.82999999999993,0.16292512515156238,0.03870967741935484,3,1434.1400000000008,1,0,,,,,,,,,1
2263,0,427,5148.790000000001,2.1258422791081752,12195.0,1226,185,948.5799999999998,1.0,3336.330000000001,1812.46,0.5181333866792003,-1523.8700000000008,0.15557199251480552,0.00234192037470726,6,615.1800000000001,1,1,,,,,,,,,1
36,0,186,3895.250000000001,3.5155685920577624,10240.0,594,122,701.15,3.0,1338.8700000000001,2556.3799999999997,0.6231666773634553,1217.5099999999995,0.1525432947524149,0.016129032258064516,3,1003.0000000000002,1,0,,,,,,,,,1
333,6,38,1245.8199999999997,2.5066800804828966,717.0,303,98,372.42,2.0,728.6099999999998,517.21,0.4793228556292241,-211.39999999999975,0.23013891635356934,0.05263157894736842,1,2.99,1,1,,,,,,,,,1
2078,2,84,2104.12,5.2603,143140.0,294,88,356.53,4.0,1901.4099999999996,202.70999999999998,0.5483384978043078,-1698.6999999999996,0.14489260967630505,0.047619047619047616,5,219.8,1,1,,,,,,,,,1
65,0,113,1901.48,3.969686847599165,548.0,382,118,214.38,6.0,712.69,1188.7900000000002,0.4271409638807665,476.10000000000014,0.10132050324690668,0.05309734513274336,6,140.69,1,1,,,,,,,,,1
459,0,61,956.1999999999999,3.5546468401486986,313.0,123,49,84.00999999999999,5.0,305.36000000000007,650.84,0.5203304747960678,345.47999999999996,0.08076253833360571,0.08196721311475409,2,238.74,1,0,,,,,,,,,1
6,0,216,5301.470000000002,3.3447760252365946,94399.0,719,146,730.48,3.0,2294.3900000000003,3007.0800000000013,0.3164273305328521,712.690000000001,0.12110179958388244,0.013888888888888888,4,694.69,1,1,,,,,,,,,1
380,0,108,6406.7000000000035,2.3843319687383713,3240.0,864,124,1317.0000000000002,5.0,2784.1500000000005,3622.5500000000006,0.6012003059297294,838.4000000000001,0.17051413182800984,0.046296296296296294,5,1319.74,1,0,,,,,,,,,1
1434,0,197,3574.100000000001,2.4133018230925054,1689.0,971,163,583.2599999999999,1.0,1356.2400000000005,2217.86,0.5660921630620295,861.6199999999997,0.14029576461985485,0.005076142131979695,6,586.2299999999999,1,0,,,,,,,,,1
1683,2,78,1698.8200000000004,3.783563474387529,12181.0,359,118,239.03000000000003,5.0,841.5000000000001,857.3199999999999,0.4279205566216549,15.819999999999823,0.12334804035400056,0.0641025641025641,4,222.17000000000002,1,1,,,,,,,,,1
988,0,179,5802.350000000002,3.3423675115207385,470603.0,978,143,1768.3399999999997,146.0,3471.290000000002,2331.060000000001,0.601607969184899,-1140.230000000001,0.23357712441006026,0.8156424581005587,5,306.83,1,1,,,,,,,,,1
1463,1,130,3145.41,3.9317624999999996,350147.0,481,132,769.58,15.0,1867.4399999999998,1277.9700000000003,0.45202374253277,-589.4699999999996,0.1965726604665657,0.11538461538461539,5,314.73999999999995,1,1,,,,,,,,,1
876,0,173,4905.630000000001,3.2660652463382163,288175.0,680,154,737.75,2.0,1609.9800000000005,3295.6500000000005,0.57545717879253,1685.67,0.13072839326786426,0.011560693641618497,6,993.4100000000001,1,0,,,,,,,,,1
2223,1,294,1993.8800000000012,2.449484029484031,1036.0,456,114,363.52,4.0,1767.070000000001,226.81,0.5473348446245506,-1540.2600000000011,0.15420378382964273,0.013605442176870748,3,65.88,1,1,,,,,,,,,1
916,0,159,2385.51,2.8706498194945853,149783.0,625,138,346.89,3.0,965.1700000000001,1420.3399999999997,0.6219424777091691,455.1699999999996,0.12695432586736935,0.018867924528301886,4,1379.0900000000004,1,0,,,,,,,,,1
807,0,102,3484.9200000000005,2.7834824281150166,215951.0,649,124,945.7400000000001,10.0,1420.7500000000002,2064.170000000001,0.5596886011730542,643.4200000000008,0.21345352611123397,0.09803921568627451,4,529.0999999999998,1,0,,,,,,,,,1
1301,6,79,1462.8799999999999,2.749774436090225,600.0,400,118,180.14999999999998,2.0,927.3799999999999,535.4999999999999,0.4856994421962158,-391.88,0.10964498517982021,0.02531645569620253,4,31.339999999999996,1,1,,,,,,,,,1
1374,2,91,2529.73,2.8714301929625425,1062.0,522,123,380.77,0.0,891.3400000000001,1638.3900000000003,0.5443268649223434,747.0500000000002,0.1308263185019756,0.0,3,311.83,1,1,,,,,,,,,1
1673,0,97,4421.550000000001,3.1425373134328365,234588.0,910,166,813.0700000000002,13.0,2302.9900000000007,2118.5600000000004,0.4990489760378146,-184.4300000000003,0.1553255059584077,0.13402061855670103,5,352.3,1,1,,,,,,,,,1
1375,1,100,3351.5600000000013,2.749433962264152,13756.0,808,149,685.26,4.0,1157.0900000000001,2194.4700000000007,0.4665857093413215,1037.3800000000006,0.1697524288920486,0.04,4,393.85,1,1,,,,,,,,,1
514,0,51,1912.3400000000001,2.3292813641900123,1082.0,302,92,213.18999999999997,0.0,693.05,1219.2900000000002,0.4071608605164354,526.2400000000002,0.10029968995968062,0.0,2,426.93,1,0,,,,,,,,,1
694,0,137,1588.0100000000002,2.7332358003442345,693.0,238,92,161.61,0.0,1333.2,254.81000000000003,0.6028992260754025,-1078.39,0.09236862861649957,0.0,2,168.63,1,1,,,,,,,,,1
2138,2,59,1703.1500000000003,2.85763422818792,863.0,480,120,416.9199999999999,20.0,754.65,948.5,0.5771012535595806,193.85000000000002,0.19665388406986556,0.3389830508474576,3,175.32999999999996,1,1,,,,,,,,,1
1223,4,41,1322.89,3.400745501285347,614.0,312,89,286.4,2.0,231.10000000000002,1091.79,0.6176326073974403,860.6899999999999,0.17796668095868362,0.04878048780487805,1,420.8,1,0,,,,,,,,,1
1157,0,99,2636.5800000000004,3.1575808383233537,926.0,561,141,296.9,0.0,1422.55,1214.03,0.5612308369175218,-208.51999999999998,0.10121084854848164,0.0,3,143.27999999999997,1,1,,,,,,,,,1
2354,1,72,4353.070000000001,3.6488432523051135,316951.0,574,123,596.9599999999999,0.0,1590.4400000000005,2762.63,0.407310243115778,1172.1899999999996,0.12059724890556216,0.0,4,468.8200000000001,1,1,,,,,,,,,1
2033,1,99,2240.4700000000003,4.211409774436091,129661.0,396,129,210.51,4.0,584.6,1655.87,0.3715693582150173,1071.27,0.08588809374209498,0.04040404040404041,1,272.30999999999995,1,1,,,,,,,,,1
1837,0,126,5724.630000000002,5.295679925994452,156906.0,634,129,872.4499999999999,26.0,1015.0400000000001,4709.59,0.6206165289285069,3694.55,0.13224790361796426,0.20634920634920634,3,1803.8700000000008,1,0,,,,,,,,,1
1651,0,52,1669.9600000000003,3.248949416342413,616.0,371,126,288.19999999999993,3.0,458.86000000000007,1211.1,0.346205897147237,752.2399999999998,0.14717898435265753,0.057692307692307696,1,355.12,1,0,,,,,,,,,1
702,0,245,6851.7000000000035,3.4447963800904993,361538.0,737,158,1238.1999999999998,8.0,2105.55,4746.150000000002,0.5344104382853889,2640.600000000002,0.15305504394368277,0.0326530612244898,4,1353.9800000000002,1,0,,,,,,,,,1
1592,0,42,1673.5800000000004,4.572622950819673,144163.0,272,92,179.54,2.0,229.78000000000003,1443.8000000000002,0.43533025012249177,1214.0200000000002,0.09688525297876012,0.047619047619047616,1,698.01,1,0,,,,,,,,,1
195,3,85,3837.2300000000014,2.9838491446345268,298779.0,674,145,1022.8199999999999,0.0,2232.8600000000006,1604.3700000000003,0.5117780273791249,-628.4900000000002,0.21045462495241812,0.0,2,329.48999999999995,1,1,,,,,,,,,1
1294,1,47,3987.7600000000007,2.773129346314326,1749.0,903,159,600.9,34.0,1243.05,2744.7100000000005,0.6491288342327521,1501.6600000000005,0.13095326304411306,0.723404255319149,2,841.5599999999997,1,0,,,,,,,,,1
226,31,45,1086.8000000000002,2.8155440414507775,44312.0,245,85,241.75,0.0,927.05,159.75,0.5700680898049317,-767.3,0.1819653005155997,0.0,1,118.25999999999995,1,1,,,,,,,,,1
1881,0,103,2463.6200000000003,3.2587566137566144,217113.0,289,100,268.29,1.0,902.27,1561.35,0.4562310745975433,659.0799999999999,0.0982060170357003,0.009708737864077669,2,450.34000000000003,1,0,,,,,,,,,1
236,1,40,1372.46,2.7123715415019762,683.0,378,115,410.25,15.0,1027.65,344.81,0.6842239482389286,-682.8400000000001,0.23012716594398416,0.375,2,219.31999999999996,1,0,,,,,,,,,1
2044,6,46,985.45,2.932886904761905,405.0,262,92,111.63000000000001,0.0,583.8199999999999,401.63,0.40484042823075744,-182.18999999999994,0.10175192328727166,0.0,2,15.39,1,1,,,,,,,,,1
1406,0,96,3075.36,3.957992277992278,144487.0,617,149,490.93,2.0,1735.54,1339.82,0.5503615836845117,-395.72,0.13765846299655946,0.020833333333333332,5,715.0800000000002,1,0,,,,,,,,,1
729,3,24,961.5,2.9675925925925926,425.0,266,105,192.54999999999995,0.0,603.68,357.82,0.4890275611024441,-245.85999999999996,0.16684719032970838,0.0,1,197.82,1,0,,,,,,,,,1
727,0,103,4469.73,3.026222071767095,2078.0,699,114,887.6100000000001,2.0,2237.7999999999997,2231.93,0.6282616623375461,-5.869999999999891,0.165681102935412,0.019417475728155338,3,453.4,1,1,,,,,,,,,1
1304,0,72,670.19,2.587606177606178,374.0,180,72,213.52999999999997,2.0,258.73999999999995,411.44999999999993,0.5647055312672525,152.70999999999998,0.24162630697505993,0.027777777777777776,1,229.29999999999995,1,0,,,,,,,,,1
703,0,184,8152.430000000004,4.136189751395233,830076.0,935,157,966.3600000000001,6.0,3345.5900000000006,4806.840000000002,0.4847156001339477,1461.2500000000014,0.10597458654053879,0.03260869565217391,6,1323.2600000000002,1,0,,,,,,,,,1
603,0,169,3165.5700000000015,2.4808542319749227,239323.0,750,141,614.9099999999999,3.0,2712.830000000001,452.74,0.45481540449271357,-2260.090000000001,0.16265394870492625,0.01775147928994083,5,53.93,1,1,,,,,,,,,1
1184,64,12,665.8199999999999,3.1705714285714284,5063.0,185,76,146.10000000000002,0.0,665.8199999999999,0.0,0.5300231293743054,-665.8199999999999,0.17994383683121493,0.0,1,48.080000000000005,1,1,,,,,,,,,1
115,0,165,11042.090000000004,4.366188216686439,752522.0,1096,173,1465.61,70.0,4131.8200000000015,6910.270000000004,0.4144106776887346,2778.4500000000025,0.11717661920257116,0.42424242424242425,10,2220.0100000000016,1,0,,,,,,,,,1
1005,0,160,2109.16,1.8213816925734023,1319.0,386,93,527.9,3.0,598.9100000000001,1510.25,0.5470329420243131,911.3399999999999,0.20018505456834504,0.01875,3,360.93,1,0,,,,,,,,,1
185,4,57,1599.1699999999996,3.0931721470019333,83142.0,385,114,467.0400000000001,2.0,597.1099999999999,1002.06,0.4052602287436608,404.95000000000005,0.226037043669327,0.03508771929824561,1,538.45,1,0,,,,,,,,,1
2228,17,199,5229.090000000003,4.019285165257497,236966.0,836,178,638.1499999999999,1.0,2593.2000000000003,2635.8900000000012,0.424257375566303,42.690000000000964,0.10876493888097293,0.005025125628140704,6,68.96000000000001,1,1,,,,,,,,,1
2385,1,299,6016.830000000002,3.1868802966101706,344142.0,942,163,737.3900000000002,1.0,1232.7,4784.130000000002,0.3770390720695117,3551.430000000002,0.10917470855257898,0.0033444816053511705,3,141.23,1,1,,,,,,,,,1
288,0,77,2633.6100000000006,3.3252651515151523,203866.0,550,139,282.11,0.0,1310.09,1323.5200000000002,0.35135802187871396,13.430000000000291,0.09675483242561012,0.0,3,481.16,1,0,,,,,,,,,1
2303,1,58,1954.7600000000002,4.0304329896907225,11433.0,342,119,279.15999999999997,9.0,774.91,1179.85,0.47489717407763604,404.93999999999994,0.12496418851167453,0.15517241379310345,3,204.09,1,1,,,,,,,,,1
144,2,87,2087.7299999999996,3.4002117263843643,931.0,485,124,446.97999999999996,0.0,998.7000000000002,1089.03,0.5393321933391771,90.32999999999981,0.17634364483510936,0.0,4,38.580000000000005,1,1,,,,,,,,,1
2423,4,51,2432.6499999999996,2.3345969289827253,17127.0,562,114,608.1,23.0,1079.7199999999998,1352.9299999999998,0.6112346617885845,273.21000000000004,0.19998355668831708,0.45098039215686275,2,405.96999999999997,1,0,,,,,,,,,1
2037,2,84,1449.9199999999998,2.404510779436152,765.0,348,106,253.15,1.0,912.9399999999998,536.9799999999999,0.6559465349812403,-375.9599999999999,0.14864333233513596,0.011904761904761904,4,294.04999999999995,1,0,,,,,,,,,1
1794,1,65,3103.7700000000004,2.677972389991372,24394.0,756,148,446.7199999999999,19.0,1274.7400000000002,1829.0299999999997,0.5543870840945042,554.2899999999995,0.12581925311717534,0.2923076923076923,2,490.71,1,0,,,,,,,,,1
1121,1,54,2160.15,2.6867537313432837,1028.0,606,130,569.69,6.0,1098.0399999999997,1062.11,0.6660833738397794,-35.929999999999836,0.20868988658675966,0.1111111111111111,2,326.49,1,0,,,,,,,,,1
2021,1,68,1214.8199999999997,3.1801570680628264,525.0,217,81,254.87,1.0,646.64,568.1800000000001,0.424005202416819,-78.45999999999992,0.17341752342330702,0.014705882352941176,1,178.42000000000002,1,0,,,,,,,,,1
558,0,104,2319.8,2.574694783573807,1016.0,466,104,352.32000000000005,0.0,1157.38,1162.42,0.5949047331666523,5.039999999999964,0.1318503660015269,0.0,3,106.54999999999998,1,1,,,,,,,,,1
116,0,73,577.5600000000001,2.1550746268656717,338.0,148,59,249.57,6.0,252.14000000000001,325.42,0.7623450377449962,73.28,0.3017300787058866,0.0821917808219178,2,70.16,1,1,,,,,,,,,1
2369,0,68,2445.9500000000003,3.8948248407643318,227934.0,411,115,247.16000000000003,2.0,768.49,1677.4600000000005,0.43529507962141495,908.9700000000005,0.09177493678312434,0.029411764705882353,2,263.84000000000003,1,1,,,,,,,,,1
2213,3,48,3389.300000000002,2.694197138314787,9012.0,806,156,527.3000000000001,6.0,2966.1000000000017,423.2,0.555486383619036,-2542.900000000002,0.13463207884389516,0.125,3,115.91,1,1,,,,,,,,,1
342,0,40,1808.0400000000002,2.9786490939044485,879.0,483,109,367.7300000000001,7.0,739.7600000000001,1068.2800000000002,0.5310944448131677,328.5200000000001,0.16901143043612146,0.175,1,317.47,1,0,,,,,,,,,1
2277,7,119,3549.4000000000015,2.4478620689655184,2050.0,774,149,916.1599999999999,6.0,1653.6500000000005,1895.7500000000005,0.6119879416239361,242.0999999999999,0.20516127876458934,0.05042016806722689,7,339.03999999999996,1,1,,,,,,,,,1
265,2,46,1692.5800000000002,2.8639255499153977,4447.0,441,128,397.24000000000007,1.0,369.55999999999995,1323.02,0.6297309432936699,953.46,0.19008335646132204,0.021739130434782608,3,189.18000000000006,1,1,,,,,,,,,1
384,0,60,3012.0400000000004,3.4740945790080744,84981.0,667,156,443.00000000000006,7.0,1296.2200000000003,1715.8200000000002,0.5545776284511492,419.5999999999999,0.12821848661665278,0.11666666666666667,4,902.8000000000002,1,0,,,,,,,,,1
1448,12,79,1859.22,5.865047318611987,4353.0,137,50,159.01999999999998,0.0,439.5200000000001,1419.7,0.487166661288067,980.18,0.07879142222926906,0.0,1,68.11,1,1,,,,,,,,,1
2239,3,38,1505.1200000000006,3.2160683760683773,18935.0,348,107,404.67999999999995,11.0,279.92,1225.2000000000005,0.5140719676836395,945.2800000000004,0.21189653366844685,0.2894736842105263,1,282.36,1,0,,,,,,,,,1
984,1,29,1066.52,3.0213031161473087,548.0,296,96,379.75,3.0,302.47999999999996,764.04,0.49273337583917787,461.56,0.26257199554716615,0.10344827586206896,1,153.19,1,1,,,,,,,,,1
1133,1,95,1162.2,3.3017045454545455,13932.0,261,102,185.22000000000006,0.0,463.04999999999995,699.15,0.41613319566339696,236.10000000000002,0.1374627065057666,0.0,1,215.45999999999998,1,0,,,,,,,,,1
1659,0,115,2393.6000000000004,2.135236396074933,3493.0,653,143,517.23,1.0,441.01,1952.5900000000001,0.6222969585561497,1511.5800000000002,0.17769158624859574,0.008695652173913044,3,427.01,1,0,,,,,,,,,1
2375,0,95,2375.5000000000005,3.764659270998416,971.0,426,121,443.72999999999996,32.0,253.49000000000004,2122.01,0.47437592085876634,1868.5200000000002,0.15739404021665487,0.3368421052631579,2,465.8999999999999,1,0,,,,,,,,,1
2251,2,22,1682.5000000000005,2.7536824877250416,796.0,438,101,366.79999999999995,2.0,783.6200000000003,898.8799999999999,0.6021099554234768,115.25999999999954,0.1789879471038891,0.09090909090909091,1,340.03999999999996,1,0,,,,,,,,,1
1594,0,90,2338.2200000000003,3.2162585969738657,55588.0,546,118,426.9500000000001,1.0,611.8,1726.42,0.5324563129217951,1114.6200000000001,0.15440280344427287,0.011111111111111112,1,647.91,1,0,,,,,,,,,1
2039,71,41,1086.1200000000006,2.7358186397984903,12627.0,293,86,275.3299999999998,2.0,1086.1200000000006,0.0,0.5750653703089897,-1086.1200000000006,0.20223291343787855,0.04878048780487805,1,1174.3400000000001,1,0,,,,,,,,,1
1508,0,73,1643.39,3.8942890995260666,104697.0,221,83,459.87,9.0,992.1099999999999,651.2800000000001,0.36866477220866617,-340.8299999999998,0.21864629194678734,0.1232876712328767,2,205.81,1,1,,,,,,,,,1
1181,2,84,2063.21,2.4216079812206575,19648.0,633,128,445.49000000000007,11.0,1102.3900000000003,960.8199999999997,0.6253459415183136,-141.57000000000062,0.17757802846095588,0.13095238095238096,3,133.37,1,1,,,,,,,,,1
1660,0,51,1783.5100000000002,3.2845488029465932,12334.0,443,106,460.05000000000007,1.0,1338.41,445.1,0.6295282897208314,-893.3100000000001,0.2050535755674018,0.0196078431372549,1,261.99,1,0,,,,,,,,,1
562,1,68,2555.9100000000003,4.491933216168718,31115.0,384,122,409.9899999999999,1.0,1138.38,1417.53,0.6069227789710904,279.14999999999986,0.13823459995279674,0.014705882352941176,2,622.2000000000002,1,0,,,,,,,,,1
1032,0,90,2346.9100000000003,3.8037439222042146,16938.0,451,132,216.16,8.0,708.8100000000001,1638.1000000000004,0.5363733590124886,929.2900000000003,0.0843363622530793,0.08888888888888889,6,126.84999999999998,1,1,,,,,,,,,1
507,3,60,1315.3600000000001,2.6046732673267328,35600.0,356,98,308.01000000000005,2.0,773.0300000000001,542.3299999999999,0.6315913514171023,-230.70000000000016,0.1897349341185312,0.03333333333333333,1,140.07000000000002,1,1,,,,,,,,,1
954,2,44,2056.26,2.5995701643489255,1041.0,534,132,723.3699999999999,6.0,1211.65,844.61,0.608507678990011,-367.0400000000001,0.26023967218658595,0.13636363636363635,3,481.16999999999996,1,0,,,,,,,,,1
420,9,89,1907.09,2.736140602582496,891.0,536,132,303.04,0.0,1706.1000000000001,200.99,0.4894472730704896,-1505.1100000000001,0.1371141064100302,0.0,5,223.49,1,1,,,,,,,,,1
463,0,530,5179.630000000002,4.231723856209152,469940.0,502,123,1138.8299999999997,14.0,2275.0900000000006,2904.5400000000004,0.36218224081642886,629.4499999999998,0.1802385391377012,0.026415094339622643,4,623.67,1,1,,,,,,,,,1
2470,0,81,835.72,2.555718654434251,20497.0,198,77,217.64,46.0,420.71,415.01,0.4050997941894414,-5.699999999999989,0.20661502240449606,0.5679012345679012,2,206.34,1,0,,,,,,,,,1
445,4,228,2655.6,3.2825710754017305,944.0,475,137,407.82,4.0,1171.9099999999999,1483.69,0.5507907817442387,311.7800000000002,0.1331257222320152,0.017543859649122806,5,40.900000000000006,1,1,,,,,,,,,1
1905,0,74,1615.75,3.459850107066381,20567.0,360,125,241.45,3.0,973.6200000000001,642.13,0.42788797771932546,-331.4900000000001,0.13000753822959293,0.04054054054054054,3,157.16000000000003,1,1,,,,,,,,,1
720,0,77,1456.56,5.0575,354.0,135,51,88.73999999999998,0.0,577.5999999999999,878.96,0.5982383149338166,301.3600000000001,0.057425742574257414,0.0,2,222.24,1,0,,,,,,,,,1
2384,25,18,791.27,2.8159074733096086,389.0,206,81,137.21,0.0,662.6999999999999,128.57,0.6734869260808575,-534.1299999999999,0.14777916594864726,0.0,1,10.139999999999999,1,1,,,,,,,,,1
2099,4,45,626.75,4.413732394366197,52470.0,88,54,63.0,0.0,149.86,476.89000000000004,0.3988831272437176,327.03000000000003,0.0913374411018485,0.0,1,64.55,1,1,,,,,,,,,1
1510,0,1151,9155.970000000007,2.299339527875441,432659.0,1353,206,1119.64,8.0,3357.790000000002,5798.180000000002,0.31378543180023494,2440.3900000000003,0.10896092786705601,0.0069504778453518675,4,2055.400000000001,1,0,,,,,,,,,1
881,4,131,3897.7400000000002,1.8976338851022396,2512.0,834,147,885.0200000000001,13.0,1572.2800000000002,2325.4600000000005,0.6374155279726201,753.1800000000003,0.18504378225125243,0.09923664122137404,5,397.36999999999995,1,1,,,,,,,,,1
258,4,192,2153.42,1.6022470238095239,38306.0,822,148,610.12,41.0,1142.5100000000002,1010.9099999999999,0.6363412618068004,-131.60000000000036,0.22077480333195829,0.21354166666666666,5,477.69,1,0,,,,,,,,,1
1620,0,289,8120.920000000002,2.9562868583909725,379625.0,1521,180,2112.75,21.0,2812.510000000001,5308.410000000002,0.5402725306984923,2495.9000000000005,0.20645086269148796,0.0726643598615917,7,1098.4300000000003,1,1,,,,,,,,,1
1087,0,144,2965.860000000001,3.1351585623678657,185629.0,689,142,749.5599999999998,12.0,1659.8500000000004,1306.0099999999995,0.4723756347231492,-353.8400000000008,0.2017430061742682,0.08333333333333333,6,44.38,1,1,,,,,,,,,1
1716,1,163,1718.38,2.2820451527224437,16877.0,510,136,270.9700000000001,9.0,1022.62,695.7599999999998,0.5437097731584402,-326.86000000000024,0.13621031995375377,0.05521472392638037,4,231.88000000000005,1,1,,,,,,,,,1
2114,1,147,2978.71,2.417784090909091,28681.0,497,116,475.40999999999997,46.0,1407.7099999999998,1570.9999999999995,0.3150054889532717,163.28999999999974,0.13763563512558916,0.3129251700680272,5,191.56999999999996,1,1,,,,,,,,,1
1366,0,216,3423.500000000001,2.3823938761308288,14275.0,725,137,603.54,0.0,1188.9699999999998,2234.5300000000007,0.5222462392288593,1045.5600000000009,0.1498718661845921,0.0,5,819.1200000000001,1,0,,,,,,,,,1
1349,0,200,5287.690000000002,2.6333117529880488,87120.0,788,143,1343.31,13.0,2442.2699999999995,2845.420000000001,0.5439426290119123,403.15000000000146,0.2025803046297692,0.065,2,92.53000000000003,1,1,,,,,,,,,1
125,0,308,9278.820000000003,4.2622048690859,858097.0,1244,187,1842.79,97.0,4580.960000000001,4697.860000000001,0.3878769067618512,116.89999999999964,0.16569453523365765,0.31493506493506496,8,1322.6799999999998,1,1,,,,,,,,,1
430,0,84,1351.3400000000004,2.702680000000001,7991.0,382,123,293.52,10.0,369.95000000000005,981.3900000000002,0.49928959403258966,611.4400000000002,0.1784467979037729,0.11904761904761904,1,1025.75,1,0,,,,,,,,,1
640,21,88,2141.76,2.4875261324041813,91855.0,554,117,507.67,3.0,1694.87,446.89,0.5710350366054086,-1247.98,0.19161480016456367,0.03409090909090909,3,111.48999999999998,1,1,,,,,,,,,1
376,0,443,4249.430000000002,1.971893271461718,2378.0,684,136,565.99,0.0,2092.190000000001,2157.2400000000007,0.54766403964767,65.04999999999973,0.11753699573453609,0.0,5,465.19000000000005,1,1,,,,,,,,,1
580,1,77,1080.55,3.987269372693727,7462.0,143,59,130.85000000000002,10.0,504.11,576.4399999999999,0.7640923603720328,72.32999999999993,0.1080155192339442,0.12987012987012986,2,257.15,1,0,,,,,,,,,1
2459,0,942,19561.020000000008,3.1167973231357564,485841.0,2998,233,4047.1400000000017,95.0,10809.860000000006,8751.160000000005,0.5684458172426592,-2058.7000000000007,0.17142970904975227,0.10084925690021232,13,1110.4800000000005,1,1,,,,,,,,,1
482,10,53,1318.8000000000002,2.611485148514852,3472.0,394,113,304.12000000000006,0.0,815.05,503.74999999999994,0.4542235365483773,-311.3,0.18739062923619157,0.0,1,529.7200000000001,1,0,,,,,,,,,1
653,0,214,9608.390000000005,3.380855031667841,609028.0,1393,191,1532.5,2.0,5236.620000000002,4371.770000000002,0.39218016754107593,-864.8499999999995,0.13755633526585392,0.009345794392523364,8,1214.16,1,1,,,,,,,,,1
2424,1,97,3662.4500000000007,2.733171641791045,1562.0,806,174,446.99,0.0,1573.4800000000002,2088.9700000000003,0.5174405111332576,515.49,0.10877151144681513,0.0,5,460.38,1,1,,,,,,,,,1
1392,4,105,2196.94,3.0470735090152568,97700.0,434,128,508.11999999999995,23.0,1243.14,953.8000000000001,0.6055786685116571,-289.34000000000003,0.1878405654588068,0.21904761904761905,4,118.13000000000002,1,1,,,,,,,,,1
2415,0,115,1565.4100000000003,2.685094339622642,714.0,278,102,196.75,0.0,1303.5500000000002,261.86,0.5100900083684146,-1041.69,0.11165274435919552,0.0,1,110.93000000000002,1,1,,,,,,,,,1
1489,0,468,14586.970000000012,3.028227112310569,687273.0,1808,187,3370.670000000001,15.0,5522.770000000002,9064.200000000006,0.6059298127027064,3541.430000000004,0.18770116785947366,0.03205128205128205,7,2664.5600000000013,1,0,,,,,,,,,1
1431,0,132,2363.9700000000003,3.42604347826087,9234.0,376,126,270.44,0.0,1049.73,1314.24,0.47828018122057386,264.51,0.10265676185559573,0.0,3,354.43000000000006,1,0,,,,,,,,,1
1387,1,57,1629.1000000000004,3.1818359375000007,696.0,251,72,330.0,1.0,749.4199999999998,879.6800000000001,0.5567307102080902,130.26000000000022,0.1684446939921392,0.017543859649122806,1,428.84999999999997,1,0,,,,,,,,,1
2170,0,222,5472.950000000002,2.517456301747931,137708.0,1062,161,1236.1499999999999,10.0,2563.7100000000005,2909.24,0.5152833481029425,345.5299999999993,0.18424975033909163,0.04504504504504504,9,725.94,1,1,,,,,,,,,1
1988,1,158,6327.470000000002,4.927936137071653,361231.0,903,151,1084.4099999999999,45.0,2485.0900000000006,3842.3800000000015,0.3690653610368756,1357.2900000000009,0.1463070098274661,0.2848101265822785,1,1580.46,1,0,,,,,,,,,1
2278,2,42,1022.1000000000001,3.813805970149254,15709.0,225,95,114.9,0.0,541.9700000000001,480.12999999999994,0.32437139223167993,-61.8400000000002,0.10105540897097624,0.0,3,138.47,1,1,,,,,,,,,1
1784,4,36,1673.0600000000004,3.6135205183585324,622.0,341,113,274.69,0.0,964.0900000000001,708.9700000000001,0.5111472391904651,-255.12,0.14102939288923114,0.0,2,307.55999999999995,1,0,,,,,,,,,1
51,0,77,2723.31,3.261449101796407,1140.0,410,108,317.56000000000006,1.0,921.54,1801.77,0.5616877990386697,880.23,0.1044306399155505,0.012987012987012988,4,323.55,1,1,,,,,,,,,1
1793,4,56,1692.6799999999998,2.2126535947712416,8771.0,532,113,357.49999999999994,5.0,629.2199999999999,1063.46,0.4485372309001111,434.2400000000001,0.17437493293271808,0.08928571428571429,2,195.87000000000003,1,1,,,,,,,,,1
1532,7,81,1726.6499999999999,3.9784562211981562,128736.0,280,98,283.53,9.0,1578.0499999999997,148.6,0.3691888917846698,-1429.4499999999998,0.14104707041160494,0.1111111111111111,2,189.37,1,1,,,,,,,,,1
1959,4,100,5326.420000000002,3.5628227424749177,457053.0,889,142,1104.2499999999998,24.0,1815.7300000000005,3510.6900000000005,0.4758242872323247,1694.96,0.17171616643366858,0.24,3,266.12,1,1,,,,,,,,,1
331,1,62,1233.0699999999997,3.2534828496042207,530.0,276,95,152.79999999999998,1.0,434.09999999999997,798.9699999999999,0.5810781220855264,364.86999999999995,0.11025565168450145,0.016129032258064516,2,40.230000000000004,1,1,,,,,,,,,1
1666,3,80,1062.51,3.4722549019607842,4147.0,161,72,148.33999999999997,0.0,506.26,556.25,0.5316655843239123,49.99000000000001,0.12250898129413221,0.0,1,15.96,1,1,,,,,,,,,1
570,6,29,1097.39,3.621749174917492,445.0,254,98,329.53999999999996,1.0,499.3299999999999,598.0600000000001,0.38956979742844383,98.73000000000013,0.23094335391364673,0.034482758620689655,1,302.71999999999997,1,0,,,,,,,,,1
1941,0,114,629.2800000000002,1.803094555873926,7230.0,190,60,141.79999999999998,0.0,283.68000000000006,345.6,0.6995296211543349,61.91999999999996,0.18389790942574047,0.0,2,113.57000000000001,1,0,,,,,,,,,1
2481,0,120,4318.820000000001,3.5371171171171176,373819.0,764,139,966.8699999999998,45.0,1825.0600000000004,2493.7599999999993,0.552336054755697,668.6999999999989,0.18292219180466499,0.375,4,1084.68,1,0,,,,,,,,,1
2139,0,347,4424.010000000003,2.963168117883458,97740.0,833,155,598.3899999999999,36.0,1023.1199999999998,3400.890000000002,0.4930074751187267,2377.7700000000023,0.11914423383243061,0.1037463976945245,7,271.58,1,1,,,,,,,,,1
1111,0,302,17212.890000000014,2.905129113924053,10219.0,1579,184,2329.9699999999993,6.0,6239.430000000003,10973.460000000008,0.5899265027546214,4734.030000000005,0.11922359368076103,0.019867549668874173,10,1681.8300000000004,1,1,,,,,,,,,1
1344,0,25,2426.8099999999995,3.5171159420289846,851.0,432,97,553.11,65.0,1076.0299999999997,1350.78,0.5122774341625428,274.7500000000002,0.1856123654326291,2.6,2,301.96999999999997,1,1,,,,,,,,,1
368,5,48,1112.4299999999998,3.7080999999999995,45719.0,193,87,196.15,1.0,1058.71,53.72,0.5479805470906035,-1004.99,0.1498953063626221,0.020833333333333332,3,234.02999999999997,1,0,,,,,,,,,1
1613,0,122,5707.430000000002,3.5963642091997494,2581.0,784,136,805.72,5.0,2076.730000000001,3630.7000000000003,0.7118633080037773,1553.9699999999993,0.12370665499796561,0.040983606557377046,6,992.0600000000004,1,0,,,,,,,,,1
467,0,126,2354.92,3.165215053763441,1085.0,588,145,483.8399999999999,2.0,937.6400000000001,1417.2800000000002,0.484937917211625,479.6400000000001,0.17044061491637189,0.015873015873015872,7,288.07,1,1,,,,,,,,,1
1731,5,49,2148.94,2.8054046997389035,37564.0,573,129,652.1700000000001,9.0,1395.1900000000003,753.75,0.5375627053337924,-641.4400000000003,0.232825558439333,0.1836734693877551,5,1302.8700000000003,1,0,,,,,,,,,1
2238,0,150,2013.2199999999998,2.3274219653179187,1148.0,585,120,330.95,3.0,486.87,1526.35,0.5627402867048809,1039.48,0.14118003387126363,0.02,3,466.24,1,0,,,,,,,,,1
1732,0,85,2980.7400000000007,2.488096828046745,1399.0,821,157,541.67,24.0,1294.4200000000003,1686.32,0.4732147050732367,391.89999999999964,0.15377823705928606,0.2823529411764706,4,446.56,1,0,,,,,,,,,1
278,4,63,1826.5700000000002,3.2328672566371686,713.0,395,94,334.81,2.0,1064.55,762.02,0.613685760742813,-302.53,0.15490566212327309,0.031746031746031744,3,226.98999999999998,1,1,,,,,,,,,1
1211,0,136,7528.270000000003,6.299807531380756,397768.0,438,117,822.8900000000001,8.0,3786.100000000001,3742.170000000001,0.4502163179588403,-43.929999999999836,0.0985360117636352,0.058823529411764705,3,1516.7700000000004,1,0,,,,,,,,,1
2008,0,52,2011.7700000000002,3.0574012158054713,784.0,469,132,288.84000000000003,29.0,619.8200000000002,1391.9499999999998,0.6255585877113187,772.1299999999997,0.12554931083495247,0.5576923076923077,3,320.68,1,0,,,,,,,,,1
1639,0,89,1906.2600000000004,2.40689393939394,1114.0,499,125,364.84,1.0,923.5100000000002,982.7500000000001,0.5923431221344411,59.239999999999895,0.16064462154902906,0.011235955056179775,4,671.8399999999999,1,0,,,,,,,,,1
1747,1,78,2607.1700000000005,3.4901874163319953,215233.0,469,118,542.2199999999999,2.0,1387.3500000000004,1219.8200000000002,0.4803369170403156,-167.5300000000002,0.17216667354630574,0.02564102564102564,4,459.43,1,0,,,,,,,,,1
1239,0,24,1725.6299999999999,2.679549689440994,865.0,397,87,369.96999999999997,1.0,923.5899999999998,802.0399999999998,0.6412672473241655,-121.54999999999995,0.1765460965833174,0.041666666666666664,2,342.8699999999999,1,0,,,,,,,,,1
2142,0,79,6144.100000000003,2.9854713313897,2735.0,965,132,800.4699999999999,3.0,2665.4700000000003,3478.6300000000006,0.7233850360508454,813.1600000000003,0.11526559599802429,0.0379746835443038,5,1487.0200000000004,1,0,,,,,,,,,1
472,4,95,8292.290000000005,3.6037766188613665,2772.0,1307,175,1373.5100000000002,42.0,4724.710000000002,3567.5800000000017,0.5865858526414295,-1157.13,0.1420999813776407,0.4421052631578947,6,3.29,1,1,,,,,,,,,1
160,0,46,1057.11,2.9861864406779657,31190.0,263,101,163.92000000000002,1.0,543.26,513.8499999999999,0.3897418433275629,-29.410000000000082,0.13424731579076682,0.021739130434782608,1,478.98,1,0,,,,,,,,,1
1284,0,124,1320.55,2.0505434782608694,768.0,344,85,291.83000000000004,2.0,345.80000000000007,974.7499999999999,0.5458710385824089,628.9499999999998,0.1809933142311366,0.016129032258064516,2,653.9399999999999,1,0,,,,,,,,,1
297,0,88,2392.53,2.824710743801653,1075.0,597,139,429.39,6.0,924.3299999999999,1468.1999999999998,0.5176486815212348,543.8699999999999,0.15216235754379995,0.06818181818181818,2,1143.0900000000001,1,0,,,,,,,,,1
1353,0,118,3476.310000000001,2.2442285345384123,18176.0,860,133,945.9399999999998,5.0,1043.2900000000002,2433.0200000000004,0.6199677243974213,1389.7300000000002,0.21390468652835087,0.0423728813559322,6,543.6,1,0,,,,,,,,,1
1518,8,30,1142.2600000000002,3.720716612377851,4027.0,257,86,285.43999999999994,0.0,817.1400000000001,325.12,0.4046189133822421,-492.0200000000001,0.19992995727393703,0.0,1,231.51000000000002,1,0,,,,,,,,,1
475,0,37,1313.8700000000001,2.526673076923077,626.0,417,124,262.80999999999995,5.0,650.95,662.92,0.5955459824792406,11.969999999999914,0.1666856939899028,0.13513513513513514,1,211.15000000000003,1,0,,,,,,,,,1
1520,0,128,3449.0999999999995,3.4874620829120317,631313.0,616,125,604.55,8.0,1356.7099999999998,2092.3900000000003,0.4170566234669915,735.6800000000005,0.1491371973406683,0.0625,2,390.26,1,1,,,,,,,,,1
476,2,28,1497.06,2.89007722007722,658.0,391,78,238.13,1.0,737.3700000000001,759.69,0.7326226069763403,22.319999999999936,0.13723569176862477,0.03571428571428571,1,54.21,1,1,,,,,,,,,1
1025,4,73,2778.2300000000005,2.4850000000000003,1537.0,765,107,611.1299999999999,2.0,899.6700000000001,1878.56,0.7155599068471651,978.8899999999999,0.18030837680270015,0.0273972602739726,3,773.9000000000003,1,0,,,,,,,,,1
656,0,88,4658.8200000000015,3.0589757058437304,39815.0,845,140,857.1000000000001,3.0,1496.6300000000003,3162.190000000001,0.6066879596120904,1665.5600000000006,0.15538659008832612,0.03409090909090909,5,381.46,1,1,,,,,,,,,1
337,0,60,927.46,2.576277777777778,31200.0,170,52,302.94,11.0,482.79,444.67,0.6186034977249694,-38.120000000000005,0.24621261378413523,0.18333333333333332,1,6.130000000000001,1,1,,,,,,,,,1
1781,3,86,2983.710000000001,3.6298175182481764,162722.0,590,155,365.62,2.0,1386.03,1597.6800000000007,0.3771814284900341,211.65000000000077,0.10916213093364939,0.023255813953488372,3,244.86,1,1,,,,,,,,,1
1640,0,136,4161.010000000001,4.3343854166666675,261375.0,599,137,683.5099999999999,6.0,2042.2700000000002,2118.7400000000002,0.3881076950067411,76.47000000000003,0.14108931328593952,0.04411764705882353,5,249.08999999999997,1,1,,,,,,,,,1
2161,2,28,1181.1400000000003,5.047606837606839,166220.0,185,86,103.05999999999999,0.0,624.3200000000002,556.8199999999999,0.4168853819191627,-67.50000000000023,0.08025229714997661,0.0,1,882.9699999999998,1,0,,,,,,,,,1
1476,0,304,8132.880000000003,5.086228893058163,1087295.0,678,129,796.0800000000002,1.0,3547.59,4585.290000000002,0.5152971641042288,1037.7000000000016,0.08915707988388344,0.003289473684210526,6,1348.8699999999997,1,0,,,,,,,,,1
414,1,132,2221.05,2.656758373205742,57438.0,524,131,403.43999999999994,4.0,785.4100000000003,1435.64,0.5784336237365209,650.2299999999998,0.1537212944229164,0.030303030303030304,4,267.6,1,1,,,,,,,,,1
2466,1,80,2163.7300000000005,3.4955250403877227,902.0,439,107,294.06,0.0,420.59000000000003,1743.1400000000003,0.4513964311628529,1322.5500000000002,0.11964407048608708,0.0,4,418.09,1,0,,,,,,,,,1
812,4,89,1029.91,3.248927444794953,547.0,154,65,182.73,21.0,625.83,404.08000000000004,0.6539017972444194,-221.75,0.1506877556405858,0.23595505617977527,3,135.35999999999999,1,1,,,,,,,,,1
108,4,55,2518.96,3.04590084643289,69450.0,604,151,356.3,1.0,1111.8099999999997,1407.1500000000003,0.43218232921523164,295.3400000000006,0.12391922817414773,0.01818181818181818,4,152.2,1,1,,,,,,,,,1
338,0,108,1686.0600000000002,2.2846341463414634,1053.0,379,114,380.22,0.0,477.5,1208.5600000000002,0.3747909327070212,731.0600000000002,0.1840118473778965,0.0,3,1004.9100000000005,1,0,,,,,,,,,1
1970,2,62,1032.9499999999998,2.5888471177944856,9090.0,296,81,217.1,2.0,200.92,832.0299999999999,0.574751924100876,631.1099999999999,0.17367305307787692,0.03225806451612903,1,58.13,1,1,,,,,,,,,1
2336,0,65,2041.7999999999997,2.25364238410596,1247.0,574,116,500.93000000000006,3.0,1174.8799999999999,866.92,0.6541825839945148,-307.9599999999999,0.19700479405992777,0.046153846153846156,2,342.45000000000005,1,0,,,,,,,,,1
938,3,25,1640.7400000000002,3.294658634538153,10298.0,357,108,251.77999999999997,0.0,897.1000000000003,743.6399999999999,0.615600277923376,-153.46000000000038,0.13303954515672223,0.0,2,6.62,1,1,,,,,,,,,1
1761,0,22,1341.1399999999999,2.9737028824833702,571.0,361,102,256.29,0.0,168.71,1172.4299999999998,0.39492521287859594,1003.7199999999998,0.16043895507158376,0.0,1,504.32000000000005,1,0,,,,,,,,,1
1493,0,22,879.87,3.2953932584269663,25970.0,218,71,189.25,3.0,620.8100000000001,259.06000000000006,0.6525282143953085,-361.75,0.1770147410954804,0.13636363636363635,1,63.26,1,1,,,,,,,,,1
2210,8,33,1715.1800000000003,3.3896837944664036,774.0,426,101,273.86,0.0,474.4800000000001,1240.6999999999998,0.5127100362644152,766.2199999999998,0.13768451112094274,0.0,3,12.79,1,1,,,,,,,,,1
662,1,34,1248.5700000000002,3.61904347826087,458.0,188,66,209.93,2.0,477.16999999999985,771.4,0.7464779707985935,294.23000000000013,0.14393555022283167,0.058823529411764705,1,133.16,1,1,,,,,,,,,1
439,0,34,511.43000000000006,3.1765838509316775,186.0,109,49,40.26,0.0,436.74000000000007,74.69,0.3536749897346655,-362.05000000000007,0.0729757653754826,0.0,1,56.78,1,1,,,,,,,,,1
2441,0,87,1051.32,1.9987072243346007,637.0,285,108,383.27,61.0,473.81999999999994,577.5,0.653825666780809,103.68000000000006,0.2671634404254874,0.7011494252873564,3,172.24,1,0,,,,,,,,,1
1010,1,73,2010.6000000000001,2.89294964028777,218474.0,439,103,260.49999999999994,0.0,531.46,1479.14,0.48928180642594254,947.6800000000001,0.11470212672273346,0.0,1,475.7900000000001,1,0,,,,,,,,,1
151,0,45,1071.6800000000003,2.912173913043479,55903.0,250,91,333.72,18.0,896.2100000000002,175.47000000000003,0.4623674977605253,-720.7400000000001,0.23745552867511024,0.4,1,154.45999999999998,1,1,,,,,,,,,1
1856,0,399,4112.410000000002,2.267039691289968,11360.0,1200,184,801.8700000000001,114.0,1837.4700000000007,2274.9400000000005,0.5636573201601979,437.4699999999998,0.16317141066443097,0.2857142857142857,6,549.1200000000001,1,1,,,,,,,,,1
2412,0,246,11156.410000000007,3.0716987885462577,5701.0,1531,191,3062.02,16.0,3924.8300000000013,7231.580000000005,0.5936927739299648,3306.750000000004,0.21535570382946628,0.06504065040650407,7,1607.37,1,1,,,,,,,,,1
511,0,312,4486.160000000002,3.2021127765881525,227534.0,565,112,1026.9499999999998,11.0,2012.4400000000003,2473.7200000000003,0.44574870267667666,461.28,0.18627417192836704,0.035256410256410256,5,939.3700000000001,1,0,,,,,,,,,1
759,0,32,901.9800000000001,3.279927272727273,295.0,196,81,59.03999999999999,0.0,626.67,275.31,0.5470631277855383,-351.35999999999996,0.061434725604045684,0.0,1,372.10999999999996,1,0,,,,,,,,,1
2240,0,188,4758.470000000002,3.1871868720696597,9673.0,777,130,877.2400000000001,15.0,2345.540000000001,2412.9299999999994,0.4916286117176316,67.38999999999851,0.15565740607660788,0.0797872340425532,9,654.7299999999999,1,1,,,,,,,,,1
1943,0,187,4567.450000000002,2.896290424857325,113605.0,888,139,755.66,5.0,2694.7300000000014,1872.7200000000003,0.4383890354574214,-822.0100000000011,0.14195836644367668,0.026737967914438502,10,549.1299999999999,1,1,,,,,,,,,1
1073,0,100,2468.3900000000003,2.9956189320388353,97110.0,513,132,292.66,2.0,821.7399999999999,1646.65,0.6067031546878733,824.9100000000002,0.10599590735408632,0.02,5,545.6899999999999,1,0,,,,,,,,,1
1575,0,43,1301.5100000000002,2.126650326797386,8334.0,395,120,280.40999999999997,2.0,83.52000000000001,1217.99,0.5000422586073099,1134.47,0.1772592798624456,0.046511627906976744,1,340.9799999999999,1,0,,,,,,,,,1
2288,1,150,1996.9099999999999,3.159667721518987,12862.0,467,132,405.8300000000001,7.0,1271.8200000000002,725.0899999999999,0.4782438868051139,-546.7300000000002,0.168903002405587,0.04666666666666667,4,96.14999999999999,1,1,,,,,,,,,1
1501,0,170,7178.150000000003,3.7680577427821538,722724.0,870,164,930.5200000000001,1.0,2789.0100000000016,4389.140000000001,0.3949792077345832,1600.1299999999997,0.1147561807300087,0.0058823529411764705,3,1312.5800000000004,1,0,,,,,,,,,1
1605,0,54,640.8900000000001,1.841637931034483,393.0,300,102,254.57999999999996,81.0,366.19,274.7,0.6529357612070714,-91.49000000000001,0.2842976314114375,1.5,1,88.33000000000001,1,1,,,,,,,,,1
2159,0,101,1803.8200000000002,3.719216494845361,41974.0,276,72,346.16,0.0,608.1199999999999,1195.6999999999998,0.31266423479061095,587.5799999999999,0.16100614889440834,0.0,1,215.13,1,1,,,,,,,,,1
663,0,88,2692.6299999999997,2.5024442379182155,32538.0,694,136,746.59,20.0,901.6199999999999,1791.01,0.5382878449694164,889.3900000000001,0.21708119864387856,0.22727272727272727,5,506.8999999999999,1,0,,,,,,,,,1
1981,0,85,1190.35,2.532659574468085,634.0,298,96,412.61,10.0,559.73,630.62,0.5098164405426976,70.88999999999999,0.2574050506562859,0.11764705882352941,1,260.33000000000004,1,0,,,,,,,,,1
140,1,137,1685.8399999999997,2.4610802919708026,910.0,405,101,341.82000000000005,3.0,983.4399999999998,702.3999999999999,0.7306802543539126,-281.03999999999996,0.1685785585354547,0.021897810218978103,3,34.8,1,1,,,,,,,,,1
1125,0,76,652.9000000000001,2.298943661971831,7862.0,211,97,100.41000000000003,0.0,119.14999999999996,533.7500000000001,0.4147342625210597,414.60000000000014,0.13329173912466316,0.0,1,38.2,1,1,,,,,,,,,1
1703,0,178,3564.9500000000016,3.0469658119658134,1836.0,686,130,561.1200000000001,3.0,627.41,2937.540000000001,0.5536627442180111,2310.130000000001,0.135993814937701,0.016853932584269662,5,1083.9300000000003,1,0,,,,,,,,,1
196,0,175,4966.600000000002,2.447806801379991,51868.0,1056,149,1224.3500000000004,33.0,2241.3200000000006,2725.28,0.5096846937542782,483.9599999999996,0.1977644787956614,0.18857142857142858,5,294.59000000000003,1,1,,,,,,,,,1
1447,0,34,453.77,3.361259259259259,7506.0,119,58,61.56,4.0,37.16,416.61,0.5490005950150958,379.45000000000005,0.11945743504162383,0.11764705882352941,1,151.18,1,0,,,,,,,,,1
495,0,67,2923.38,3.435229142185664,1274.0,595,140,1009.7199999999999,5.0,1222.09,1701.29,0.5454473930860851,479.20000000000005,0.25672370394853933,0.07462686567164178,6,127.13999999999999,1,1,,,,,,,,,1
661,0,326,7322.180000000006,4.833122112211225,1880.0,573,120,686.8199999999999,2.0,2944.490000000001,4377.690000000002,0.43552056901086794,1433.2000000000012,0.08575602447246841,0.006134969325153374,5,949.1299999999999,1,1,45-54,U,50-74K,Homeowner,Unknown,1,None/Unknown,661.0,1
2198,0,325,5601.390000000003,2.709912917271409,228055.0,973,170,914.9699999999998,54.0,1798.3100000000004,3803.080000000002,0.5194407102522764,2004.7700000000018,0.14041121116697045,0.16615384615384615,3,1604.4900000000005,1,0,35-44,B,25-34K,Unknown,Single Female,1,None/Unknown,2198.0,1
1829,0,293,6028.270000000002,3.8593277848911667,287484.0,625,143,837.9599999999999,10.0,2517.9800000000014,3510.290000000001,0.5274946211765563,992.3099999999995,0.12204077055385555,0.034129692832764506,3,590.2800000000001,1,1,65+,A,75-99K,Homeowner,Single Female,2,None/Unknown,1829.0,1
786,1,181,5952.310000000001,3.493139671361503,1869.0,735,152,614.92,0.0,2542.08,3410.2300000000005,0.6453360124052678,868.1500000000005,0.09363460698041637,0.0,6,1481.7600000000002,1,0,19-24,U,75-99K,Homeowner,2 Adults No Kids,2,None/Unknown,786.0,1
413,0,259,5417.870000000003,3.9259927536231904,531374.0,500,140,515.5,3.0,1869.7800000000004,3548.090000000001,0.30335353192306186,1678.3100000000006,0.08688148556385322,0.011583011583011582,8,545.91,1,1,45-54,U,100-124K,Unknown,Unknown,1,None/Unknown,413.0,1
113,0,192,12911.040000000012,3.5074816625916903,985256.0,1732,206,1950.15,68.0,5740.500000000003,7170.540000000003,0.4701069782139933,1430.04,0.13122435013615993,0.3541666666666667,9,2413.910000000001,1,0,35-44,A,125-149K,Homeowner,2 Adults Kids,4,2,113.0,1
1326,0,335,7206.840000000001,3.498466019417476,351968.0,1147,171,1311.9600000000003,12.0,1264.64,5942.200000000002,0.48586065460035177,4677.560000000001,0.15400760670516975,0.03582089552238806,6,1624.37,1,0,45-54,U,Under 15K,Homeowner,Single Male,1,None/Unknown,1326.0,1
1300,1,59,1675.8400000000006,3.0693040293040306,95489.0,382,124,328.59,13.0,245.54,1430.3000000000004,0.4767638915409583,1184.7600000000004,0.16393189086174118,0.22033898305084745,1,1283.8100000000004,1,0,45-54,A,50-74K,Homeowner,2 Adults Kids,4,2,1300.0,1
2147,0,72,4750.799999999999,2.2698518872431914,65299.0,956,146,1008.9999999999998,9.0,1350.57,3400.23,0.5164330218068536,2049.66,0.17517969373936593,0.125,4,955.2099999999999,1,0,25-34,A,75-99K,Homeowner,2 Adults Kids,3,1,2147.0,1
1823,0,296,10212.410000000005,3.2420349206349224,672157.0,1242,170,1985.5599999999995,158.0,3735.9400000000014,6476.470000000003,0.4633176693846016,2740.5300000000016,0.16277790484810167,0.5337837837837838,6,2056.440000000001,1,0,45-54,A,75-99K,Homeowner,2 Adults No Kids,2,None/Unknown,1823.0,1
1937,0,136,5828.300000000003,2.213558678313712,26489.0,1172,177,965.3099999999995,34.0,2487.3100000000013,3340.9900000000007,0.5819621501981707,853.6799999999994,0.14209087657372135,0.25,4,914.1399999999999,1,0,45-54,A,50-74K,Homeowner,2 Adults No Kids,2,None/Unknown,1937.0,1
2499,0,81,2688.4600000000005,2.960859030837005,143109.0,600,133,375.50000000000006,0.0,1026.82,1661.6399999999999,0.5404209101121086,634.8199999999999,0.12255381924046006,0.0,2,705.61,1,0,25-34,U,Under 15K,Unknown,2 Adults Kids,3,1,2499.0,1
878,1,163,5107.980000000002,2.3813426573426586,44163.0,990,146,1269.4899999999998,1.0,2541.4400000000005,2566.5400000000004,0.5994815954643516,25.09999999999991,0.19905856083995682,0.006134969325153374,7,872.7399999999998,1,0,25-34,U,35-49K,Unknown,1 Adult Kids,3,2,878.0,1
569,0,92,6013.310000000003,4.068545331529095,66608.0,858,174,455.94000000000005,5.0,3689.780000000001,2323.530000000001,0.4231446574349234,-1366.25,0.07047803068361863,0.05434782608695652,6,735.8800000000003,1,1,35-44,A,250K+,Homeowner,2 Adults Kids,3,1,569.0,1
1609,0,355,24180.26999999999,4.181267508213728,1879995.0,1474,200,2188.7699999999995,95.0,9890.62000000001,14289.65,0.44630601726118113,4399.02999999999,0.08300529712116939,0.2676056338028169,3,3679.4100000000017,1,0,45-54,A,125-149K,Homeowner,2 Adults Kids,5+,3+,1609.0,1
696,0,273,12287.270000000008,3.784191561441333,748761.0,1567,206,2105.7399999999993,62.0,4147.5300000000025,8139.740000000007,0.5032851072695561,3992.2100000000046,0.14630296234074722,0.2271062271062271,2,2428.26,1,0,35-44,U,50-74K,Homeowner,2 Adults No Kids,2,None/Unknown,696.0,1
2312,0,271,12225.34000000001,3.6990438729198214,5201.0,1392,197,2146.5699999999997,11.0,5459.810000000003,6765.530000000003,0.4553370294813884,1305.7200000000003,0.14935871432537487,0.04059040590405904,6,2457.4700000000016,1,0,45-54,A,250K+,Homeowner,2 Adults No Kids,2,None/Unknown,2312.0,1
1944,0,151,8682.130000000006,3.635732830820773,590212.0,982,167,1112.4299999999996,62.0,3531.900000000002,5150.230000000003,0.48742762432720976,1618.3300000000013,0.11357631174856235,0.4105960264900662,10,2260.750000000001,1,0,25-34,U,125-149K,Homeowner,2 Adults Kids,4,2,1944.0,1
319,0,101,3648.210000000001,2.6551746724890837,220391.0,846,151,827.05,6.0,1608.5,2039.7100000000003,0.4795803969617976,431.21000000000026,0.184804905189866,0.0594059405940594,5,110.28999999999999,1,1,45-54,U,35-49K,Homeowner,1 Adult Kids,4,3+,319.0,1
1015,2,97,3384.7399999999993,2.305681198910081,19391.0,578,114,688.8,23.0,1661.1699999999998,1723.5700000000004,0.6464012006830658,62.400000000000546,0.1690912572357213,0.23711340206185566,5,422.98,1,1,45-54,U,50-74K,Homeowner,Unknown,1,None/Unknown,1015.0,1
2183,0,144,3439.8600000000006,3.940274914089348,354912.0,525,129,804.7499999999999,7.0,859.2099999999999,2580.6500000000005,0.3427145290796718,1721.4400000000005,0.1895933902054605,0.04861111111111111,5,653.26,1,0,65+,A,25-34K,Homeowner,2 Adults No Kids,2,None/Unknown,2183.0,1
78,0,175,1984.61,2.4410947109471093,1253.0,334,89,321.85999999999996,0.0,511.57000000000005,1473.04,0.6728626783095925,961.4699999999999,0.13954657983845442,0.0,5,520.5300000000001,1,0,55-64,U,25-34K,Unknown,Single Male,1,None/Unknown,78.0,1
1437,0,94,4352.040000000001,2.1270967741935487,3507.0,1191,157,1252.8899999999999,111.0,2255.7200000000003,2096.3200000000006,0.6325378443212838,-159.39999999999964,0.22353356776980263,1.1808510638297873,5,423.52,1,1,25-34,A,15-24K,Homeowner,1 Adult Kids,3,1,1437.0,1
718,0,560,17493.220000000005,2.820122521360633,868890.0,2593,216,3790.18,277.0,7626.7500000000055,9866.470000000007,0.5158489974973162,2239.720000000001,0.17808150953325122,0.49464285714285716,12,1806.640000000001,1,1,45-54,A,25-34K,Homeowner,2 Adults Kids,5+,3+,718.0,1
2162,0,143,11499.550000000003,6.179231595916176,578687.0,834,165,1233.2999999999997,136.0,3811.490000000001,7688.060000000005,0.40551499841298133,3876.570000000004,0.0968596975539647,0.951048951048951,7,2423.8999999999996,1,0,45-54,U,75-99K,Homeowner,Unknown,1,None/Unknown,2162.0,1
2378,0,129,6434.660000000003,2.95167889908257,36113.0,1044,176,1417.8899999999996,14.0,932.96,5501.700000000003,0.5581304995135715,4568.7400000000025,0.18056427529910657,0.10852713178294573,7,1876.4200000000005,1,0,25-34,A,50-74K,Unknown,2 Adults Kids,5+,3+,2378.0,1
2455,0,88,4467.460000000003,4.512585858585862,38783.0,650,150,676.13,9.0,1022.4700000000001,3444.990000000001,0.5761461770222898,2422.520000000001,0.13145099045608216,0.10227272727272728,6,871.5699999999999,1,0,45-54,B,25-34K,Homeowner,2 Adults No Kids,2,None/Unknown,2455.0,1
802,3,54,2003.1300000000003,3.758217636022515,731.0,316,107,235.79999999999995,2.0,1223.3399999999997,779.79,0.5003669257611837,-443.5499999999997,0.10531816537363826,0.037037037037037035,3,151.3,1,1,65+,U,35-49K,Homeowner,2 Adults No Kids,2,None/Unknown,802.0,1
2069,1,81,1717.79,2.961706896551724,3201.0,454,128,256.98999999999995,3.0,858.8199999999999,858.97,0.4814732883530583,0.15000000000009095,0.13013601515105477,0.037037037037037035,3,350.3800000000001,1,0,35-44,U,15-24K,Unknown,Single Female,1,None/Unknown,2069.0,1
1488,0,64,2520.4500000000007,2.5305722891566274,28362.0,651,141,637.02,24.0,830.2200000000001,1690.2300000000002,0.5192326767045566,860.0100000000001,0.20175013539321032,0.375,4,726.47,1,0,25-34,A,50-74K,Probable Owner,Single Female,2,None/Unknown,1488.0,1
1979,0,89,999.0899999999998,3.0836111111111104,26050.0,183,77,240.68,10.0,548.8699999999999,450.22,0.4861223713579358,-98.64999999999986,0.19413278269356418,0.11235955056179775,3,147.58,1,0,45-54,U,150-174K,Unknown,2 Adults Kids,3,1,1979.0,1
85,0,251,4068.450000000001,2.6660878112712982,132889.0,854,155,818.1300000000001,3.0,2296.4700000000003,1771.9800000000007,0.4838599466627339,-524.4899999999996,0.16742384244195324,0.01195219123505976,8,628.04,1,0,25-34,U,35-49K,Unknown,Single Male,1,None/Unknown,85.0,1
257,1,108,2374.8199999999997,2.4012335692618803,16069.0,533,115,614.14,1.0,966.52,1408.3,0.4825292022132205,441.78,0.20546946094962798,0.009259259259259259,3,315.17,1,1,25-34,U,25-34K,Unknown,1 Adult Kids,3,2,257.0,1
1965,0,148,3743.2900000000013,4.20122334455668,554690.0,573,126,601.5000000000002,27.0,1398.51,2344.7800000000007,0.3714005594009546,946.2700000000007,0.1384416738208291,0.18243243243243243,7,399.4,1,1,25-34,A,50-74K,Homeowner,2 Adults Kids,3,1,1965.0,1
49,0,96,5242.300000000002,3.7364932287954398,384725.0,915,155,1159.4499999999998,10.0,1352.6400000000003,3889.660000000001,0.5208935009442418,2537.020000000001,0.18111453899324395,0.10416666666666667,4,1202.73,1,0,35-44,A,35-49K,Homeowner,2 Adults No Kids,2,None/Unknown,49.0,1
1892,1,286,5150.51,2.8677672605790647,131656.0,927,161,1183.3100000000002,3.0,2098.82,3051.6899999999996,0.45256877474269536,952.8699999999994,0.18682406509815563,0.01048951048951049,6,381.7,1,1,35-44,A,35-49K,Homeowner,2 Adults Kids,3,1,1892.0,1
1517,0,118,3284.7400000000007,2.6511218724778054,39399.0,723,134,1092.79,18.0,1106.81,2177.9300000000003,0.6466447877153135,1071.1200000000003,0.24963621037434347,0.15254237288135594,5,586.3,1,0,45-54,A,50-74K,Homeowner,2 Adults Kids,4,2,1517.0,1
732,1,91,3324.87,2.5894626168224297,82285.0,678,132,1057.06,15.0,1422.0199999999998,1902.8500000000004,0.6731270696297901,480.8300000000006,0.24123160342588765,0.16483516483516483,7,642.95,1,0,55-64,A,75-99K,Homeowner,2 Adults Kids,4,2,732.0,1
428,0,93,3338.1400000000003,2.14120590121873,2034.0,830,121,702.9200000000001,3.0,1579.5000000000005,1758.64,0.8015182107401126,179.13999999999965,0.1739444601169,0.03225806451612903,4,23.29,1,1,19-24,U,50-74K,Probable Owner,2 Adults No Kids,2,None/Unknown,428.0,1
2446,2,170,5863.770000000002,4.428829305135953,769077.0,763,145,965.6700000000001,30.0,2780.600000000001,3083.17,0.3798170801378634,302.56999999999925,0.14139812341861116,0.17647058823529413,4,592.01,1,1,35-44,U,125-149K,Homeowner,2 Adults No Kids,2,None/Unknown,2446.0,1
381,2,81,2595.8200000000015,2.8462938596491245,1074.0,655,153,411.32,13.0,1357.8800000000006,1237.94,0.4822406792458642,-119.94000000000051,0.136781127583019,0.16049382716049382,5,524.97,1,0,25-34,B,35-49K,Homeowner,1 Adult Kids,2,1,381.0,1
67,0,171,7172.820000000003,3.4601157742402333,255170.0,1019,177,1907.2900000000002,192.0,3244.3500000000013,3928.4700000000007,0.5660437596370743,684.1199999999994,0.21005142008191524,1.1228070175438596,5,2446.0800000000013,1,0,45-54,A,Under 15K,Homeowner,2 Adults Kids,5+,3+,67.0,1
2347,1,69,2317.830000000001,4.080686619718311,108078.0,392,122,501.81,7.0,254.28,2063.55,0.5860611002532539,1809.2700000000002,0.1779695280248542,0.10144927536231885,1,914.72,1,0,45-54,U,35-49K,Unknown,2 Adults No Kids,2,None/Unknown,2347.0,1
2282,1,63,871.29,1.9847152619589976,469.0,264,94,92.22,10.0,334.63999999999993,536.65,0.4174499879489034,202.01000000000005,0.09571255098545942,0.15873015873015872,2,232.58999999999997,1,0,55-64,B,175-199K,Homeowner,Single Female,1,None/Unknown,2282.0,1
1120,1,83,1678.7200000000003,2.594621329211747,16187.0,473,121,306.46000000000004,5.0,930.2800000000002,748.4400000000002,0.6319398112847883,-181.84000000000003,0.1543739106781249,0.060240963855421686,1,59.120000000000005,1,1,35-44,B,Under 15K,Renter,2 Adults Kids,4,2,1120.0,1
1841,0,28,2062.9500000000003,3.139954337899544,884.0,360,103,258.79,9.0,840.12,1222.83,0.6147604159092561,382.7099999999999,0.11146381593115508,0.32142857142857145,1,338.83,1,0,45-54,B,35-49K,Homeowner,2 Adults No Kids,2,None/Unknown,1841.0,1
1985,0,133,7131.250000000003,3.335477081384473,2742.0,1133,166,1018.6199999999998,25.0,2162.5600000000004,4968.690000000002,0.5490285714285712,2806.130000000002,0.12498604272215379,0.18796992481203006,10,1474.1100000000001,1,0,25-34,U,50-74K,Unknown,Unknown,5+,3+,1985.0,1
1222,0,158,5412.830000000003,2.9258540540540556,2503.0,1013,170,1132.19,27.0,2761.5400000000013,2651.2900000000004,0.5619204741327547,-110.25000000000091,0.1729849565012788,0.17088607594936708,5,420.56000000000006,1,1,45-54,U,15-24K,Homeowner,Single Female,1,None/Unknown,1222.0,1
1509,0,181,5589.690000000002,4.422223101265825,533694.0,594,156,581.06,6.0,2373.190000000001,3216.5000000000014,0.46018294395574705,843.3100000000004,0.09416359437669647,0.03314917127071823,2,863.1399999999999,1,0,45-54,A,50-74K,Homeowner,2 Adults No Kids,2,None/Unknown,1509.0,1
300,0,98,4711.100000000001,3.242326221610462,1978.0,944,143,843.9300000000002,3.0,3168.960000000001,1542.1399999999999,0.5731315404045764,-1626.820000000001,0.15192177179961222,0.030612244897959183,6,263.21,1,1,55-64,A,Under 15K,Unknown,Single Female,2,None/Unknown,300.0,1
387,0,121,4848.580000000001,3.6815337889141997,1634.0,840,172,711.49,28.0,1820.9100000000003,3027.670000000001,0.5075712889134549,1206.7600000000007,0.1279642162778526,0.23140495867768596,3,848.6700000000001,1,0,25-34,B,50-74K,Homeowner,Single Female,1,None/Unknown,387.0,1
2181,1,45,1999.1000000000008,3.4766956521739143,714.0,492,140,291.59,7.0,387.4599999999999,1611.6400000000008,0.5738282227002148,1224.1800000000007,0.1272935229123102,0.15555555555555556,1,1075.3500000000001,1,0,55-64,A,100-124K,Homeowner,2 Adults Kids,3,1,2181.0,1
1595,1,123,4966.280000000002,3.8951215686274523,314008.0,705,136,586.3599999999999,3.0,3009.8600000000006,1956.4200000000003,0.44286065223869764,-1053.4400000000003,0.1056002189949285,0.024390243902439025,3,677.7900000000001,1,1,45-54,U,50-74K,Homeowner,Single Male,1,None/Unknown,1595.0,1
249,0,127,2701.0100000000007,2.5481226415094347,18237.0,565,141,515.56,18.0,971.34,1729.6699999999998,0.4600686409898518,758.3299999999998,0.16028253698815814,0.14173228346456693,3,122.21999999999998,1,1,35-44,A,Under 15K,Renter,Unknown,3,1,249.0,1
960,0,97,2223.5400000000004,3.900947368421053,757.0,308,111,208.97999999999996,1.0,1128.16,1095.38,0.6876242388263758,-32.77999999999997,0.0859109072073405,0.010309278350515464,5,223.95000000000002,1,1,35-44,A,125-149K,Homeowner,2 Adults Kids,5+,3+,960.0,1
2359,1,160,2666.67,3.3755316455696205,171530.0,425,116,509.34,10.0,1177.0200000000004,1489.6499999999999,0.47308065864917676,312.6299999999994,0.16037103157735647,0.0625,4,139.60000000000002,1,1,45-54,A,25-34K,Homeowner,2 Adults No Kids,2,None/Unknown,2359.0,1
1524,0,51,2341.1300000000006,3.1551617250673862,184972.0,437,129,503.4100000000001,52.0,721.32,1619.81,0.46380166842507664,898.4899999999999,0.17697413290022285,1.0196078431372548,1,459.68000000000006,1,0,45-54,A,35-49K,Homeowner,2 Adults No Kids,2,None/Unknown,1524.0,1
2057,1,107,2660.4999999999995,3.178614097968936,253999.0,602,132,637.62,11.0,909.0599999999998,1751.44,0.503431685773351,842.3800000000002,0.19332832037645692,0.102803738317757,2,489.94999999999993,1,0,35-44,A,35-49K,Homeowner,2 Adults No Kids,2,None/Unknown,2057.0,1
941,2,95,1702.9,3.352165354330709,69951.0,402,125,211.12,1.0,786.5500000000002,916.3500000000001,0.48477303423571544,129.79999999999995,0.11030187772332578,0.010526315789473684,5,503.16,1,0,19-24,A,200-249K,Unknown,2 Adults No Kids,2,None/Unknown,941.0,1
2234,0,152,6410.390000000001,4.093480204342274,284191.0,768,147,1077.3199999999997,17.0,2788.6200000000003,3621.7700000000004,0.4038771432003356,833.1500000000001,0.14387843546291185,0.1118421052631579,3,1561.1800000000003,1,0,65+,A,Under 15K,Homeowner,2 Adults No Kids,2,None/Unknown,2234.0,1
1069,0,50,3088.5699999999997,4.24837689133425,1294.0,463,108,642.86,1.0,1237.54,1851.0300000000002,0.4539349925693768,613.4900000000002,0.17228247615525416,0.02,7,344.7,1,1,25-34,U,35-49K,Unknown,2 Adults No Kids,2,None/Unknown,1069.0,1
797,0,87,2854.6,4.119191919191919,794.0,511,149,227.18,1.0,1267.93,1586.6699999999998,0.5912527149162754,318.7399999999998,0.07371713749845869,0.011494252873563218,5,204.96999999999997,1,1,25-34,U,75-99K,Homeowner,2 Adults No Kids,2,None/Unknown,797.0,1
1566,0,239,7412.070000000003,4.349806338028171,390534.0,969,174,825.4799999999997,14.0,235.9,7176.170000000004,0.5285689422792822,6940.270000000004,0.1002094069231749,0.058577405857740586,4,3155.640000000001,1,0,35-44,U,75-99K,Homeowner,2 Adults No Kids,2,None/Unknown,1566.0,1
1980,2,50,4069.200000000001,3.3825436408977567,110220.0,775,154,732.3399999999999,3.0,1795.73,2273.4700000000003,0.5611274943477832,477.74000000000024,0.15252189922399892,0.06,1,373.94999999999993,1,1,55-64,A,50-74K,Homeowner,Single Female,2,None/Unknown,1980.0,1
1820,1,74,4181.030000000001,3.1201716417910452,27992.0,739,142,440.4,2.0,579.8299999999999,3601.2000000000016,0.5785081666479313,3021.3700000000017,0.09529517919778076,0.02702702702702703,3,27.049999999999997,1,1,45-54,A,150-174K,Homeowner,2 Adults No Kids,2,None/Unknown,1820.0,1
1759,0,198,3286.6500000000005,2.1136012861736337,21727.0,939,153,849.7199999999999,2.0,940.1600000000001,2346.4900000000002,0.6572528258256887,1406.3300000000002,0.2054264971460483,0.010101010101010102,6,722.9699999999999,1,0,35-44,U,35-49K,Unknown,2 Adults Kids,5+,3+,1759.0,1
1814,4,45,3351.1900000000014,3.7696175478065257,11224.0,727,163,428.69999999999993,5.0,1560.4800000000007,1790.7100000000003,0.48588411877571824,230.22999999999956,0.11341599887827418,0.1111111111111111,2,756.6600000000002,1,0,65+,U,150-174K,Homeowner,2 Adults No Kids,2,None/Unknown,1814.0,1
1580,0,155,1332.9,1.3942468619246864,20671.0,457,121,311.49,1.0,61.879999999999995,1271.0200000000002,0.5668017105559309,1209.1400000000003,0.18942586612664877,0.0064516129032258064,2,438.1199999999999,1,0,19-24,B,50-74K,Unknown,2 Adults No Kids,2,None/Unknown,1580.0,1
2224,0,90,3530.000000000001,2.567272727272728,1478.0,725,135,883.36,2.0,1668.25,1861.7500000000005,0.6337478753541075,193.50000000000045,0.20015589029673533,0.022222222222222223,7,454.09999999999997,1,1,19-24,B,250K+,Homeowner,Single Male,1,None/Unknown,2224.0,1
242,0,71,4221.670000000001,2.887599179206567,1878.0,819,153,592.2900000000001,10.0,2178.83,2042.84,0.4706336591917415,-135.99,0.12303592053112197,0.14084507042253522,4,1010.1300000000001,1,0,45-54,A,75-99K,Homeowner,2 Adults Kids,5+,3+,242.0,1
1534,0,259,6863.980000000003,3.4771935157041556,605588.0,752,154,942.9699999999999,86.0,1925.4600000000003,4938.520000000002,0.5883510732840128,3013.060000000002,0.12078596635049532,0.33204633204633205,8,1585.7000000000003,1,0,25-34,A,75-99K,Renter,2 Adults Kids,3,1,1534.0,1
631,0,417,7774.350000000001,3.0838357794525986,706351.0,850,179,1337.5299999999997,15.0,3695.5200000000013,4078.829999999999,0.40572781004199693,383.3099999999977,0.14678968555336544,0.03597122302158273,5,1503.3700000000003,1,0,65+,A,100-124K,Homeowner,2 Adults Kids,3,1,631.0,1
469,1,142,6887.1600000000035,2.88286312264546,74554.0,1194,177,1134.21,109.0,3505.4400000000014,3381.720000000001,0.5383205849726156,-123.72000000000025,0.1413985391522894,0.7676056338028169,4,861.3300000000002,1,1,45-54,U,75-99K,Probable Owner,Single Female,1,None/Unknown,469.0,1
8,1,96,4387.35,2.8489285714285715,67794.0,1049,174,881.84,22.0,1656.93,2730.4200000000005,0.5447137793884692,1073.4900000000005,0.16735779123546501,0.22916666666666666,9,1147.6200000000008,1,0,25-34,U,25-34K,Unknown,2 Adults Kids,3,1,8.0,1
1188,0,104,2499.8100000000004,1.567278996865204,13568.0,909,141,885.9000000000001,6.0,1227.83,1271.98,0.6757593577111858,44.15000000000009,0.2616585590614672,0.057692307692307696,2,1222.4100000000003,1,0,45-54,U,35-49K,Renter,Unknown,1,None/Unknown,1188.0,1
2496,0,58,4010.9000000000005,2.9064492753623195,120773.0,727,138,1087.6,48.0,1581.56,2429.34,0.4199057568126852,847.7800000000002,0.213317642443856,0.8275862068965517,5,328.76,1,1,45-54,A,75-99K,Homeowner,Unknown,3,1,2496.0,1
771,0,433,6847.770000000003,2.0011016949152554,8882.0,1466,203,1704.57,13.0,1847.8000000000006,4999.970000000004,0.46476444156272756,3152.1700000000033,0.19931036418103107,0.03002309468822171,7,1143.2000000000003,1,0,45-54,U,50-74K,Homeowner,Unknown,1,None/Unknown,771.0,1
2231,0,81,3676.4700000000016,3.028393739703461,27877.0,850,173,514.6300000000001,84.0,2125.580000000001,1550.89,0.49212695874031326,-574.6900000000007,0.12279115268068046,1.037037037037037,3,723.79,1,0,35-44,A,200-249K,Homeowner,2 Adults No Kids,2,None/Unknown,2231.0,1
540,0,76,2417.4600000000005,3.4048732394366206,62838.0,409,128,323.89,5.0,423.72,1993.7400000000002,0.43851397748049603,1570.0200000000002,0.11814981669615333,0.06578947368421052,1,863.2700000000002,1,0,25-34,B,50-74K,Homeowner,Single Female,1,None/Unknown,540.0,1
2427,0,290,7371.400000000003,2.9485600000000014,539428.0,1148,166,1839.3899999999992,52.0,3065.320000000002,4306.080000000002,0.4870621591556554,1240.7599999999998,0.1996994828890897,0.1793103448275862,9,1354.5400000000006,1,0,35-44,A,50-74K,Homeowner,2 Adults Kids,3,1,2427.0,1
212,1,102,2829.88,2.5448561151079137,40683.0,814,162,428.61000000000007,4.0,1297.9100000000003,1531.9699999999998,0.5494367252321652,234.0599999999995,0.13153638648576488,0.0392156862745098,5,222.77999999999997,1,1,35-44,U,Under 15K,Unknown,Single Female,1,None/Unknown,212.0,1
567,0,227,2611.6700000000005,2.4920515267175576,25175.0,523,132,503.88000000000005,1.0,436.35,2175.32,0.4954952195338613,1738.9700000000003,0.16173067355683585,0.004405286343612335,3,523.2299999999999,1,0,19-24,U,25-34K,Unknown,Single Male,1,None/Unknown,567.0,1
2243,1,35,3244.5600000000004,3.3762330905306976,1306.0,458,119,663.6099999999999,2.0,622.1599999999999,2622.4,0.4901743225583745,2000.2400000000002,0.16980069956015217,0.05714285714285714,2,775.1500000000002,1,0,45-54,A,50-74K,Homeowner,2 Adults No Kids,2,None/Unknown,2243.0,1
2421,1,64,7108.710000000005,2.654484690067216,3194.0,1431,162,1517.5899999999997,64.0,3946.5200000000023,3162.1900000000005,0.5618895692748752,-784.3300000000017,0.17592594739343623,1.0,6,1641.0500000000002,1,0,45-54,A,150-174K,Homeowner,2 Adults Kids,5+,3+,2421.0,1
2102,0,86,2682.3200000000006,3.524730617608411,931.0,429,126,531.0100000000001,3.0,706.6299999999999,1975.6900000000005,0.4239352500820183,1269.0600000000006,0.16525224611228848,0.03488372093023256,3,937.44,1,0,55-64,A,175-199K,Homeowner,2 Adults No Kids,2,None/Unknown,2102.0,1
2100,2,61,2681.73,2.2823234042553193,22960.0,574,114,1124.93,21.0,972.3300000000003,1709.4,0.5357847359726743,737.0699999999998,0.29551627936301117,0.3442622950819672,3,503.58000000000004,1,0,65+,A,35-49K,Homeowner,2 Adults No Kids,2,None/Unknown,2100.0,1
20,0,325,6168.360000000001,3.6220551967116856,398503.0,417,109,704.9599999999999,29.0,1373.6000000000004,4794.76,0.507519016399821,3421.16,0.10256469944655565,0.08923076923076922,5,1317.75,1,0,25-34,A,75-99K,Renter,2 Adults No Kids,2,None/Unknown,20.0,1
1419,0,477,6751.010000000002,2.5915585412667954,68805.0,1175,170,2104.64,195.0,3285.430000000001,3465.5800000000013,0.6178734737468912,180.1500000000001,0.23766070248937113,0.4088050314465409,3,883.5600000000001,1,1,35-44,U,35-49K,Unknown,Single Female,1,None/Unknown,1419.0,1
2076,0,212,6908.3700000000035,3.0353119507908626,565300.0,869,160,933.9599999999998,32.0,3948.1200000000013,2960.2500000000023,0.4301636999755365,-987.869999999999,0.11909215756031681,0.1509433962264151,10,1389.5700000000004,1,0,25-34,A,100-124K,Homeowner,2 Adults Kids,3,1,2076.0,1
232,0,619,12359.780000000004,3.115649105117218,496924.0,1898,209,2210.1499999999996,52.0,7256.680000000001,5103.100000000003,0.5244098195922581,-2153.579999999998,0.15169256132321837,0.0840064620355412,5,335.79,1,1,35-44,U,35-49K,Unknown,2 Adults No Kids,2,None/Unknown,232.0,1
1779,3,103,3371.9800000000005,2.358027972027972,64308.0,831,141,1058.4699999999998,11.0,1077.36,2294.6200000000003,0.5794963196697488,1217.2600000000004,0.23890801160153025,0.10679611650485436,6,136.60000000000002,1,1,65+,A,75-99K,Homeowner,2 Adults No Kids,2,None/Unknown,1779.0,1
1166,0,370,10823.930000000006,3.3080470660146717,1180237.0,1697,183,2257.01,431.0,4583.870000000001,6240.060000000004,0.48692850009192573,1656.1900000000032,0.17254188154673894,1.164864864864865,10,1476.6900000000003,1,1,45-54,A,125-149K,Homeowner,2 Adults Kids,3,1,1166.0,1
2116,0,197,10956.520000000004,2.9155188930282074,477154.0,1955,202,1774.9399999999998,18.0,5405.630000000005,5550.890000000001,0.5030392861967122,145.25999999999658,0.13941370431985015,0.09137055837563451,5,1271.5700000000006,1,1,35-44,A,75-99K,Homeowner,2 Adults Kids,5+,3+,2116.0,1
58,0,237,9049.420000000002,3.5655713159968485,1054485.0,1252,182,1429.3899999999994,54.0,3844.920000000001,5204.500000000003,0.41567083857307985,1359.5800000000017,0.13640766461077158,0.22784810126582278,8,1317.6600000000008,1,1,25-34,A,150-174K,Homeowner,2 Adults Kids,4,2,58.0,1
1495,0,146,1548.9,1.5366071428571428,1106.0,520,98,234.41999999999996,0.0,633.8199999999999,915.08,0.5108593195170766,281.2600000000001,0.13145145010429982,0.0,1,230.95999999999998,1,0,,,,,,,,,1
1792,0,96,2654.75,2.8152173913043477,129817.0,451,112,528.5,2.0,2337.51,317.24,0.48304736792541686,-2020.2700000000002,0.16602528862012095,0.020833333333333332,1,485.5799999999999,1,0,,,,,,,,,1
1314,0,367,12539.39000000001,4.989808993235181,1265461.0,1632,216,1337.5499999999997,0.0,5479.180000000004,7060.210000000003,0.41192593898108254,1581.0299999999988,0.09638652325368552,0.0,8,1791.0100000000007,1,1,,,,,,,,,1
1584,0,271,6080.460000000003,4.0401727574750845,301364.0,744,148,729.1999999999999,2.0,2254.82,3825.6400000000017,0.5787637777404996,1570.8200000000015,0.1070831730218542,0.007380073800738007,5,1354.9200000000008,1,0,,,,,,,,,1
2042,7,27,4342.200000000001,4.3772177419354845,32827.0,558,124,808.2,25.0,1988.3500000000004,2353.8500000000004,0.5787504030215098,365.5,0.1569198508853681,0.9259259259259259,4,466.85,1,1,,,,,,,,,1
636,0,196,7593.350000000002,2.496170282708745,80332.0,1330,173,1972.75,16.0,1954.7500000000002,5638.600000000002,0.6230306781591788,3683.850000000002,0.2062230166943686,0.08163265306122448,8,1451.8200000000004,1,0,,,,,,,,,1
2286,2,24,945.53,3.7670517928286853,24439.0,209,95,112.78999999999998,0.0,713.77,231.76,0.37457299080938744,-482.01,0.10657457101821753,0.0,1,43.73,1,1,,,,,,,,,1
1839,0,76,1448.8799999999999,1.8363498098859314,896.0,247,55,174.99,25.0,435.8300000000001,1013.0499999999998,0.6403428855391752,577.2199999999998,0.10776108924975522,0.32894736842105265,1,315.27,1,0,,,,,,,,,1
1824,0,139,2631.44,3.028124280782509,1194.0,527,141,728.3299999999999,3.0,1072.02,1559.42,0.5356458821025748,487.4000000000001,0.2167797200403599,0.02158273381294964,3,485.6699999999999,1,0,,,,,,,,,1
2205,0,98,1780.1300000000003,2.373506666666667,31892.0,441,124,460.49999999999994,3.0,1292.7600000000002,487.37,0.45592175852325384,-805.3900000000002,0.2055225539245658,0.030612244897959183,4,198.63,1,1,,,,,,,,,1
1569,6,97,1216.22,2.006963696369637,715.0,405,105,247.05000000000004,1.0,785.94,430.28000000000003,0.5129664041045205,-355.66,0.16883418644542705,0.010309278350515464,2,129.37,1,1,,,,,,,,,1
1238,3,42,4359.580000000001,2.664779951100245,2196.0,835,146,1338.4999999999998,76.0,3154.2000000000007,1205.3799999999999,0.630046931126393,-1948.8200000000008,0.23490368685592333,1.8095238095238095,7,319.03,1,1,,,,,,,,,1
287,0,212,2447.73,2.803814432989691,95624.0,625,142,378.58,1.0,850.48,1597.25,0.5770938788183337,746.77,0.1339485052948898,0.0047169811320754715,8,781.5500000000001,1,0,,,,,,,,,1
1277,0,295,4978.76,3.002870928829916,36305.0,1022,178,965.5800000000002,15.0,2456.47,2522.2900000000004,0.5993199109818509,65.82000000000062,0.16243687272262355,0.05084745762711865,6,922.05,1,0,,,,,,,,,1
2350,21,38,1461.0,2.904572564612326,38745.0,365,96,342.78999999999996,6.0,898.57,562.43,0.5120876112251882,-336.1400000000001,0.19003875173939316,0.15789473684210525,3,454.64999999999986,1,0,,,,,,,,,1
1085,2,95,4313.39,2.584415817855003,220217.0,1066,153,795.0199999999999,1.0,1351.6899999999998,2961.7000000000007,0.524823862437665,1610.010000000001,0.15562963818487552,0.010526315789473684,5,492.61000000000007,1,1,,,,,,,,,1
2083,0,331,6887.840000000004,3.4629663147310223,313568.0,898,172,1103.4599999999998,81.0,3281.6000000000013,3606.2400000000016,0.4414330181885756,324.6400000000003,0.13808266489807658,0.24471299093655588,4,1420.5500000000002,1,0,,,,,,,,,1
2398,0,72,1984.1000000000004,3.015349544072949,854.0,391,110,400.56999999999994,20.0,849.8200000000002,1134.28,0.6564134872234261,284.4599999999998,0.16797712052401378,0.2777777777777778,1,51.00000000000001,1,1,,,,,,,,,1
1071,0,74,1752.7400000000002,1.837253668763103,1158.0,647,138,301.53999999999996,2.0,778.4000000000001,974.34,0.47409769846069577,195.93999999999994,0.14678622193663957,0.02702702702702703,3,299.55,1,0,,,,,,,,,1
566,15,142,1169.11,2.492771855010661,61223.0,327,108,210.46,3.0,827.75,341.36,0.4273079522029578,-486.39,0.1525547815623709,0.02112676056338028,1,48.97,1,1,,,,,,,,,1
1752,1,177,5693.440000000001,2.3802006688963218,24948.0,1107,149,1291.0,8.0,1632.8,4060.6400000000012,0.6056865445143883,2427.840000000001,0.18483944310495898,0.04519774011299435,8,900.3700000000001,1,0,,,,,,,,,1
769,0,42,1244.18,2.0429885057471266,7958.0,458,112,242.75999999999993,0.0,692.7900000000001,551.3900000000001,0.5950827050748284,-141.39999999999998,0.16326146313906406,0.0,1,299.44999999999993,1,0,,,,,,,,,1
604,0,47,1786.45,2.909527687296417,699.0,302,99,221.10999999999999,0.0,984.31,802.14,0.5621595902488175,-182.16999999999996,0.11013867580545537,0.0,1,525.2,1,0,,,,,,,,,1
1835,0,275,9411.580000000005,3.2656419153365737,680648.0,1186,197,1263.6599999999996,22.0,4017.3100000000018,5394.270000000003,0.4301945050671619,1376.9600000000014,0.11837298271514261,0.08,10,1584.13,1,0,,,,,,,,,1
1182,1,115,1799.3500000000001,3.0653321976149916,58855.0,448,110,260.80999999999995,1.0,1406.3700000000001,392.9800000000001,0.5770472670686635,-1013.3900000000001,0.12659696334265297,0.008695652173913044,3,167.03000000000003,1,1,,,,,,,,,1
1859,3,31,1514.9,4.231564245810056,524.0,287,92,166.79,1.0,811.68,703.22,0.33923691332761235,-108.45999999999992,0.09917999155611319,0.03225806451612903,1,276.38,1,0,,,,,,,,,1
594,0,94,2173.01,3.086661931818182,38165.0,535,122,699.9100000000001,5.0,1142.9900000000002,1030.02,0.48896691685726246,-112.97000000000025,0.24362321261991288,0.05319148936170213,3,248.38,1,1,,,,,,,,,1
1925,0,112,2953.270000000001,3.1087052631578955,112976.0,583,145,259.36,0.0,1989.0400000000004,964.23,0.38606019767918265,-1024.8100000000004,0.08073136340008029,0.0,2,65.92999999999999,1,1,,,,,,,,,1
132,0,87,2529.370000000001,2.7523068552774763,12368.0,536,119,436.38,0.0,1153.9200000000003,1375.4500000000003,0.46601327603316217,221.52999999999997,0.14713984658180895,0.0,6,345.87,1,1,,,,,,,,,1
965,2,49,1612.3400000000004,3.0711238095238103,770.0,402,95,390.12,5.0,747.96,864.3800000000003,0.4451604500291502,116.4200000000003,0.19482037094373916,0.10204081632653061,1,151.72999999999996,1,1,,,,,,,,,1
280,0,91,1982.77,3.9975201612903226,100488.0,343,106,529.98,0.0,875.5699999999997,1107.2000000000003,0.3451938449744549,231.63000000000056,0.21091632673365834,0.0,1,393.09,1,0,,,,,,,,,1
2485,2,73,1323.3400000000004,2.684259634888439,35267.0,405,129,207.3,0.0,856.1800000000002,467.16,0.5369066150800246,-389.02000000000015,0.13543354413839961,0.0,2,178.86,1,1,,,,,,,,,1
1836,0,84,2666.9400000000005,3.5370557029177725,103936.0,436,127,256.76,0.0,1684.5100000000002,982.4300000000001,0.6065715764134175,-702.0800000000002,0.08782022779354924,0.0,5,325.02,1,1,,,,,,,,,1
577,1,33,3672.900000000001,3.160843373493977,1336.0,720,169,435.0299999999999,21.0,1883.6000000000008,1789.3000000000002,0.5647717062811403,-94.30000000000064,0.10590005185093217,0.6363636363636364,1,726.6300000000001,1,0,,,,,,,,,1
1072,0,53,2331.35,1.8030549110595513,7040.0,729,131,546.08,0.0,943.3199999999999,1388.0300000000002,0.6488729705964356,444.71000000000026,0.18978046381666977,0.0,2,363.45000000000005,1,0,,,,,,,,,1
1940,3,64,2108.5699999999997,1.8146041308089498,1264.0,539,131,311.0,5.0,1178.55,930.0200000000001,0.4610992283870112,-248.52999999999986,0.12853523559971403,0.078125,2,284.1500000000001,1,1,,,,,,,,,1
2381,0,78,1738.7400000000002,1.8283280757097795,61448.0,427,113,485.12,14.0,687.2,1051.54,0.508442895430024,364.3399999999999,0.21814322844063924,0.1794871794871795,4,446.53999999999996,1,0,,,,,,,,,1
1860,2,56,726.1100000000001,2.7093656716417915,27428.0,206,86,169.08,3.0,495.74000000000007,230.36999999999998,0.47899078651994875,-265.3700000000001,0.18887610451412548,0.05357142857142857,1,27.31,1,1,,,,,,,,,1
345,0,152,4315.130000000001,2.017358578775129,2493.0,1130,156,1394.92,35.0,1247.4,3067.73,0.6118935003116939,1820.33,0.24429208150541584,0.23026315789473684,8,1425.9499999999998,1,0,,,,,,,,,1
1134,0,44,4357.280000000002,3.11456754824875,1817.0,976,176,639.7299999999999,6.0,1579.1000000000006,2778.180000000001,0.5182453273601877,1199.0800000000006,0.1280225574893786,0.13636363636363635,6,693.2500000000002,1,0,,,,,,,,,1
2358,3,71,2133.9900000000002,4.041647727272728,637.0,259,78,477.46000000000004,1.0,944.0200000000001,1189.97,0.36885833579351346,245.94999999999993,0.1828332918493557,0.014084507042253521,2,289.25999999999993,1,1,,,,,,,,,1
1746,0,47,2044.9000000000003,3.8222429906542064,16807.0,412,111,384.53000000000003,1.0,951.5200000000001,1093.38,0.37672746833585985,141.86,0.15827992574389876,0.02127659574468085,2,132.26,1,1,,,,,,,,,1
1039,0,68,4314.89,3.4685610932475885,1423.0,749,131,541.59,11.0,2102.2000000000007,2212.6900000000005,0.647047781055832,110.48999999999978,0.11151904259875466,0.16176470588235295,4,853.49,1,0,,,,,,,,,1
3,6,44,2554.98,2.936758620689655,8472.0,489,108,731.8700000000001,53.0,1603.0599999999997,951.9199999999997,0.6800875153621555,-651.14,0.22266607846418304,1.2045454545454546,3,98.22999999999999,1,1,,,,,,,,,1
1968,0,74,1835.9499999999998,2.4877371273712736,5907.0,393,112,366.46,0.0,723.5899999999999,1112.36,0.6499414472071681,388.77,0.16639045409347034,0.0,3,644.0200000000002,1,0,,,,,,,,,1
1826,0,88,1573.8100000000002,1.9871338383838386,1131.0,503,110,421.5900000000001,0.0,877.4000000000001,696.4100000000002,0.6544945069608149,-180.9899999999999,0.21128094617620527,0.0,1,420.66,1,0,,,,,,,,,1
408,0,52,2200.4800000000005,3.6858961474036858,751.0,456,119,341.52,18.0,836.9999999999999,1363.48,0.5876990474805496,526.4800000000001,0.13435090479937054,0.34615384615384615,4,270.51,1,1,,,,,,,,,1
1224,0,78,2056.2999999999997,1.9217757009345793,1205.0,662,126,412.74000000000007,1.0,1056.4399999999998,999.8599999999999,0.5221660263580218,-56.57999999999993,0.1671661860480187,0.01282051282051282,2,307.48000000000013,1,0,,,,,,,,,1
638,0,145,6973.110000000003,3.641310704960837,568486.0,925,174,945.2399999999998,12.0,2613.9300000000017,4359.180000000001,0.41888339636116434,1745.2499999999995,0.11937335429729672,0.08275862068965517,3,1066.18,1,0,,,,,,,,,1
2478,0,131,2900.460000000001,2.153273942093542,1602.0,578,122,496.1399999999999,3.0,1668.9999999999998,1231.46,0.6392813553712168,-437.53999999999974,0.1460695990107754,0.022900763358778626,4,453.96000000000004,1,0,,,,,,,,,1
1586,5,64,1907.8300000000002,3.8856008146639516,698.0,259,85,131.20999999999998,1.0,1019.7699999999998,888.06,0.6376930858619478,-131.7099999999998,0.06434890929064656,0.015625,5,329.38000000000005,1,0,,,,,,,,,1
669,0,101,8225.650000000005,4.192482161060146,66021.0,1084,169,862.15,4.0,4181.750000000001,4043.900000000001,0.49917392546485656,-137.8499999999999,0.09486894517925125,0.039603960396039604,5,938.5000000000002,1,1,,,,,,,,,1
2293,1,38,2069.330000000001,4.421645299145301,58194.0,385,104,235.83000000000004,0.0,336.5200000000001,1732.8100000000004,0.3686893825537733,1396.2900000000004,0.10230526297523815,0.0,1,393.62,1,0,,,,,,,,,1
1685,0,81,887.4,2.8082278481012657,404.0,278,93,145.45,2.0,425.78,461.6200000000001,0.6209488393058372,35.840000000000146,0.14082393377547564,0.024691358024691357,2,683.97,1,0,,,,,,,,,1
286,2,33,926.3699999999999,4.411285714285714,424.0,165,75,101.85,0.0,387.52,538.85,0.6630719906732732,151.33000000000004,0.09905467701464668,0.0,1,318.87,1,0,,,,,,,,,1
665,0,32,599.1400000000001,3.328555555555556,279.0,125,61,70.25,1.0,398.58000000000004,200.55999999999997,0.46399839770337475,-198.02000000000007,0.10494629438742735,0.03125,1,116.84,1,0,,,,,,,,,1
64,0,201,2948.3999999999996,2.848695652173913,1412.0,586,139,434.59999999999997,2.0,950.3399999999999,1998.0600000000002,0.4353412020078688,1047.7200000000003,0.12846585870529117,0.009950248756218905,4,969.4100000000001,1,0,,,,,,,,,1
29,6,59,1216.82,2.7655,622.0,311,79,277.0799999999999,2.0,933.93,282.89,0.7144524251738138,-651.04,0.18547426199879508,0.03389830508474576,5,126.21000000000001,1,1,,,,,,,,,1
1251,12,51,301.1,2.895192307692308,8066.0,80,39,85.17,1.0,190.60000000000002,110.5,0.7362338093656592,-80.10000000000002,0.2204934372330235,0.0196078431372549,1,24.67,1,1,,,,,,,,,1
2241,1,60,1303.6999999999998,2.3447841726618703,11273.0,398,105,397.43,5.0,373.6,930.1000000000001,0.6495205952289637,556.5000000000001,0.23362705966034344,0.08333333333333333,1,201.97,1,0,,,,,,,,,1
1065,3,44,4525.740000000001,3.1233540372670814,2080.0,948,128,1004.1400000000002,4.0,2053.9800000000005,2471.76,0.6000455174181459,417.77999999999975,0.1815844105116205,0.09090909090909091,5,641.4200000000001,1,1,,,,,,,,,1
396,0,95,1421.7600000000004,2.919425051334703,52454.0,280,99,259.05,16.0,419.99000000000007,1001.7700000000001,0.29836962637857295,581.78,0.1541221196922912,0.16842105263157894,3,368.9700000000001,1,0,,,,,,,,,1
2338,0,60,1690.2600000000002,2.6576415094339625,56995.0,493,145,284.46999999999997,10.0,541.22,1149.0400000000002,0.4786719202962857,607.8200000000002,0.14405513665159284,0.16666666666666666,1,421.28999999999996,1,0,,,,,,,,,1
2225,0,85,2881.4800000000005,3.085096359743041,53772.0,629,143,343.23,4.0,1200.27,1681.2100000000003,0.5581020864278078,480.9400000000003,0.10643747809880577,0.047058823529411764,4,470.59,1,0,,,,,,,,,1
1405,0,45,1767.3100000000004,3.5275648702594817,9157.0,427,137,310.04999999999995,6.0,750.71,1016.6000000000001,0.4037039342277246,265.8900000000001,0.14925193514845758,0.13333333333333333,2,713.57,1,0,,,,,,,,,1
348,0,91,2243.35,2.4200107874865155,11916.0,643,121,542.9799999999998,1.0,192.89000000000001,2050.4599999999996,0.4515033320703412,1857.5699999999995,0.19487282554471286,0.01098901098901099,1,718.48,1,0,,,,,,,,,1
2379,1,51,1113.09,3.0919166666666666,46939.0,265,104,238.65999999999997,0.0,484.96000000000004,628.13,0.4826923249692299,143.16999999999996,0.17655631588681336,0.0,2,210.25,1,0,,,,,,,,,1
1857,0,77,1732.8100000000002,3.077815275310835,90146.0,385,105,254.22000000000003,3.0,333.86,1398.95,0.5452819408936929,1065.0900000000001,0.12793968888240237,0.03896103896103896,1,22.490000000000002,1,1,,,,,,,,,1
600,0,125,4162.950000000003,3.916227657572909,259781.0,632,141,1133.78,105.0,998.6300000000003,3164.320000000001,0.4717760242135983,2165.6900000000005,0.21405282126897152,0.84,5,1357.35,1,0,,,,,,,,,1
749,9,73,1019.4300000000001,2.71848,13208.0,265,89,233.21999999999997,0.0,457.83,561.6,0.5576645772637652,103.77000000000004,0.18618129565321515,0.0,3,47.190000000000005,1,1,,,,,,,,,1
987,5,71,2185.37,3.1444172661870504,964.0,518,140,400.09000000000003,1.0,1277.5400000000002,907.83,0.5672082988235402,-369.71000000000015,0.15474615735691136,0.014084507042253521,3,149.16,1,1,,,,,,,,,1
2109,0,98,1996.4599999999998,2.6165923984272608,1018.0,340,85,384.69999999999993,1.0,463.88999999999993,1532.5700000000002,0.49420975125972977,1068.6800000000003,0.1615599119756757,0.01020408163265306,4,511.78,1,0,,,,,,,,,1
515,0,40,1561.6900000000003,2.5728006589785837,885.0,483,113,344.84,2.0,329.15,1232.5400000000002,0.6039931100282385,903.3900000000002,0.18087310454071007,0.05,3,265.03999999999996,1,0,,,,,,,,,1
369,2,28,938.33,2.9507232704402515,10570.0,270,87,124.85999999999999,0.0,260.76,677.57,0.3551948674773267,416.81000000000006,0.11743902783133775,0.0,1,96.61999999999998,1,1,,,,,,,,,1
1763,0,126,3080.2000000000007,4.457597684515196,959.0,430,127,435.5300000000001,1.0,360.05999999999995,2720.140000000001,0.4285955457437828,2360.080000000001,0.12388038899460424,0.007936507936507936,7,839.17,1,0,,,,,,,,,1
862,1,64,1606.77,2.642713815789474,841.0,381,115,283.27,1.0,297.45000000000005,1309.3200000000002,0.5338349608220218,1011.8700000000001,0.1498751349177795,0.015625,1,147.13,1,1,,,,,,,,,1
743,1,61,1685.2300000000002,2.6168167701863356,18924.0,384,100,337.4,2.0,620.84,1064.3899999999999,0.5386683123371883,443.54999999999984,0.16681251637719205,0.03278688524590164,2,303.74,1,0,,,,,,,,,1
2059,5,43,1839.1400000000003,3.249363957597174,914.0,418,136,426.39,0.0,976.1700000000003,862.97,0.3701458290287851,-113.20000000000027,0.1882076158779623,0.0,1,519.9799999999999,1,0,,,,,,,,,1
925,0,68,445.68,2.016651583710407,241.0,107,48,72.77000000000001,1.0,297.29,148.39,0.6625157063363848,-148.90000000000003,0.1403606905198187,0.014705882352941176,1,39.56,1,1,,,,,,,,,1
200,0,60,967.2700000000002,2.820029154518951,442.0,287,101,151.22,0.0,283.5499999999999,683.7200000000004,0.5747102670402263,400.17000000000047,0.13520013589750465,0.0,1,199.35999999999999,1,0,,,,,,,,,1
498,0,54,803.2700000000002,2.4122222222222227,367.0,266,99,126.85000000000001,0.0,15.77,787.5000000000002,0.5453210004108205,771.7300000000002,0.13638025201049325,0.0,1,100.91,1,1,,,,,,,,,1
1345,2,52,1243.93,2.8728175519630486,492.0,312,100,171.64000000000001,3.0,818.29,425.64000000000004,0.6361049255183169,-392.6499999999999,0.1212515099924412,0.057692307692307696,2,104.63,1,1,,,,,,,,,1
1336,0,104,5093.570000000001,2.6950105820105823,2554.0,806,129,1956.3500000000001,18.0,2240.73,2852.8399999999997,0.5663375589223274,612.1099999999997,0.27749960283237257,0.17307692307692307,7,941.6399999999999,1,0,,,,,,,,,1
705,0,80,1254.46,2.8253603603603605,615.0,257,72,247.35,0.0,501.71000000000004,752.7500000000001,0.4730800503802433,251.04000000000008,0.16470126047902198,0.0,3,131.47,1,1,,,,,,,,,1
1577,0,74,3650.930000000001,2.726609410007469,31926.0,792,149,649.9299999999998,2.0,1700.3500000000006,1950.5800000000004,0.6244655471345656,250.2299999999998,0.15111628837023286,0.02702702702702703,5,143.68,1,1,,,,,,,,,1
138,0,54,3165.87,3.2470461538461537,1618.0,675,154,690.78,13.0,1214.93,1950.9400000000005,0.5261776383742858,736.0100000000004,0.17911399789973165,0.24074074074074073,2,363.31999999999994,1,1,,,,,,,,,1
397,0,213,5282.180000000002,3.311711598746083,360480.0,802,146,787.0600000000001,26.0,2501.330000000001,2780.850000000001,0.44490910949645773,279.52,0.12968015764741544,0.12206572769953052,5,879.8100000000003,1,0,,,,,,,,,1
1978,1,84,1349.83,2.7105020080321283,64561.0,316,112,157.79000000000002,4.0,783.6499999999997,566.18,0.587422119822496,-217.4699999999998,0.10466165214045982,0.047619047619047616,6,109.84999999999997,1,1,,,,,,,,,1
1535,0,209,6717.970000000002,2.7319926799512007,40960.0,1105,161,1152.74,4.0,1776.1599999999999,4941.810000000002,0.4800140518638813,3165.6500000000024,0.14645946807848337,0.019138755980861243,6,1735.6799999999998,1,0,,,,,,,,,1
1966,0,108,4574.69,2.253541871921182,10566.0,1098,173,861.4200000000001,6.0,1535.6500000000003,3039.04,0.4894451864497922,1503.3899999999996,0.1584625771001691,0.05555555555555555,7,733.2000000000002,1,0,,,,,,,,,1
850,0,88,1023.1200000000001,2.205,5882.0,327,100,185.25,1.0,294.47,728.6500000000001,0.4689967941199469,434.18000000000006,0.1533056927927704,0.011363636363636364,3,229.78999999999996,1,0,,,,,,,,,1
72,0,102,6212.240000000003,2.497885002010456,132621.0,998,168,988.4499999999999,7.0,2173.3399999999997,4038.9000000000024,0.571381659433634,1865.5600000000027,0.13727156703038174,0.06862745098039216,6,261.19,1,1,,,,,,,,,1
1889,4,39,1600.2700000000002,3.3269646569646576,37022.0,354,124,261.78000000000003,18.0,842.6100000000001,757.6600000000001,0.48244358764458495,-84.95000000000005,0.14058698746005746,0.46153846153846156,2,203.53000000000003,1,1,,,,,,,,,1
1403,4,149,3647.880000000001,5.5523287671232895,464331.0,362,124,389.53000000000003,20.0,1925.9700000000003,1721.9099999999999,0.3116522473326973,-204.0600000000004,0.0964801692173943,0.1342281879194631,3,25.38,1,1,,,,,,,,,1
398,0,104,1757.4,2.588217967599411,94025.0,511,108,373.3999999999999,2.0,701.5999999999999,1055.8,0.6058154091271195,354.20000000000005,0.17523934672423497,0.019230769230769232,1,335.20000000000005,1,0,,,,,,,,,1
1717,0,68,1331.8899999999999,2.927230769230769,15707.0,209,66,555.6700000000001,5.0,597.85,734.04,0.6589357980013365,136.18999999999994,0.29438534404204375,0.07352941176470588,1,426.00999999999993,1,0,,,,,,,,,1
2452,0,131,2598.17,2.7120772442588725,5563.0,581,125,378.74999999999994,0.0,1145.1800000000003,1452.9900000000002,0.5298960422143278,307.80999999999995,0.12722881367319241,0.0,7,462.1900000000001,1,0,,,,,,,,,1
529,14,55,1781.02,2.573728323699422,939.0,495,114,378.1000000000001,1.0,984.9200000000001,796.0999999999999,0.6821877351180784,-188.82000000000016,0.17511764052021198,0.01818181818181818,2,50.12,1,1,,,,,,,,,1
1947,0,70,6052.490000000003,3.663734866828089,31914.0,547,144,810.76,11.0,1557.7600000000007,4494.730000000002,0.5536448635189811,2936.9700000000016,0.11813062324700391,0.15714285714285714,8,1156.7599999999998,1,0,,,,,,,,,1
271,0,90,752.9300000000001,3.6025358851674643,349.0,118,64,112.67999999999999,1.0,538.6300000000001,214.29999999999998,0.3294861408099026,-324.33000000000015,0.13017409687965711,0.011111111111111112,4,622.5899999999999,1,0,,,,,,,,,1
322,0,60,2087.170000000001,2.7247650130548315,12861.0,578,142,289.90999999999997,2.0,1124.0500000000002,963.1199999999999,0.5430798641222323,-160.9300000000003,0.12196055664933442,0.03333333333333333,3,331.71,1,0,,,,,,,,,1
2149,2,97,3209.1600000000008,7.0530989010989025,339093.0,232,72,1081.18,10.0,882.5199999999999,2326.6400000000003,0.29374665021376306,1444.1200000000003,0.2520033377308092,0.10309278350515463,4,494.26,1,0,,,,,,,,,1
2474,2,45,471.83,1.8723412698412698,306.0,144,49,334.87,20.0,272.51,199.32,0.8025983934891803,-73.19,0.41511094582868474,0.4444444444444444,2,39.58,1,1,,,,,,,,,1
1601,20,20,1269.5100000000002,2.4366794625719774,576.0,449,130,187.58,1.0,796.7200000000001,472.78999999999996,0.5788453812888438,-323.9300000000002,0.12873604238585123,0.05,2,19.03,1,1,,,,,,,,,1
630,0,182,6603.770000000001,4.313370346178969,796464.0,720,139,2416.0099999999998,80.0,3173.22,3430.550000000001,0.4020536754005666,257.3300000000013,0.2678568656885201,0.43956043956043955,6,1142.5000000000002,1,0,35-44,A,35-49K,Homeowner,2 Adults Kids,3,1,630.0,1
1024,0,131,8257.240000000002,3.7481797548797102,109879.0,1053,165,1949.63,40.0,3444.2300000000005,4813.010000000002,0.5017197029515914,1368.7800000000016,0.19101154418543584,0.3053435114503817,5,1191.51,1,1,25-34,A,Under 15K,Homeowner,2 Adults Kids,4,2,1024.0,1
1454,0,121,3752.8000000000006,3.6612682926829274,196504.0,525,136,673.56,26.0,227.61,3525.190000000001,0.4327222340652312,3297.580000000001,0.15217018046430925,0.21487603305785125,3,1181.2000000000003,1,0,65+,A,75-99K,Homeowner,2 Adults No Kids,2,None/Unknown,1454.0,1
13,0,229,11120.260000000002,5.630511392405064,1563490.0,905,156,1717.1599999999999,259.0,4736.880000000001,6383.380000000001,0.37200569051443044,1646.5,0.13376207991948535,1.1310043668122272,8,2070.6600000000003,1,0,25-34,U,75-99K,Homeowner,2 Adults Kids,4,2,13.0,1
808,0,185,2126.1200000000003,2.77924183006536,105718.0,506,131,322.55999999999995,0.0,866.3399999999999,1259.7800000000002,0.47942261020074123,393.4400000000003,0.13172811473936974,0.0,2,191.78,1,1,45-54,U,75-99K,Homeowner,2 Adults Kids,3,1,808.0,1
378,0,298,4250.260000000001,3.091098181818183,136756.0,660,154,620.8899999999999,26.0,2276.1400000000003,1974.1200000000003,0.4929416082780817,-302.02,0.12746271414347735,0.087248322147651,5,465.15999999999985,1,1,55-64,A,50-74K,Homeowner,Single Female,2,None/Unknown,378.0,1
1982,0,139,3676.9899999999993,2.573121063680895,306549.0,491,107,433.7099999999999,0.0,1689.2699999999995,1987.7200000000003,0.5017827081389943,298.4500000000007,0.10550757778480552,0.0,2,536.8599999999999,1,1,25-34,U,100-124K,Unknown,Single Male,1,None/Unknown,1982.0,1
706,0,109,3294.2100000000005,3.0787009345794396,112643.0,828,167,644.1799999999998,1.0,1014.27,2279.9400000000005,0.5035198120338411,1265.6700000000005,0.16356429911715187,0.009174311926605505,5,730.3900000000001,1,0,45-54,B,50-74K,Homeowner,2 Adults No Kids,2,None/Unknown,706.0,1
1229,0,323,15096.440000000011,4.1067573449401555,1069876.0,1620,204,1407.04,32.0,6981.690000000004,8114.7500000000055,0.36790064412536977,1133.0600000000013,0.08525717000293266,0.09907120743034056,8,3207.8700000000026,1,0,55-64,A,150-174K,Homeowner,2 Adults No Kids,2,None/Unknown,1229.0,1
211,0,85,2012.6899999999996,2.4544999999999995,1241.0,310,85,352.5,0.0,1112.2799999999997,900.4100000000001,0.7999791324048909,-211.86999999999966,0.14903665244652653,0.0,2,231.37,1,1,65+,A,35-49K,Homeowner,Single Female,2,None/Unknown,211.0,1
1953,1,96,2508.26,3.2574805194805196,1013.0,508,113,385.12,2.0,604.4499999999999,1903.8100000000004,0.42578121885291,1299.3600000000006,0.13310384394721744,0.020833333333333332,2,214.55,1,1,45-54,U,50-74K,Homeowner,Unknown,1,None/Unknown,1953.0,1
42,0,75,1701.54,2.0649757281553396,1186.0,274,73,488.22,19.0,754.9599999999999,946.5799999999999,0.4278300833362719,191.62,0.22295594037702762,0.25333333333333335,3,284.32,1,0,65+,U,50-74K,Unknown,Single Male,1,None/Unknown,42.0,1
762,0,779,7482.040000000005,3.2125547445255496,320167.0,1433,202,939.51,2.0,2371.3100000000004,5110.730000000004,0.34019732586299967,2739.4200000000037,0.11156022347430099,0.0025673940949935813,8,1500.7500000000005,1,0,35-44,A,125-149K,Renter,Single Female,2,None/Unknown,762.0,1
1722,0,231,10283.780000000004,3.810218599481291,292390.0,1186,180,3035.94,51.0,5060.730000000001,5223.050000000001,0.7233740900719383,162.3199999999997,0.227928214707216,0.22077922077922077,6,945.9300000000001,1,1,45-54,U,15-24K,Unknown,2 Adults No Kids,2,None/Unknown,1722.0,1
1285,1,119,4137.110000000001,2.2206709608158888,37101.0,779,146,1163.7199999999996,43.0,1423.51,2713.6,0.5119008196542999,1290.09,0.21953543124378627,0.36134453781512604,2,911.4799999999996,1,0,25-34,B,25-34K,Renter,1 Adult Kids,3,2,1285.0,1
2208,0,175,8325.360000000008,2.8307922475348546,63454.0,1425,184,1360.96,7.0,4932.970000000004,3392.390000000002,0.5769336100781225,-1540.5800000000017,0.14050330775774483,0.04,9,1131.47,1,1,35-44,U,50-74K,Unknown,1 Adult Kids,3,2,2208.0,1
1012,1,117,2220.790000000001,2.61269411764706,120136.0,647,158,398.4999999999999,2.0,1330.2000000000003,890.59,0.46417265927890505,-439.61000000000024,0.15214046554600666,0.017094017094017096,4,121.71999999999998,1,1,35-44,A,35-49K,Unknown,Unknown,5+,3+,1012.0,1
2328,0,133,11802.630000000014,4.685442635966659,87160.0,1360,200,1109.49,13.0,6366.300000000005,5436.3300000000045,0.4699655924145716,-929.9700000000003,0.0859262460386055,0.09774436090225563,9,2390.9800000000005,1,0,45-54,U,250K+,Homeowner,2 Adults No Kids,2,None/Unknown,2328.0,1
434,0,97,3257.75,2.343705035971223,5054.0,686,136,582.12,0.0,1548.2900000000002,1709.46,0.5652428823574553,161.16999999999985,0.1515988822538263,0.0,8,521.0,1,0,35-44,A,15-24K,Homeowner,2 Adults Kids,3,1,434.0,1
816,0,97,3146.8,2.855535390199637,20716.0,696,147,434.91999999999996,17.0,1634.69,1512.11,0.5894082877844157,-122.58000000000015,0.12142769395709321,0.17525773195876287,7,321.85999999999996,1,1,25-34,U,50-74K,Unknown,Single Female,1,None/Unknown,816.0,1
1357,0,76,2835.6100000000006,5.95716386554622,94775.0,200,71,1010.25,29.0,851.6300000000001,1983.9800000000002,0.5779215054256402,1132.3500000000001,0.2626850691392822,0.3815789473684211,4,226.29000000000002,1,1,55-64,A,25-34K,Homeowner,2 Adults No Kids,2,None/Unknown,1357.0,1
2298,1,71,2149.24,2.980915395284327,985.0,444,106,450.62999999999994,18.0,859.47,1289.77,0.6306322234836501,430.29999999999995,0.17332789716408895,0.2535211267605634,2,560.2899999999997,1,0,65+,A,50-74K,Probable Renter,Single Female,2,None/Unknown,2298.0,1
1394,2,131,3659.23,2.901847739888977,1526.0,548,135,645.36,15.0,1546.35,2112.88,0.5063114371056204,566.5300000000002,0.1499236861118016,0.11450381679389313,5,732.35,1,0,45-54,A,50-74K,Homeowner,2 Adults No Kids,2,None/Unknown,1394.0,1
895,0,182,7347.470000000002,4.5750124533001255,338927.0,621,145,730.2499999999998,4.0,3440.990000000001,3906.4800000000005,0.5457538445206308,465.4899999999993,0.09040298500071797,0.02197802197802198,9,1352.68,1,0,45-54,U,150-174K,Unknown,Single Male,1,None/Unknown,895.0,1
74,0,126,1954.37,1.9861483739837398,1409.0,386,109,858.5899999999999,10.0,1027.78,926.5900000000001,0.5352671193274559,-101.18999999999983,0.3052265229509129,0.07936507936507936,5,93.26999999999998,1,1,65+,A,15-24K,Homeowner,2 Adults No Kids,2,None/Unknown,74.0,1
2064,0,218,4309.380000000002,3.1547437774524174,22023.0,949,170,496.52,4.0,835.39,3473.9900000000016,0.5204553787319751,2638.6000000000017,0.10331467571110506,0.01834862385321101,3,1115.4700000000005,1,0,19-24,U,50-74K,Unknown,Single Female,1,None/Unknown,2064.0,1
317,2,54,5165.799999999999,3.3741345525800126,2155.0,794,153,857.84,44.0,2310.46,2855.340000000001,0.5800224553796121,544.880000000001,0.14241222915048046,0.8148148148148148,5,917.5,1,0,45-54,A,75-99K,Homeowner,Single Male,2,None/Unknown,317.0,1
672,0,95,1936.9200000000003,2.3506310679611655,58362.0,483,122,583.69,7.0,1164.2800000000004,772.6399999999999,0.5984707680234598,-391.64000000000055,0.23156696196555593,0.07368421052631578,1,794.23,1,0,35-44,U,25-34K,Unknown,2 Adults No Kids,2,None/Unknown,672.0,1
39,0,55,4477.800000000001,2.7056193353474325,13544.0,1129,164,755.64,21.0,2792.2300000000005,1685.57,0.6572691946938227,-1106.6600000000005,0.14438686600018338,0.38181818181818183,4,555.8600000000001,1,1,35-44,A,125-149K,Homeowner,2 Adults No Kids,2,None/Unknown,39.0,1
77,0,75,5238.880000000003,2.5211164581328216,2472.0,1148,169,1058.6,26.0,2945.840000000001,2293.040000000001,0.6378500748251532,-652.8000000000002,0.16809898562599632,0.3466666666666667,2,988.22,1,0,35-44,A,100-124K,Homeowner,2 Adults Kids,5+,3+,77.0,1
2497,0,194,6013.260000000003,3.4598734177215205,7314.0,874,168,1197.9900000000002,12.0,2419.2900000000004,3593.9700000000007,0.5961757848488172,1174.6800000000003,0.16612792511700464,0.061855670103092786,3,1098.7200000000003,1,0,45-54,U,35-49K,Unknown,Single Male,1,None/Unknown,2497.0,1
1929,0,52,3729.0800000000004,2.405858064516129,1865.0,704,136,645.99,1.0,1932.3200000000002,1796.7599999999998,0.5877160050200049,-135.5600000000004,0.14765249470294187,0.019230769230769232,5,666.75,1,0,35-44,B,25-34K,Homeowner,Single Male,1,None/Unknown,1929.0,1
2020,0,228,7637.6600000000035,3.041680605336521,3357.0,1183,177,1144.8099999999997,3.0,2667.520000000001,4970.140000000001,0.5079553161570427,2302.6200000000003,0.13035171198990708,0.013157894736842105,5,820.5500000000001,1,1,35-44,A,100-124K,Unknown,2 Adults Kids,5+,3+,2020.0,1
932,0,149,5416.690000000002,3.1695084844938575,4996.0,948,160,773.8499999999998,6.0,2961.970000000001,2454.7200000000003,0.5343669288809215,-507.2500000000009,0.1250052499458851,0.040268456375838924,9,429.27,1,1,19-24,U,15-24K,Unknown,2 Adults No Kids,2,None/Unknown,932.0,1
1689,0,112,2352.95,4.743850806451612,115498.0,325,104,572.33,1.0,589.52,1763.4300000000005,0.37364159884400433,1173.9100000000005,0.19564964721325825,0.008928571428571428,2,358.8399999999999,1,0,45-54,U,50-74K,Unknown,Unknown,1,None/Unknown,1689.0,1
2018,0,115,2769.2500000000005,2.831543967280164,1287.0,627,143,414.7699999999999,1.0,773.1600000000002,1996.0900000000001,0.5110120068610634,1222.9299999999998,0.130266141544337,0.008695652173913044,3,1268.9000000000005,1,0,45-54,U,50-74K,Unknown,Unknown,1,None/Unknown,2018.0,1
110,1,162,3113.5200000000004,2.398705701078583,171260.0,784,154,550.1399999999999,2.0,1626.28,1487.2399999999998,0.5207610678588862,-139.0400000000002,0.15016131409574027,0.012345679012345678,4,347.79999999999995,1,1,25-34,U,35-49K,Homeowner,Single Female,1,None/Unknown,110.0,1
329,0,123,2392.91,2.128923487544484,1249.0,506,131,202.45999999999992,0.0,830.4399999999999,1562.4699999999998,0.5130489654855385,732.0299999999999,0.07800814527408421,0.0,6,633.7999999999998,1,0,25-34,U,75-99K,Unknown,Single Female,1,None/Unknown,329.0,1
263,0,283,5110.960000000003,2.62369609856263,2348.0,753,149,947.1199999999999,12.0,1745.7800000000002,3365.1800000000007,0.4950713760232908,1619.4000000000005,0.1563399624963684,0.04240282685512368,5,759.3699999999999,1,0,45-54,U,35-49K,Unknown,2 Adults No Kids,2,None/Unknown,263.0,1
371,0,139,12979.900000000016,2.707530246141013,5979.0,1853,195,2349.330000000001,16.0,4795.800000000002,8184.100000000009,0.592610882980608,3388.3000000000065,0.153258187136601,0.11510791366906475,8,2736.6400000000003,1,0,35-44,A,75-99K,Homeowner,2 Adults Kids,3,1,371.0,1
1041,0,234,5741.960000000001,2.675657036346692,2882.0,1298,159,899.2399999999998,4.0,1592.8100000000006,4149.1500000000015,0.5656744386934076,2556.340000000001,0.13540324037824486,0.017094017094017096,7,1414.7400000000011,1,0,25-34,U,35-49K,Unknown,Single Male,1,None/Unknown,1041.0,1
1989,0,135,2590.8299999999995,2.243142857142857,109666.0,390,107,587.9399999999999,34.0,984.09,1606.7399999999998,0.5038423979960089,622.6499999999997,0.18495833294009947,0.2518518518518518,3,462.03999999999996,1,0,65+,U,15-24K,Homeowner,Single Female,1,None/Unknown,1989.0,1
2266,0,122,7347.040000000003,3.1559450171821317,206421.0,1266,188,887.2499999999999,1.0,2508.350000000001,4838.690000000002,0.4289918116683724,2330.3400000000015,0.10775063788134734,0.00819672131147541,4,1407.0800000000008,1,0,25-34,B,35-49K,Homeowner,Single Male,1,None/Unknown,2266.0,1
740,0,94,5534.080000000001,2.8020658227848108,2845.0,1014,181,1049.7699999999998,3.0,1974.7000000000003,3559.38,0.49488803920434826,1584.6799999999998,0.15944622067635195,0.031914893617021274,5,1110.7700000000004,1,0,45-54,A,175-199K,Homeowner,Single Female,2,None/Unknown,740.0,1
2006,1,83,3408.3600000000015,2.883553299492387,54048.0,671,138,887.1099999999999,41.0,1920.1400000000006,1488.22,0.5990652395873673,-431.9200000000005,0.20652221992005523,0.4939759036144578,4,1464.8799999999999,1,0,45-54,U,Under 15K,Unknown,Single Male,1,None/Unknown,2006.0,1
2342,0,167,4964.6900000000005,5.667454337899544,903933.0,430,119,900.88,49.0,2154.82,2809.87,0.42641333094312034,655.0499999999997,0.15358780135604894,0.2934131736526946,1,969.67,1,0,55-64,U,100-124K,Homeowner,Unknown,1,None/Unknown,2342.0,1
117,0,86,2343.5199999999995,1.876317053642914,26555.0,666,132,512.99,18.0,1020.08,1323.44,0.5910596026490066,303.36,0.17958627836065694,0.20930232558139536,6,224.69000000000008,1,1,65+,B,35-49K,Probable Owner,2 Adults No Kids,2,None/Unknown,117.0,1
2324,0,120,2192.5400000000004,2.927289719626169,14130.0,497,141,507.77,71.0,702.56,1489.98,0.5541837321097904,787.4200000000001,0.18804137302754126,0.5916666666666667,9,479.2299999999999,1,0,35-44,A,50-74K,Homeowner,2 Adults No Kids,2,None/Unknown,2324.0,1
165,0,155,2676.4799999999996,3.156226415094339,273275.0,453,115,934.9399999999999,17.0,1212.73,1463.75,0.33424871472979445,251.01999999999998,0.2588843169722713,0.10967741935483871,7,318.99,1,1,55-64,A,35-49K,Homeowner,2 Adults No Kids,2,None/Unknown,165.0,1
216,0,104,2370.870000000001,3.8930541871921194,911.0,335,118,280.07,6.0,803.9700000000001,1566.9,0.4390287109795136,762.93,0.10564931684609984,0.057692307692307696,2,253.63,1,1,35-44,U,50-74K,Homeowner,Unknown,1,None/Unknown,216.0,1
725,2,116,4201.130000000002,1.9558333333333342,2884.0,737,105,1414.45,7.0,1402.76,2798.370000000001,0.7041272229138347,1395.6100000000008,0.25187959213473937,0.0603448275862069,5,627.4499999999999,1,0,45-54,U,25-34K,Unknown,Single Female,1,None/Unknown,725.0,1
1800,1,73,3192.02,4.895736196319018,538543.0,505,144,379.8,4.0,1243.8700000000001,1948.15,0.40783892331501687,704.28,0.10633234597488116,0.0547945205479452,1,475.29,1,0,35-44,A,175-199K,Homeowner,2 Adults No Kids,2,None/Unknown,1800.0,1
1445,0,149,4121.100000000002,3.030220588235296,1611.0,788,158,747.1500000000001,10.0,808.52,3312.5800000000017,0.5835820533352741,2504.0600000000018,0.15347404097981818,0.06711409395973154,8,1009.4900000000002,1,0,35-44,A,Under 15K,Homeowner,2 Adults No Kids,2,None/Unknown,1445.0,1
2390,3,46,1043.8300000000004,3.134624624624626,15465.0,283,125,130.25,5.0,534.35,509.48,0.3663144381747985,-24.870000000000005,0.11093792586535837,0.10869565217391304,2,2.76,1,1,25-34,A,50-74K,Unknown,Single Female,2,None/Unknown,2390.0,1
1094,0,81,5073.350000000001,3.382233333333334,20633.0,937,152,958.26,12.0,1451.4,3621.950000000001,0.510656666699518,2170.550000000001,0.15887300405695987,0.14814814814814814,7,862.22,1,0,45-54,A,75-99K,Homeowner,2 Adults Kids,5+,3+,1094.0,1
1765,0,55,2684.0500000000006,2.670696517412936,27862.0,702,142,567.7499999999999,1.0,625.5500000000001,2058.5,0.6073210260613623,1432.9499999999998,0.17459560858601383,0.01818181818181818,1,264.96,1,1,45-54,U,35-49K,Unknown,Single Male,1,None/Unknown,1765.0,1
7,1,42,2420.1200000000013,2.6980156075808264,1081.0,642,139,349.44,14.0,696.22,1723.9000000000008,0.5147719947771183,1027.6800000000007,0.126171666257456,0.3333333333333333,4,979.9300000000001,1,0,45-54,A,50-74K,Homeowner,2 Adults No Kids,2,None/Unknown,7.0,1
2411,5,74,1965.3800000000003,2.946596701649176,714.0,450,130,186.76999999999998,0.0,831.4799999999999,1133.9000000000003,0.268421373983657,302.4200000000004,0.08678298445740303,0.0,2,53.870000000000005,1,1,65+,A,Under 15K,Homeowner,2 Adults No Kids,2,None/Unknown,2411.0,1
741,0,73,2702.0900000000006,2.8654188759278902,46814.0,577,149,519.7,2.0,805.73,1896.3600000000004,0.40520115910276855,1090.6300000000003,0.16130784439705875,0.0273972602739726,2,712.5100000000001,1,0,65+,U,50-74K,Homeowner,2 Adults Kids,3,1,741.0,1
1160,0,125,3808.880000000001,2.367234307022996,36118.0,843,142,860.1499999999999,0.0,1871.5500000000006,1937.3300000000004,0.5706611917414041,65.77999999999975,0.1842245605618297,0.0,4,569.0800000000002,1,0,65+,U,35-49K,Homeowner,Single Female,1,None/Unknown,1160.0,1
2494,4,27,1569.2400000000002,3.624110854503465,37829.0,354,122,303.38999999999993,2.0,455.68000000000006,1113.5600000000002,0.5091063189824373,657.8800000000001,0.16201278415917716,0.07407407407407407,2,551.6899999999999,1,0,35-44,U,50-74K,Homeowner,2 Adults No Kids,2,None/Unknown,2494.0,1
857,0,38,3390.9800000000005,2.73907915993538,1526.0,579,127,461.1599999999999,2.0,1079.03,2311.9500000000007,0.7191195465617608,1232.9200000000008,0.1197152751457631,0.05263157894736842,4,649.8299999999999,1,0,65+,A,35-49K,Homeowner,1 Adult Kids,3,1,857.0,1
1131,0,77,2155.480000000001,2.60009650180941,948.0,588,131,458.5600000000001,5.0,490.77,1664.7100000000003,0.47682650732087495,1173.9400000000003,0.17542195222720386,0.06493506493506493,4,879.2899999999998,1,0,45-54,B,50-74K,Homeowner,2 Adults Kids,3,1,1131.0,1
1648,1,106,4977.920000000002,3.849899458623358,454306.0,793,144,1305.4999999999998,116.0,715.7599999999999,4262.160000000001,0.4415559109025454,3546.400000000001,0.20776901750957272,1.0943396226415094,6,272.44,1,1,35-44,U,15-24K,Probable Renter,Single Female,1,None/Unknown,1648.0,1
1949,0,44,1347.7300000000005,2.91086393088553,648.0,333,109,313.28,0.0,101.91000000000001,1245.8200000000004,0.5440036209032966,1143.9100000000003,0.1886081360136302,0.0,1,311.23,1,0,45-54,U,Under 15K,Unknown,Single Female,1,None/Unknown,1949.0,1
2110,0,200,10698.889999999989,3.7330390788555436,268708.0,1621,209,888.4000000000001,11.0,5721.559999999996,4977.330000000003,0.30108170099888903,-744.2299999999932,0.07667021365651511,0.055,10,1771.1400000000012,1,0,35-44,A,125-149K,Homeowner,2 Adults No Kids,2,None/Unknown,2110.0,1
489,0,146,4585.889999999999,3.3819247787610616,376289.0,763,149,639.9999999999999,1.0,1577.5,3008.39,0.3927067592114073,1430.8899999999999,0.12246717783956416,0.00684931506849315,6,1280.6700000000003,1,0,55-64,U,150-174K,Unknown,Single Female,1,None/Unknown,489.0,1
609,0,154,1610.5400000000004,2.1388313413014615,46311.0,418,102,377.82,7.0,410.11,1200.43,0.6086592074707861,790.32,0.19001589249431688,0.045454545454545456,4,55.349999999999994,1,1,45-54,U,50-74K,Unknown,Unknown,1,None/Unknown,609.0,1
2284,0,222,14561.160000000016,3.6631849056603816,184121.0,2123,221,1852.3199999999997,21.0,5754.770000000005,8806.390000000009,0.4934627460998984,3051.6200000000035,0.11285358132461841,0.0945945945945946,8,2591.4700000000016,1,0,45-54,A,250K+,Homeowner,2 Adults No Kids,2,None/Unknown,2284.0,1
437,0,80,5390.030000000001,3.4618047527296087,184882.0,888,164,1007.43,120.0,3298.020000000001,2092.0099999999998,0.4002630783131077,-1206.0100000000011,0.15747343476942408,1.5,8,525.7,1,1,25-34,A,50-74K,Homeowner,2 Adults Kids,5+,3+,437.0,1
560,0,279,6106.310000000003,3.0902378542510136,345176.0,1218,190,859.8599999999998,14.0,3297.190000000001,2809.1200000000013,0.48302329884987805,-488.0699999999997,0.1234336802001673,0.05017921146953405,7,1184.5900000000001,1,0,19-24,U,35-49K,Unknown,2 Adults No Kids,2,None/Unknown,560.0,1
903,4,66,2605.6099999999997,3.8093713450292395,789.0,418,123,330.43,2.0,880.64,1724.9699999999998,0.5604522549422207,844.3299999999998,0.11254274464925548,0.030303030303030304,3,343.95000000000005,1,1,35-44,U,35-49K,Unknown,Single Male,1,None/Unknown,903.0,1
1146,0,291,7067.980000000001,2.9822700421940933,308791.0,917,146,1787.4399999999998,76.0,2354.59,4713.390000000001,0.4721829999518957,2358.800000000001,0.20184700443344297,0.2611683848797251,9,1786.6600000000003,1,0,35-44,B,35-49K,Homeowner,1 Adult Kids,4,3+,1146.0,1
1948,0,65,1202.54,1.8192738275340392,729.0,411,115,216.57,10.0,133.10000000000002,1069.44,0.652402414888486,936.34,0.15260973427007068,0.15384615384615385,1,399.78,1,0,35-44,U,50-74K,Homeowner,Single Female,1,None/Unknown,1948.0,1
2188,0,109,3260.2300000000005,2.982827081427265,73604.0,601,132,524.01,1.0,914.48,2345.7500000000005,0.41264266631495317,1431.2700000000004,0.13847166141682343,0.009174311926605505,5,657.11,1,0,65+,B,35-49K,Homeowner,2 Adults No Kids,2,None/Unknown,2188.0,1
2112,0,116,4489.970000000002,2.921255692908264,81705.0,898,158,1432.8599999999997,33.0,1554.4000000000003,2935.5700000000015,0.4441610968447448,1381.1700000000012,0.2419215138709028,0.28448275862068967,5,626.1800000000001,1,1,45-54,A,35-49K,Homeowner,2 Adults Kids,5+,3+,2112.0,1
900,0,1056,14123.630000000006,3.98747317899492,1119370.0,1484,210,1301.7400000000002,8.0,5461.780000000003,8661.850000000002,0.34159702569381933,3200.069999999999,0.08438954786821967,0.007575757575757576,6,2326.9000000000015,1,0,35-44,A,35-49K,Homeowner,2 Adults No Kids,2,None/Unknown,900.0,1
219,0,186,9785.160000000005,3.3591349124613816,117414.0,1202,184,1219.7199999999998,5.0,3868.7900000000013,5916.370000000004,0.4419610921027348,2047.580000000003,0.11083446616410168,0.026881720430107527,6,2099.6300000000006,1,0,55-64,A,150-174K,Homeowner,2 Adults No Kids,2,None/Unknown,219.0,1
542,0,107,2108.76,2.565401459854015,91118.0,558,132,522.76,6.0,1078.67,1030.0900000000001,0.5791365541835011,-48.57999999999993,0.19865324983279622,0.056074766355140186,2,204.75999999999996,1,1,25-34,U,35-49K,Unknown,Single Female,1,None/Unknown,542.0,1
1154,0,108,3228.1399999999994,2.7638184931506844,1607.0,580,126,720.3300000000002,11.0,1272.1100000000001,1956.0299999999997,0.5435142218119413,683.9199999999996,0.182432689117557,0.10185185185185185,5,575.4100000000002,1,0,45-54,A,35-49K,Homeowner,Unknown,2,None/Unknown,1154.0,1
955,0,218,3323.2400000000016,2.1820354563361795,56098.0,779,120,543.7099999999999,9.0,1237.26,2085.9800000000014,0.6197114863807606,848.7200000000014,0.14060435226729068,0.04128440366972477,5,730.45,1,0,19-24,U,Under 15K,Unknown,Single Female,1,None/Unknown,955.0,1
1418,0,67,2431.7000000000007,3.368005540166206,11201.0,516,134,312.7900000000001,4.0,1044.0100000000002,1387.69,0.4777151786815807,343.67999999999984,0.11397017296474025,0.05970149253731343,4,303.50000000000006,1,1,25-34,A,35-49K,Homeowner,2 Adults Kids,3,1,1418.0,1
692,0,107,3298.4300000000007,2.8410249784668395,160787.0,426,135,324.90999999999997,10.0,1054.24,2244.1900000000005,0.4824113290262335,1189.9500000000005,0.08967140814828305,0.09345794392523364,4,592.71,1,0,65+,U,35-49K,Homeowner,Single Female,1,None/Unknown,692.0,1
1138,0,182,3923.1100000000015,3.619105166051662,2062.0,358,97,763.0300000000001,2.0,1716.5700000000002,2206.540000000001,0.658105431660086,489.9700000000007,0.16282697486630784,0.01098901098901099,6,623.2600000000001,1,0,35-44,U,15-24K,Unknown,2 Adults No Kids,2,None/Unknown,1138.0,1
1057,0,149,6631.830000000003,3.9079728933411917,2989.0,400,92,616.0400000000002,2.0,2986.26,3645.57,0.585998133245273,659.31,0.08499600572306071,0.013422818791946308,5,1587.5100000000007,1,0,35-44,U,50-74K,Unknown,Single Male,1,None/Unknown,1057.0,1
1585,0,126,7535.450000000003,4.5919865935405255,341937.0,1207,196,811.89,4.0,2696.360000000001,4839.090000000002,0.38937024331659015,2142.730000000001,0.09726331981205986,0.031746031746031744,6,1818.4,1,0,45-54,B,150-174K,Homeowner,Single Female,1,None/Unknown,1585.0,1
1588,1,213,4543.230000000003,2.685124113475179,18341.0,904,183,482.31999999999994,6.0,2271.250000000001,2271.9800000000005,0.3974793263823313,0.7299999999995634,0.09597357503158851,0.028169014084507043,4,656.75,1,1,35-44,U,50-74K,Homeowner,Unknown,1,None/Unknown,1588.0,1
2190,0,200,8330.330000000004,3.340148356054532,845747.0,1286,181,1957.5199999999995,14.0,3446.510000000001,4883.8200000000015,0.40619039101692234,1437.3100000000004,0.19027493596815653,0.07,6,1190.52,1,1,35-44,A,50-74K,Homeowner,2 Adults Kids,4,2,2190.0,1
294,0,232,4735.6500000000015,2.311200585651538,16814.0,923,147,1394.8800000000003,42.0,2563.0899999999997,2172.5600000000004,0.6431598618985775,-390.5299999999993,0.22753008304339103,0.1810344827586207,9,675.7100000000003,1,1,25-34,A,50-74K,Homeowner,2 Adults Kids,4,2,294.0,1
462,0,86,1372.7000000000003,2.629693486590039,617.0,405,122,250.43,4.0,595.1500000000001,777.5500000000001,0.5605230567494717,182.39999999999998,0.1542883194814956,0.046511627906976744,1,137.93,1,1,65+,U,100-124K,Unknown,Single Male,1,None/Unknown,462.0,1
623,0,116,3860.4600000000005,4.038138075313808,113984.0,568,133,943.4199999999998,6.0,2410.71,1449.75,0.6036120047869942,-960.96,0.1963870871045904,0.05172413793103448,5,38.7,1,1,45-54,A,35-49K,Homeowner,2 Adults Kids,3,1,623.0,1
883,0,291,8779.120000000003,4.839647188533629,473283.0,982,168,1051.37,7.0,3947.8300000000013,4831.290000000001,0.465756248917887,883.4599999999996,0.10694990788861997,0.024054982817869417,7,1386.0100000000002,1,0,35-44,A,35-49K,Homeowner,2 Adults No Kids,2,None/Unknown,883.0,1
2437,0,66,4303.780000000001,3.5075631621841894,1611.0,822,163,553.99,8.0,1885.8899999999999,2417.890000000001,0.6611769188945531,532.0000000000009,0.11404203986602905,0.12121212121212122,3,538.1600000000001,1,1,35-44,A,125-149K,Homeowner,2 Adults Kids,5+,3+,2437.0,1
2294,0,180,8148.910000000004,3.0832046916382914,297248.0,1513,177,1100.0500000000002,6.0,5363.100000000004,2785.810000000001,0.5291321170561459,-2577.290000000003,0.11893769677888105,0.03333333333333333,6,232.75000000000006,1,1,45-54,B,25-34K,Renter,2 Adults Kids,4,2,2294.0,1
976,0,62,4588.5700000000015,3.4217524235645054,19324.0,810,167,460.14,5.0,1339.6900000000005,3248.8800000000015,0.4970568172655096,1909.190000000001,0.09114011301896917,0.08064516129032258,2,1601.9400000000005,1,0,25-34,A,200-249K,Homeowner,2 Adults Kids,5+,3+,976.0,1
1537,1,136,2669.24,3.448630490956072,133079.0,567,122,367.79999999999995,1.0,1614.74,1054.5000000000002,0.35654718196939955,-560.2399999999998,0.1211047598977952,0.007352941176470588,4,209.34000000000003,1,1,19-24,A,35-49K,Renter,2 Adults Kids,3,1,1537.0,1
2217,1,169,3965.0800000000013,2.8362517882689566,176598.0,990,175,975.3199999999999,19.0,2070.8000000000006,1894.2800000000002,0.43631906544130244,-176.52000000000044,0.19741721318111888,0.11242603550295859,7,464.92999999999995,1,1,35-44,B,15-24K,Unknown,Single Female,1,None/Unknown,2217.0,1
1854,0,243,6675.360000000002,3.5375516693163767,422763.0,1044,186,708.1899999999999,5.0,3434.300000000001,3241.0600000000004,0.46375925792766226,-193.2400000000007,0.09591456684115361,0.0205761316872428,3,956.3600000000001,1,1,,,,,,,,,1
1259,3,30,1035.6299999999999,2.7325329815303427,602.0,166,65,234.32000000000002,0.0,489.09,546.5400000000001,0.6389057868157548,57.4500000000001,0.18451120122839487,0.0,1,127.98999999999998,1,1,,,,,,,,,1
266,0,50,2499.91,2.9796305125148983,44381.0,419,100,389.16999999999996,2.0,1298.87,1201.0400000000002,0.6045017620634342,-97.8299999999997,0.13470378113447878,0.04,2,630.3100000000003,1,0,,,,,,,,,1
1742,0,262,1994.5699999999997,2.4383496332518333,3451.0,375,75,236.77,0.0,727.8,1266.7699999999998,0.6246208455957927,538.9699999999998,0.10611112604981762,0.0,3,145.53000000000003,1,1,,,,,,,,,1
1769,1,140,6381.3700000000035,4.459378057302588,25119.0,767,135,1008.76,3.0,2841.3300000000013,3540.0400000000013,0.3765304315530989,698.71,0.13650098171480063,0.02142857142857143,5,1065.9100000000003,1,0,,,,,,,,,1
780,26,63,534.68,2.1050393700787398,299.0,153,60,185.14,0.0,455.28,79.39999999999999,0.4705244258247925,-375.88,0.25720318968631045,0.0,2,45.04,1,1,,,,,,,,,1
909,1,694,11393.560000000007,3.5241447571914652,986940.0,1872,230,1980.3900000000006,64.0,5005.510000000001,6388.050000000005,0.4378973736040358,1382.5400000000036,0.14807816688412917,0.09221902017291066,8,1021.0,1,1,,,,,,,,,1
2056,0,96,2215.79,3.0817663421418637,825.0,464,135,361.14,6.0,931.08,1284.71,0.5622644745215024,353.63,0.14014350409207857,0.0625,3,235.01,1,1,,,,,,,,,1
194,3,58,1494.8100000000004,2.8857335907335915,21288.0,408,127,218.70000000000005,0.0,932.21,562.5999999999999,0.43539981669911215,-369.6100000000001,0.12763275382110403,0.0,1,387.9999999999999,1,0,,,,,,,,,1
2226,0,629,8651.050000000001,3.367477617750098,559675.0,1368,203,946.0900000000003,49.0,2033.2099999999998,6617.840000000001,0.3963865657925915,4584.630000000001,0.09858041041393584,0.07790143084260731,9,266.49,1,1,,,,,,,,,1
447,8,119,1289.2099999999998,2.7844708423326128,11824.0,274,97,282.54999999999995,0.0,976.75,312.46,0.5661141319102398,-664.29,0.17976663103781748,0.0,4,381.2300000000001,1,0,,,,,,,,,1
374,0,150,6747.9500000000035,4.150030750307505,127763.0,837,165,702.0799999999999,10.0,3011.1900000000014,3736.7600000000007,0.39577945894679106,725.5699999999993,0.09423854669041595,0.06666666666666667,8,351.60999999999996,1,1,,,,,,,,,1
1547,0,209,1539.98,3.548341013824885,331288.0,209,76,163.20999999999998,5.0,535.3800000000001,1004.6,0.4970064546292809,469.2199999999999,0.09582606755558686,0.023923444976076555,2,682.0699999999999,1,0,,,,,,,,,1
2236,1,211,2843.2200000000007,3.2907638888888897,204137.0,594,124,382.37999999999994,7.0,1258.6600000000003,1584.5600000000004,0.37976660265473644,325.9000000000001,0.11854538690476185,0.03317535545023697,5,37.28,1,1,,,,,,,,,1
1993,1,69,1161.42,2.304404761904762,50802.0,389,109,296.49,5.0,596.4199999999998,565.0,0.48499250916980924,-31.419999999999845,0.20336646295038788,0.07246376811594203,1,197.91,1,0,,,,,,,,,1
41,0,61,2488.1100000000006,2.958513674197385,1189.0,313,84,508.87,0.0,652.65,1835.4600000000003,0.5416963076391315,1182.8100000000004,0.1697942595546183,0.0,1,619.0200000000001,1,0,,,,,,,,,1
2131,1,127,3685.6200000000003,2.927418586179508,1640.0,734,142,654.6300000000001,6.0,1593.1800000000003,2092.44,0.533261703593968,499.25999999999976,0.15082771729739072,0.047244094488188976,5,297.25,1,1,,,,,,,,,1
2047,2,103,3952.2000000000003,3.4851851851851854,295766.0,853,162,692.6,25.0,1657.3500000000001,2294.850000000001,0.397560852183594,637.5000000000007,0.14911298656562177,0.24271844660194175,5,864.15,1,0,,,,,,,,,1
2419,2,62,1091.1299999999999,3.0736056338028166,24929.0,246,88,160.66,0.0,680.9999999999999,410.13,0.5874368773656667,-270.8699999999999,0.12834421108971952,0.0,2,108.23999999999998,1,1,,,,,,,,,1
1356,0,78,1996.7299999999998,2.4409902200488993,929.0,392,120,390.0199999999999,2.0,927.5,1069.23,0.6483650769007329,141.73000000000002,0.16341049544359484,0.02564102564102564,4,242.61,1,1,,,,,,,,,1
508,0,50,968.3799999999998,3.0548264984227123,405.0,245,89,199.22,0.0,546.8199999999999,421.56,0.4671926309919661,-125.25999999999993,0.17062350119904082,0.0,1,222.13000000000002,1,0,,,,,,,,,1
805,0,235,4251.78,2.8728243243243243,79090.0,571,121,1108.92,13.0,1801.8099999999995,2449.9700000000003,0.4236366886339368,648.1600000000008,0.20686104426660698,0.05531914893617021,7,1313.6900000000005,1,0,,,,,,,,,1
2146,1,51,1596.78,3.0825868725868726,589.0,374,92,214.56,2.0,836.97,759.8100000000001,0.7400643795638725,-77.15999999999997,0.11845374142899733,0.0392156862745098,2,95.76,1,1,,,,,,,,,1
1409,0,77,3757.4300000000007,3.0131756214915804,1461.0,619,123,506.47,8.0,1075.6299999999999,2681.8000000000006,0.5507727356198251,1606.1700000000008,0.1187809282581674,0.1038961038961039,3,566.6,1,0,,,,,,,,,1
1207,1,96,666.1599999999999,2.265850340136054,359.0,180,75,221.20000000000002,16.0,276.75,389.4099999999999,0.5587246307193469,112.65999999999991,0.24927875946628206,0.16666666666666666,3,99.21000000000001,1,0,,,,,,,,,1
1924,0,194,5283.260000000002,2.841990317374934,51871.0,1084,169,1005.9799999999999,8.0,1651.62,3631.6400000000017,0.6852038324822172,1980.0200000000018,0.15995255388568405,0.041237113402061855,7,942.1899999999999,1,0,,,,,,,,,1
470,0,134,1933.7600000000002,3.374799301919721,82182.0,297,78,142.7,3.0,839.28,1094.4800000000002,0.49093993049809687,255.20000000000027,0.068722730030918,0.022388059701492536,5,371.24,1,0,,,,,,,,,1
502,17,49,2067.8500000000004,2.6308524173027994,1131.0,540,114,422.9699999999999,1.0,1213.8600000000001,853.99,0.5622990062141838,-359.8700000000001,0.16981154800427165,0.02040816326530612,1,230.99000000000007,1,1,,,,,,,,,1
2244,0,269,4506.760000000001,2.3448283038501567,30925.0,849,146,1225.86,12.0,2185.310000000001,2321.4500000000007,0.6105694556621608,136.13999999999987,0.2138393962969811,0.04460966542750929,9,970.44,1,0,,,,,,,,,1
710,0,183,3033.9900000000007,2.3927365930599374,60433.0,814,141,629.23,31.0,1220.79,1813.2000000000005,0.6108062320574555,592.4100000000005,0.17176964528474944,0.16939890710382513,6,690.4900000000001,1,0,,,,,,,,,1
1506,0,117,2021.38,1.956805421103582,1244.0,338,81,383.7,0.0,826.7299999999999,1194.6500000000003,0.5285844324174575,367.9200000000004,0.15953731268814342,0.0,2,367.81999999999994,1,0,,,,,,,,,1
901,0,70,2427.12,2.742508474576271,5206.0,643,145,455.1599999999999,1.0,1142.28,1284.84,0.4974455321533341,142.55999999999995,0.1579166493192889,0.014285714285714285,3,339.58,1,1,,,,,,,,,1
1806,0,121,3591.730000000001,2.7821301316808684,15472.0,743,147,689.4200000000001,0.0,1459.3,2132.4300000000003,0.5713569783920281,673.1300000000003,0.16103617018791677,0.0,5,387.8700000000001,1,1,,,,,,,,,1
1602,0,143,5816.940000000002,3.007724922440539,2456.0,1196,180,633.2099999999999,6.0,2481.6000000000004,3335.340000000002,0.5168387502707608,853.7400000000016,0.09816981000441845,0.04195804195804196,7,608.2,1,1,,,,,,,,,1
1180,0,134,4702.43,3.783129525341915,418011.0,704,132,685.7499999999998,0.0,1004.5300000000001,3697.900000000001,0.4259032032374751,2693.370000000001,0.12726931913930117,0.0,4,727.6099999999999,1,0,,,,,,,,,1
2245,0,129,3145.1400000000003,2.4027043544690607,98228.0,702,149,396.73,2.0,1152.4599999999998,1992.68,0.500375182026873,840.2200000000003,0.11201145157783882,0.015503875968992248,5,1468.8800000000003,1,0,,,,,,,,,1
1141,1,54,862.7199999999999,2.3191397849462363,463.0,276,96,203.02999999999997,1.0,240.31,622.4099999999999,0.6375417284866469,382.09999999999985,0.19050433966690122,0.018518518518518517,1,274.56,1,0,,,,,,,,,1
913,0,62,1461.17,3.3513073394495416,19129.0,244,86,242.57000000000002,1.0,856.1899999999999,604.98,0.6702916156230967,-251.20999999999992,0.1423750102715203,0.016129032258064516,2,369.46,1,0,,,,,,,,,1
1502,1,44,1951.65,2.7526798307475318,791.0,498,127,289.53999999999996,5.0,1627.3500000000001,324.3,0.5330925114646581,-1303.0500000000002,0.1291902962265582,0.11363636363636363,4,209.17000000000002,1,1,,,,,,,,,1
2032,16,53,1129.9199999999998,5.6495999999999995,54856.0,134,72,127.25,1.0,777.53,352.39,0.35941482582837725,-425.14,0.10121940549010874,0.018867924528301886,1,144.86,1,1,,,,,,,,,1
1599,0,158,5191.05,2.07642,2814.0,1269,160,942.18,2.0,1824.5000000000007,3366.55,0.5159880948940965,1542.0499999999995,0.15361889249221045,0.012658227848101266,6,970.1600000000001,1,0,,,,,,,,,1
112,1,65,1092.19,5.544111675126904,139657.0,169,64,75.11,1.0,337.08,755.1100000000001,0.32130856352832377,418.03000000000014,0.06434506981924099,0.015384615384615385,1,250.45999999999998,1,0,,,,,,,,,1
285,0,159,3529.040000000001,2.7441990668740286,153081.0,722,127,771.1399999999999,8.0,1745.1000000000004,1783.9400000000005,0.42871432457552194,38.840000000000146,0.17932737699352116,0.050314465408805034,6,698.5999999999999,1,0,,,,,,,,,1
2344,0,47,2242.1800000000007,3.03407307171854,31798.0,561,135,569.4,10.0,1280.66,961.5200000000004,0.5433908071608878,-319.13999999999965,0.20251957973808316,0.2127659574468085,3,448.65999999999997,1,0,,,,,,,,,1
541,1,42,1678.6300000000003,2.7745950413223146,25869.0,451,109,371.31,0.0,641.7399999999999,1036.89,0.567015959443117,395.1500000000002,0.18113213069650816,0.0,1,105.56,1,1,,,,,,,,,1
2386,3,39,822.0099999999999,3.9710628019323666,18016.0,196,78,178.01,1.0,328.62,493.39,0.5860877604895317,164.76999999999998,0.1780064398712026,0.02564102564102564,1,234.95,1,0,,,,,,,,,1
1312,3,129,4771.260000000001,3.285991735537191,190578.0,982,169,802.51,74.0,3000.590000000001,1770.67,0.579008479940309,-1229.920000000001,0.14397974799821303,0.5736434108527132,6,284.62,1,1,,,,,,,,,1
73,15,160,2748.860000000001,3.8935694050991514,215939.0,493,115,227.59000000000003,1.0,891.7499999999998,1857.1100000000008,0.4359698202163805,965.360000000001,0.07646357237648875,0.00625,4,115.32000000000001,1,1,,,,,,,,,1
1245,0,202,3527.5600000000004,3.0305498281786947,149068.0,686,150,551.56,2.0,1622.88,1904.6799999999998,0.3840898524759323,281.7999999999997,0.13521543862401691,0.009900990099009901,5,941.71,1,0,,,,,,,,,1
2377,0,70,976.4699999999998,1.7344049733570157,42990.0,319,91,208.29000000000002,0.0,339.78,636.6899999999999,0.5922148145872378,296.90999999999997,0.1758077585333739,0.0,2,131.07,1,1,,,,,,,,,1
1646,7,66,1538.1200000000001,6.227206477732794,402.0,152,64,143.6,0.0,1211.1399999999999,326.98,0.8102488752503055,-884.1599999999999,0.08538876864162881,0.0,1,15.41,1,1,,,,,,,,,1
1064,1,39,2353.76,2.3727419354838712,1096.0,676,137,650.5000000000001,33.0,797.6200000000002,1556.1399999999999,0.5967770715790907,758.5199999999996,0.21652586660275744,0.8461538461538461,5,720.9200000000001,1,0,,,,,,,,,1
952,0,99,1904.6400000000003,2.5361384820239685,37296.0,486,124,286.26000000000005,1.0,751.26,1153.38,0.6550424227150536,402.1200000000001,0.13065863343831302,0.010101010101010102,4,296.83,1,0,,,,,,,,,1
568,0,147,6672.430000000005,2.8526849080803784,3506.0,1213,150,1011.53,3.0,1570.25,5102.180000000003,0.5749344691514182,3531.930000000003,0.13164175763538583,0.02040816326530612,7,1940.420000000001,1,0,,,,,,,,,1
573,0,99,3079.4100000000008,3.6485900473933657,100069.0,528,145,485.41999999999996,8.0,1396.8000000000002,1682.6100000000004,0.5210478630646779,285.8100000000002,0.13616918618840165,0.08080808080808081,3,32.14,1,1,,,,,,,,,1
730,0,75,937.69,3.3851624548736465,373.0,128,43,161.86999999999998,0.0,382.90999999999997,554.78,0.6924783243929229,171.87,0.14721343082687618,0.0,1,174.0,1,0,,,,,,,,,1
536,2,81,1465.55,2.2238998482549315,4374.0,476,109,433.93,6.0,901.04,564.51,0.6453072225444374,-336.53,0.22844673279002675,0.07407407407407407,4,91.58000000000001,1,1,,,,,,,,,1
2065,1,69,2491.2300000000005,2.710805223068553,1011.0,582,115,484.15,20.0,582.58,1908.65,0.5139870666297369,1326.0700000000002,0.16271871155953185,0.2898550724637681,3,777.1000000000003,1,0,,,,,,,,,1
1672,0,64,1474.5300000000002,2.5335567010309283,937.0,436,117,288.19,3.0,849.6800000000001,624.85,0.534556774022909,-224.83000000000004,0.16349164926931103,0.046875,2,243.55,1,0,,,,,,,,,1
293,1,101,3673.4800000000014,3.1263659574468097,1494.0,725,150,693.5400000000001,1.0,1571.1000000000006,2102.3800000000006,0.4547785750841163,531.28,0.15881310367252724,0.009900990099009901,5,284.17999999999995,1,1,,,,,,,,,1
2081,5,34,896.3499999999998,3.5711155378486046,471.0,186,77,185.25,0.0,580.4099999999999,315.93999999999994,0.5214369386958221,-264.4699999999999,0.17127403846153846,0.0,1,25.490000000000002,1,1,,,,,,,,,1
1217,2,40,1955.0800000000002,2.663596730245232,48361.0,533,127,481.40000000000015,5.0,830.8900000000002,1124.19,0.5361673179614133,293.29999999999984,0.1975801155765695,0.125,1,701.8200000000003,1,0,,,,,,,,,1
1887,0,76,786.4499999999999,2.711896551724138,369.0,154,59,199.05,2.0,154.39,632.06,0.420548032297031,477.66999999999996,0.2019786910197869,0.02631578947368421,1,90.43000000000002,1,1,,,,,,,,,1
2475,0,106,4365.830000000001,3.1184500000000006,17070.0,733,156,695.65,32.0,1429.43,2936.4000000000005,0.6431995748803777,1506.9700000000005,0.13744003730134266,0.3018867924528302,3,713.1900000000003,1,0,,,,,,,,,1
2095,0,139,3131.250000000001,2.110006738544475,68304.0,846,151,439.32000000000005,7.0,1109.1200000000001,2022.1300000000003,0.4917141716566865,913.0100000000002,0.12303917861853987,0.050359712230215826,8,659.2400000000001,1,0,,,,,,,,,1
1083,1,46,1228.9099999999999,3.6466172106824923,5460.0,255,91,317.15999999999997,4.0,380.18,848.7299999999999,0.4374282901107486,468.5499999999999,0.2051394826883647,0.08695652173913043,1,168.01999999999998,1,1,,,,,,,,,1
137,0,37,1031.8,2.8268493150684932,489.0,293,104,285.96000000000004,13.0,857.5400000000001,174.26,0.4988854429152937,-683.2800000000001,0.217004613890238,0.35135135135135137,1,30.370000000000005,1,1,,,,,,,,,1
1424,0,50,499.0399999999999,2.088033472803347,270.0,181,84,112.75,0.0,173.93,325.10999999999996,0.5104600833600514,151.17999999999995,0.1842952647150166,0.0,1,96.18,1,0,,,,,,,,,1
538,0,57,3439.5200000000013,3.300882917466412,27819.0,655,158,455.1000000000001,2.0,990.6199999999999,2448.9,0.5709255942689675,1458.2800000000002,0.11685350560516813,0.03508771929824561,2,942.6900000000003,1,0,,,,,,,,,1
2500,0,86,4347.940000000001,3.6878201865988136,204804.0,867,156,864.42,69.0,1225.48,3122.4600000000014,0.5160213802398373,1896.9800000000014,0.16584042545027583,0.8023255813953488,8,1138.2200000000003,1,0,,,,,,,,,1
162,1,61,2487.86,3.3215754339118826,873.0,392,113,244.88,0.0,1062.5100000000002,1425.35,0.7080663702941484,362.8399999999997,0.08960969576322664,0.0,4,549.6800000000001,1,0,,,,,,,,,1
1621,0,62,2488.9700000000003,2.5819190871369297,1175.0,654,112,516.04,8.0,795.2,1693.77,0.5486647086947611,898.5699999999999,0.1717265499948419,0.12903225806451613,2,742.5099999999998,1,0,,,,,,,,,1
1204,1,74,1875.8600000000001,3.234241379310345,8784.0,446,121,543.09,4.0,768.8199999999999,1107.04,0.46418176196517863,338.22,0.22451476880464663,0.05405405405405406,2,167.26999999999998,1,1,,,,,,,,,1
2144,1,47,2071.33,4.333326359832636,47220.0,388,113,311.22999999999996,1.0,406.37,1664.9599999999998,0.4300232217946923,1258.5899999999997,0.1306283997045195,0.02127659574468085,1,194.56999999999996,1,1,,,,,,,,,1
1051,0,48,1890.9600000000005,2.900245398773007,25842.0,500,127,260.55,6.0,1260.4700000000007,630.49,0.6098278123281295,-629.9800000000007,0.121100994185479,0.125,1,384.7100000000001,1,0,,,,,,,,,1
841,0,124,1807.8900000000003,3.674573170731708,91543.0,352,110,367.6,4.0,418.44,1389.45,0.31348146181460146,971.01,0.168973426676289,0.03225806451612903,1,742.4799999999998,1,0,,,,,,,,,1
1187,0,108,2425.15,2.4471745711402626,1358.0,536,125,351.66999999999996,1.0,338.64,2086.51,0.5216007257283055,1747.8700000000003,0.12664486715019335,0.009259259259259259,6,571.03,1,0,,,,,,,,,1
1000,0,118,3605.030000000001,2.2239543491671814,59355.0,513,122,481.2299999999999,3.0,1508.6000000000004,2096.4300000000003,0.642793541246536,587.8299999999999,0.1177678366036424,0.025423728813559324,3,545.73,1,0,,,,,,,,,1
836,9,68,1449.57,2.9107831325301206,660.0,312,85,284.9600000000001,0.0,554.1400000000001,895.4299999999997,0.5209337941596472,341.2899999999996,0.1642865790732937,0.0,2,114.78,1,1,,,,,,,,,1
291,1,49,2024.56,2.7470284938941654,1195.0,455,105,417.25,2.0,189.93,1834.63,0.6785227407436679,1644.7,0.17087734098885662,0.04081632653061224,4,449.93000000000006,1,0,,,,,,,,,1
1895,5,42,790.5300000000002,6.034580152671757,204.0,116,61,144.83,3.0,604.1000000000001,186.42999999999998,0.34212490354572245,-417.6700000000002,0.15483877865206977,0.07142857142857142,2,137.03000000000003,1,0,,,,,,,,,1
1630,0,163,8017.820000000004,4.589479107040644,2460.0,672,153,1330.8200000000002,39.0,3258.2900000000004,4759.530000000002,0.3972413947930982,1501.2400000000011,0.1423543959335261,0.2392638036809816,3,1247.5000000000005,1,0,,,,,,,,,1
1098,0,376,7946.250000000001,2.889545454545455,463277.0,956,156,1680.7900000000004,142.0,2996.9600000000014,4949.29,0.5498392323422995,1952.3299999999986,0.17459052834516114,0.3776595744680851,6,1554.4499999999998,1,0,,,,,,,,,1
2187,4,43,2390.1499999999996,4.230353982300884,962.0,361,102,881.06,2.0,1478.7799999999997,911.37,0.36676359224316474,-567.4099999999997,0.2693376457029662,0.046511627906976744,1,276.98,1,1,,,,,,,,,1
1972,0,108,1971.7600000000002,2.1339393939393942,8231.0,654,145,330.65999999999997,1.0,1106.1200000000001,865.64,0.6455805980443866,-240.48000000000013,0.1436141103708272,0.009259259259259259,3,463.9699999999999,1,0,,,,,,,,,1
737,0,47,1423.79,2.90569387755102,12664.0,397,119,272.21999999999997,0.0,637.9400000000002,785.8499999999998,0.4093019335716644,147.90999999999963,0.16050612909121997,0.0,1,169.72000000000003,1,1,,,,,,,,,1
1798,0,40,2346.9699999999993,2.5400108225108218,1136.0,616,126,498.02,11.0,941.3799999999999,1405.5900000000004,0.5040328593889144,464.2100000000005,0.1750515819036271,0.275,1,110.53999999999996,1,1,,,,,,,,,1
1852,1,310,9344.040000000008,3.737616000000003,900560.0,1615,215,1223.1699999999996,18.0,5798.060000000005,3545.9800000000027,0.391835865428658,-2252.080000000002,0.11575146136018861,0.05806451612903226,8,455.98000000000013,1,1,,,,,,,,,1
549,6,87,2070.4500000000007,3.9893063583815045,864.0,306,88,312.6499999999999,1.0,1655.7000000000007,414.75,0.4989736530705884,-1240.9500000000007,0.13119466241450203,0.011494252873563218,1,228.89999999999998,1,1,,,,,,,,,1
1317,0,182,3860.780000000001,2.555115817339511,1848.0,765,118,782.0699999999999,5.0,2341.3,1519.48,0.6859909137531794,-821.8200000000002,0.1684461053017004,0.027472527472527472,6,204.46,1,1,,,,,,,,,1
804,0,180,3585.82,1.8676145833333335,2321.0,878,144,1060.96,9.0,2201.5,1384.3200000000002,0.6125934932595613,-817.1799999999998,0.22832154739410945,0.05,5,331.92,1,1,,,,,,,,,1
1417,0,64,3369.620000000001,4.97728212703102,255012.0,424,97,758.74,4.0,140.15,3229.4700000000007,0.3616728295772223,3089.3200000000006,0.18378726661434563,0.0625,1,334.31,1,1,,,,,,,,,1
425,0,132,4799.4000000000015,2.6013008130081308,2697.0,876,122,1276.1499999999996,2.0,2613.1800000000003,2186.2200000000003,0.6255469433679208,-426.96000000000004,0.2100468270362353,0.015151515151515152,7,744.5100000000001,1,0,,,,,,,,,1
924,2,82,1991.58,3.0639692307692306,740.0,349,80,235.35999999999999,1.0,1001.6399999999999,989.9399999999997,0.7112393175267877,-11.70000000000016,0.10568762517176035,0.012195121951219513,3,344.6000000000001,1,0,,,,,,,,,1
633,0,147,4710.350000000002,3.146526386105546,203242.0,761,141,1193.4299999999998,99.0,2418.03,2292.3200000000006,0.46909889923254094,-125.70999999999958,0.20214676021125438,0.673469387755102,2,783.5400000000002,1,0,,,,,,,,,1
650,3,72,1352.59,2.4196601073345256,675.0,360,114,392.40999999999997,2.0,911.04,441.5499999999999,0.5686941349558994,-469.49000000000007,0.22487679083094553,0.027777777777777776,4,63.059999999999995,1,1,,,,,,,,,1
1587,3,56,580.88,2.6048430493273544,29795.0,174,74,103.89000000000001,7.0,232.54000000000002,348.34000000000003,0.5380112932103017,115.80000000000001,0.15171517443813254,0.125,1,133.73000000000002,1,0,,,,,,,,,1
641,0,314,11354.810000000012,3.002329455314652,4657.0,1708,192,2091.2400000000002,35.0,5381.940000000002,5972.870000000006,0.5130187118939017,590.9300000000039,0.15552820345008372,0.11146496815286625,9,1866.9400000000007,1,0,,,,,,,,,1
646,0,40,1610.6599999999999,2.5566031746031745,104913.0,502,137,457.87,4.0,868.0899999999999,742.5699999999999,0.5160741559360759,-125.51999999999998,0.2213504275983428,0.1,1,81.06,1,1,,,,,,,,,1
524,1,65,1918.6400000000003,2.5581866666666673,7569.0,428,112,651.4899999999998,4.0,1495.5200000000002,423.11999999999995,0.3177406913230204,-1072.4000000000003,0.2534852322645157,0.06153846153846154,5,65.94,1,1,,,,,,,,,1
2034,0,109,2543.54,2.546086086086086,181883.0,564,113,516.5300000000001,5.0,532.06,2011.4799999999998,0.502787453706252,1479.4199999999998,0.16879679223024313,0.045871559633027525,2,574.8100000000001,1,0,,,,,,,,,1
1383,0,111,1148.1599999999999,3.180498614958448,437.0,227,93,158.13,0.0,535.59,612.5699999999999,0.5305096850613156,76.9799999999999,0.12105275245159956,0.0,4,384.49,1,0,,,,,,,,,1
1116,2,58,2338.080000000001,3.31172804532578,3599.0,437,94,523.4799999999999,4.0,1766.6800000000007,571.4000000000001,0.7358473619380004,-1195.2800000000007,0.18293518220830587,0.06896551724137931,3,441.06,1,0,,,,,,,,,1
2274,1,47,4914.670000000001,3.9827147487844416,23303.0,835,155,862.4500000000002,3.0,1966.27,2948.4000000000005,0.3423017211735476,982.1300000000006,0.1492871880798737,0.06382978723404255,6,2059.7900000000004,1,0,,,,,,,,,1
1723,0,77,4132.300000000001,7.4455855855855875,20070.0,245,62,245.74999999999997,0.0,1216.1300000000003,2916.1700000000005,0.6843089804709241,1700.0400000000002,0.056132296341978714,0.0,3,336.91999999999996,1,1,,,,,,,,,1
2429,0,61,1423.6,3.622391857506361,814.0,333,123,541.6899999999999,2.0,593.3499999999999,830.2500000000001,0.5213472885642035,236.9000000000002,0.27562853319357444,0.03278688524590164,1,383.56,1,0,,,,,,,,,1
795,7,37,1115.54,2.6003263403263404,540.0,290,95,201.55,2.0,786.51,329.03000000000003,0.566864478189935,-457.47999999999996,0.1530267483619191,0.05405405405405406,1,180.37,1,0,,,,,,,,,1
745,0,159,5994.810000000003,2.530523427606586,3039.0,1086,138,742.7099999999999,4.0,2484.1600000000008,3510.650000000001,0.5816397850807613,1026.4900000000002,0.11023492323584932,0.025157232704402517,7,718.6999999999999,1,1,,,,,,,,,1
1279,0,187,4169.660000000002,2.226193272824347,14371.0,953,156,703.6000000000001,0.0,1546.5000000000005,2623.160000000001,0.5221480888129965,1076.6600000000008,0.14437973758839048,0.0,5,623.8,1,0,,,,,,,,,1
2016,8,117,1585.9599999999998,1.9924120603015072,1098.0,441,117,356.3,3.0,859.01,726.95,0.5968498574995587,-132.05999999999995,0.1834460885772245,0.02564102564102564,2,142.57,1,1,,,,,,,,,1
728,1,448,10344.290000000006,3.916808027262403,809666.0,1109,177,1493.37,11.0,6291.2900000000045,4053.0000000000023,0.4539364228961097,-2238.2900000000022,0.12615415546653638,0.024553571428571428,4,388.61999999999995,1,1,,,,,,,,,1
1078,0,226,6219.9000000000015,3.5481460353679415,777680.0,877,161,794.07,20.0,2935.3600000000015,3284.5400000000013,0.430489236161353,349.17999999999984,0.1132126313628373,0.08849557522123894,8,665.7900000000002,1,1,,,,,,,,,1
2080,1,122,5266.849999999999,2.49850569259962,77629.0,608,124,821.7200000000001,13.0,3408.72,1858.1299999999999,0.5547490435459526,-1550.59,0.13496108281583363,0.10655737704918032,8,437.28999999999996,1,1,,,,,,,,,1
1282,1,181,4854.540000000001,2.6113717052178593,2467.0,964,156,945.2999999999998,3.0,1588.41,3266.130000000001,0.48104454799012875,1677.720000000001,0.16298725482082257,0.016574585635359115,5,1102.9399999999998,1,0,,,,,,,,,1
517,0,97,3506.07,2.9241618015012514,110701.0,865,156,521.89,2.0,1444.3,2061.77,0.5310447309951027,617.47,0.12956682787316656,0.020618556701030927,6,236.82,1,1,,,,,,,,,1
1289,0,445,1303.73,1.8492624113475178,810.0,314,72,179.39999999999998,1.0,570.0000000000001,733.73,0.7635630076779701,163.7299999999999,0.12096040131343845,0.0022471910112359553,3,208.35000000000002,1,0,,,,,,,,,1
1047,0,68,954.9699999999999,2.66008356545961,447.0,273,95,190.66,5.0,461.9,493.07000000000005,0.49740829554855137,31.170000000000073,0.16642371446278467,0.07352941176470588,2,97.97,1,1,,,,,,,,,1
891,0,95,5873.850000000004,2.8376086956521758,2786.0,948,154,1214.3600000000001,13.0,2144.2900000000013,3729.5600000000027,0.47008350570749985,1585.2700000000013,0.17132110927864713,0.1368421052631579,7,1161.3600000000004,1,0,,,,,,,,,1
142,0,152,1998.2200000000005,2.7112890094979654,1070.0,240,70,313.18,0.0,1158.8400000000001,839.38,0.7457937564432344,-319.46000000000015,0.13549364021804963,0.0,7,325.96999999999997,1,0,,,,,,,,,1
88,0,191,10090.200000000006,2.293748579222552,246514.0,1788,183,2039.7099999999994,92.0,4029.2300000000014,6060.970000000004,0.5960853104992959,2031.7400000000025,0.16815541088103692,0.4816753926701571,9,1525.4600000000005,1,0,,,,,,,,,1
1029,0,234,12013.28000000001,3.631584038694078,1264558.0,893,165,1222.7999999999995,38.0,4821.120000000001,7192.1600000000035,0.4559720575896006,2371.0400000000027,0.09238384778574915,0.1623931623931624,11,1772.2700000000004,1,0,,,,,,,,,1
1776,2,219,3484.4800000000014,2.2714993481095185,2087.0,623,143,669.1600000000001,9.0,2452.430000000001,1032.0500000000002,0.479557925429332,-1420.380000000001,0.1611020695101164,0.0410958904109589,5,239.78000000000003,1,1,,,,,,,,,1
1458,1,103,2692.1400000000003,3.2125775656324587,141600.0,582,147,640.1999999999998,16.0,1157.67,1534.47,0.42678686843923425,376.79999999999995,0.19211725094078028,0.1553398058252427,3,788.49,1,0,,,,,,,,,1
96,30,57,1155.0000000000002,3.5648148148148153,408.0,251,83,163.53,0.0,897.6500000000001,257.34999999999997,0.42962770562770564,-640.3000000000002,0.1240244818092876,0.0,2,27.429999999999996,1,1,,,,,,,,,1
261,12,43,1175.2299999999998,4.555155038759689,132966.0,207,84,120.48,1.0,736.6099999999999,438.62,0.3103732886328634,-297.9899999999999,0.09298376951632698,0.023255813953488372,1,66.64000000000001,1,1,,,,,,,,,1
1473,0,98,3563.220000000001,3.0585579399141642,1438.0,807,165,430.09,4.0,1347.8500000000001,2215.37,0.5818388985243682,867.5199999999998,0.10770263265311229,0.04081632653061224,5,775.9300000000002,1,0,,,,,,,,,1
820,0,182,4021.4100000000008,2.8520638297872347,16052.0,1055,162,682.7500000000001,25.0,2835.4000000000005,1186.0100000000002,0.42377673502577445,-1649.3900000000003,0.14513749532328832,0.13736263736263737,2,582.5700000000002,1,1,,,,,,,,,1
26,0,92,1590.0,2.376681614349776,856.0,408,105,258.89000000000004,0.0,747.1600000000001,842.8399999999998,0.5844528301886792,95.67999999999972,0.14002455527370478,0.0,1,347.39,1,0,,,,,,,,,1
1511,0,131,3099.61,2.7874190647482013,1492.0,610,139,648.1000000000001,4.0,1000.9699999999999,2098.64,0.7182451985894999,1097.67,0.1729322706399375,0.030534351145038167,4,640.5499999999997,1,0,,,,,,,,,1
2074,3,28,669.7199999999999,2.349894736842105,3936.0,200,88,151.08,5.0,396.85,272.87,0.7247207788329452,-123.98000000000002,0.18406432748538015,0.17857142857142858,1,9.0,1,1,,,,,,,,,1
335,0,135,2506.6700000000005,3.6275976845151963,963.0,426,124,224.12,0.0,1159.0700000000004,1347.6000000000004,0.39662979171570245,188.52999999999997,0.08207148847036937,0.0,3,315.51,1,1,,,,,,,,,1
2215,0,121,2144.41,2.76698064516129,932.0,436,105,424.62000000000006,0.0,785.11,1359.3,0.4612270974300624,574.1899999999999,0.16528417340396964,0.0,5,257.7,1,1,,,,,,,,,1
2438,0,135,2093.79,3.8347802197802197,207485.0,399,115,247.55,0.0,850.53,1243.26,0.42140806862197255,392.73,0.10573005202149197,0.0,3,967.7899999999995,1,0,,,,,,,,,1
972,0,150,3715.050000000001,3.253108581436078,83821.0,615,145,503.3299999999999,20.0,2531.290000000001,1183.76,0.6111950041049246,-1347.5300000000009,0.11931831651012943,0.13333333333333333,6,504.1299999999999,1,1,,,,,,,,,1
520,1,99,1906.55,2.183906071019473,4771.0,466,111,560.06,4.0,1120.04,786.51,0.6276782670268286,-333.53,0.22705656751574024,0.04040404040404041,1,164.60000000000002,1,1,,,,,,,,,1
2015,0,107,5555.720000000001,3.293254297569651,2015.0,659,156,851.6599999999999,42.0,2239.11,3316.6100000000006,0.5487173579662041,1077.5000000000005,0.13291860323564386,0.3925233644859813,5,1072.98,1,0,,,,,,,,,1
1117,0,174,3492.9400000000005,3.431178781925344,168126.0,709,147,449.45,1.0,1774.4200000000005,1718.5200000000002,0.5734825104353352,-55.90000000000032,0.11400444907784363,0.005747126436781609,6,174.5,1,1,,,,,,,,,1
303,0,168,3796.3900000000012,2.6905669737774636,68367.0,812,150,1034.62,11.0,893.59,2902.8,0.5376765822267994,2009.21,0.21416225592577942,0.06547619047619048,4,1083.2800000000002,1,0,,,,,,,,,1
1191,0,81,2049.9700000000003,3.0688173652694615,821.0,381,115,273.2199999999999,0.0,709.99,1339.9800000000002,0.5147441182066077,629.9900000000002,0.11760553377037604,0.0,2,435.90000000000003,1,0,,,,,,,,,1
227,1,110,1159.7500000000002,1.125970873786408,17911.0,260,36,567.8799999999999,8.0,524.1800000000002,635.57,0.8513214054753179,111.38999999999987,0.32870464161886503,0.07272727272727272,1,230.50000000000003,1,0,,,,,,,,,1
2,0,43,1740.6699999999998,2.8075322580645157,722.0,489,137,315.09000000000003,6.0,822.7400000000001,917.93,0.5636680128915879,95.18999999999983,0.1532717826983695,0.13953488372093023,1,213.66999999999996,1,1,,,,,,,,,1
1102,0,70,1759.2999999999997,2.893585526315789,712.0,448,114,543.75,3.0,1161.37,597.9300000000001,0.3959245154322743,-563.4399999999998,0.23609995440828468,0.04285714285714286,2,504.1000000000002,1,0,,,,,,,,,1
215,0,119,1422.75,2.038323782234957,47287.0,428,122,261.77000000000004,7.0,534.3199999999999,888.43,0.4245861887190301,354.11,0.15539738323083135,0.058823529411764705,1,249.91000000000003,1,0,,,,,,,,,1
2395,0,210,4516.31,2.432046311254712,2672.0,905,166,888.6399999999998,4.0,2186.8100000000004,2329.5,0.5149757213300238,142.6899999999996,0.1644122517322084,0.01904761904761905,10,745.99,1,0,,,,,,,,,1
2410,2,55,2203.42,3.0308390646492436,26407.0,513,132,392.71999999999997,7.0,844.51,1358.91,0.44237140445307743,514.4000000000001,0.15127073270316702,0.12727272727272726,4,433.15,1,0,,,,,,,,,1
1319,3,43,934.8999999999999,2.876615384615384,444.0,267,89,330.50000000000006,8.0,602.62,332.28000000000003,0.46853139373194996,-270.34,0.2611822348664455,0.18604651162790697,1,124.89,1,1,,,,,,,,,1
1055,0,74,1112.2299999999998,2.2606300813008127,8922.0,271,81,225.05,0.0,737.1399999999999,375.0899999999999,0.6952788541938268,-362.04999999999995,0.16828936348408713,0.0,5,92.17999999999999,1,1,,,,,,,,,1
1933,1,79,2064.4700000000003,3.040456553755523,104556.0,486,126,370.77,1.0,866.3400000000001,1198.13,0.51191346931658,331.78999999999996,0.152251934100951,0.012658227848101266,2,115.75000000000001,1,1,,,,,,,,,1
1957,0,39,1707.4100000000003,2.995456140350878,674.0,397,112,280.2699999999999,8.0,405.7200000000001,1301.6900000000003,0.5726334038104497,895.9700000000003,0.14100358206552357,0.20512820512820512,2,286.82,1,0,,,,,,,,,1
79,0,131,3295.3400000000006,3.085524344569289,166648.0,662,163,748.48,44.0,885.6300000000001,2409.7100000000005,0.427072775495093,1524.0800000000004,0.18509231370337945,0.33587786259541985,1,654.7800000000001,1,0,,,,,,,,,1
2019,0,256,9873.160000000005,3.4425244072524426,26210.0,1326,180,1883.4500000000005,44.0,1424.6400000000006,8448.520000000006,0.566580507152725,7023.880000000006,0.16020349403441975,0.171875,8,3287.3400000000006,1,0,,,,,,,,,1
450,1,55,1308.27,2.0733280507131537,709.0,251,95,327.49,0.0,611.1299999999999,697.1400000000001,0.36491702783064656,86.01000000000022,0.2002066317797232,0.0,1,232.17999999999998,1,0,,,,,,,,,1
1056,3,60,4684.390000000002,3.441873622336519,1963.0,733,122,752.11,0.0,2287.8500000000004,2396.540000000001,0.5317618729439689,108.69000000000051,0.13834452313069065,0.0,8,186.7,1,1,,,,,,,,,1
228,0,75,2258.32,3.360595238095238,84008.0,524,126,509.78999999999996,4.0,693.93,1564.3899999999999,0.4420232739381487,870.4599999999999,0.1841653691507924,0.05333333333333334,2,146.49,1,1,,,,,,,,,1
1075,0,57,1237.7400000000002,3.274444444444445,23586.0,288,91,319.0299999999999,9.0,718.62,519.12,0.4149417486709648,-199.5,0.20493072194351117,0.15789473684210525,1,231.28000000000003,1,0,,,,,,,,,1
122,1,126,2279.4000000000005,3.1526970954356854,1045.0,523,132,682.9099999999999,3.0,1866.8600000000006,412.5399999999999,0.4702728788277616,-1454.3200000000006,0.2305329286941609,0.023809523809523808,5,74.82,1,1,,,,,,,,,1
533,0,58,2429.98,2.761340909090909,1185.0,501,116,460.7900000000001,3.0,1390.55,1039.4299999999996,0.5769389048469534,-351.12000000000035,0.15940043656188493,0.05172413793103448,2,362.89,1,0,,,,,,,,,1
563,0,66,2304.7500000000005,2.962403598971723,146815.0,571,146,392.77000000000004,11.0,955.7399999999999,1349.0100000000002,0.4571081462197634,393.2700000000003,0.1456041104421839,0.16666666666666666,1,184.01999999999998,1,1,,,,,,,,,1
2176,5,191,2550.6600000000003,2.710584484590861,214944.0,625,122,486.54999999999995,4.0,1565.9000000000003,984.7600000000001,0.5561540934503225,-581.1400000000002,0.16019636442656252,0.020942408376963352,3,50.9,1,1,,,,,,,,,1
2281,0,77,3084.7500000000014,3.4738175675675693,1216.0,477,124,568.76,18.0,263.52,2821.2300000000005,0.5475808412351079,2557.7100000000005,0.1556749536746854,0.23376623376623376,2,1924.0400000000009,1,0,,,,,,,,,1
1293,0,140,2314.5300000000007,1.6276582278481018,1744.0,621,99,305.54,0.0,402.74,1911.7900000000004,0.5816126816243469,1509.0500000000004,0.11661520493727265,0.0,2,448.2700000000001,1,0,,,,,,,,,1
246,1,41,747.8399999999998,2.476291390728476,3876.0,211,85,130.48000000000002,0.0,427.2599999999999,320.58000000000004,0.625066859221224,-106.67999999999984,0.148556334821022,0.0,2,99.41000000000003,1,1,,,,,,,,,1
1773,5,79,2873.6000000000004,4.469051321928461,200729.0,417,118,346.21999999999997,21.0,1400.69,1472.9100000000003,0.34760927060133634,72.22000000000025,0.10752774999844711,0.26582278481012656,2,483.3000000000001,1,0,,,,,,,,,1
2071,0,190,1582.6,2.7239242685025817,679.0,343,98,337.52,1.0,331.71,1250.89,0.4548780487804879,919.1800000000001,0.1757806803741433,0.005263157894736842,2,150.37,1,1,,,,,,,,,1
1446,4,39,1865.49,2.763688888888889,31226.0,392,114,418.82,46.0,695.4199999999998,1170.0700000000002,0.6945735436802128,474.6500000000003,0.18334639344047,1.1794871794871795,4,230.34000000000003,1,1,,,,,,,,,1
1744,0,49,914.51,3.1318835616438356,483.0,162,70,79.84,1.0,533.53,380.97999999999996,0.47521623601710217,-152.55,0.080293659174335,0.02040816326530612,1,174.11,1,0,,,,,,,,,1
2468,3,84,2463.11,2.47548743718593,1318.0,625,140,660.16,17.0,816.3400000000001,1646.77,0.6935784435124699,830.4299999999998,0.21136821344296203,0.20238095238095238,2,43.78,1,1,,,,,,,,,1
2027,2,124,1816.34,2.710955223880597,978.0,470,123,490.97999999999996,1.0,596.2499999999999,1220.09,0.6005813889470033,623.84,0.2127923304959867,0.008064516129032258,4,98.94000000000003,1,1,,,,,,,,,1
2055,0,98,1640.29,3.0488661710037173,31739.0,331,107,219.84999999999997,1.0,133.36,1506.93,0.5893774881270996,1373.5700000000002,0.11819002870751663,0.01020408163265306,3,768.45,1,0,,,,,,,,,1
279,1,49,1757.37,3.1778842676311028,141743.0,353,116,419.66999999999996,29.0,444.4200000000001,1312.9500000000003,0.4037852017503429,868.5300000000002,0.1927709183111013,0.5918367346938775,1,59.25,1,1,,,,,,,,,1
2098,1,12,663.44,3.0573271889400924,271.0,153,76,103.83000000000001,2.0,80.35,583.09,0.5748824309658749,502.74,0.13532394072490778,0.16666666666666666,1,19.020000000000003,1,1,,,,,,,,,1
2222,3,35,2746.8900000000003,2.9409957173447543,45979.0,597,130,576.55,49.0,1059.72,1687.1700000000003,0.6787821863998921,627.4500000000003,0.17347988830849959,1.4,2,329.38,1,1,,,,,,,,,1
943,1,140,3262.16,2.4182060785767234,103284.0,742,141,666.52,10.0,453.44999999999993,2808.7099999999996,0.5850785982293939,2355.2599999999998,0.16965494771780854,0.07142857142857142,3,171.98000000000002,1,1,,,,,,,,,1
893,1,75,3599.7900000000004,3.084652956298201,12529.0,610,113,475.5,2.0,574.1400000000001,3025.650000000001,0.7576136385733613,2451.510000000001,0.11667881304152587,0.02666666666666667,2,1129.22,1,0,,,,,,,,,1
1233,6,33,1710.8200000000002,2.9194880546075086,125563.0,406,104,319.1,3.0,1156.6700000000003,554.15,0.5472697303047661,-602.5200000000003,0.1571983132340191,0.09090909090909091,1,67.69999999999999,1,1,,,,,,,,,1
1016,1,38,2581.7500000000005,3.9296042617960434,18896.0,505,150,257.08,0.0,1274.8300000000002,1306.9200000000003,0.5528033310738838,32.090000000000146,0.09055843428454678,0.0,3,508.0900000000003,1,0,,,,,,,,,1
1127,6,20,1238.19,3.0273594132029342,538.0,332,100,247.16,2.0,59.660000000000004,1178.5300000000002,0.5441895024188532,1118.8700000000001,0.16639849193792708,0.1,2,325.34000000000003,1,0,,,,,,,,,1
1581,0,19,946.6899999999999,3.0440192926045015,403.0,285,105,276.15999999999997,3.0,0.0,946.6899999999999,0.6131046065765985,946.6899999999999,0.22583309481947908,0.15789473684210525,2,302.57,1,0,,,,,,,,,1
1265,1,44,1301.58,2.2794746059544657,702.0,350,102,348.53,20.0,461.08000000000004,840.5,0.6246254552159684,379.41999999999996,0.21121622194883977,0.45454545454545453,1,108.28999999999999,1,1,,,,,,,,,1
754,0,27,1356.98,3.452875318066158,622.0,198,84,87.93,1.0,668.32,688.66,0.5424766761485063,20.339999999999918,0.06085500134956503,0.037037037037037035,4,178.15000000000003,1,1,,,,,,,,,1
1555,0,84,1326.6299999999999,2.2523429541595923,694.0,430,114,319.54999999999995,6.0,552.68,773.9499999999999,0.6551412224960991,221.26999999999998,0.19411607479133508,0.07142857142857142,3,119.91,1,1,,,,,,,,,1
1809,0,53,1290.45,2.0914910858995137,717.0,435,118,290.32,7.0,514.16,776.2900000000001,0.7144871943895539,262.1300000000001,0.18365733155360994,0.1320754716981132,1,218.96000000000004,1,0,,,,,,,,,1
744,0,133,3854.260000000001,2.9023042168674706,243253.0,900,168,986.98,105.0,1090.7600000000004,2763.5000000000005,0.40633221422529864,1672.74,0.20386925663672936,0.7894736842105263,4,876.05,1,0,,,,,,,,,1
1900,0,46,6851.130000000005,3.906003420752568,2215.0,1013,168,718.5499999999998,5.0,2250.410000000001,4600.720000000001,0.5434738502991475,2350.31,0.09492475243339209,0.10869565217391304,2,1690.0100000000004,1,0,,,,,,,,,1
1671,0,36,1297.4899999999998,2.559151873767258,651.0,394,105,202.7,1.0,738.3399999999999,559.1500000000001,0.6942095892839252,-179.18999999999983,0.1351162186123091,0.027777777777777776,2,122.92000000000002,1,1,,,,,,,,,1
1460,3,54,2388.0600000000004,3.2227530364372474,62172.0,548,142,385.22999999999996,24.0,1202.8700000000001,1185.19,0.5008123748984531,-17.680000000000064,0.13890721850221213,0.4444444444444444,2,67.62,1,1,,,,,,,,,1
405,1,89,3330.9700000000007,3.6563885839736563,507456.0,492,113,725.6999999999999,3.0,1623.5,1707.4700000000003,0.36501079265199016,83.97000000000025,0.1788905678795662,0.033707865168539325,3,322.00000000000006,1,1,,,,,,,,,1
1607,1,116,3289.8600000000006,7.722676056338029,1636.0,134,45,2095.77,20.0,1417.33,1872.5299999999997,0.9154249724912304,455.1999999999998,0.38914110326925533,0.1724137931034483,5,593.02,1,0,,,,,,,,,1
2477,0,35,1418.2400000000002,3.9950422535211274,85670.0,290,89,291.41,5.0,790.55,627.69,0.3944818930505414,-162.8599999999999,0.17045009212411896,0.14285714285714285,1,452.98,1,0,,,,,,,,,1
2373,5,121,2536.97,2.409278252611586,80173.0,694,124,710.04,12.0,579.93,1957.04,0.5405739918091267,1377.1100000000001,0.2186750271788507,0.09917355371900827,2,48.629999999999995,1,1,,,,,,,,,1
1818,0,43,1004.8000000000006,2.6031088082901572,514.0,279,110,201.8,2.0,960.4800000000007,44.32000000000001,0.4427448248407643,-916.1600000000007,0.1672468092159787,0.046511627906976744,1,328.63,1,0,,,,,,,,,1
877,2,54,2776.64,3.289857819905213,71922.0,454,125,451.52000000000004,74.0,1090.6700000000003,1685.9700000000003,0.5099184626022819,595.3,0.13986915146708964,1.3703703703703705,4,578.43,1,0,,,,,,,,,1
2230,0,35,1092.8500000000001,2.898806366047746,455.0,304,106,106.39999999999999,0.0,407.8,685.05,0.5258635677357368,277.24999999999994,0.08872211799041065,0.0,1,102.79999999999998,1,1,,,,,,,,,1
747,1,120,1051.74,2.423364055299539,634.0,310,101,277.28000000000003,2.0,450.7199999999999,601.02,0.5423678855991024,150.30000000000007,0.20863493401152733,0.016666666666666666,3,114.99000000000001,1,1,,,,,,,,,1
2482,1,66,2364.130000000001,2.6180841638981187,1367.0,621,113,544.61,3.0,1936.7600000000002,427.36999999999995,0.7217877189494655,-1509.3900000000003,0.1872322723928573,0.045454545454545456,3,364.63999999999993,1,0,,,,,,,,,1
896,0,105,4774.420000000001,2.5422896698615554,119017.0,1227,165,1413.2099999999998,24.0,2230.1800000000003,2544.2400000000007,0.5575839578419995,314.0600000000004,0.2283927772022567,0.22857142857142856,6,500.03999999999996,1,1,,,,,,,,,1
1768,0,58,1107.93,2.749205955334988,7114.0,260,89,264.79999999999995,0.0,159.53999999999996,948.3899999999999,0.5256740046753857,788.8499999999999,0.19290027900606815,0.0,1,414.53999999999996,1,0,,,,,,,,,1
2416,0,90,3535.9100000000008,3.7857708779443264,89617.0,604,142,488.41999999999996,2.0,1192.15,2343.7600000000007,0.6027868356377849,1151.6100000000006,0.12136678652098606,0.022222222222222223,3,887.0700000000003,1,0,,,,,,,,,1
1385,1,101,5023.4000000000015,3.1894603174603184,2614.0,812,130,1084.33,3.0,2816.5700000000006,2206.8300000000004,0.6137536329975714,-609.7400000000002,0.1775340429259315,0.0297029702970297,4,614.1100000000001,1,1,,,,,,,,,1
1681,0,87,2535.51,3.1263995067817514,95407.0,443,113,407.04,2.0,1264.1200000000001,1271.3899999999996,0.5635868129094344,7.269999999999527,0.13832900035683335,0.022988505747126436,2,66.77,1,1,,,,,,,,,1
436,5,26,2013.75,3.191362916006339,798.0,445,126,275.07000000000005,0.0,971.5199999999999,1042.23,0.4743438857852265,70.71000000000015,0.1201798306550974,0.0,1,304.98999999999995,1,0,,,,,,,,,1
1642,1,112,1804.9599999999998,1.9576572668112797,5296.0,339,96,447.76,7.0,980.32,824.6399999999999,0.5266100079780162,-155.68000000000018,0.19876416065911434,0.0625,6,291.15999999999997,1,0,,,,,,,,,1
2046,11,44,611.61,3.6623353293413174,16357.0,151,74,74.72,1.0,401.99,209.62,0.42765814816631514,-192.37,0.10886891145658793,0.022727272727272728,1,27.19,1,1,,,,,,,,,1
2431,2,37,897.4000000000001,2.2892857142857146,455.0,268,89,162.41000000000003,0.0,430.24,467.15999999999997,0.33775351014040556,36.91999999999996,0.153244449476793,0.0,0,81.45,1,1,,,,,,,,,1
1787,6,59,1077.7099999999998,2.0449905123339653,632.0,344,99,282.06000000000006,0.0,511.88999999999993,565.8199999999999,0.6125117146542206,53.93000000000001,0.2074321392588453,0.0,0,19.79,1,1,,,,,,,,,1
1079,10,49,978.1,4.771219512195122,126329.0,139,51,150.13000000000002,1.0,715.09,263.01,0.2827216031080667,-452.08000000000004,0.13306683920831747,0.02040816326530612,0,23.2,1,1,,,,,,,,,1
2212,22,44,241.5,1.8022388059701493,187.0,47,14,48.440000000000005,0.0,144.07,97.42999999999999,0.9393788819875777,-46.64,0.1670690487687108,0.0,0,9.829999999999998,1,1,,,,,,,,,1
84,0,44,1052.25,2.6175373134328357,8613.0,301,98,135.95,2.0,311.49,740.76,0.6346970776906629,429.27,0.1144167648544016,0.045454545454545456,0,155.84,1,0,,,,,,,,,1
1231,2,46,1500.4999999999998,2.3893312101910826,1014.0,285,84,400.24,16.0,571.27,929.23,0.7010196601132958,357.96000000000004,0.21057061986384254,0.34782608695652173,0,419.28999999999996,1,0,,,,,,,,,1
2308,8,26,499.24,3.61768115942029,165.0,120,67,57.81,0.0,69.28,429.9599999999999,0.5138210079320568,360.67999999999995,0.10377883493402748,0.0,0,83.21,1,0,,,,,,,,,1
260,1,27,357.12,2.446027397260274,6839.0,127,64,46.15,0.0,131.75,225.37,0.5630880376344086,93.62,0.11443945743546508,0.0,0,67.91999999999999,1,0,,,,,,,,,1
254,0,31,277.83000000000004,2.088947368421053,156.0,100,43,42.18,0.0,95.88,181.95000000000005,0.6545369470539538,86.07000000000005,0.1318083809880941,0.0,0,164.31,1,0,,,,,,,,,1
1037,0,29,880.99,8.390380952380953,413.0,94,42,74.53,0.0,326.18,554.81,0.42675853301399563,228.62999999999994,0.07799941393168118,0.0,0,195.69999999999993,1,0,,,,,,,,,1
269,0,57,1101.28,3.5755844155844154,398.0,186,81,165.32000000000002,1.0,442.9599999999999,658.3199999999999,0.5239993462153131,215.36,0.13052265908732041,0.017543859649122806,0,663.48,1,0,,,,,,,,,1
1235,5,17,743.3299999999999,4.61695652173913,43968.0,146,62,85.64999999999999,1.0,259.90999999999997,483.41999999999996,0.42298844389436724,223.51,0.10331974233395257,0.058823529411764705,0,150.67000000000002,1,0,,,,,,,,,1
477,4,56,642.48,2.424452830188679,73971.0,208,88,133.2,0.0,407.53999999999996,234.94,0.3879342547627942,-172.59999999999997,0.17172029702970293,0.0,0,169.8,1,0,,,,,,,,,1
2271,4,44,345.6500000000001,2.0213450292397668,239.0,102,50,166.72000000000003,5.0,117.50000000000001,228.15,0.6292203095616952,110.64999999999999,0.3253898549876066,0.11363636363636363,0,16.23,1,1,,,,,,,,,1
1112,1,49,1760.1399999999999,4.367593052109181,225043.0,268,105,144.55999999999997,5.0,940.6499999999999,819.4900000000001,0.4273296442328451,-121.15999999999974,0.07589646663516564,0.10204081632653061,0,129.31,1,1,,,,,,,,,1
2010,0,36,767.0700000000002,2.779239130434783,407.0,214,70,120.65999999999998,0.0,764.5500000000001,2.52,0.6265790605811724,-762.0300000000001,0.13591970531580544,0.0,0,838.91,1,0,,,,,,,,,1
1280,7,21,318.81,5.496724137931034,73265.0,48,25,25.33,0.0,252.27000000000004,66.54,0.5651014710956369,-185.73000000000002,0.07360376590922299,0.0,0,108.82,1,0,,,,,,,,,1
1192,0,71,1081.9499999999998,3.1360869565217384,156868.0,262,80,198.93,4.0,424.71000000000004,657.2399999999999,0.5447941217246639,232.52999999999986,0.15530728873899197,0.056338028169014086,0,400.59000000000003,1,0,,,,,,,,,1
2028,1,82,1752.3500000000004,3.0057461406518016,674.0,344,96,280.51,3.0,955.8700000000001,796.4799999999998,0.644705680942734,-159.39000000000033,0.13798785946892553,0.036585365853658534,0,232.38,1,1,,,,,,,,,1
53,0,48,1613.69,3.5310503282275714,72575.0,283,94,317.91,3.0,567.89,1045.8,0.5150307679913738,477.90999999999997,0.1645837647546076,0.0625,0,348.57000000000005,1,0,,,,,,,,,1
1200,0,29,1563.9900000000002,2.9509245283018872,629.0,424,112,356.3,2.0,433.88999999999993,1130.1000000000001,0.4652523353729883,696.2100000000003,0.18554489165698929,0.06896551724137931,0,55.46,1,1,,,,,,,,,1
1194,1,51,1003.1700000000001,2.365966981132076,499.0,326,111,190.89999999999998,0.0,658.2999999999998,344.87,0.4640988067824995,-313.42999999999984,0.15987337425779055,0.0,0,273.57,1,0,,,,,,,,,1
1700,0,29,1426.19,2.6120695970695973,749.0,393,79,346.39,0.0,331.21000000000004,1094.9799999999998,0.5886312482909009,763.7699999999998,0.19541572171636823,0.0,0,180.49999999999997,1,1,,,,,,,,,1
1701,5,27,1265.8600000000001,4.58644927536232,86885.0,211,83,103.71999999999998,1.0,382.91999999999996,882.94,0.4305057431311519,500.0200000000001,0.07573124607543917,0.037037037037037035,0,124.41999999999999,1,1,,,,,,,,,1
2387,2,26,632.5999999999999,3.2777202072538856,312.0,166,70,204.35999999999999,5.0,361.1599999999999,271.44,0.6226841606070188,-89.71999999999991,0.24416937488051998,0.19230769230769232,0,233.10000000000002,1,0,,,,,,,,,1
1161,1,53,1242.4000000000003,2.2796330275229364,5298.0,492,140,272.48,1.0,649.08,593.3199999999999,0.5759336767546682,-55.760000000000105,0.17986903253062947,0.018867924528301886,0,135.17000000000002,1,1,,,,,,,,,1
388,0,45,1011.1999999999999,1.9446153846153844,779.0,316,76,400.61999999999995,0.0,471.03,540.17,0.7844442246835444,69.13999999999999,0.28376138601238116,0.0,0,275.34,1,0,,,,,,,,,1
1324,2,37,1873.83,2.9416483516483516,955.0,496,124,546.66,2.0,523.6600000000001,1350.17,0.5351232502414839,826.51,0.22584683266611308,0.05405405405405406,0,793.4000000000001,1,0,,,,,,,,,1
627,2,41,1548.56,4.022233766233766,41312.0,284,98,166.23,2.0,548.1600000000001,1000.4,0.43936302112930725,452.2399999999999,0.09693898378227071,0.04878048780487805,0,236.89999999999998,1,0,,,,,,,,,1
135,0,60,560.38,2.3349166666666665,244.0,156,68,88.55000000000001,3.0,269.88000000000005,290.5,0.5639387558442485,20.619999999999948,0.13645539580540275,0.05,0,157.12,1,0,,,,,,,,,1
1054,0,36,914.3499999999998,2.8753144654088043,354.0,272,99,148.82,0.0,463.3799999999999,450.96999999999997,0.5120796194017609,-12.409999999999911,0.13997761411627493,0.0,0,120.84000000000002,1,1,,,,,,,,,1
1334,2,46,384.23999999999995,1.72304932735426,265.0,179,67,86.28000000000002,0.0,117.57000000000001,266.66999999999996,0.6967260045804706,149.09999999999997,0.1833715888803877,0.0,0,245.33999999999997,1,0,,,,,,,,,1
894,1,26,949.56,3.063096774193548,394.0,230,84,146.16,1.0,400.8599999999999,548.7,0.46566830953283633,147.84000000000015,0.13339174241594567,0.038461538461538464,0,145.72999999999996,1,0,,,,,,,,,1
2206,0,32,354.58000000000004,2.0261714285714287,214.0,127,58,64.56,0.0,141.3,213.28,0.6902532573749224,71.97999999999999,0.154029679820585,0.0,0,147.67000000000002,1,0,,,,,,,,,1
311,0,39,1076.54,2.788963730569948,38711.0,287,108,139.31,1.0,345.42,731.12,0.38675757519460496,385.7,0.11457827857054736,0.02564102564102564,0,274.59000000000003,1,0,,,,,,,,,1
1253,4,23,560.6800000000002,2.6955769230769238,297.0,190,74,145.73000000000002,10.0,535.9400000000002,24.740000000000002,0.5280730541485337,-511.20000000000016,0.2062966266049461,0.43478260869565216,0,9.469999999999999,1,1,,,,,,,,,1
2383,24,14,413.98,3.1362121212121212,180.0,117,51,120.29,1.0,364.48,49.5,0.639620271510701,-314.98,0.2251483332397477,0.07142857142857142,0,141.66,1,0,,,,,,,,,1
1654,8,29,652.89,4.055217391304348,196.0,147,66,59.36,3.0,423.59000000000003,229.3,0.47168742054557433,-194.29000000000002,0.08334152334152334,0.10344827586206896,0,133.64,1,0,,,,,,,,,1
1728,1,16,1009.6100000000006,3.3879530201342303,365.0,269,89,178.44000000000005,13.0,58.28,951.3300000000005,0.6258654331870721,893.0500000000005,0.15019569883422412,0.8125,0,507.57000000000005,1,0,,,,,,,,,1
2180,3,40,800.5100000000001,2.425787878787879,394.0,261,81,151.24,0.0,433.27999999999986,367.23,0.3900138661603228,-66.04999999999984,0.15890727607039662,0.0,0,135.88,1,0,,,,,,,,,1
1868,10,32,516.2300000000001,2.0815725806451617,10066.0,202,66,189.18,0.0,250.82,265.41,0.6796776630571644,14.590000000000032,0.2681844601012177,0.0,0,184.73000000000002,1,0,,,,,,,,,1
1600,0,59,849.9599999999999,3.068447653429603,103978.0,190,73,216.17000000000002,0.0,444.05,405.90999999999997,0.3675349428208387,-38.14000000000004,0.20276138932400367,0.0,0,64.74,1,1,,,,,,,,,1
1952,1,13,262.15,3.158433734939759,28288.0,77,40,59.379999999999995,0.0,143.6,118.55,0.5579248521838643,-25.049999999999997,0.18467950113519735,0.0,0,741.72,1,0,,,,,,,,,1
970,4,11,574.4699999999999,3.7547058823529404,26994.0,119,60,96.35,0.0,126.24000000000001,448.22999999999996,0.5731369784322942,321.98999999999995,0.1436301839539668,0.0,0,116.98,1,0,,,,,,,,,1
701,0,28,1852.3200000000002,3.772545824847251,596.0,372,124,248.97,2.0,403.72999999999996,1448.59,0.5131834672194869,1044.86,0.11848435960766958,0.07142857142857142,0,741.24,1,0,,,,,,,,,1
2255,6,20,524.7199999999999,4.372666666666666,15456.0,113,56,106.51999999999998,0.0,361.68999999999994,163.02999999999997,0.46790669309345934,-198.65999999999997,0.1687472276788543,0.0,0,45.31,1,1,,,,,,,,,1
1697,6,34,809.1800000000001,3.148560311284047,9650.0,200,78,151.20999999999998,1.0,211.83,597.35,0.5786722360908574,385.52,0.15744645404471097,0.029411764705882353,0,139.82999999999998,1,0,,,,,,,,,1
1185,0,33,666.3700000000001,2.872284482758621,5216.0,192,82,136.21,0.0,322.30999999999995,344.06000000000006,0.6677071296727042,21.750000000000114,0.1697151685813252,0.0,0,667.8100000000001,1,0,,,,,,,,,1
2091,6,13,716.7900000000002,2.901983805668017,297.0,211,78,140.54999999999998,0.0,270.40000000000003,446.39000000000004,0.5687997879434701,175.99,0.16393729442228283,0.0,0,117.77000000000001,1,0,,,,,,,,,1
1977,4,28,307.19,4.654393939393939,10157.0,58,34,87.99000000000001,2.0,26.689999999999998,280.5,0.34144991698948535,253.81,0.22265802925249256,0.07142857142857142,0,50.800000000000004,1,0,,,,,,,,,1
486,7,25,839.74,2.385625,39460.0,322,85,102.55,1.0,212.95999999999998,626.78,0.5701288494057685,413.82,0.10883061477888972,0.04,0,82.64999999999999,1,1,,,,,,,,,1
1401,0,47,536.79,2.0410266159695816,27495.0,201,79,209.90999999999997,3.0,188.43999999999997,348.34999999999997,0.5367834721213138,159.91,0.2811169144234632,0.06382978723404255,0,50.580000000000005,1,1,,,,,,,,,1
2402,5,32,925.2900000000002,2.8383128834355835,411.0,248,83,157.12999999999997,1.0,111.92,813.37,0.6015519458764279,701.45,0.1451654625746013,0.03125,0,163.61,1,0,,,,,,,,,1
1368,1,22,1994.6900000000003,4.037834008097167,10369.0,316,110,238.10999999999999,0.0,477.58,1517.11,0.40364668194055214,1039.53,0.10664188462916516,0.0,0,772.2800000000002,1,0,,,,,,,,,1
2396,1,14,412.84000000000003,2.752266666666667,199.0,132,61,79.44,0.0,301.25,111.59,0.6009107644608082,-189.66,0.16137157715121475,0.0,0,137.64000000000004,1,0,,,,,,,,,1
1771,4,10,471.13999999999993,3.3652857142857138,181.0,114,47,36.29,0.0,195.63,275.51,0.5757948805026107,79.88,0.07151725361133555,0.0,0,61.06000000000001,1,1,,,,,,,,,1
255,11,14,517.8899999999999,3.547191780821917,187.0,122,56,117.67,0.0,310.23999999999995,207.64999999999998,0.8208886056884668,-102.58999999999997,0.18514381018314563,0.0,0,154.2,1,0,,,,,,,,,1
237,22,5,413.83,3.728198198198198,188.0,106,58,68.28,1.0,396.60999999999996,17.22,0.734021216441534,-379.39,0.14162742942482007,0.2,0,135.76,1,0,,,,,,,,,1
994,4,17,436.89000000000004,2.71360248447205,199.0,147,66,77.89999999999998,0.0,80.33,356.56,0.5268831971434457,276.23,0.15132384078944808,0.0,0,144.56,1,0,,,,,,,,,1
1361,21,8,360.48,2.75175572519084,160.0,123,54,59.42,0.0,324.73,35.75,0.46083000443852645,-288.98,0.14150988330554892,0.0,0,248.10000000000002,1,0,,,,,,,,,1
2461,1,16,749.2700000000001,2.565993150684932,382.0,231,79,137.75,0.0,341.23,408.04,0.6515675257250387,66.81,0.1552952582805348,0.0,0,301.83,1,0,,,,,,,,,1
1090,4,8,173.55,3.615625,60.0,46,33,17.68,0.0,57.39,116.16000000000001,0.29795447997695185,58.77000000000001,0.09245411284840244,0.0,0,134.32000000000002,1,0,,,,,,,,,1
167,2,15,946.5600000000001,3.640615384615385,299.0,220,102,102.21,4.0,210.05,736.51,0.3845398073022313,526.46,0.09745702108183872,0.26666666666666666,0,321.46000000000004,1,0,,,,,,,,,1
2067,68,5,108.65,1.9754545454545456,71.0,49,33,14.95,0.0,108.65,0.0,0.4499769903359411,-108.65,0.1209546925566343,0.0,0,11.36,1,1,,,,,,,,,1
616,2,9,458.20000000000005,2.082727272727273,286.0,203,73,164.92000000000002,1.0,426.77,31.430000000000007,0.6665211697948493,-395.34,0.26466812171010395,0.1111111111111111,0,17.94,1,1,,,,,,,,,1
561,2,20,955.1900000000003,3.687992277992279,29687.0,208,79,213.59999999999997,0.0,215.13,740.0600000000001,0.35672484008417166,524.9300000000001,0.1827531036370947,0.0,0,449.16999999999996,1,0,,,,,,,,,1
352,56,4,117.43,2.6095555555555556,50.0,45,31,9.27,0.0,117.43,0.0,0.37792727582389507,-117.43,0.07316495659037095,0.0,0,61.27,1,0,,,,,,,,,1
1656,5,7,312.68,4.666865671641792,79.0,57,31,40.190000000000005,0.0,54.05,258.63,0.5137200972239989,204.57999999999998,0.11389463541814267,0.0,0,145.54,1,0,,,,,,,,,1
602,0,43,1445.5000000000002,3.6594936708860764,145426.0,268,87,203.59999999999997,1.0,71.24,1374.2600000000002,0.3884953303355239,1303.0200000000002,0.12346128191134555,0.023255813953488372,0,404.56999999999994,1,0,,,,,,,,,1
1644,0,11,159.13,3.536222222222222,76.0,45,32,44.94,0.0,134.07999999999998,25.049999999999997,0.5895808458493057,-109.02999999999999,0.22021855245749009,0.0,0,238.35000000000002,1,0,,,,,,,,,1
1655,6,40,476.31000000000006,2.547112299465241,239.0,169,84,92.66,0.0,355.13,121.17999999999999,0.48138817156893604,-233.95,0.16285568659156016,0.0,0,26.46,1,1,,,,,,,,,1
2399,24,8,152.26000000000002,2.8728301886792456,59.0,46,29,19.64,0.0,111.41,40.85000000000001,0.38467095757257325,-70.55999999999999,0.1142524723676556,0.0,0,36.23,1,0,,,,,,,,,1
1381,13,39,104.71,1.9756603773584904,65.0,44,26,29.699999999999996,1.0,51.25,53.459999999999994,0.7119663833444753,2.2099999999999937,0.22096570195669962,0.02564102564102564,0,29.689999999999998,1,0,,,,,,,,,1
937,0,53,1166.33,2.1882363977485926,812.0,225,84,247.98999999999998,1.0,448.0799999999999,718.2499999999999,0.8325259574905902,270.16999999999996,0.17534221392612703,0.018867924528301886,0,503.55999999999995,1,0,,,,,,,,,1
1503,0,14,93.69,2.1788372093023254,64.0,41,34,17.57,1.0,21.4,72.28999999999999,0.41519906073220203,50.88999999999999,0.15791838935825994,0.07142857142857142,0,24.0,1,0,,,,,,,,,1
299,11,9,192.23000000000002,4.6885365853658545,109.0,17,11,6.5600000000000005,0.0,158.11,34.120000000000005,0.8587109192113612,-123.99000000000001,0.03299964786961115,0.0,0,50.00999999999999,1,0,,,,,,,,,1
33,2,43,1017.7900000000001,3.647992831541219,22824.0,224,65,249.26000000000002,0.0,561.69,456.1000000000001,0.45365939928668964,-105.58999999999997,0.19672467542717334,0.0,0,182.94999999999996,1,0,,,,,,,,,1
599,10,4,328.3500000000001,3.012385321100918,129.0,105,59,36.74999999999999,0.0,323.36000000000007,4.99,0.6491548652352669,-318.37000000000006,0.10065735414954803,0.0,0,29.429999999999996,1,1,,,,,,,,,1
82,2,41,495.88000000000005,4.9097029702970305,119.0,62,28,82.13,0.0,286.22,209.65999999999997,0.5550939743486326,-76.56000000000006,0.14209096728430304,0.0,0,70.63000000000001,1,1,,,,,,,,,1
1851,5,38,1167.8,2.773871733966746,471.0,352,113,250.6,2.0,403.78999999999996,764.01,0.5256208254838157,360.22,0.17667794698251552,0.05263157894736842,0,87.75,1,1,,,,,,,,,1
1335,2,26,751.4300000000001,2.2297626112759645,13537.0,247,79,284.28,8.0,198.69000000000003,552.74,0.6669416978294717,354.04999999999995,0.27447837715190543,0.3076923076923077,0,227.44,1,0,,,,,,,,,1
1496,20,11,699.6899999999999,2.832753036437247,329.0,220,88,130.03,2.0,535.93,163.76000000000002,0.5874887450156497,-372.16999999999996,0.1567155184881647,0.18181818181818182,0,153.26,1,0,,,,,,,,,1
1341,19,11,377.93,3.315175438596491,257.0,91,43,181.89000000000001,0.0,114.70000000000002,263.22999999999996,0.5119201968618527,148.52999999999994,0.3249080061448323,0.0,0,56.84,1,0,,,,,,,,,1
1525,1,23,983.51,2.6087798408488063,554.0,269,88,259.04,0.0,8.41,975.1,0.5935882705818954,966.69,0.20847450806808582,0.0,0,661.74,1,0,,,,,,,,,1
837,3,33,718.87,3.194977777777778,329.0,185,78,209.44,27.0,248.70000000000005,470.16999999999996,0.5685311669703841,221.4699999999999,0.2256142883304069,0.8181818181818182,0,74.51,1,1,,,,,,,,,1
860,9,51,254.26999999999995,1.7297278911564622,192.0,86,29,76.45999999999998,12.0,245.99999999999994,8.27,0.7132575608605028,-237.72999999999993,0.2311855592174886,0.23529411764705882,0,6.79,1,1,,,,,,,,,1
1244,1,32,594.62,2.7785981308411216,255.0,198,74,104.16999999999999,0.0,272.46999999999997,322.1499999999999,0.5865763008307826,49.67999999999995,0.1490719672576883,0.0,0,8.83,1,1,,,,,,,,,1
869,0,97,999.0999999999999,2.5950649350649346,481.0,257,95,176.67,0.0,263.51,735.5899999999999,0.6218596737063359,472.0799999999999,0.15025897922212678,0.0,0,429.56999999999994,1,0,,,,,,,,,1
1553,0,12,77.47,1.5190196078431373,62.0,49,27,11.0,0.0,66.43,11.040000000000001,0.6062992125984252,-55.39000000000001,0.12433593308466147,0.0,0,63.37000000000001,1,0,,,,,,,,,1
824,1,39,698.5,2.2459807073954985,359.0,238,92,193.78000000000003,1.0,87.69999999999999,610.8000000000001,0.5717680744452399,523.1000000000001,0.21717398126148746,0.02564102564102564,0,468.53000000000003,1,0,,,,,,,,,1
274,0,13,102.88000000000001,1.9411320754716983,56.0,51,26,9.41,1.0,20.310000000000002,82.57000000000001,0.46403576982892697,62.260000000000005,0.0838008727402262,0.07692307692307693,0,17.189999999999998,1,0,,,,,,,,,1
1283,2,40,270.96,1.5938823529411763,193.0,142,67,64.67999999999999,3.0,113.91000000000001,157.04999999999998,0.7603336285798642,43.13999999999997,0.19270647121916337,0.075,0,61.50000000000001,1,0,,,,,,,,,1
1241,5,75,1138.29,3.03544,504.0,286,89,247.24,3.0,403.97,734.3199999999998,0.6413655571075912,330.3499999999998,0.17844434981559404,0.04,0,903.1600000000002,1,0,,,,,,,,,1
1867,0,70,937.4399999999998,4.300183486238532,62220.0,165,69,354.33,9.0,682.0399999999998,255.40000000000003,0.43210232121522457,-426.6399999999998,0.2742980561555076,0.12857142857142856,0,156.07,1,0,,,,,,,,,1
501,0,17,354.38,3.5087128712871287,125.0,96,55,60.760000000000005,4.0,127.05000000000001,227.32999999999998,0.3940685140244935,100.27999999999997,0.14636026400732285,0.23529411764705882,0,123.75,1,0,,,,,,,,,1
858,2,33,455.73999999999995,2.463459459459459,220.0,157,76,73.42999999999998,0.0,277.84,177.9,0.6088998112959143,-99.93999999999997,0.1387644802237466,0.0,0,138.49,1,0,,,,,,,,,1
1276,10,17,582.11,2.6949537037037037,5986.0,179,86,59.34,0.0,483.32,98.79000000000002,0.30258885777602174,-384.53,0.09250915893678385,0.0,0,41.34,1,1,,,,,,,,,1
2418,0,91,1297.8399999999997,2.1594675540765387,713.0,286,91,207.48999999999998,0.0,349.28000000000003,948.5599999999998,0.6600197250816743,599.2799999999997,0.13783688626414142,0.0,0,274.77000000000004,1,0,,,,,,,,,1
327,29,26,207.79000000000002,1.9602830188679248,119.0,91,47,42.330000000000005,0.0,197.78,10.01,0.5663410173733096,-187.77,0.16923876539261154,0.0,0,18.919999999999998,1,1,,,,,,,,,1
814,49,18,481.4699999999999,3.297739726027397,5234.0,121,66,76.8,0.0,481.4699999999999,0.0,0.4118013583400836,-481.4699999999999,0.13756784351657803,0.0,0,292.28999999999996,1,0,,,,,,,,,1
677,7,42,1518.6800000000003,2.89272380952381,641.0,424,132,225.89999999999998,1.0,959.0500000000001,559.63,0.43419285168699123,-399.4200000000001,0.12948675325866393,0.023809523809523808,0,82.31,1,1,,,,,,,,,1
711,3,22,256.68999999999994,2.8521111111111104,113.0,75,40,56.06,0.0,12.98,243.70999999999998,0.6480190112587167,230.73,0.17924860111910476,0.0,0,173.1,1,0,,,,,,,,,1
238,1,25,640.0900000000001,3.333802083333334,241.0,155,79,84.16999999999999,1.0,410.62,229.47000000000003,0.39849083722601497,-181.14999999999998,0.11621517134730618,0.04,0,53.309999999999995,1,1,,,,,,,,,1
2242,4,96,843.97,2.0685539215686277,5065.0,341,112,240.57999999999996,0.0,478.95000000000005,365.02,0.5598066281976848,-113.93000000000006,0.22182471992992484,0.0,0,395.1,1,0,,,,,,,,,1
1372,3,24,1207.36,3.0957948717948716,16932.0,249,82,218.07,2.0,648.8000000000001,558.5600000000001,0.5668400477073947,-90.24000000000001,0.15298541492742543,0.08333333333333333,0,129.71,1,1,,,,,,,,,1
1373,1,31,515.26,3.9635384615384615,13161.0,112,54,58.34,0.0,225.64,289.62,0.5719830765050654,63.98000000000002,0.10170850767085077,0.0,0,142.26000000000002,1,0,,,,,,,,,1
375,0,20,174.99000000000004,2.4998571428571434,7639.0,51,30,61.330000000000005,1.0,63.36,111.63000000000001,0.6365506600377163,48.27000000000001,0.2595209884901828,0.05,0,28.95,1,0,,,,,,,,,1
199,0,47,463.20000000000005,2.877018633540373,251.0,122,53,111.28,1.0,212.07,251.13000000000002,0.7100388601036268,39.06000000000003,0.19370561203175043,0.02127659574468085,0,204.77000000000004,1,0,,,,,,,,,1
945,1,41,1424.62,3.3130697674418603,23620.0,299,87,244.01999999999998,7.0,457.34000000000003,967.2800000000001,0.4471578385815165,509.94000000000005,0.1462388531978138,0.17073170731707318,0,501.40999999999997,1,0,,,,,,,,,1
1571,2,45,510.49,3.3584868421052634,25349.0,130,52,52.28999999999999,0.0,387.62,122.87000000000002,0.44982271934807727,-264.75,0.092913749600199,0.0,0,57.38,1,1,,,,,,,,,1
1298,0,38,1133.36,2.5074336283185836,10041.0,358,120,225.86,2.0,277.72,855.6400000000001,0.6552463471447733,577.9200000000001,0.1661688321243066,0.05263157894736842,0,354.63,1,0,,,,,,,,,1
63,0,29,514.98,4.858301886792453,138.0,60,33,67.06,0.0,302.61,212.37000000000003,0.37999533962483983,-90.23999999999998,0.11521544911002682,0.0,0,74.62,1,1,,,,,,,,,1
1838,2,32,1107.34,3.4071999999999996,505.0,263,86,391.93000000000006,2.0,461.14,646.2,0.5593133093720085,185.06000000000006,0.2614138880922049,0.0625,0,72.27000000000001,1,1,,,,,,,,,1
1208,0,41,769.78,2.50742671009772,14435.0,256,96,116.75999999999999,0.0,286.38,483.39999999999986,0.5166541089661982,197.01999999999987,0.13170302524420782,0.0,0,308.28000000000003,1,0,,,,,,,,,1
497,0,53,625.7700000000001,2.2838321167883215,345.0,239,69,134.3,4.0,362.9500000000001,262.82,0.7594323793086915,-100.13000000000011,0.17669425184522475,0.07547169811320754,0,140.63,1,0,,,,,,,,,1
1202,2,18,382.63999999999993,3.788514851485148,215.0,71,38,103.84,3.0,200.77,181.87,0.7480399330963831,-18.900000000000006,0.2134517349120211,0.16666666666666666,0,204.82999999999998,1,0,,,,,,,,,1
551,0,43,707.8600000000001,2.70175572519084,317.0,195,86,203.13,0.0,388.53,319.33000000000004,0.4404119458650015,-69.19999999999993,0.2229772006278883,0.0,0,145.79,1,0,,,,,,,,,1
1168,0,54,718.94,4.06180790960452,190.0,112,61,63.32,5.0,259.03,459.91,0.3788911452972431,200.88000000000005,0.0809449543629995,0.09259259259259259,0,155.29,1,0,,,,,,,,,1
2320,2,22,344.41999999999996,2.5896240601503755,148.0,108,62,35.56,0.0,47.68,296.73999999999995,0.6269670750827477,249.05999999999995,0.0935838728354124,0.0,0,25.17,1,1,,,,,,,,,1
190,3,22,656.86,2.999360730593607,267.0,195,74,131.08999999999997,0.0,273.28,383.58000000000004,0.6161891422829827,110.30000000000007,0.16636842439241065,0.0,0,39.42,1,1,,,,,,,,,1
1690,0,49,1100.2500000000002,2.8503886010362702,534.0,285,105,232.50000000000006,3.0,543.6600000000001,556.5899999999999,0.5217814133151556,12.929999999999836,0.17445132245357345,0.061224489795918366,0,407.7899999999999,1,0,,,,,,,,,1
225,2,41,672.57,2.647913385826772,299.0,191,81,106.04,0.0,396.9,275.67,0.6706959870348067,-121.22999999999996,0.13619141803984022,0.0,0,57.25000000000001,1,1,,,,,,,,,1
959,0,46,757.4300000000001,3.5393925233644863,56507.0,143,82,102.97999999999999,9.0,73.92000000000002,683.5100000000001,0.4715023170457996,609.5900000000001,0.11968712590509173,0.1956521739130435,0,317.26,1,0,,,,,,,,,1
813,2,27,1661.6200000000006,3.3298997995991995,565.0,375,123,212.25,0.0,731.8599999999999,929.76,0.4663521142018029,197.9000000000001,0.11326826300650522,0.0,0,403.47999999999996,1,0,,,,,,,,,1
1992,2,28,494.37999999999994,3.5312857142857137,194.0,106,53,100.02,1.0,202.65999999999994,291.72,0.6428253570128243,89.06000000000009,0.16827052489905786,0.03571428571428571,0,34.269999999999996,1,1,,,,,,,,,1
2389,0,50,1345.9199999999998,2.5063687150837985,4413.0,394,117,380.36999999999995,1.0,601.4299999999998,744.49,0.5774563124108417,143.06000000000017,0.2203395721460473,0.02,0,139.52000000000004,1,1,,,,,,,,,1
1513,2,53,794.64,3.3248535564853556,295.0,206,66,144.15000000000003,1.0,288.33000000000004,506.31,0.7140088593576965,217.97999999999996,0.15354871696545558,0.018867924528301886,0,137.25000000000003,1,0,,,,,,,,,1
2276,1,26,683.09,2.095368098159509,410.0,264,92,175.61,0.0,191.82,491.27000000000004,0.5947678929570042,299.45000000000005,0.20450681262373355,0.0,0,324.88,1,0,,,,,,,,,1
1755,0,26,813.7299999999999,3.0706792452830185,315.0,231,97,89.61,0.0,531.7,282.03,0.562090619738734,-249.67000000000007,0.09919852990014835,0.0,0,388.78,1,0,,,,,,,,,1
1842,5,17,847.1100000000001,3.2209505703422057,328.0,169,75,85.41,1.0,658.7600000000001,188.35000000000002,0.40144727367166005,-470.4100000000001,0.0915905288894608,0.058823529411764705,0,59.540000000000006,1,1,,,,,,,,,1
15,0,39,795.6,2.9686567164179105,388.0,211,85,144.52999999999997,1.0,265.27,530.33,0.47680995475113114,265.06000000000006,0.15373405805580076,0.02564102564102564,0,176.92999999999998,1,0,,,,,,,,,1
2214,0,10,259.59,3.4612,118.0,74,40,42.15,0.0,104.24000000000001,155.35,0.4225124234369584,51.109999999999985,0.13968979916484392,0.0,0,191.28,1,0,,,,,,,,,1
424,1,19,2072.15,4.211686991869919,752.0,403,123,236.55999999999995,2.0,366.41,1705.7400000000002,0.38699901068938053,1339.3300000000002,0.10246414664466301,0.10526315789473684,0,369.64,1,0,,,,,,,,,1
773,2,14,498.80999999999995,3.6409489051094885,167.0,126,77,55.58999999999999,0.0,132.07,366.74,0.5960385718008862,234.67000000000002,0.10027056277056276,0.0,0,400.82000000000005,1,0,,,,,,,,,1
610,7,22,555.13,2.256626016260163,367.0,204,65,147.89,2.0,250.21999999999997,304.91,0.7378451894150919,54.690000000000055,0.210363858780689,0.09090909090909091,0,17.93,1,1,,,,,,,,,1
801,2,21,1269.25,4.273569023569023,575.0,212,78,561.3799999999999,1.0,684.32,584.93,0.516525507189285,-99.3900000000001,0.30665945603426137,0.047619047619047616,0,382.81999999999994,1,0,,,,,,,,,1
1183,52,8,158.78,1.868,137.0,77,48,60.519999999999996,2.0,158.78,0.0,0.726161985136667,-158.78,0.275968992248062,0.25,0,101.25999999999999,1,0,,,,,,,,,1
1477,3,14,258.46000000000004,3.589722222222223,84.0,52,35,32.44,0.0,203.23000000000002,55.23,0.4549253269364698,-148.00000000000003,0.11151598487452731,0.0,0,20.74,1,1,,,,,,,,,1
789,4,16,231.36,3.453134328358209,75.0,58,39,21.110000000000003,1.0,96.5,134.85999999999999,0.46974412171507607,38.359999999999985,0.08361389472016477,0.0625,0,138.94,1,0,,,,,,,,,1
2104,1,28,451.3900000000001,2.9696710526315795,15545.0,144,65,110.4,0.0,92.25,359.14000000000004,0.491747712621015,266.89000000000004,0.19651471190302425,0.0,0,43.18,1,1,,,,,,,,,1
1254,19,5,215.45,2.59578313253012,102.0,75,48,54.220000000000006,0.0,134.76,80.69,0.48354606637270825,-54.06999999999999,0.20106055549375162,0.0,0,36.86,1,0,,,,,,,,,1
206,48,14,363.77000000000004,2.6170503597122305,162.0,116,62,74.94000000000001,1.0,363.77000000000004,0.0,0.5399565659620089,-363.77000000000004,0.17081899204485881,0.07142857142857142,0,22.83,1,1,,,,,,,,,1
76,3,14,270.37000000000006,2.9072043010752693,148.0,90,53,67.74000000000001,0.0,134.07000000000002,136.3,0.4903650552945961,2.2299999999999898,0.2003489988465292,0.0,0,45.57,1,0,,,,,,,,,1
724,2,24,623.42,3.3881521739130434,12887.0,118,65,60.21,0.0,394.51000000000005,228.90999999999997,0.40234512848480963,-165.60000000000008,0.0880739581352486,0.0,0,15.879999999999999,1,1,,,,,,,,,1
10,17,7,163.94,3.2788,75.0,46,29,15.629999999999999,0.0,133.98,29.96,0.4252165426375504,-104.01999999999998,0.08704126524475135,0.0,0,70.4,1,0,,,,,,,,,1
1721,1,12,292.85,2.5245689655172416,144.0,110,48,70.05000000000001,0.0,2.3899999999999997,290.46,0.6944852313471059,288.07,0.1930283824745109,0.0,0,46.74,1,0,,,,,,,,,1
163,6,15,263.85,2.5616504854368936,13570.0,97,55,35.900000000000006,1.0,241.56999999999996,22.280000000000005,0.49543301118059496,-219.28999999999996,0.11976647206005006,0.06666666666666667,0,8.67,1,1,,,,,,,,,1
487,2,7,106.92,3.144705882352941,35.0,34,23,19.459999999999997,0.0,17.080000000000002,89.84,0.47100635989524886,72.76,0.15398006013609747,0.0,0,26.76,1,0,,,,,,,,,1
1355,2,4,128.07,4.0021875,55.0,31,20,55.28,1.0,75.66,52.41,0.4866869680643398,-23.25,0.3014998636487592,0.25,0,419.75,1,0,,,,,,,,,1
1984,1,1,6.0,2.0,4.0,3,2,2.5600000000000005,0.0,0.0,6.0,1.0,6.0,0.2990654205607477,0.0,0,32.94,1,0,,,,,,,,,1
613,11,6,230.36,2.326868686868687,138.0,83,43,81.58000000000003,0.0,178.77,51.589999999999996,0.6940006945650287,-127.18,0.2615246521767007,0.0,0,116.95000000000002,1,0,,,,,,,,,1
66,1,28,363.68,2.1777245508982035,227.0,151,69,75.23999999999998,0.0,292.2199999999999,71.46,0.532391113066432,-220.75999999999993,0.17142076004738901,0.0,0,32.269999999999996,1,1,,,,,,,,,1
2000,1,57,530.1200000000001,2.624356435643565,247.0,154,63,154.58999999999997,1.0,241.37000000000003,288.75,0.5499132271938427,47.37999999999997,0.22577441544595517,0.017543859649122806,0,22.17,1,1,,,,,,,,,1
1399,0,24,731.3499999999999,2.708703703703703,400.0,200,67,133.79999999999998,0.0,287.15999999999997,444.19,0.596431257263964,157.03000000000003,0.15465526209327862,0.0,0,301.28,1,0,,,,,,,,,1
974,8,34,1766.7500000000005,3.020085470085471,826.0,445,101,326.31,2.0,894.9900000000002,871.7600000000002,0.5551945662940425,-23.230000000000018,0.15590092973923345,0.058823529411764705,0,226.31000000000003,1,1,,,,,,,,,1
2353,1,12,363.89,2.842890625,170.0,104,67,84.69999999999999,8.0,116.15,247.74,0.578746324438704,131.59,0.18881383891749703,0.6666666666666666,0,48.86,1,1,,,,,,,,,1
1255,0,21,417.84999999999997,2.6115625,241.0,132,52,160.42,0.0,294.61,123.24,0.5457939451956444,-171.37,0.2774136648970204,0.0,0,104.45000000000002,1,0,,,,,,,,,1
2321,1,12,258.53999999999996,2.971724137931034,108.0,84,52,27.169999999999998,3.0,98.39999999999998,160.14,0.6125551171965654,61.74000000000001,0.0950964264463967,0.25,0,77.55,1,0,,,,,,,,,1
169,2,23,247.53000000000003,6.69,66923.0,26,17,23.96,0.0,188.66000000000003,58.870000000000005,0.6788268088716518,-129.79000000000002,0.08825371100224685,0.0,0,8.05,1,1,,,,,,,,,1
781,1,46,1392.3600000000001,3.007257019438445,728.0,286,90,523.0100000000001,14.0,483.37,908.9899999999999,0.5182567726737337,425.6199999999999,0.2730595133055232,0.30434782608695654,0,273.15,1,0,,,,,,,,,1
1273,0,12,168.82,3.67,50.0,41,24,11.419999999999998,0.0,123.58000000000001,45.24,0.5672313706906765,-78.34,0.06335996449178873,0.0,0,96.22000000000001,1,0,,,,,,,,,1
393,1,160,3441.5900000000006,2.420246132208158,1773.0,994,147,811.68,9.0,1068.8600000000004,2372.7300000000005,0.600620643365421,1303.8700000000001,0.19083669741163856,0.05625,4,453.6499999999999,1,1,,,,,,,,,1
1906,0,133,6925.860000000002,3.672248144220574,268074.0,1017,176,1102.43,5.0,3012.82,3913.0400000000013,0.5143693346385863,900.2200000000012,0.13731815866143346,0.03759398496240601,5,1705.7500000000005,1,0,,,,,,,,,1
2439,4,67,579.0500000000001,2.113321167883212,394.0,164,57,285.7,2.0,381.22,197.82999999999998,0.5863742336585785,-183.39000000000004,0.33038450419196297,0.029850746268656716,1,17.83,1,1,,,,,,,,,1
2451,0,171,7293.610000000003,3.0188783112582795,82366.0,1165,185,1881.0500000000002,214.0,2934.450000000001,4359.160000000002,0.4787409801182129,1424.7100000000005,0.20502667128809127,1.2514619883040936,8,1042.1299999999999,1,1,,,,,,,,,1
81,0,137,5295.930000000002,2.68965464702895,2801.0,969,160,1134.52,5.0,4269.690000000001,1026.24,0.5576093339602297,-3243.4500000000016,0.17642933231733388,0.0364963503649635,4,257.77,1,1,,,,,,,,,1
691,0,45,2239.8900000000003,2.871653846153847,963.0,486,126,327.83000000000004,0.0,1182.67,1057.2199999999998,0.4892918848693462,-125.45000000000027,0.12767357811599395,0.0,3,271.44000000000005,1,1,,,,,,,,,1
1590,1,135,6818.270000000004,3.398938185443671,2504.0,968,163,858.77,18.0,3365.9900000000016,3452.280000000001,0.5425173834418404,86.28999999999951,0.11186212394360319,0.13333333333333333,8,1215.5200000000004,1,0,,,,,,,,,1
364,4,79,2364.84,3.115731225296443,12038.0,543,117,476.6699999999999,2.0,1609.4600000000005,755.38,0.5742671808663586,-854.0800000000005,0.16775235702144278,0.02531645569620253,5,202.08,1,1,,,,,,,,,1
2167,6,70,1690.3199999999997,2.2477659574468083,952.0,443,113,386.15999999999997,1.0,1090.3099999999997,600.0099999999999,0.5956978560272611,-490.29999999999984,0.18596856218215443,0.014285714285714285,8,24.29,1,1,,,,,,,,,1
989,0,156,4018.070000000001,2.937185672514621,58312.0,1043,165,853.95,12.0,1501.7800000000002,2516.2900000000004,0.4976170151341313,1014.5100000000002,0.17527637407071395,0.07692307692307693,7,645.31,1,0,,,,,,,,,1
854,0,32,349.57,2.5703676470588235,155.0,116,57,48.94,0.0,179.49,170.08,0.4492662413822696,-9.409999999999997,0.12280745778023136,0.0,1,202.30000000000004,1,0,,,,,,,,,1
2388,0,55,1505.1600000000003,2.894538461538462,672.0,426,113,231.51000000000002,2.0,601.2300000000001,903.9300000000002,0.43792022110606177,302.70000000000005,0.13330684586018068,0.03636363636363636,1,197.86,1,1,,,,,,,,,1
2301,0,124,3991.470000000001,3.482958115183247,108912.0,631,130,807.3100000000002,8.0,2039.0200000000004,1952.45,0.5865758730492776,-86.57000000000039,0.16823234238702334,0.06451612903225806,5,670.1599999999999,1,0,,,,,,,,,1
1754,0,183,3595.0400000000004,2.8992258064516134,157463.0,666,134,1459.9800000000002,122.0,1118.96,2476.0800000000004,0.531234701143798,1357.1200000000003,0.2888178483962477,0.6666666666666666,6,525.12,1,0,,,,,,,,,1
591,0,306,12880.900000000016,3.4523988206915077,78484.0,1670,195,2127.05,22.0,5311.800000000002,7569.100000000007,0.5445287208191969,2257.3000000000047,0.1417282173781228,0.0718954248366013,5,654.0299999999999,1,1,,,,,,,,,1
1548,0,89,3091.310000000001,2.340128690386072,11114.0,745,138,631.47,8.0,2519.19,572.12,0.6629745965302734,-1947.0700000000002,0.16962323854753703,0.0898876404494382,5,759.22,1,0,,,,,,,,,1
188,0,37,1708.3200000000002,3.0615053763440865,856.0,451,96,440.63,0.0,1060.15,648.1699999999998,0.6036749555118477,-411.98000000000025,0.20504432397217243,0.0,2,139.29999999999998,1,1,,,,,,,,,1
776,1,61,3023.0200000000013,3.1721091290661083,15152.0,624,116,736.9000000000001,1.0,1964.3400000000004,1058.6800000000003,0.6031385832710332,-905.6600000000001,0.19598821251515985,0.01639344262295082,4,130.68,1,1,,,,,,,,,1
145,0,48,1145.4199999999998,3.2540340909090903,473.0,305,95,279.25,3.0,513.1,632.3199999999999,0.5056660438965621,119.21999999999991,0.19601030414060802,0.0625,1,325.07000000000005,1,0,,,,,,,,,1
1542,0,108,1775.23,3.55046,661.0,357,113,331.79,4.0,861.82,913.4100000000001,0.6238797226274905,51.59000000000003,0.15746884225114144,0.037037037037037035,4,194.7,1,1,,,,,,,,,1
479,10,164,1660.3,2.207845744680851,974.0,515,136,393.23999999999995,18.0,915.8100000000002,744.49,0.5960609528398484,-171.32000000000016,0.1914937132950904,0.10975609756097561,2,113.0,1,1,,,,,,,,,1
687,0,56,2821.8,2.8941538461538463,1250.0,580,120,648.12,29.0,1133.02,1688.7800000000002,0.6179956056417889,555.7600000000002,0.18678240420528427,0.5178571428571429,3,384.00000000000006,1,1,,,,,,,,,1
931,0,40,4682.990000000002,3.2475658807212215,43000.0,808,123,1075.6399999999999,80.0,2258.6500000000005,2424.3400000000006,0.6239368437686179,165.69000000000005,0.1867874824393996,2.0,4,284.08,1,1,,,,,,,,,1
849,0,55,4008.890000000001,2.9761618411284343,1638.0,757,142,432.71000000000004,1.0,1581.6400000000003,2427.25,0.6104732232613017,845.6099999999997,0.09742210014409222,0.01818181818181818,5,590.6299999999999,1,0,,,,,,,,,1
223,1,105,2558.6100000000006,3.655157142857144,23829.0,555,129,444.72999999999996,0.0,1536.9200000000003,1021.69,0.4685082916114608,-515.2300000000002,0.148078472633801,0.0,4,180.36999999999998,1,1,,,,,,,,,1
1954,0,133,1771.2700000000002,3.256011029411765,11485.0,302,101,243.45999999999998,0.0,651.7299999999999,1119.5399999999997,0.41233126513744367,467.80999999999983,0.12084001330203052,0.0,7,194.37999999999997,1,1,,,,,,,,,1
262,0,209,4617.150000000002,2.878522443890276,2039.0,913,159,789.9700000000004,7.0,2501.240000000001,2115.9100000000017,0.5326489284515337,-385.3299999999995,0.1460981076802438,0.03349282296650718,7,185.11999999999995,1,1,,,,,,,,,1
2372,0,55,2483.0600000000004,2.503084677419355,23498.0,720,144,495.64000000000004,5.0,764.98,1718.0800000000004,0.55956360297375,953.1000000000004,0.16639473595863968,0.09090909090909091,2,725.1300000000001,1,0,,,,,,,,,1
343,1,55,1107.51,3.5841747572815534,424.0,241,94,166.3,2.0,476.12,631.3900000000001,0.6218454009444611,155.2700000000001,0.1305532222230945,0.03636363636363636,1,543.1300000000001,1,0,,,,,,,,,1
700,0,29,1889.4699999999998,3.4229528985507245,15062.0,347,106,426.0099999999999,2.0,942.3299999999999,947.1399999999996,0.4982402472651061,4.809999999999718,0.1839834505156598,0.06896551724137931,2,1091.5700000000004,1,0,,,,,,,,,1
684,3,98,1895.6199999999997,2.3904413619167713,35610.0,584,132,262.78,0.0,845.6800000000001,1049.94,0.6808854095230058,204.26,0.12174759080800594,0.0,6,157.04999999999998,1,1,,,,,,,,,1
861,10,29,1229.9500000000003,3.534339080459771,423.0,228,71,121.67999999999999,0.0,706.45,523.5,0.3041099231676083,-182.95000000000005,0.09002463691986709,0.0,1,152.57999999999998,1,1,,,,,,,,,1
1912,3,86,2071.9500000000003,2.6461685823754793,1352.0,417,100,349.7999999999999,4.0,1197.2700000000002,874.6800000000001,0.5889765679673736,-322.59000000000015,0.14444100340662738,0.046511627906976744,2,184.5,1,1,,,,,,,,,1
1512,0,83,1450.7,3.429550827423168,223301.0,355,101,215.24,3.0,663.55,787.1499999999999,0.4037843799545046,123.59999999999991,0.12920033134446618,0.03614457831325301,1,223.52999999999997,1,0,,,,,,,,,1
2472,1,33,894.1700000000001,3.3489513108614233,406.0,240,100,176.92,1.0,69.27,824.9,0.4538510574051915,755.63,0.165177529432634,0.030303030303030304,1,326.64,1,0,,,,,,,,,1
210,0,120,3080.9500000000003,2.3393697798025817,1514.0,706,148,796.61,7.0,1060.51,2020.4400000000003,0.3750563949431182,959.9300000000003,0.20544105055756712,0.058333333333333334,6,691.6099999999997,1,0,,,,,,,,,1
1930,0,168,2316.9900000000002,2.9291908975979775,1032.0,578,125,365.83,2.0,1170.17,1146.82,0.5868734867219971,-23.350000000000136,0.1363602477989578,0.011904761904761904,4,357.90999999999997,1,0,,,,,,,,,1
1790,0,41,1764.0899999999997,3.0948947368421047,815.0,252,82,226.82999999999998,0.0,467.12999999999994,1296.96,0.6071572312070247,829.8300000000002,0.11393225242601412,0.0,3,214.73999999999998,1,1,,,,,,,,,1
1287,1,145,2431.0000000000005,1.848669201520913,1449.0,547,119,435.8000000000001,21.0,1371.3100000000002,1059.69,0.62248457424928,-311.6200000000001,0.15201618529370728,0.14482758620689656,4,386.99999999999994,1,0,,,,,,,,,1
2035,5,66,1050.18,2.2536051502145926,627.0,323,104,283.0,3.0,712.95,337.22999999999996,0.5374983336189987,-375.7200000000001,0.2122744115573291,0.045454545454545456,1,33.44,1,1,,,,,,,,,1
1971,0,147,5195.990000000002,3.5662251201098156,421932.0,800,150,726.78,8.0,4133.27,1062.72,0.5117985215521967,-3070.55,0.1227094754650273,0.05442176870748299,5,101.14000000000001,1,1,,,,,,,,,1
2258,3,41,1198.0900000000001,3.1119220779220784,462.0,304,113,175.16,6.0,543.48,654.61,0.49876887379078366,111.13,0.12755142909157108,0.14634146341463414,1,376.85,1,0,,,,,,,,,1
544,3,122,1536.93,2.5403801652892564,14717.0,502,119,293.22,2.0,750.5899999999999,786.3400000000001,0.49869545132179083,35.75000000000023,0.16021637570690928,0.01639344262295082,3,57.92000000000001,1,1,,,,,,,,,1
14,0,130,2311.4100000000003,2.9824645161290326,118092.0,513,108,541.05,10.0,751.5900000000001,1559.8200000000002,0.4697695346130717,808.23,0.18967838286952313,0.07692307692307693,5,449.78,1,0,,,,,,,,,1
1067,1,46,2568.1500000000005,3.0904332129963907,74852.0,649,141,494.02,2.0,984.8499999999999,1583.3000000000002,0.5596090571033623,598.4500000000003,0.16133003719584474,0.043478260869565216,2,1173.7700000000007,1,0,,,,,,,,,1
2440,0,95,1530.8,2.872045028142589,15179.0,383,108,223.04999999999995,3.0,479.42999999999995,1051.37,0.47666579566239875,571.9399999999999,0.1271773526812441,0.031578947368421054,1,1032.77,1,0,,,,,,,,,1
1832,2,47,1120.92,2.118941398865785,590.0,339,105,242.04000000000002,4.0,733.1700000000001,387.75,0.4119830139528244,-345.4200000000001,0.17758408170452544,0.0851063829787234,1,236.63000000000002,1,0,,,,,,,,,1
1617,4,101,3897.5700000000006,2.917342814371258,10563.0,651,121,679.18,0.0,1585.75,2311.8200000000006,0.5895006375767465,726.0700000000006,0.1483978805921232,0.0,8,170.23,1,1,,,,,,,,,1
1139,0,88,6910.510000000002,3.9852998846597476,2158.0,733,157,626.3299999999999,13.0,3026.380000000001,3884.1300000000015,0.589390652788289,857.7500000000005,0.08310246734705788,0.14772727272727273,6,629.0400000000002,1,1,,,,,,,,,1
676,0,319,9041.910000000005,2.8887891373801935,4630.0,1197,188,1684.8299999999997,7.0,2521.2199999999993,6520.690000000006,0.522396263621292,3999.4700000000066,0.15706822389654254,0.0219435736677116,12,1699.1900000000007,1,0,,,,,,,,,1
217,0,54,1993.9400000000005,3.0488379204892975,158356.0,402,127,490.24,9.0,944.3000000000001,1049.6400000000003,0.3603819573307119,105.34000000000026,0.19734479788099088,0.16666666666666666,1,441.18000000000006,1,0,,,,,,,,,1
336,0,118,3065.710000000001,3.5157224770642213,120184.0,447,118,344.34999999999997,3.0,697.52,2368.1900000000005,0.38084489400497756,1670.6700000000005,0.10098062790684031,0.025423728813559324,2,24.03,1,1,,,,,,,,,1
757,2,37,1761.4099999999999,3.1341814946619215,42396.0,421,118,261.53999999999996,9.0,606.09,1155.3200000000002,0.5342027125995652,549.2300000000001,0.1292864381225438,0.24324324324324326,1,261.96,1,0,,,,,,,,,1
1390,0,180,4217.35,3.3051332288401256,2228.0,894,150,1305.66,11.0,743.71,3473.6400000000003,0.5954284088349319,2729.9300000000003,0.2364037001562554,0.06111111111111111,4,662.51,1,0,,,,,,,,,1
1007,0,113,1234.95,1.7794668587896254,6506.0,492,129,291.82,1.0,726.0100000000001,508.94,0.614615976355318,-217.0700000000001,0.1911355344943901,0.008849557522123894,3,134.02,1,1,,,,,,,,,1
654,0,123,1996.2299999999996,2.4196727272727268,998.0,512,116,484.47,8.0,943.4599999999999,1052.7700000000002,0.6358235273490531,109.31000000000029,0.19529568267021408,0.06504065040650407,2,333.8499999999999,1,0,,,,,,,,,1
2310,0,62,1301.73,2.1659400998336107,718.0,397,99,292.44000000000005,2.0,515.18,786.55,0.5575580189440206,271.37,0.18344342196879884,0.03225806451612903,1,87.59,1,1,,,,,,,,,1
103,3,39,477.83,2.1427354260089686,254.0,187,77,93.45,4.0,335.05,142.78000000000003,0.49902685055354423,-192.26999999999998,0.1635800308080101,0.10256410256410256,1,64.16,1,1,,,,,,,,,1
1132,1,45,1747.67,2.596835066864785,891.0,476,105,365.0400000000001,1.0,972.0399999999998,775.63,0.5595392722882465,-196.40999999999985,0.1727828239559618,0.022222222222222223,2,325.95,1,0,,,,,,,,,1
2145,4,33,1041.54,4.133095238095238,30222.0,221,95,101.31000000000002,1.0,672.14,369.4,0.4898131612804118,-302.74,0.08864680404252528,0.030303030303030304,1,49.08,1,1,,,,,,,,,1
1292,3,25,493.4599999999999,2.972650602409638,200.0,102,46,75.67,0.0,261.33,232.13,0.36497385806347016,-29.19999999999999,0.1329573208230106,0.0,1,26.86,1,1,,,,,,,,,1
726,3,55,1522.7799999999997,2.639133448873483,686.0,456,126,318.86999999999995,2.0,309.86999999999995,1212.91,0.5997058012319575,903.0400000000002,0.1731436483588087,0.03636363636363636,4,697.3700000000001,1,0,,,,,,,,,1
1126,1,25,2283.14,3.114788540245566,1060.0,487,102,518.0699999999999,2.0,1029.1899999999998,1253.9499999999998,0.6397198594917527,224.76,0.1849450773058785,0.08,2,260.22,1,1,,,,,,,,,1
1821,0,103,3808.1900000000005,3.0810598705501624,65596.0,819,164,574.16,6.0,353.2099999999999,3454.9800000000005,0.5281327874922206,3101.7700000000004,0.13101646376943876,0.05825242718446602,7,1129.08,1,0,,,,,,,,,1
273,0,108,2048.7900000000004,2.9226676176890165,847.0,439,125,237.51000000000005,1.0,640.9100000000001,1407.88,0.5539220710760985,766.97,0.10388400472378952,0.009259259259259259,2,452.07000000000005,1,0,,,,,,,,,1
581,1,128,4664.960000000001,3.599506172839507,18988.0,871,152,1140.56,3.0,725.3800000000001,3939.58,0.7380770681849361,3214.2,0.1964612989017349,0.0234375,3,395.48,1,1,,,,,,,,,1
1124,3,67,1781.79,2.293166023166023,3006.0,550,119,434.54999999999995,3.0,504.24,1277.5500000000004,0.5795464111932384,773.3100000000004,0.19606648799371934,0.04477611940298507,1,114.60000000000002,1,1,,,,,,,,,1
1325,0,45,2062.07,3.0235630498533728,775.0,482,144,200.09,1.0,404.69000000000005,1657.38,0.383566028311357,1252.69,0.08845086112388159,0.022222222222222223,2,773.92,1,0,,,,,,,,,1
1145,2,76,3672.3899999999994,3.6614057826520434,1482.0,709,134,785.2800000000001,1.0,1236.8200000000002,2435.5700000000006,0.5218154934524929,1198.7500000000005,0.17616378062979096,0.013157894736842105,5,202.77999999999997,1,1,,,,,,,,,1
2248,1,20,657.44,2.833793103448276,300.0,216,81,94.27,0.0,103.21000000000001,554.23,0.6740691165733755,451.02,0.12540740445118462,0.0,1,279.79,1,0,,,,,,,,,1
91,0,151,2451.6700000000005,3.4824857954545463,226606.0,422,121,265.7,0.0,457.38,1994.2900000000002,0.5399136099067164,1536.9100000000003,0.09777836658239399,0.0,2,447.9899999999999,1,0,,,,,,,,,1
1733,0,25,1098.0800000000004,3.337629179331308,348.0,261,99,126.56,0.0,505.27,592.8100000000001,0.37081086988197576,87.54000000000008,0.10334465638881628,0.0,2,389.28999999999996,1,0,,,,,,,,,1
1777,1,69,1116.9499999999998,4.136851851851851,388.0,210,91,183.89,1.0,538.16,578.79,0.4490979900622231,40.629999999999995,0.14136250422803728,0.014492753623188406,1,53.02,1,1,,,,,,,,,1
842,0,474,6457.220000000002,2.7524381926683725,417122.0,978,151,1200.8200000000002,4.0,1422.7600000000004,5034.460000000001,0.4381761810810223,3611.7000000000007,0.15680513551770422,0.008438818565400843,6,1070.0499999999997,1,0,,,,,,,,,1
2327,7,41,1237.7400000000002,2.049238410596027,31298.0,478,110,382.8,6.0,711.2400000000001,526.5,0.6803529012555141,-184.74000000000012,0.23621755711059275,0.14634146341463414,1,30.020000000000003,1,1,,,,,,,,,1
612,0,111,3021.5400000000004,2.829157303370787,135444.0,550,115,556.91,1.0,821.1300000000001,2200.4100000000003,0.6177512129576308,1379.2800000000002,0.15562883371292038,0.009009009009009009,3,957.1800000000001,1,0,,,,,,,,,1
2171,0,89,3371.9999999999995,2.626168224299065,22393.0,689,147,440.67,59.0,1154.8,2217.2000000000003,0.5836595492289443,1062.4000000000003,0.11558042002061548,0.6629213483146067,6,659.08,1,0,,,,,,,,,1
1807,0,186,7250.220000000005,3.146796875000002,85023.0,1262,178,1299.6,2.0,3130.960000000001,4119.260000000002,0.4831839585557402,988.3000000000011,0.15200320006736973,0.010752688172043012,7,522.9899999999999,1,1,,,,,,,,,1
1097,0,149,8052.410000000002,4.92502140672783,482791.0,1040,180,1030.4699999999998,2.0,4527.660000000002,3524.750000000001,0.33845022794418067,-1002.9100000000008,0.11345190071871473,0.013422818791946308,4,753.9200000000001,1,1,,,,,,,,,1
1050,0,111,3759.4500000000007,3.577021883920077,535804.0,607,122,469.59999999999997,0.0,1275.3400000000001,2484.1100000000006,0.389439944672758,1208.7700000000004,0.11104148685875075,0.0,5,1375.44,1,0,,,,,,,,,1
2371,1,91,1937.4700000000003,3.2399163879598665,799.0,359,104,201.67000000000002,0.0,1158.3500000000004,779.1200000000001,0.4674033662456708,-379.23000000000025,0.09427620445599633,0.0,6,201.23999999999998,1,1,,,,,,,,,1
28,0,113,1869.58,3.3746931407942236,32772.0,325,100,267.27,1.0,767.5999999999999,1101.98,0.5506637854491383,334.3800000000001,0.12507663149027773,0.008849557522123894,4,250.04,1,1,,,,,,,,,1
1996,0,106,2352.2900000000004,3.7757463884430185,758.0,405,108,316.03000000000003,1.0,1020.81,1331.4800000000005,0.7423276891879826,310.6700000000005,0.11843781855249744,0.009433962264150943,2,301.90999999999997,1,1,,,,,,,,,1
632,2,78,2737.4900000000007,2.8309100310237856,108930.0,709,152,697.98,58.0,1241.4700000000003,1496.0200000000002,0.49556710709445506,254.54999999999995,0.20316870762952371,0.7435897435897436,2,633.19,1,0,,,,,,,,,1
1459,0,63,3627.1799999999994,3.6055467196819078,1353.0,666,129,513.0799999999999,1.0,915.6599999999999,2711.52,0.49488859113691624,1795.8600000000001,0.12392458444638743,0.015873015873015872,5,1141.8600000000004,1,0,,,,,,,,,1
503,0,125,4005.670000000002,2.5826370083816905,8316.0,1004,179,664.7699999999999,9.0,1650.4499999999998,2355.2200000000003,0.5567483092716072,704.7700000000004,0.14233562576545244,0.072,5,718.13,1,0,,,,,,,,,1
1624,0,69,1338.31,3.163853427895981,541.0,241,79,222.60999999999996,0.0,102.1,1236.21,0.45273516599293145,1134.1100000000001,0.14261461189554878,0.0,1,229.49999999999994,1,0,,,,,,,,,1
47,0,98,2047.1999999999996,3.7357664233576635,672.0,401,132,262.61,0.0,779.1899999999999,1268.01,0.5232659241891365,488.82000000000005,0.11369333408375584,0.0,3,281.93000000000006,1,1,,,,,,,,,1
674,0,124,4202.130000000001,2.7198252427184473,1959.0,898,150,750.0199999999999,2.0,1376.67,2825.4600000000005,0.6009476146620879,1448.7900000000004,0.15145340912532937,0.016129032258064516,8,525.4399999999999,1,1,,,,,,,,,1
942,0,207,5735.120000000004,2.6812155212716244,2800.0,998,153,782.0000000000001,12.0,1356.8600000000001,4378.260000000004,0.5831752430637892,3021.4000000000037,0.11999165275459092,0.057971014492753624,7,155.02,1,1,,,,,,,,,1
251,1,72,1963.82,3.0305864197530865,8093.0,481,122,416.31999999999994,3.0,1103.1,860.7200000000003,0.5766821806479209,-242.37999999999965,0.17491408068432948,0.041666666666666664,2,304.68999999999994,1,0,,,,,,,,,1
1808,1,78,1575.4400000000003,3.6133944954128445,525.0,295,115,209.39,2.0,432.2700000000001,1143.1699999999998,0.3149342405931041,710.8999999999997,0.11731649512838754,0.02564102564102564,3,248.89,1,0,,,,,,,,,1
1330,1,76,1897.9699999999998,3.312338568935427,61367.0,410,106,436.6199999999999,2.0,983.9500000000003,914.02,0.42087071976901647,-69.93000000000029,0.18702213236585435,0.02631578947368421,3,279.58,1,0,,,,,,,,,1
2204,1,166,2300.2500000000005,1.9136855241264563,54703.0,718,130,636.2899999999998,6.0,1121.7800000000002,1178.4700000000003,0.5343897402456255,56.690000000000055,0.21668017462728237,0.03614457831325301,2,345.8,1,0,,,,,,,,,1
1011,0,122,2945.3500000000004,3.695545796737767,221519.0,549,136,331.07,8.0,1343.4799999999996,1601.8700000000001,0.40744902982667597,258.39000000000055,0.10104626390999931,0.06557377049180328,3,549.8499999999999,1,0,,,,,,,,,1
1104,0,101,2833.890000000001,2.983042105263159,5570.0,597,141,384.83000000000004,4.0,865.1999999999998,1968.690000000001,0.5610027206419443,1103.4900000000011,0.11955994929661479,0.039603960396039604,8,544.2700000000002,1,0,,,,,,,,,1
2394,0,78,1460.9,6.5218750000000005,376475.0,149,72,55.65,0.0,884.37,576.5300000000001,0.5932370456567868,-307.8399999999999,0.03669513039464574,0.0,1,77.11,1,1,,,,,,,,,1
2425,2,106,3900.1200000000003,4.396978579481399,406331.0,632,148,575.0700000000002,16.0,2648.9700000000003,1251.15,0.4615114406736203,-1397.8200000000002,0.12850180662720467,0.1509433962264151,3,460.9000000000001,1,1,,,,,,,,,1
2105,13,31,864.6800000000003,2.156309226932669,4206.0,301,104,171.62999999999997,1.0,791.9900000000005,72.69,0.6536984780496832,-719.3000000000004,0.16561646611535152,0.03225806451612903,0,35.239999999999995,1,1,,,,,,,,,1
1770,0,436,8182.540000000005,3.4222250104558785,889098.0,1073,184,1362.3400000000001,161.0,4886.750000000003,3295.7900000000013,0.39156667733979883,-1590.9600000000014,0.14272992431544446,0.36926605504587157,0,610.65,1,1,,,,,,,,,1
1480,0,26,145.21999999999997,2.2341538461538457,182.0,25,11,108.20000000000002,0.0,42.19,103.02999999999999,0.494146811733921,60.83999999999999,0.42695919816904754,0.0,0,6.99,1,1,,,,,,,,,1
449,1,24,425.69,3.40552,15431.0,107,55,76.33,0.0,207.74,217.94999999999996,0.602739082430877,10.209999999999951,0.15204573522967213,0.0,0,401.7499999999999,1,0,,,,,,,,,1
1573,2,95,334.29,1.8886440677966103,204.0,138,53,62.529999999999994,5.0,255.04000000000005,79.25000000000001,0.49618594633402135,-175.79000000000002,0.15757774305730557,0.05263157894736842,0,38.58,1,1,,,,,,,,,1
2450,1,70,2563.7,2.89683615819209,192325.0,633,157,744.63,73.0,1585.8900000000003,977.8100000000001,0.4111479502281859,-608.0800000000003,0.22507730486378325,1.042857142857143,0,497.06999999999994,1,0,,,,,,,,,1
2038,0,43,1142.4099999999999,3.91236301369863,50542.0,217,79,224.62000000000003,1.0,319.68,822.73,0.44441137595084074,503.05,0.16431241450443665,0.023255813953488372,0,347.39000000000004,1,0,,,,,,,,,1
382,3,29,476.36,3.969666666666667,39928.0,101,56,54.449999999999996,1.0,377.39,98.97,0.26557645478209757,-278.41999999999996,0.10257907725928296,0.034482758620689655,0,218.34000000000003,1,0,,,,,,,,,1
1427,1,47,1552.4499999999998,2.2696637426900583,840.0,555,134,377.05000000000007,29.0,702.0900000000001,850.36,0.6234725756062999,148.26999999999987,0.1954133195128272,0.6170212765957447,0,1088.02,1,0,,,,,,,,,1
1220,3,29,737.9300000000001,2.216006006006006,431.0,310,108,163.64000000000001,1.0,491.73000000000013,246.2,0.6046915019039746,-245.53000000000014,0.1815055957940038,0.034482758620689655,0,49.11,1,1,,,,,,,,,1
1095,25,29,555.9200000000001,3.914929577464789,174.0,126,66,32.89,0.0,388.65999999999997,167.26000000000005,0.6296409555331701,-221.39999999999992,0.05585842631748781,0.0,0,43.62,1,1,,,,,,,,,1
1719,0,46,1987.02,2.486883604505632,979.0,555,131,356.5400000000001,2.0,1271.5199999999998,715.5,0.7017745166128172,-556.0199999999998,0.15213606649712408,0.043478260869565216,0,1415.4300000000003,1,0,,,,,,,,,1
962,0,48,1377.84,2.4004181184668987,641.0,349,109,462.8099999999999,0.0,487.14,890.7,0.42564448702316665,403.56000000000006,0.25143835058267455,0.0,0,152.60000000000002,1,1,,,,,,,,,1
2232,2,30,919.7199999999998,3.238450704225351,33729.0,213,76,256.54,4.0,416.9699999999999,502.75,0.5180707171747924,85.78000000000009,0.21809803954907936,0.13333333333333333,0,211.93000000000004,1,0,,,,,,,,,1
2227,0,170,4873.370000000002,2.159224634470537,7311.0,1145,157,1194.9499999999998,10.0,2375.940000000001,2497.4300000000003,0.5893067836014911,121.48999999999933,0.19691611516861332,0.058823529411764705,0,20.53,1,1,,,,,,,,,1
1036,31,25,1026.4199999999998,3.0823423423423417,401.0,203,76,115.88999999999999,0.0,730.88,295.53999999999996,0.6625942596597885,-435.34000000000003,0.10145232029834282,0.0,0,204.74999999999997,1,0,,,,,,,,,1
344,4,46,2113.9700000000003,3.2176103500761037,114719.0,459,137,352.52000000000004,37.0,1703.6,410.37000000000006,0.5049977057384919,-1293.2299999999998,0.14292374994425278,0.8043478260869565,0,123.94,1,1,,,,,,,,,1
168,4,34,492.69000000000005,3.2846,17174.0,125,60,59.48999999999999,0.0,236.7,255.99,0.438551624753902,19.29000000000002,0.10773660762794737,0.0,0,18.11,1,1,,,,,,,,,1
1410,2,42,2354.61,3.4424122807017548,42849.0,529,143,527.69,4.0,1440.6200000000001,913.9900000000002,0.4062158913790395,-526.6299999999999,0.18307948513340042,0.09523809523809523,0,171.32999999999998,1,1,,,,,,,,,1
564,2,46,743.6699999999998,3.3199553571428564,26498.0,203,96,108.21999999999998,0.0,171.29000000000002,572.38,0.47890865572095165,401.09,0.12703518059843408,0.0,0,98.78,1,1,,,,,,,,,1
2404,2,13,384.99,4.230659340659341,30070.0,70,35,94.60000000000001,0.0,145.76,239.23000000000002,0.6370035585339879,93.47000000000003,0.19725181926228655,0.0,0,174.76999999999998,1,0,,,,,,,,,1
129,3,37,449.09999999999997,1.8712499999999999,297.0,159,67,72.88999999999999,1.0,105.96000000000001,343.14000000000004,0.5836116677800044,237.18000000000004,0.13963869039636773,0.02702702702702703,0,26.629999999999995,1,1,,,,,,,,,1
1439,13,29,482.14,2.770919540229885,9649.0,147,65,117.49000000000002,0.0,278.71,203.43,0.5834819761894885,-75.27999999999997,0.19593749478845293,0.0,0,73.41999999999999,1,0,,,,,,,,,1
2005,1,47,1255.06,2.4512890625,32159.0,402,102,287.68,1.0,347.07,907.99,0.5027329370707377,560.9200000000001,0.1864734174261379,0.02127659574468085,0,184.13000000000002,1,0,,,,,,,,,1
2490,4,25,514.7099999999999,2.474567307692307,310.0,189,89,122.14,1.0,271.08,243.62999999999997,0.4968817392318005,-27.450000000000017,0.1917877051110937,0.04,0,184.45000000000002,1,0,,,,,,,,,1
1086,1,25,1025.67,3.1462269938650307,15924.0,246,86,190.57000000000002,3.0,558.6299999999999,467.03999999999996,0.4781167432020045,-91.58999999999992,0.1566878247714267,0.12,0,162.94,1,0,,,,,,,,,1
1880,1,26,504.53000000000014,2.222599118942732,324.0,190,64,123.35999999999999,0.0,389.83000000000004,114.7,0.5622856916337976,-275.13000000000005,0.19646753412221882,0.0,0,268.86,1,0,,,,,,,,,1
267,2,23,296.34000000000003,4.6303125000000005,7105.0,35,21,20.15,0.0,63.59,232.74999999999997,0.5263886076803671,169.15999999999997,0.06366709848652405,0.0,0,89.22,1,0,,,,,,,,,1
2093,1,17,477.48999999999995,4.5046226415094335,62644.0,90,55,93.57000000000001,2.0,126.38,351.10999999999996,0.36618567928124157,224.72999999999996,0.16385318530452145,0.11764705882352941,0,13.490000000000002,1,1,,,,,,,,,1
1632,3,60,2023.89,3.640089928057554,108276.0,304,107,275.77,0.0,993.2799999999999,1030.61,0.515363977291256,37.33000000000004,0.11991772696833444,0.0,0,81.02,1,1,,,,,,,,,1
809,4,53,554.27,1.8232565789473683,390.0,168,57,154.54999999999998,3.0,120.60000000000002,433.66999999999996,0.4712865570931134,313.06999999999994,0.2180384300668717,0.05660377358490566,0,65.48,1,1,,,,,,,,,1
1866,2,13,143.0,3.4878048780487805,89.0,34,24,36.14,0.0,59.07,83.93,0.5085314685314686,24.860000000000007,0.20174165457184326,0.0,0,16.05,1,1,,,,,,,,,1
799,2,60,1874.75,2.596606648199446,111828.0,504,127,678.5500000000002,15.0,811.6500000000001,1063.1,0.5638671822909722,251.44999999999982,0.26575412211647675,0.25,0,209.36,1,1,,,,,,,,,1
1205,0,173,4034.3800000000006,2.668240740740741,8409.0,893,150,989.1,5.0,1916.6100000000006,2117.77,0.5146243041062071,201.1599999999994,0.19689537929881276,0.028901734104046242,0,349.34000000000003,1,1,,,,,,,,,1
1008,0,34,435.53,4.312178217821782,99397.0,84,42,33.16,0.0,88.97999999999999,346.55000000000007,0.5077262186301748,257.57000000000005,0.07075038938317438,0.0,0,75.59,1,0,,,,,,,,,1
2454,0,25,319.38,2.514803149606299,178.0,88,47,36.83,0.0,71.83,247.54999999999998,0.6097438787651074,175.71999999999997,0.10339406529855984,0.0,0,73.49000000000001,1,0,,,,,,,,,1
557,2,27,682.32,2.8430000000000004,10377.0,206,98,103.73,0.0,268.97999999999996,413.34000000000003,0.4768876773361473,144.36000000000007,0.13196361554608485,0.0,0,36.13999999999999,1,1,,,,,,,,,1
664,1,28,846.23,1.9059234234234235,548.0,360,99,218.29999999999995,6.0,459.72,386.51,0.6052255297023269,-73.21000000000004,0.20506702488422116,0.21428571428571427,0,148.85000000000002,1,0,,,,,,,,,1
1913,4,46,804.63,3.529078947368421,3714.0,178,67,197.98,0.0,312.04,492.59,0.41170475870897183,180.54999999999995,0.19746461734871984,0.0,0,91.13,1,1,,,,,,,,,1
1570,1,49,2343.6700000000005,3.367341954022989,958.0,470,119,693.97,2.0,1217.49,1126.18,0.3920005802864737,-91.30999999999995,0.22845696000842758,0.04081632653061224,0,46.290000000000006,1,1,,,,,,,,,1
1739,2,28,647.55,2.256271777003484,368.0,228,75,156.71,0.0,277.66,369.89000000000004,0.7031117288240291,92.23000000000002,0.1948499241538806,0.0,0,130.85000000000002,1,0,,,,,,,,,1
717,0,43,561.4999999999999,4.286259541984732,37996.0,114,58,54.15999999999999,0.0,259.97,301.53,0.4444879786286733,41.559999999999945,0.08797063314166911,0.0,0,55.22,1,1,,,,,,,,,1
1262,30,26,738.4200000000003,2.0342148760330585,439.0,312,97,171.47999999999996,2.0,525.5500000000003,212.87,0.5869559329378942,-312.6800000000003,0.18846027035938004,0.07692307692307693,0,31.3,1,1,,,,,,,,,1
174,19,26,1114.61,2.5623218390804596,596.0,295,76,238.92,1.0,679.13,435.48,0.3747947712652857,-243.64999999999998,0.17651622054923052,0.038461538461538464,0,93.77999999999999,1,1,,,,,,,,,1
611,0,58,1670.25,4.063868613138686,219246.0,281,88,398.42,7.0,348.70000000000005,1321.55,0.4590989372848377,972.8499999999999,0.1925971759633001,0.1206896551724138,0,645.99,1,0,,,,,,,,,1
75,0,52,810.57,4.243821989528796,102848.0,120,45,160.25,7.0,153.14,657.4300000000001,0.5446290881725205,504.2900000000001,0.16506664469211593,0.1346153846153846,0,356.52,1,0,,,,,,,,,1
2089,0,29,135.35999999999999,2.417142857142857,58.0,22,15,22.659999999999997,0.0,58.84,76.52,0.9676418439716312,17.679999999999993,0.14339956967472473,0.0,0,24.6,1,0,,,,,,,,,1
1519,0,21,1604.2700000000007,2.7948954703832762,8515.0,451,135,349.4100000000001,70.0,416.04,1188.2300000000005,0.5734757864947918,772.1900000000005,0.17884709880840258,3.3333333333333335,0,821.3900000000001,1,0,,,,,,,,,1
2090,1,46,983.5500000000001,2.4588750000000004,19496.0,331,93,271.24,2.0,470.07000000000005,513.48,0.5610797620863198,43.40999999999997,0.21616366085161662,0.043478260869565216,0,217.48,1,0,,,,,,,,,1
829,0,26,1175.13,2.443097713097713,14000.0,289,87,257.12999999999994,3.0,233.24,941.89,0.6121195101818521,708.65,0.17952746009802686,0.11538461538461539,0,460.08000000000004,1,0,,,,,,,,,1
1115,4,48,1759.5000000000002,5.221068249258161,107024.0,278,120,142.81,3.0,1199.6399999999999,559.86,0.5860812730889456,-639.7799999999999,0.07507188628562116,0.0625,0,69.14,1,1,,,,,,,,,1
648,0,51,1273.87,3.0044103773584903,531.0,238,98,130.9,0.0,281.78,992.09,0.30816331336792613,710.3100000000001,0.09318251386347944,0.0,0,636.5300000000002,1,0,,,,,,,,,1
471,6,40,1062.1,3.0259259259259257,490.0,242,96,294.06,11.0,539.37,522.73,0.4915732981828453,-16.639999999999986,0.21683282208588958,0.275,0,468.0200000000001,1,0,,,,,,,,,1
1638,0,41,482.07,1.8830859375,377.0,188,79,162.49,0.0,135.21000000000004,346.85999999999996,0.6382268135333042,211.64999999999992,0.2520944520292913,0.0,0,70.11,1,1,,,,,,,,,1
1320,2,9,217.94,2.534186046511628,136.0,69,38,69.27,0.0,103.89999999999998,114.04,0.4271817931540792,10.140000000000029,0.24118241008321437,0.0,0,142.49,1,0,,,,,,,,,1
1565,1,29,372.90000000000003,2.232934131736527,12802.0,150,66,105.02000000000001,7.0,164.13,208.76999999999998,0.6002413515687852,44.639999999999986,0.2197438901908269,0.2413793103448276,0,75.00999999999999,1,0,,,,,,,,,1
175,2,48,1067.1600000000003,2.314880694143168,686.0,301,99,165.13000000000002,3.0,132.47,934.69,0.7024438697102589,802.22,0.13400254810150206,0.0625,0,86.86,1,1,,,,,,,,,1
1521,6,40,634.2699999999998,1.7004557640750664,423.0,308,109,176.63999999999996,3.0,511.03999999999985,123.23000000000002,0.5186750122187715,-387.80999999999983,0.21782935220924643,0.075,0,119.68,1,0,,,,,,,,,1
171,3,19,350.6099999999999,2.276688311688311,178.0,142,72,80.81,5.0,99.50000000000001,251.10999999999996,0.6355779926413967,151.60999999999996,0.18731166844374397,0.2631578947368421,0,389.85,1,0,,,,,,,,,1
1457,1,26,1763.23,3.9270155902004453,940.0,285,84,390.38999999999993,0.0,260.2699999999999,1502.96,0.5735099788456414,1242.69,0.18127153351101863,0.0,0,904.11,1,0,,,,,,,,,1
539,0,35,732.29,4.045801104972376,74970.0,133,68,172.26,12.0,75.42000000000002,656.8699999999999,0.4452471015581259,581.4499999999998,0.19043723398374882,0.34285714285714286,0,536.8,1,0,,,,,,,,,1
2060,0,26,513.8199999999999,4.354406779661017,15884.0,97,43,48.0,0.0,84.47999999999999,429.3399999999999,0.36090459694056287,344.8599999999999,0.08543661670997829,0.0,0,116.08000000000001,1,0,,,,,,,,,1
2469,6,31,546.6899999999999,3.313272727272727,216.0,129,62,101.77,0.0,391.51,155.17999999999998,0.36988055387879787,-236.33,0.1569410603583876,0.0,0,114.22999999999999,1,0,,,,,,,,,1
2031,38,11,89.50999999999999,1.4673770491803277,88.0,49,30,24.330000000000005,0.0,71.63999999999999,17.869999999999997,0.7857222656686405,-53.76999999999999,0.21372101194659174,0.0,0,216.86,1,0,,,,,,,,,1
818,0,39,1291.2,3.8201183431952663,140477.0,269,106,158.21000000000004,0.0,103.56,1187.64,0.47009758364312265,1084.0800000000002,0.10915475952284034,0.0,0,433.39,1,0,,,,,,,,,1
554,0,17,1252.24,2.9744418052256534,511.0,343,106,145.82999999999998,6.0,673.84,578.4000000000001,0.4718823867629209,-95.43999999999994,0.10430808185570106,0.35294117647058826,0,272.09,1,0,,,,,,,,,1
320,11,14,377.54999999999995,3.0447580645161287,147.0,115,65,48.62,0.0,113.78999999999999,263.76,0.5478214805985963,149.97,0.11408592815073797,0.0,0,119.85999999999999,1,0,,,,,,,,,1
1596,3,18,1477.3600000000004,2.919683794466404,614.0,411,122,193.48999999999998,5.0,356.32000000000005,1121.0400000000004,0.5924419234309849,764.7200000000004,0.11580333363258218,0.2777777777777778,0,677.2700000000001,1,0,,,,,,,,,1
1302,3,31,629.84,4.373888888888889,53668.0,128,59,79.08000000000001,0.0,178.02,451.82,0.4205830052076717,273.79999999999995,0.1115499633244936,0.0,0,128.10999999999999,1,0,,,,,,,,,1
191,0,20,374.72,2.775703703703704,12553.0,131,54,115.30000000000001,1.0,106.18,268.53999999999996,0.6308443637916311,162.35999999999996,0.2352965185094486,0.05,0,178.13000000000002,1,0,,,,,,,,,1
839,24,8,665.2700000000002,3.277192118226602,219.0,200,83,65.87,1.0,176.82999999999998,488.44000000000017,0.5828009680280184,311.6100000000002,0.09009218480728723,0.125,0,181.42999999999995,1,0,,,,,,,,,1
2335,1,33,1456.1200000000001,2.872031558185405,695.0,399,108,338.49,3.0,349.02,1107.1000000000001,0.48763838145207805,758.0800000000002,0.1886147965296081,0.09090909090909091,0,499.13000000000005,1,0,,,,,,,,,1
247,0,47,950.0699999999999,2.5471045576407505,451.0,274,97,139.2,0.0,173.92000000000002,776.1500000000001,0.4815750418390225,602.23,0.1277920074912556,0.0,0,292.99,1,0,,,,,,,,,1
819,6,5,149.92000000000002,3.331555555555556,70.0,43,28,25.940000000000005,0.0,67.76,82.16,0.34278281750266804,14.399999999999991,0.14750369612191516,0.0,0,11.83,1,1,,,,,,,,,1
1398,2,14,317.39,3.1424752475247524,134.0,99,43,63.480000000000004,3.0,50.45,266.94,0.6546204984404045,216.49,0.16667104261296506,0.21428571428571427,0,87.57,1,0,,,,,,,,,1
326,2,18,483.55,5.494886363636364,120.0,69,30,110.00999999999999,1.0,237.44000000000005,246.11,0.48052941784717196,8.669999999999959,0.1853393085787452,0.05555555555555555,0,256.16999999999996,1,0,,,,,,,,,1
967,15,9,294.79999999999995,2.5413793103448272,145.0,107,47,69.56,0.0,292.79999999999995,2.0,0.612177747625509,-290.79999999999995,0.19091008892304318,0.0,0,4.58,1,1,,,,,,,,,1
899,4,10,247.08999999999997,3.8607812499999996,91.0,62,36,41.379999999999995,0.0,185.67999999999998,61.41,0.2907037921405156,-124.26999999999998,0.14344645890387214,0.0,0,68.06,1,0,,,,,,,,,1
1647,11,7,35.589999999999996,2.0935294117647056,20.0,16,13,8.629999999999999,0.0,27.78,7.81,0.4973307108738411,-19.970000000000002,0.1951605608322026,0.0,0,14.899999999999999,1,0,,,,,,,,,1
1706,12,7,158.16000000000003,2.510476190476191,77.0,63,39,44.199999999999996,4.0,90.82000000000001,67.34,0.6360647445624682,-23.480000000000004,0.218422613164657,0.5714285714285714,0,201.91,1,0,,,,,,,,,1
505,1,12,123.04,3.5154285714285716,47.0,30,19,37.199999999999996,0.0,17.759999999999998,105.28,0.6115897269180753,87.52000000000001,0.23215177234148773,0.0,0,65.5,1,0,,,,,,,,,1
1539,2,6,52.160000000000004,4.346666666666667,17.0,10,10,5.630000000000001,0.0,6.0,46.160000000000004,0.5697852760736196,40.160000000000004,0.09742169925592663,0.0,0,27.25,1,0,,,,,,,,,1
528,1,13,265.96000000000004,2.7995789473684214,116.0,88,50,24.94,0.0,41.48,224.48000000000002,0.6146036998044818,183.00000000000003,0.08573392918528704,0.0,0,107.86999999999999,1,0,,,,,,,,,1
1250,1,3,110.0,2.2,53.0,48,33,25.139999999999997,0.0,11.92,98.08,0.4710909090909091,86.16,0.18602930294509398,0.0,0,93.17000000000002,1,0,,,,,,,,,1
2259,75,1,6.99,0.9985714285714286,10.0,7,7,5.13,0.0,6.99,0.0,0.7138769670958512,-6.99,0.4232673267326732,0.0,0,582.18,1,0,,,,,,,,,1
379,71,1,4.49,4.49,1.0,1,1,0.0,0.0,4.49,0.0,1.0,-4.49,0.0,0.0,0,51.150000000000006,1,0,,,,,,,,,1
310,10,5,111.07,2.5243181818181815,56.0,44,28,24.64,0.0,80.86,30.209999999999997,0.5185918789952282,-50.650000000000006,0.18156362832510503,0.0,0,72.95,1,0,,,,,,,,,1
1967,0,61,1466.5100000000002,2.252703533026114,27932.0,510,117,225.83,2.0,322.93,1143.5800000000002,0.5879741699681555,820.6500000000001,0.13344245246227118,0.03278688524590164,0,336.4200000000001,1,0,,,,,,,,,1
1891,2,31,1164.32,3.6729337539432176,479.0,234,77,208.70999999999998,6.0,460.3399999999999,703.98,0.5690102377353307,243.6400000000001,0.1520068753049824,0.1935483870967742,0,180.39000000000001,1,0,,,,,,,,,1
240,26,16,157.26,4.032307692307692,58.0,35,23,66.41,0.0,152.77,4.49,0.5123998473864937,-148.28,0.2969106272633791,0.0,0,208.34999999999997,1,0,,,,,,,,,1
126,0,29,723.0400000000001,2.6582352941176475,339.0,226,85,152.08999999999997,0.0,406.31000000000006,316.73,0.6116812347864571,-89.58000000000004,0.17379132243209575,0.0,0,130.41,1,0,,,,,,,,,1
1877,3,60,1881.1100000000006,3.6036590038314187,764.0,413,99,402.44,0.0,760.47,1120.6400000000003,0.5852555140316088,360.1700000000003,0.17623437192091257,0.0,0,93.92999999999999,1,1,,,,,,,,,1
1670,10,17,86.48,1.6630769230769231,61.0,50,34,11.27,0.0,48.67,37.81,0.44484273820536546,-10.86,0.11529411764705882,0.0,0,10.0,1,1,,,,,,,,,1
2152,0,23,136.17000000000002,2.521666666666667,12664.0,45,27,23.64,0.0,66.08,70.09,0.6029962546816477,4.010000000000005,0.1479256617232964,0.0,0,20.38,1,0,,,,,,,,,1
446,8,26,179.94,3.3950943396226414,57.0,49,36,7.77,0.0,64.93,115.01,0.5166722240746916,50.08,0.04139363912418091,0.0,0,32.11,1,0,,,,,,,,,1
252,24,8,77.78999999999999,2.9919230769230767,28.0,24,14,6.909999999999999,0.0,46.84,30.950000000000003,0.4159917727214295,-15.89,0.08158205430932704,0.0,0,15.99,1,0,,,,,,,,,1
658,3,41,944.78,2.57433242506812,517.0,287,97,217.88,0.0,357.2099999999999,587.5699999999999,0.4879231143758336,230.36,0.18739786351985965,0.0,0,107.7,1,1,,,,,,,,,1
2313,1,9,84.72,3.025714285714286,13850.0,27,16,13.02,0.0,48.78,35.94,0.5059017941454202,-12.840000000000003,0.13321055862492326,0.0,0,20.97,1,0,,,,,,,,,1
1994,4,33,855.57,2.616422018348624,418.0,269,89,192.24,2.0,418.79,436.78,0.5886251271082437,17.989999999999952,0.18346837690039228,0.06060606060606061,0,213.43,1,0,,,,,,,,,1
2253,2,25,376.35999999999996,2.3522499999999997,36086.0,148,60,89.71000000000001,0.0,260.61,115.75,0.4813742161760018,-144.86,0.19248181603621778,0.0,0,73.97,1,0,,,,,,,,,1
904,0,24,654.79,3.2415346534653464,21888.0,174,75,99.13,0.0,255.42999999999995,399.36000000000007,0.5830113471494678,143.93000000000012,0.13148609932088284,0.0,0,235.45999999999998,1,0,,,,,,,,,1
2428,4,17,308.86,9.35939393939394,98637.0,21,14,20.619999999999997,0.0,109.5,199.35999999999999,0.7171534028362364,89.85999999999999,0.06258346485370886,0.0,0,14.41,1,1,,,,,,,,,1
35,4,53,949.93,3.6818992248062012,43826.0,199,78,125.75000000000001,1.0,404.9199999999999,545.01,0.5502300169486174,140.0900000000001,0.11690279637066786,0.018867924528301886,0,169.58,1,0,,,,,,,,,1
547,2,53,1472.2,2.344267515923567,6623.0,491,115,302.75,2.0,854.2000000000002,618.0,0.6289159081646516,-236.20000000000016,0.17056818501929633,0.03773584905660377,0,204.56000000000006,1,1,,,,,,,,,1
1106,0,23,432.83,3.6372268907563026,172.0,115,57,81.28000000000002,0.0,107.17999999999999,325.65,0.3956287688006839,218.46999999999997,0.15809846141876255,0.0,0,250.42999999999998,1,0,,,,,,,,,1
94,0,29,343.89,3.2139252336448596,17928.0,90,48,97.94000000000001,1.0,116.53,227.36,0.28616708831312343,110.83000000000001,0.22166896770251004,0.034482758620689655,0,98.75,1,0,,,,,,,,,1
1500,0,50,861.21,3.2376315789473686,4227.0,225,89,137.42,1.0,499.81000000000006,361.4,0.5294179120075243,-138.41000000000008,0.1376085236774381,0.02,0,189.91,1,0,,,,,,,,,1
1332,0,50,1804.1700000000003,2.3339844760672706,15107.0,502,135,266.26,1.0,602.6600000000001,1201.51,0.4272712660115177,598.8499999999999,0.12860130504291375,0.02,0,243.08999999999997,1,1,,,,,,,,,1
1904,1,26,294.3,2.335714285714286,4051.0,102,56,51.06,0.0,187.08999999999997,107.20999999999998,0.545973496432212,-79.88,0.14784572619874914,0.0,0,9.96,1,1,,,,,,,,,1
590,0,95,2546.4400000000014,2.5695660948536845,1189.0,454,114,446.9300000000001,1.0,2259.2000000000007,287.24,0.535488760779755,-1971.9600000000007,0.14930663432853267,0.010526315789473684,0,791.97,1,0,,,,,,,,,1
847,0,42,1180.3,3.795176848874598,124233.0,201,98,108.19999999999999,0.0,317.67,862.6299999999999,0.45108870626112013,544.9599999999998,0.08397361272797826,0.0,0,283.02,1,0,,,,,,,,,1
2458,15,40,716.6500000000001,2.8781124497991972,291.0,173,79,89.38,0.0,492.00000000000006,224.65,0.6518663224726156,-267.35,0.11088917285957096,0.0,0,401.68000000000006,1,0,,,,,,,,,1
1189,0,43,858.0799999999999,3.6827467811158794,339.0,183,76,114.22000000000001,0.0,420.34000000000003,437.74,0.2731563490583629,17.399999999999977,0.11747403064897667,0.0,0,96.13000000000002,1,1,,,,,,,,,1
1550,0,248,2029.0000000000016,1.7476313522825164,21413.0,561,118,368.8800000000001,0.0,1540.1300000000006,488.8699999999998,0.6425776244455393,-1051.2600000000007,0.15383588836805837,0.0,0,513.4499999999998,1,0,,,,,,,,,1
1780,2,42,1373.5,2.413884007029877,679.0,358,116,192.76000000000002,1.0,1105.3100000000004,268.19,0.6137968693119766,-837.1200000000003,0.12307024376540295,0.023809523809523808,0,40.17999999999999,1,1,,,,,,,,,1
1736,3,21,363.32,2.5406993006993006,183.0,128,53,94.14000000000003,0.0,140.99,222.32999999999998,0.6934658152592755,81.33999999999997,0.2057884842390592,0.0,0,11.16,1,1,,,,,,,,,1
453,2,32,731.2700000000001,3.9315591397849468,285.0,172,85,82.99,0.0,487.1,244.17,0.5624871798378163,-242.93000000000004,0.101920762410041,0.0,0,11.68,1,1,,,,,,,,,1
2122,4,5,113.31,3.777,28614.0,29,13,8.53,0.0,63.769999999999996,49.540000000000006,0.4951019327508604,-14.22999999999999,0.07000984898227182,0.0,0,328.53,1,0,,,,,,,,,1
1033,6,22,1251.09,3.275104712041885,542.0,288,89,449.87,5.0,726.9500000000002,524.1399999999999,0.4881263538194694,-202.8100000000003,0.26448005832000754,0.22727272727272727,0,115.88,1,1,,,,,,,,,1
429,1,40,501.4899999999999,2.9499411764705874,222.0,129,58,227.79999999999998,2.0,251.14000000000001,250.35,0.4275060320245668,-0.7900000000000205,0.3123585953461586,0.05,0,41.4,1,1,,,,,,,,,1
1801,0,50,566.22,3.350414201183432,19002.0,140,53,94.00999999999999,2.0,238.17,328.05000000000007,0.4332591572180425,89.88000000000008,0.14238977326083332,0.04,0,192.51999999999998,1,0,,,,,,,,,1
1625,0,37,420.17000000000024,2.373841807909606,223.0,150,61,65.08,3.0,71.08999999999999,349.08000000000004,0.49651331603874616,277.99000000000007,0.13411643482740848,0.08108108108108109,0,44.47,1,1,,,,,,,,,1
1310,1,29,757.83,2.3906309148264984,9116.0,252,77,161.37999999999997,5.0,314.51,443.32,0.6842035812781232,128.81,0.17556379934944133,0.1724137931034483,0,100.14999999999999,1,1,,,,,,,,,1
1360,5,21,554.6199999999999,2.263755102040816,264.0,133,38,73.32000000000001,0.0,314.72,239.9,0.4125166780858967,-74.82000000000002,0.11676274803325161,0.0,0,75.57000000000001,1,1,,,,,,,,,1
1346,2,67,1037.43,3.435198675496689,14700.0,211,81,152.04,6.0,207.89000000000001,829.5399999999998,0.5407111805133841,621.6499999999999,0.12782163484577164,0.08955223880597014,0,136.88,1,1,,,,,,,,,1
2126,0,114,4303.6900000000005,3.23829194883371,68958.0,796,169,590.48,0.0,1754.4600000000003,2549.2300000000005,0.3321405584510037,794.7700000000002,0.12064967093501043,0.0,0,410.15999999999985,1,1,,,,,,,,,1
1486,1,11,456.9100000000001,3.5977165354330713,172.0,104,47,63.959999999999994,1.0,199.88,257.03000000000003,0.6617714648399027,57.150000000000034,0.12279455526330943,0.09090909090909091,0,91.41,1,0,,,,,,,,,1
1878,10,28,400.90999999999997,2.8233098591549295,212.0,133,63,74.14,1.0,305.33000000000004,95.58,0.697987079394378,-209.75000000000006,0.1560677823387012,0.03571428571428571,0,224.73000000000002,1,0,,,,,,,,,1
406,0,33,1382.5100000000002,4.114613095238096,14703.0,289,101,143.89999999999998,0.0,379.24,1003.2700000000002,0.2813433537551265,624.0300000000002,0.09427349139484145,0.0,0,394.14000000000004,1,0,,,,,,,,,1
1718,1,27,674.9100000000001,3.0817808219178087,246.0,198,92,103.88999999999999,0.0,412.41,262.5,0.4577202886310766,-149.91000000000003,0.1333975346687211,0.0,0,193.78000000000003,1,0,,,,,,,,,1
2103,8,28,321.66,2.436818181818182,151.0,112,57,49.4,0.0,198.73000000000002,122.92999999999998,0.3463595100416589,-75.80000000000004,0.1331321080148763,0.0,0,39.35,1,1,,,,,,,,,1
1574,3,26,3292.41,3.0914647887323943,2034.0,681,107,1230.1899999999998,15.0,1046.0200000000002,2246.39,0.6429697394917402,1200.3699999999997,0.2720094635828948,0.5769230769230769,0,323.61999999999995,1,1,,,,,,,,,1
848,3,22,1943.17,3.1544967532467534,791.0,351,97,305.03,1.0,494.03,1449.14,0.7316704148376105,955.1100000000001,0.13567743083355574,0.045454545454545456,0,740.9600000000002,1,0,,,,,,,,,1
1415,0,20,214.76999999999998,3.304153846153846,12697.0,50,33,26.59,1.0,93.96000000000001,120.81000000000002,0.30418587325976626,26.85000000000001,0.11016738481935698,0.05,0,56.64,1,0,,,,,,,,,1
2216,0,29,394.57000000000005,2.666013513513514,218.0,121,62,68.09,0.0,83.67,310.9,0.6375801505436297,227.22999999999996,0.14717070851165,0.0,0,60.0,1,0,,,,,,,,,1
1507,0,16,799.2000000000003,4.162500000000001,20426.0,180,81,127.43999999999998,1.0,496.56000000000006,302.64,0.4332832832832831,-193.92000000000007,0.13752913752913748,0.0625,0,700.17,1,0,,,,,,,,,1
1225,0,60,1086.0099999999998,2.243822314049586,554.0,392,106,185.42,0.0,422.0300000000001,663.9799999999998,0.5812101177705548,241.9499999999997,0.14583579119574025,0.0,0,329.36999999999995,1,0,,,,,,,,,1
2120,0,55,1332.6400000000003,3.829425287356323,27603.0,261,88,196.51,2.0,236.14,1096.5000000000002,0.48030225717373015,860.3600000000002,0.12850930255370627,0.03636363636363636,0,310.55999999999995,1,0,,,,,,,,,1
2339,60,5,228.20000000000002,2.5076923076923077,144.0,89,49,49.64,0.0,228.20000000000002,0.0,0.6326029798422437,-228.20000000000002,0.1786639792686438,0.0,0,34.22,1,0,,,,,,,,,1
721,0,39,455.4099999999999,2.82863354037267,10246.0,125,45,45.70999999999999,0.0,184.22,271.19,0.7293647482488309,86.97,0.09121567688378032,0.0,0,98.16000000000001,1,0,,,,,,,,,1
1843,0,33,601.4900000000001,4.39043795620438,182.0,118,51,78.85,0.0,207.2,394.29000000000013,0.42976608089910046,187.09000000000015,0.11589793338624801,0.0,0,168.66000000000003,1,0,,,,,,,,,1
1013,4,33,904.3000000000001,2.7403030303030307,2832.0,291,90,182.77000000000004,1.0,728.9800000000001,175.32000000000002,0.5858232887316156,-553.6600000000001,0.16813084713955864,0.030303030303030304,0,42.73,1,1,,,,,,,,,1
1210,2,31,703.1899999999999,2.2905211726384365,437.0,246,88,158.46000000000004,0.0,172.72999999999993,530.46,0.6407372118488602,357.73000000000013,0.18390297684674756,0.0,0,218.14,1,0,,,,,,,,,1
2471,0,41,730.24,2.3108860759493672,5528.0,269,88,156.77999999999997,0.0,416.30999999999995,313.93,0.6167287467134093,-102.37999999999994,0.1767491150143176,0.0,0,217.36999999999998,1,0,,,,,,,,,1
1715,1,47,898.24,2.634134897360704,381.0,309,115,122.81,0.0,457.01000000000005,441.22999999999996,0.3815572675454221,-15.780000000000086,0.1202781450467656,0.0,0,85.29,1,1,,,,,,,,,1
2348,51,54,169.96999999999994,1.8678021978021973,105.0,46,26,58.120000000000005,0.0,169.96999999999994,0.0,0.4316055774548452,-169.96999999999994,0.25481169713709506,0.0,0,108.89999999999999,1,0,,,,,,,,,1
1099,3,26,647.62,3.026261682242991,8077.0,149,51,176.11999999999998,0.0,505.14,142.48000000000002,0.7442327290695163,-362.65999999999997,0.21380532692354381,0.0,0,35.510000000000005,1,1,,,,,,,,,1
736,0,45,1970.3700000000003,3.224828150572832,734.0,452,133,251.49,5.0,400.41999999999996,1569.9500000000003,0.556900480620391,1169.5300000000002,0.11318894979881718,0.1111111111111111,0,1091.2500000000005,1,0,,,,,,,,,1
1144,17,21,164.38000000000002,3.424583333333334,16621.0,35,22,8.04,0.0,64.59,99.78999999999999,0.34833921401630363,35.19999999999999,0.046630321308432886,0.0,0,22.71,1,1,,,,,,,,,1
521,3,42,610.14,2.736053811659193,295.0,196,85,85.66999999999999,0.0,238.37000000000003,371.77000000000004,0.3508047333398892,133.4,0.123122691539357,0.0,0,248.65999999999997,1,0,,,,,,,,,1
1002,3,22,607.22,2.14565371024735,314.0,238,90,97.21999999999998,0.0,356.95000000000005,250.27,0.5546424689568855,-106.68000000000004,0.13801033445005959,0.0,0,366.71,1,0,,,,,,,,,1
1384,0,27,662.71,1.6444416873449132,2721.0,272,72,195.83,0.0,220.75999999999996,441.95000000000005,0.6313923133799098,221.19000000000008,0.22809653597968643,0.0,0,164.75,1,0,,,,,,,,,1
1156,3,27,881.68,4.12,319.0,188,82,110.63,2.0,376.38,505.29999999999995,0.36738952908084566,128.91999999999996,0.1114873376263466,0.07407407407407407,0,117.64999999999999,1,1,,,,,,,,,1
455,8,24,1070.75,3.6296610169491523,414.0,242,89,119.73999999999997,1.0,430.63,640.1200000000001,0.5960588372636003,209.49000000000012,0.10058043326697408,0.041666666666666664,0,182.65000000000003,1,0,,,,,,,,,1
229,2,39,991.13,3.0780434782608697,535.0,224,90,342.81,6.0,427.21,563.9200000000001,0.527034798664151,136.7100000000001,0.2569905692909726,0.15384615384615385,0,13.760000000000002,1,1,,,,,,,,,1
427,0,40,706.1800000000001,3.796666666666667,270.0,142,65,77.22000000000001,0.0,361.90000000000003,344.28,0.4235464045993939,-17.62000000000006,0.09857033443962217,0.0,0,366.83,1,0,,,,,,,,,1
2153,1,32,680.53,2.597442748091603,361.0,219,82,164.67,1.0,121.73999999999998,558.79,0.6518448856038677,437.04999999999995,0.19482962612399432,0.03125,0,252.90000000000003,1,0,,,,,,,,,1
1782,1,33,1612.2200000000003,3.8942512077294693,36361.0,305,112,151.98000000000002,5.0,641.21,971.0100000000002,0.3843830246492413,329.8000000000002,0.08614669538601065,0.15151515151515152,0,130.63,1,1,,,,,,,,,1
1101,16,14,184.70000000000002,2.931746031746032,19368.0,61,29,41.73,0.0,69.16,115.54,0.4662154845695723,46.38000000000001,0.1842953672216579,0.0,0,6.08,1,1,,,,,,,,,1
516,0,15,282.38,3.3221176470588234,100.0,78,44,30.57,0.0,124.3,158.07999999999998,0.5441249380267725,33.77999999999999,0.09768333599616552,0.0,0,12.85,1,1,,,,,,,,,1
2487,8,24,545.5799999999999,2.598,18363.0,173,80,134.61999999999998,12.0,213.75,331.8299999999999,0.5390043623299975,118.07999999999993,0.19791237871214348,0.5,0,55.67000000000001,1,1,,,,,,,,,1
182,3,32,1047.56,2.2576724137931032,649.0,271,69,265.7,1.0,270.15000000000003,777.4099999999999,0.6543109702546872,507.2599999999998,0.20232094177847493,0.03125,0,114.77999999999999,1,1,,,,,,,,,1
268,9,27,718.3799999999999,2.477172413793103,348.0,261,89,177.01999999999995,3.0,257.78999999999996,460.59,0.686990172332192,202.8,0.19769935224480678,0.1111111111111111,0,90.83,1,1,,,,,,,,,1
1416,2,5,79.89,6.145384615384615,18365.0,13,9,16.74,0.0,38.14,41.75,0.4690199023657529,3.6099999999999994,0.17323812480596087,0.0,0,11.76,1,0,,,,,,,,,1
2118,4,26,1099.3999999999999,3.0882022471910107,24217.0,288,89,258.3399999999999,5.0,378.32000000000005,721.0799999999999,0.47603238129889036,342.7599999999999,0.19027206976298847,0.19230769230769232,0,8.39,1,1,,,,,,,,,1
2132,1,34,451.58000000000004,2.7203614457831327,212.0,144,56,69.44,0.0,89.9,361.67999999999995,0.42457593338943267,271.78,0.13327703351118958,0.0,0,124.29,1,0,,,,,,,,,1
213,14,8,523.87,2.2580603448275864,341.0,203,72,79.86,1.0,312.35,211.52000000000004,0.6387271651363887,-100.82999999999998,0.13227767379457703,0.125,0,82.63,1,0,,,,,,,,,1
1698,0,27,1069.7699999999998,2.938928571428571,548.0,322,95,147.16999999999996,0.0,277.18,792.5899999999998,0.5037905344139395,515.4099999999999,0.12093447499465874,0.0,0,687.7399999999999,1,0,,,,,,,,,1
532,24,22,378.90999999999997,3.3831249999999997,152.0,99,52,36.099999999999994,0.0,346.34,32.57,0.6597081101053021,-313.77,0.08698585576251174,0.0,0,22.97,1,1,,,,,,,,,1
767,14,9,402.01000000000005,2.1967759562841533,218.0,166,67,95.26,6.0,110.32000000000002,291.69000000000005,0.6373970796746349,181.37000000000003,0.19156595008747762,0.6666666666666666,0,160.76,1,0,,,,,,,,,1
30,1,24,492.96000000000004,4.362477876106195,64767.0,103,63,81.64,1.0,337.12000000000006,155.84,0.3473912690684842,-181.28000000000006,0.1420814479638009,0.041666666666666664,0,129.84,1,0,,,,,,,,,1
50,6,14,244.39999999999998,2.944578313253012,99.0,76,40,20.99,0.0,135.19,109.20999999999998,0.7773731587561374,-25.980000000000018,0.07909114887524021,0.0,0,106.98999999999997,1,0,,,,,,,,,1
1714,13,7,162.58,3.067547169811321,84.0,48,31,36.51,0.0,115.70000000000002,46.88,0.5295239266822487,-68.82000000000002,0.18338439901552062,0.0,0,102.13999999999999,1,0,,,,,,,,,1
1893,0,11,243.73000000000002,13.540555555555557,73791.0,14,10,10.41,0.0,34.78,208.95000000000002,0.7795511426578591,174.17000000000002,0.040961674667506096,0.0,0,129.98,1,0,,,,,,,,,1
1737,0,21,255.22,1.3721505376344085,212.0,140,51,76.58000000000001,1.0,54.370000000000005,200.84999999999997,0.643248961680119,146.47999999999996,0.2308016877637131,0.047619047619047616,0,95.72,1,0,,,,,,,,,1
2315,71,2,141.79,6.164782608695652,31.0,23,16,20.18,0.0,141.79,0.0,0.42175047605613936,-141.79,0.12459097363709329,0.0,0,124.31,1,0,,,,,,,,,1
1176,4,5,115.56,3.501818181818182,49.0,33,16,40.31,0.0,79.6,35.96,0.39295604015230184,-43.63999999999999,0.2586129466863412,0.0,0,125.29,1,0,,,,,,,,,1
366,0,47,590.6600000000001,1.5963783783783787,418.0,249,76,182.94,0.0,388.8400000000001,201.82000000000002,0.5887312497883722,-187.02000000000007,0.2364788004136504,0.0,0,25.12,1,1,,,,,,,,,1
2155,5,10,259.94000000000005,2.280175438596492,138.0,106,59,58.980000000000004,0.0,165.84000000000003,94.10000000000001,0.5677464030160805,-71.74000000000002,0.1849366612316568,0.0,0,53.89,1,0,,,,,,,,,1
1522,2,33,1018.86,2.4669733656174335,563.0,348,121,214.70999999999998,1.0,313.75,705.11,0.5578784131283984,391.36,0.17405578929448673,0.030303030303030304,0,67.7,1,1,,,,,,,,,1
838,1,28,333.3299999999999,2.0080120481927706,6783.0,147,58,49.15999999999999,0.0,187.41,145.92,0.5930759307593078,-41.49000000000001,0.12852623598002563,0.0,0,51.36,1,0,,,,,,,,,1
89,13,10,163.36,3.88952380952381,45.0,41,21,9.93,0.0,22.43,140.93,0.7851983349657197,118.5,0.057302787235270346,0.0,0,14.2,1,1,,,,,,,,,1
1641,6,43,476.68000000000006,2.85437125748503,40017.0,134,60,101.00999999999999,1.0,226.14000000000001,250.54000000000002,0.4716161785684316,24.400000000000006,0.1748515639876058,0.023255813953488372,0,100.94,1,0,,,,,,,,,1
488,5,17,358.55999999999995,2.1216568047337274,193.0,129,61,48.269999999999996,0.0,207.0,151.55999999999997,0.3247155287817939,-55.440000000000026,0.11864906717793675,0.0,0,48.400000000000006,1,1,,,,,,,,,1
315,16,10,165.23000000000002,2.9505357142857145,75.0,50,33,30.790000000000003,1.0,90.02000000000001,75.21000000000001,0.3450947164558494,-14.810000000000002,0.15707580859096013,0.1,0,16.96,1,1,,,,,,,,,1
1885,1,8,162.39000000000001,5.413,39131.0,27,19,3.5100000000000002,0.0,18.5,143.89,0.362337582363446,125.38999999999999,0.02115732368896926,0.0,0,102.95999999999998,1,0,,,,,,,,,1
872,7,8,167.08,3.554893617021277,56.0,46,32,17.16,0.0,98.38,68.70000000000002,0.3479770169978453,-29.67999999999998,0.09313938341293965,0.0,0,4.99,1,1,,,,,,,,,1
61,20,9,167.55,4.654166666666667,60.0,36,22,51.41,0.0,138.67000000000002,28.88,0.7758281110116383,-109.79000000000002,0.2347917427840701,0.0,0,16.25,1,1,,,,,,,,,1
146,2,39,791.7500000000001,2.2686246418338114,27812.0,270,90,211.23000000000002,2.0,380.18000000000006,411.57,0.5277928639090621,31.38999999999993,0.21060240483359588,0.05128205128205128,0,51.269999999999996,1,1,,,,,,,,,1
846,0,28,869.9399999999999,2.8244805194805194,352.0,266,86,130.35,1.0,135.92,734.02,0.7526381129733085,598.1,0.1303122094592568,0.03571428571428571,0,250.95999999999998,1,0,,,,,,,,,1
2323,2,25,589.02,5.949696969696969,145768.0,79,45,29.56,0.0,237.1,351.91999999999996,0.6055651760551425,114.81999999999996,0.04778686669468784,0.0,0,192.32,1,0,,,,,,,,,1
1288,1,48,1705.5700000000004,3.311786407766991,15917.0,402,125,307.09,0.0,707.56,998.0100000000002,0.5291134342184722,290.4500000000003,0.15257917382965822,0.0,2,190.93,1,1,,,,,,,,,1
99,1,234,6279.730000000006,2.4539781164517414,51046.0,1252,189,1120.6100000000004,42.0,3350.1600000000035,2929.5700000000006,0.568196403348551,-420.5900000000029,0.15142682633500615,0.1794871794871795,3,646.4200000000003,1,1,,,,,,,,,1
403,0,44,894.54,3.872467532467532,299.0,155,72,248.79000000000002,5.0,407.28,487.2599999999999,0.4250676325262146,79.9799999999999,0.21760121749626096,0.11363636363636363,1,20.02,1,1,,,,,,,,,1
1303,0,177,5227.840000000002,3.804832605531297,403185.0,996,183,600.34,7.0,2154.16,3073.6800000000007,0.35434137234498364,919.5200000000009,0.1030064273924278,0.03954802259887006,3,1116.2500000000002,1,0,,,,,,,,,1
1058,0,507,3060.3799999999997,2.6845438596491227,26208.0,636,137,515.0999999999999,6.0,1087.6399999999996,1972.74,0.5631980342310432,885.1000000000004,0.14406457314822066,0.011834319526627219,4,219.79999999999998,1,1,,,,,,,,,1
2014,1,40,1167.6500000000003,2.077669039145908,654.0,378,101,215.47,2.0,750.0799999999999,417.57,0.5623945531623344,-332.50999999999993,0.15578547053039501,0.05,1,322.23999999999995,1,0,,,,,,,,,1
1048,9,98,1717.4500000000003,3.6386652542372886,160616.0,293,114,229.04000000000002,12.0,614.3200000000002,1103.1300000000003,0.3946548662260909,488.8100000000002,0.11766821303988204,0.12244897959183673,1,217.00000000000006,1,1,,,,,,,,,1
1206,0,348,5598.210000000002,2.470525154457194,2600.0,1243,182,1179.6999999999998,10.0,2946.3300000000004,2651.880000000001,0.5574156739386338,-294.44999999999936,0.17405070294530312,0.028735632183908046,5,573.92,1,1,,,,,,,,,1
1266,0,101,1459.4799999999996,3.820628272251308,750.0,270,91,457.84999999999997,0.0,728.3799999999999,731.1,0.31749664263984445,2.720000000000141,0.23879561682130884,0.0,5,197.62999999999994,1,1,,,,,,,,,1
2457,1,74,1465.7099999999998,2.1303924418604647,14726.0,456,106,366.87,37.0,729.24,736.47,0.5628398523582429,7.230000000000018,0.2001931702845169,0.5,1,74.76,1,1,,,,,,,,,1
1420,1,76,3802.67,3.2390715502555367,23675.0,916,137,875.4499999999999,11.0,1323.45,2479.2200000000003,0.546124170648518,1155.7700000000002,0.18713714056073807,0.14473684210526316,6,89.30000000000001,1,1,,,,,,,,,1
999,1,50,1795.93,2.9684793388429753,833.0,459,115,351.48999999999995,3.0,1191.13,604.8,0.6114380850033129,-586.3300000000002,0.16368013709474621,0.06,3,358.31999999999994,1,0,,,,,,,,,1
2108,0,117,1667.47,2.6981715210355985,4245.0,396,111,461.73,3.0,481.19,1186.2799999999997,0.507475396858714,705.0899999999997,0.2168560961863611,0.02564102564102564,2,163.52,1,1,,,,,,,,,1
1464,6,71,2257.5,2.6219512195121952,21306.0,561,115,739.22,3.0,1076.37,1181.1299999999997,0.4802524916943522,104.75999999999976,0.24667636616033528,0.04225352112676056,2,216.90000000000003,1,1,,,,,,,,,1
2261,0,393,11689.550000000007,3.5019622528460177,852219.0,1273,173,1457.7900000000002,16.0,4382.630000000002,7306.920000000004,0.4285152123050073,2924.290000000002,0.11088098429035831,0.04071246819338423,7,1690.230000000001,1,1,,,,,,,,,1
1872,0,145,3320.7800000000007,3.893059788980071,160575.0,562,152,448.02000000000004,16.0,1161.4399999999998,2159.3400000000006,0.4852474418660675,997.9000000000008,0.11887603481214179,0.1103448275862069,6,442.18999999999994,1,1,,,,,,,,,1
1271,0,109,3472.350000000001,2.293494055482167,1728.0,700,122,579.28,1.0,1153.77,2318.580000000001,0.5955736028914135,1164.8100000000009,0.1429745559194694,0.009174311926605505,4,683.1700000000001,1,0,,,,,,,,,1
2484,0,125,6284.640000000001,3.3482365476824727,283989.0,1079,176,1074.5400000000002,2.0,2366.96,3917.6800000000007,0.43312266096387375,1550.7200000000007,0.1460135504227373,0.016,5,1540.0000000000005,1,0,,,,,,,,,1
1918,0,62,2779.23,3.397591687041565,94878.0,583,131,586.9699999999999,22.0,2148.75,630.4800000000001,0.5316472548151827,-1518.27,0.17437169508644762,0.3548387096774194,2,233.26000000000005,1,1,,,,,,,,,1
1668,0,84,2014.99,4.0706868686868685,104960.0,416,135,158.62999999999997,0.0,862.2099999999999,1152.78,0.37317306785641613,290.57000000000005,0.0729796376551559,0.0,2,268.7,1,1,,,,,,,,,1
907,0,74,1577.12,2.5153429027113234,814.0,370,96,385.34,1.0,842.62,734.5000000000001,0.5426663792228873,-108.11999999999989,0.19635559450893267,0.013513513513513514,3,375.93999999999994,1,0,,,,,,,,,1
698,0,116,995.54,2.145560344827586,17511.0,370,109,162.31,2.0,665.9,329.64000000000004,0.47747955883239257,-336.25999999999993,0.1401822343135985,0.017241379310344827,3,208.94999999999996,1,0,,,,,,,,,1
1153,3,64,1134.9300000000003,2.7347710843373503,609.0,262,75,283.71000000000004,0.0,671.52,463.4099999999999,0.424264051527407,-208.11000000000007,0.199987311791575,0.0,1,7.93,1,1,,,,,,,,,1
1675,0,101,4842.85,3.0343671679198,75275.0,811,148,1547.4599999999998,60.0,2138.1500000000005,2704.7000000000003,0.44187823285875044,566.5499999999997,0.24215726623591027,0.594059405940594,8,19.240000000000002,1,1,,,,,,,,,1
1227,0,73,3152.09,3.0513939980638916,79461.0,740,155,394.76,5.0,718.62,2433.47,0.42743068884454444,1714.85,0.11129875805292018,0.0684931506849315,2,658.2700000000001,1,0,,,,,,,,,1
2430,0,55,1810.93,2.583352353780314,43148.0,469,123,374.33000000000004,5.0,888.16,922.7699999999999,0.605037190835648,34.6099999999999,0.17129769455350852,0.09090909090909091,4,75.02000000000001,1,1,,,,,,,,,1
143,1,392,6354.070000000003,2.591382544861339,309919.0,1200,171,1525.3000000000002,62.0,2626.1200000000013,3727.9500000000007,0.5047064322552314,1101.8299999999995,0.19358146653856836,0.15816326530612246,5,220.16000000000003,1,1,,,,,,,,,1
975,0,154,4095.099999999999,4.08285144566301,447885.0,334,100,417.94,0.0,1395.6800000000003,2699.4199999999996,0.47179067666235264,1303.7399999999993,0.09260720046797725,0.0,4,674.21,1,0,,,,,,,,,1
530,2,50,1420.8500000000001,3.3431764705882356,6238.0,366,129,166.25,4.0,841.94,578.91,0.49727979730443034,-263.0300000000001,0.1047508033520257,0.08,1,55.370000000000005,1,1,,,,,,,,,1
95,0,258,5385.510000000001,3.001956521739131,324737.0,1051,150,1726.9700000000003,21.0,1876.5099999999998,3509.000000000001,0.49949958314068665,1632.4900000000011,0.24280841562999123,0.08139534883720931,5,1114.6700000000003,1,0,,,,,,,,,1
1088,1,80,1250.1200000000001,2.162837370242215,23213.0,189,56,382.13,0.0,564.46,685.66,0.6484257511278915,121.19999999999993,0.2341124215040588,0.0,2,189.48999999999998,1,0,,,,,,,,,1
1705,0,150,1577.03,1.80232,7703.0,588,126,317.9699999999999,1.0,522.82,1054.21,0.5439338503389283,531.39,0.16779419525065958,0.006666666666666667,7,228.89999999999998,1,1,,,,,,,,,1
2462,0,156,9463.550000000007,3.966282481139986,25552.0,1115,167,1943.6499999999996,114.0,4248.830000000002,5214.720000000001,0.5144813521352978,965.8899999999994,0.17038800056104902,0.7307692307692307,8,2129.5100000000007,1,0,,,,,,,,,1
1619,0,149,3555.9900000000002,3.513824110671937,345900.0,613,139,496.33,4.0,1207.46,2348.53,0.2631869043501247,1141.0700000000002,0.12248045564022583,0.026845637583892617,3,898.7400000000001,1,0,,,,,,,,,1
1331,1,101,1756.9799999999996,2.732472783825816,797.0,397,114,304.76,0.0,1108.99,647.99,0.5142574189802959,-461.0,0.1478168925276708,0.0,4,64.05000000000001,1,1,,,,,,,,,1
944,1,87,2419.21,4.513451492537314,287781.0,388,141,302.78000000000003,2.0,940.52,1478.6899999999998,0.37674695458434776,538.1699999999998,0.11123479513150306,0.022988505747126436,1,440.5499999999999,1,0,,,,,,,,,1
1165,0,49,1175.93,2.954597989949749,46094.0,293,104,233.90000000000003,2.0,612.1999999999999,563.73,0.5805107446871838,-48.469999999999914,0.1659065277373868,0.04081632653061224,1,237.58999999999997,1,0,,,,,,,,,1
1849,1,144,2380.28,2.635968992248062,1312.0,522,137,702.2700000000001,18.0,1114.9900000000002,1265.29,0.5791293461273463,150.29999999999973,0.22782112212291772,0.125,3,286.22,1,1,,,,,,,,,1
936,0,444,6345.25,2.995868744098206,51716.0,1134,187,1667.4700000000003,163.0,1922.5599999999997,4422.6900000000005,0.574276821244238,2500.130000000001,0.20810286644235668,0.36711711711711714,9,744.2399999999999,1,1,,,,,,,,,1
2141,0,72,4116.34,4.450097297297297,1808.0,585,129,577.1499999999999,4.0,2053.04,2063.3000000000006,0.603390390492525,10.260000000000673,0.12296819637412669,0.05555555555555555,6,1130.3300000000002,1,0,,,,,,,,,1
2492,0,116,2155.4900000000002,2.5034727061556334,50175.0,457,113,317.34000000000003,5.0,788.1700000000001,1367.3200000000002,0.5382163684359472,579.1500000000001,0.12833069802614816,0.04310344827586207,1,703.36,1,0,,,,,,,,,1
2117,1,59,937.8499999999998,1.597700170357751,623.0,327,104,280.57,20.0,391.81000000000006,546.04,0.4365836754278404,154.2299999999999,0.23027363306577373,0.3389830508474576,4,112.54000000000002,1,1,,,,,,,,,1
1119,2,58,1921.7700000000002,2.2216994219653183,18570.0,589,136,561.1799999999998,11.0,923.3199999999999,998.45,0.63019508057676,75.13000000000011,0.22601341146619944,0.1896551724137931,2,310.98,1,0,,,,,,,,,1
305,1,123,3470.8900000000003,4.171742788461539,183787.0,445,125,621.7599999999999,18.0,1567.4499999999998,1903.4400000000003,0.5470383676809117,335.99000000000046,0.15192112689821993,0.14634146341463414,6,356.13,1,1,,,,,,,,,1
927,6,39,1370.93,2.9867755991285403,631.0,390,125,447.0599999999999,6.0,287.77,1083.16,0.35836986571159724,795.3900000000001,0.24590894339352795,0.15384615384615385,1,159.95000000000002,1,1,,,,,,,,,1
709,0,134,4491.070000000002,2.4407989130434795,2494.0,1004,149,1170.7700000000002,7.0,2378.9300000000003,2112.140000000001,0.3898981757131372,-266.7899999999995,0.20678260070930998,0.05223880597014925,8,1045.3300000000002,1,0,,,,,,,,,1
2345,0,89,3162.2000000000007,2.7166666666666672,29739.0,810,134,563.5,3.0,1701.5500000000002,1460.6500000000005,0.6636835114793496,-240.89999999999964,0.15124674557801215,0.033707865168539325,5,1116.3100000000004,1,0,,,,,,,,,1
928,0,112,3204.1900000000005,2.9723469387755106,123407.0,796,151,479.88,3.0,1917.6100000000001,1286.5800000000002,0.5414192042294621,-631.03,0.13025811127367284,0.026785714285714284,5,367.51,1,1,,,,,,,,,1
1942,0,129,2621.17,4.405327731092437,25513.0,489,157,238.91,0.0,996.8900000000001,1624.2800000000004,0.40864575742893433,627.3900000000003,0.08353262845794523,0.0,2,513.8899999999999,1,0,,,,,,,,,1
2275,0,106,1852.7900000000002,2.2622588522588525,960.0,558,135,473.3299999999999,33.0,455.76,1397.0300000000002,0.5836549204173165,941.2700000000002,0.20348477292659017,0.3113207547169811,1,936.7199999999999,1,0,,,,,,,,,1
995,19,19,1172.79,3.1526612903225804,405.0,324,99,183.0,1.0,715.86,456.9299999999999,0.5554106020685714,-258.9300000000001,0.13497665567676412,0.05263157894736842,3,44.370000000000005,1,1,,,,,,,,,1
2066,6,111,2137.65,3.9151098901098904,19029.0,403,112,578.09,11.0,1229.35,908.2999999999997,0.473997146399083,-321.0500000000002,0.2128664746993453,0.0990990990990991,5,4.13,1,1,,,,,,,,,1
83,0,97,1084.97,3.2484131736526947,42100.0,266,87,174.3,0.0,584.8000000000001,500.17,0.4987972017659475,-84.63000000000005,0.13841352529640188,0.0,1,98.77,1,1,,,,,,,,,1
2211,0,56,1527.8000000000002,2.989823874755382,56693.0,353,106,239.80999999999995,1.0,438.13000000000005,1089.67,0.4720971331326089,651.54,0.13566906727162661,0.017857142857142856,2,764.7199999999998,1,0,,,,,,,,,1
738,1,98,2549.3,2.6750262329485834,2297.0,645,128,521.72,1.0,1526.75,1022.5500000000002,0.6370376181696937,-504.1999999999998,0.16988492422712972,0.01020408163265306,5,43.82000000000001,1,1,,,,,,,,,1
679,0,247,6013.910000000003,3.3207675317504157,2113.0,1060,192,995.6700000000002,80.0,2683.540000000001,3330.3700000000017,0.4528451539846789,646.8300000000008,0.14204417383067172,0.32388663967611336,6,480.3999999999999,1,1,,,,,,,,,1
312,2,37,2349.9700000000003,2.9301371571072323,943.0,520,142,434.04,44.0,818.21,1531.7599999999998,0.3946390804988999,713.5499999999997,0.15590461241159334,1.1891891891891893,2,228.07999999999998,1,1,,,,,,,,,1
187,2,48,560.7799999999999,1.8446710526315784,363.0,231,87,150.68,3.0,382.0799999999999,178.70000000000002,0.5528192874210922,-203.3799999999999,0.21178984060945105,0.0625,2,140.22,1,0,,,,,,,,,1
4,0,29,1175.1599999999999,3.9835932203389826,374.0,158,61,116.77999999999999,1.0,883.4199999999998,291.74,0.5843970182783622,-591.6799999999998,0.09039119463752186,0.034482758620689655,1,24.950000000000003,1,1,,,,,,,,,1
964,1,58,1510.9400000000003,2.3032621951219516,3947.0,382,96,264.34000000000003,2.0,576.76,934.1800000000002,0.6482719366751822,357.4200000000002,0.14890045513947095,0.034482758620689655,1,533.91,1,0,,,,,,,,,1
1932,4,69,2619.670000000001,5.782935982339958,238406.0,325,108,343.87,1.0,542.47,2077.2000000000007,0.3373516511621691,1534.7300000000007,0.11603352747052509,0.014492753623188406,1,59.11000000000001,1,1,,,,,,,,,1
37,0,52,2309.87,8.279103942652329,69469.0,155,63,462.37,1.0,742.79,1567.0800000000002,0.7015719499365766,824.2900000000002,0.16678570397945344,0.019230769230769232,2,666.7900000000001,1,0,,,,,,,,,1
885,0,61,1622.3500000000001,3.5039956803455725,36217.0,327,94,339.73999999999995,0.0,414.99000000000007,1207.3600000000001,0.5966098560729804,792.3700000000001,0.17315209801792983,0.0,1,980.45,1,0,,,,,,,,,1
2319,0,108,996.4500000000004,2.152159827213824,554.0,309,98,194.89000000000004,0.0,407.93000000000023,588.52,0.6680515831200762,180.58999999999975,0.16358889989423672,0.0,2,152.23000000000002,1,0,,,,,,,,,1
2346,2,27,1028.08,2.8878651685393257,428.0,192,78,150.17,1.0,476.90999999999997,551.1700000000001,0.7749494202785776,74.2600000000001,0.127451729259495,0.037037037037037035,1,192.29999999999995,1,0,,,,,,,,,1
1515,1,90,4043.920000000001,3.147019455252919,1561.0,857,174,631.4599999999998,22.0,2469.7600000000007,1574.1599999999999,0.5832954163287105,-895.6000000000008,0.13506067955973625,0.24444444444444444,5,114.28,1,1,,,,,,,,,1
1530,1,38,710.65,3.0764069264069263,34142.0,143,75,85.06,0.0,336.03000000000003,374.62,0.5258706817702105,38.589999999999975,0.10689824182176924,0.0,1,169.28,1,0,,,,,,,,,1
1890,0,36,1558.79,2.9027746741154563,601.0,337,107,180.46000000000004,7.0,598.74,960.0499999999998,0.4925038010251542,361.30999999999983,0.1037573666810407,0.19444444444444445,1,375.65999999999997,1,0,,,,,,,,,1
1783,0,78,3262.620000000001,2.810180878552972,173423.0,652,135,520.1499999999999,5.0,1143.3200000000002,2119.3000000000006,0.5387326749667443,975.9800000000005,0.137505055818884,0.0641025641025641,4,863.2700000000002,1,0,,,,,,,,,1
1546,1,84,3186.69,2.1977172413793102,35093.0,780,122,633.8799999999999,12.0,783.6699999999998,2403.0200000000004,0.6833328626254829,1619.3500000000006,0.16591241621014663,0.14285714285714285,4,908.6799999999998,1,0,,,,,,,,,1
873,1,105,2794.9700000000007,2.413618307426598,174792.0,596,113,823.8000000000001,7.0,1394.9800000000002,1399.9899999999998,0.6151693935891975,5.009999999999536,0.22764641024436477,0.06666666666666667,4,143.18,1,1,,,,,,,,,1
275,0,263,5295.480000000001,3.0931542056074774,171613.0,641,131,985.2499999999999,7.0,1945.04,3350.440000000001,0.48351046552909255,1405.400000000001,0.1568687079368162,0.026615969581749048,3,989.5100000000002,1,0,,,,,,,,,1
1615,4,40,854.4100000000001,2.95643598615917,5497.0,245,90,196.51,7.0,585.37,269.04,0.45853864069943,-316.33,0.18698854337152207,0.175,1,14.870000000000001,1,1,,,,,,,,,1
923,0,148,2982.9799999999996,4.0419783197831975,267716.0,526,130,569.18,11.0,1231.1599999999999,1751.8200000000002,0.3586178921749392,520.6600000000003,0.16023489932885907,0.07432432432432433,2,322.56000000000006,1,1,,,,,,,,,1
330,1,185,1543.4,1.9838046272493575,68384.0,293,96,232.80000000000004,4.0,82.46,1460.9400000000003,0.586866658027731,1378.4800000000002,0.1310663213602072,0.021621621621621623,2,135.98,1,1,,,,,,,,,1
2075,0,128,3854.020000000001,3.018026624902115,153747.0,781,144,829.66,22.0,635.9700000000001,3218.05,0.4607059641620956,2582.08,0.17713848939295593,0.171875,3,882.4900000000002,1,0,,,,,,,,,1
1758,0,56,1637.3600000000001,2.9501981981981986,710.0,393,122,351.3399999999999,1.0,171.31,1466.0500000000002,0.4942162994088044,1294.7400000000002,0.17666817518982245,0.017857142857142856,2,404.57000000000005,1,0,,,,,,,,,1
1663,0,151,1418.15,5.064821428571429,360609.0,184,50,78.66000000000001,0.0,270.14,1148.01,0.624969149948877,877.87,0.052551760076429206,0.0,2,415.91,1,0,,,,,,,,,1
1440,0,88,2040.4299999999998,2.957144927536232,142975.0,477,129,501.73,19.0,720.9699999999998,1319.46,0.4686904230970923,598.4900000000002,0.19736365925040125,0.2159090909090909,1,511.14999999999986,1,0,,,,,,,,,1
421,0,173,5132.18,3.4490456989247313,511919.0,987,168,1375.7199999999998,89.0,2783.32,2348.8600000000006,0.43931623598548764,-434.4599999999996,0.21139230781050722,0.5144508670520231,7,880.8599999999999,1,0,,,,,,,,,1
69,0,150,4725.230000000002,2.771395894428154,2377.0,1033,148,910.27,2.0,1922.9500000000003,2802.2800000000007,0.565919542540786,879.3300000000004,0.1615242658149232,0.013333333333333334,7,979.11,1,0,,,,,,,,,1
793,1,91,1530.4699999999998,4.158885869565217,64189.0,277,105,356.17999999999995,4.0,810.54,719.9300000000001,0.4096388691055689,-90.6099999999999,0.18878965361884822,0.04395604395604396,1,301.56000000000006,1,0,,,,,,,,,1
1950,0,26,701.7600000000002,2.7305836575875495,375.0,219,89,179.05,8.0,120.78,580.98,0.4378562471500226,460.20000000000005,0.20327880019527478,0.3076923076923077,1,44.980000000000004,1,1,,,,,,,,,1
328,0,218,14859.510000000024,3.5037750530535305,327203.0,1827,221,1690.37,11.0,6817.040000000007,8042.47000000001,0.48522461373221554,1225.430000000003,0.10213790069776926,0.05045871559633028,4,2472.6200000000017,1,0,,,,,,,,,1
203,5,35,815.2,2.840418118466899,66300.0,246,84,123.86999999999998,2.0,260.34000000000003,554.8599999999999,0.5146467124631992,294.51999999999987,0.13190709957724128,0.05714285714285714,0,93.63000000000001,1,1,,,,,,,,,1
431,0,33,514.46,3.5236986301369866,176.0,124,54,125.57,1.0,192.73,321.7300000000001,0.518893597169848,129.00000000000009,0.1961939284096058,0.030303030303030304,0,17.21,1,1,,,,,,,,,1
815,4,45,1785.6100000000004,2.39357908847185,1053.0,526,125,465.0299999999999,5.0,1413.0500000000004,372.56,0.6109228778960689,-1040.4900000000005,0.2066212277396651,0.1111111111111111,0,16.759999999999998,1,1,,,,,,,,,1
1543,4,79,2236.5300000000007,3.456769706336941,1036.0,367,123,569.69,0.0,1356.6900000000003,879.8400000000001,0.6278028910857444,-476.85000000000014,0.20300974264312846,0.0,0,375.8700000000001,1,0,,,,,,,,,1
1766,0,29,276.07,2.029926470588235,180.0,106,55,62.69,0.0,47.52000000000001,228.54999999999998,0.4628174013837071,181.02999999999997,0.18505726768213485,0.0,0,184.60999999999999,1,0,,,,,,,,,1
1616,0,36,1137.8200000000002,2.5568988764044946,5659.0,365,112,227.57,4.0,317.69,820.13,0.5981174526726546,502.44,0.16667032862405612,0.1111111111111111,0,97.89999999999999,1,1,,,,,,,,,1
525,0,33,742.4899999999999,2.780861423220973,330.0,204,82,150.27,8.0,464.3799999999999,278.11,0.471750461285674,-186.26999999999987,0.16832071329360637,0.24242424242424243,0,160.28000000000003,1,0,,,,,,,,,1
890,1,30,1031.6399999999999,2.8577285318559555,24220.0,299,100,329.38,2.0,751.8699999999999,279.77,0.4574076228141601,-472.0999999999999,0.24200966921867423,0.06666666666666667,0,37.269999999999996,1,1,,,,,,,,,1
2113,0,56,1436.55,2.2411076443057723,13582.0,443,120,239.39,19.0,355.8900000000001,1080.66,0.6145557063798684,724.77,0.14283924245498048,0.3392857142857143,0,162.52999999999997,1,1,,,,,,,,,1
1213,0,43,599.2199999999999,3.424114285714285,55285.0,134,69,76.53,2.0,400.09,199.12999999999997,0.43329661893795274,-200.96,0.11325194228634852,0.046511627906976744,0,23.0,1,1,,,,,,,,,1
1819,0,59,1306.5199999999998,2.6994214876033054,14963.0,346,105,235.83999999999997,3.0,311.31,995.21,0.5315724213942383,683.9000000000001,0.1529085297855235,0.05084745762711865,0,139.71,1,1,,,,,,,,,1
172,0,135,1366.4399999999998,5.005274725274725,133881.0,137,66,134.56,2.0,441.3,925.1400000000001,0.5682722988202923,483.8400000000001,0.08964690206528982,0.014814814814814815,0,404.43,1,0,,,,,,,,,1
1562,5,37,975.9299999999998,2.008086419753086,16838.0,391,103,317.22,0.0,247.77,728.1600000000001,0.5253757953951617,480.3900000000001,0.24530796891311918,0.0,0,222.08999999999997,1,0,,,,,,,,,1
2003,0,34,1434.7600000000002,2.5259859154929583,681.0,416,129,184.39999999999998,11.0,357.6,1077.1600000000003,0.6693453957456297,719.5600000000003,0.11388621260406627,0.3235294117647059,0,541.7199999999998,1,0,,,,,,,,,1
1201,0,35,488.07,2.922574850299401,5548.0,154,69,110.75000000000001,13.0,175.02,313.05,0.5773761960374536,138.03,0.18494706255636084,0.37142857142857144,0,49.529999999999994,1,1,,,,,,,,,1
1362,0,50,1137.42,5.1466968325791855,265.0,132,65,83.57999999999998,0.0,427.2299999999999,710.19,0.6777443688347311,282.96000000000015,0.06845208845208844,0.0,0,281.34,1,0,,,,,,,,,1
887,1,43,1078.5100000000007,2.334437229437231,565.0,365,100,239.04000000000002,0.0,794.3900000000006,284.12,0.5599484473950169,-510.27000000000055,0.18142764980456141,0.0,0,55.199999999999996,1,1,,,,,,,,,1
1805,0,60,632.4300000000002,4.582826086956523,154.0,91,37,32.18,0.0,387.03000000000003,245.4,0.47470866340938916,-141.63000000000002,0.0484193737680745,0.0,0,159.76999999999998,1,0,,,,,,,,,1
1340,0,47,418.18000000000006,2.5813580246913586,184.0,137,67,56.72,0.0,131.33,286.85,0.5264240279305562,155.52,0.11943567066750893,0.0,0,94.35000000000002,1,0,,,,,,,,,1
2340,0,123,2204.84,2.5055,161590.0,536,132,346.78000000000003,2.0,485.78999999999996,1719.05,0.4705783639629179,1233.26,0.13590581669684357,0.016260162601626018,0,791.98,1,0,,,,,,,,,1
2464,1,45,1011.3400000000001,3.0739817629179336,17277.0,274,92,158.77,2.0,384.64000000000004,626.7,0.5089880752269266,242.06,0.13568809770021623,0.044444444444444446,0,110.13999999999999,1,1,,,,,,,,,1
2220,29,14,205.51000000000005,5.012439024390245,19967.0,35,24,62.61,2.0,188.85000000000002,16.66,0.2481631064181791,-172.19000000000003,0.2335148440996568,0.14285714285714285,0,10.07,1,1,,,,,,,,,1
2287,1,27,503.81,2.679840425531915,247.0,135,59,93.40999999999998,0.0,231.96,271.85,0.4940354498719757,39.890000000000015,0.1564080238438096,0.0,0,329.7000000000001,1,0,,,,,,,,,1
259,1,47,1034.98,3.6442957746478872,355.0,167,78,112.41,0.0,250.11999999999995,784.86,0.5450250246381572,534.74,0.09797017579027183,0.0,0,123.35000000000001,1,1,,,,,,,,,1
2268,4,22,654.03,3.3539999999999996,15488.0,169,76,105.09,0.0,429.18,224.85000000000002,0.49863156124336805,-204.32999999999998,0.13843661081251976,0.0,0,14.93,1,1,,,,,,,,,1
512,56,21,856.1899999999999,2.098504901960784,25162.0,240,90,237.75,2.0,856.1899999999999,0.0,0.47073663555986406,-856.1899999999999,0.21733367460738248,0.09523809523809523,0,258.25,1,0,,,,,,,,,1
204,0,44,801.02,2.6091856677524428,41731.0,273,87,203.64,3.0,589.2599999999999,211.76,0.4693390926568625,-377.4999999999999,0.20269543925308064,0.06818181818181818,0,128.25,1,0,,,,,,,,,1
1688,13,33,814.43,2.9086785714285712,36294.0,206,87,197.11999999999998,2.0,269.15,545.28,0.5248947116388148,276.13,0.19486926004646332,0.06060606060606061,0,156.69,1,0,,,,,,,,,1
496,0,11,555.1800000000001,4.870000000000001,195.0,107,53,77.25,0.0,423.26000000000005,131.92,0.33612522064915884,-291.34000000000003,0.12214790569707318,0.0,0,93.22,1,0,,,,,,,,,1
1554,13,45,930.7700000000002,5.380173410404625,54671.0,124,50,151.02,2.0,669.31,261.46000000000004,0.35467408704620895,-407.8499999999999,0.1396019560173416,0.044444444444444446,0,51.99000000000001,1,1,,,,,,,,,1
1198,0,40,888.43,3.352566037735849,334.0,189,70,226.92000000000002,3.0,478.19999999999993,410.23,0.6300102427878392,-67.96999999999991,0.2034518312637289,0.075,0,116.17,1,1,,,,,,,,,1
2054,5,24,184.36,2.6718840579710146,97.0,55,29,137.86,0.0,89.32999999999998,95.03,0.4509112605771317,5.700000000000017,0.4278443299608963,0.0,0,33.24,1,0,,,,,,,,,1
1093,1,26,626.52,2.7969642857142856,288.0,178,88,120.28,1.0,464.2699999999999,162.25,0.546558769073613,-302.0199999999999,0.16106052490626674,0.038461538461538464,0,367.24000000000007,1,0,,,,,,,,,1
2174,0,34,533.5400000000001,1.560058479532164,403.0,317,110,155.32999999999996,3.0,282.76,250.78000000000003,0.6483862503279978,-31.97999999999996,0.22548521491718315,0.08823529411764706,0,110.78999999999999,1,0,,,,,,,,,1
1811,10,13,735.2099999999999,4.653227848101265,23401.0,136,58,189.01,0.0,322.26,412.95,0.38157805252920934,90.69,0.20450758477418798,0.0,0,117.35000000000001,1,0,,,,,,,,,1
284,26,18,502.74,3.4671724137931035,14390.0,133,59,60.47999999999999,0.0,453.35,49.39,0.39509488005728616,-403.96000000000004,0.10738255033557044,0.0,0,32.239999999999995,1,1,,,,,,,,,1
5,4,38,749.09,3.420502283105023,242.0,196,75,118.33000000000004,0.0,469.39,279.7,0.4394131546276149,-189.69,0.13641603836665056,0.0,0,29.97,1,1,,,,,,,,,1
2025,10,25,906.3100000000002,4.898972972972974,117939.0,158,76,86.67,1.0,551.78,354.53000000000003,0.4053910913484348,-197.24999999999994,0.08728272472758765,0.04,0,213.23,1,0,,,,,,,,,1
1497,3,8,481.48999999999995,3.85192,145.0,121,74,54.07000000000001,0.0,214.56999999999994,266.91999999999996,0.412386550084114,52.35000000000002,0.10095974307267162,0.0,0,45.81,1,1,,,,,,,,,1
189,1,33,730.6,3.616831683168317,29284.0,138,58,84.13000000000001,0.0,275.29,455.31,0.3774979468929646,180.01999999999998,0.10326120309795885,0.0,0,71.39000000000001,1,1,,,,,,,,,1
1466,5,35,1007.5400000000001,4.287404255319149,39063.0,193,82,128.37,0.0,656.9200000000001,350.62000000000006,0.4160430355122377,-306.3,0.11301071387697968,0.0,0,21.93,1,1,,,,,,,,,1
719,0,21,618.86,2.3620610687022903,283.0,165,44,174.21,2.0,340.22,278.64,0.7011925152700126,-61.58000000000004,0.21966535110393787,0.09523809523809523,0,479.65000000000003,1,0,,,,,,,,,1
1552,1,30,772.0899999999999,3.0397244094488185,360.0,197,80,101.5,6.0,428.96999999999997,343.12000000000006,0.7561553704878966,-85.84999999999991,0.11618722741789628,0.2,0,312.6700000000001,1,0,,,,,,,,,1
1725,7,16,773.8800000000002,4.252087912087913,203.0,164,78,52.51,0.0,476.77000000000027,297.11,0.532369359590634,-179.66000000000025,0.06354142717119034,0.0,0,52.86,1,1,,,,,,,,,1
44,6,31,819.58,2.577295597484277,380.0,271,89,126.57000000000002,0.0,392.98,426.59999999999997,0.6503330974401522,33.61999999999995,0.13377371452729483,0.0,0,58.18000000000001,1,1,,,,,,,,,1
1643,1,36,1217.89,3.0677329974811087,30287.0,352,99,267.41,0.0,455.84999999999997,762.0399999999998,0.6486710622470007,306.1899999999999,0.18003770282097892,0.0,0,243.50999999999996,1,0,,,,,,,,,1
2290,0,67,896.94,3.1582394366197186,10881.0,203,81,137.82,2.0,340.78,556.1600000000001,0.46727763284054674,215.3800000000001,0.13319030499826046,0.029850746268656716,0,20.03,1,1,,,,,,,,,1
2368,12,22,1127.2599999999998,3.022144772117962,518.0,254,86,176.01,0.0,418.73,708.53,0.5046573106470559,289.79999999999995,0.135052598463864,0.0,0,250.42999999999995,1,0,,,,,,,,,1
1414,11,7,118.40999999999998,3.4826470588235288,48.0,33,20,23.92,0.0,25.77,92.63999999999999,0.4600118233257327,66.86999999999999,0.16806014192369848,0.0,0,155.61999999999998,1,0,,,,,,,,,1
565,4,19,470.22999999999996,3.6171538461538457,161.0,119,56,44.6,0.0,291.13,179.1,0.34372541096910025,-112.03,0.08663053823592255,0.0,0,27.83,1,1,,,,,,,,,1
1329,2,26,1398.8300000000002,3.9292977528089894,11618.0,277,101,289.37,0.0,472.15999999999997,926.67,0.37978167468527263,454.51,0.1714074161829167,0.0,0,147.22000000000003,1,1,,,,,,,,,1
197,0,44,1620.5000000000005,2.8036332179930805,752.0,239,79,177.51000000000002,0.0,341.40999999999997,1279.09,0.771194075902499,937.68,0.09872581353830066,0.0,0,308.73,1,0,,,,,,,,,1
1400,30,9,227.91000000000003,2.4772826086956523,118.0,83,36,75.30999999999997,0.0,225.91000000000003,2.0,0.5798780220262385,-223.91000000000003,0.24836752193127093,0.0,0,56.4,1,0,,,,,,,,,1
1583,4,18,308.53000000000003,4.8207812500000005,85.0,62,25,45.67,0.0,144.54999999999998,163.98000000000002,0.5932000129647035,19.430000000000035,0.12893845285149633,0.0,0,29.75,1,1,,,,,,,,,1
2267,0,43,1379.9400000000005,2.9485897435897446,23445.0,347,98,255.45999999999998,1.0,572.91,807.03,0.4788686464628894,234.12,0.15620643267702083,0.023255813953488372,0,924.21,1,0,,,,,,,,,1
1713,0,29,1312.14,3.9761818181818187,510.0,162,49,160.43,0.0,194.42999999999998,1117.71,0.6941484902525644,923.2800000000001,0.10894558492974867,0.0,0,421.6699999999999,1,0,,,,,,,,,1
657,6,18,108.86000000000001,2.7912820512820518,44.0,19,15,1.7799999999999998,0.0,44.730000000000004,64.13,0.5767040235164432,19.39999999999999,0.016088214027476497,0.0,0,10.940000000000001,1,1,,,,,,,,,1
1155,2,28,1335.2899999999997,2.7876617954070975,651.0,388,87,385.34,0.0,251.83000000000004,1083.4599999999998,0.5624770649072487,831.6299999999998,0.2239528544777204,0.0,0,717.7299999999999,1,0,,,,,,,,,1
399,13,16,959.1399999999998,3.836559999999999,29140.0,217,97,144.57,0.0,666.6799999999998,292.46000000000004,0.5561127676877203,-374.2199999999998,0.1309854943780522,0.0,0,19.34,1,1,,,,,,,,,1
1684,0,41,1325.49,3.433911917098446,4029.0,291,90,182.04999999999998,0.0,263.19,1062.3,0.5914416555387064,799.1099999999999,0.12075964816853947,0.0,0,124.09000000000002,1,1,,,,,,,,,1
457,0,62,498.92000000000013,1.7946762589928063,14463.0,204,82,98.74999999999997,0.0,288.0400000000001,210.88,0.5500881904914614,-77.16000000000008,0.16522495691602382,0.0,0,219.07999999999996,1,0,,,,,,,,,1
905,2,28,767.95,3.4748868778280544,28099.0,206,96,98.06999999999998,0.0,573.97,193.98,0.4245588905527703,-379.99,0.1132421884021154,0.0,0,83.98,1,1,,,,,,,,,1
798,0,39,1051.7600000000002,2.8580434782608704,505.0,320,108,230.22000000000003,2.0,103.92,947.84,0.6791283182475089,843.9200000000001,0.17958158473611133,0.05128205128205128,0,534.8200000000002,1,0,,,,,,,,,1
2352,3,35,1182.2700000000004,3.161149732620322,459.0,332,117,170.6,0.0,380.1600000000002,802.1100000000001,0.5190861647508603,421.94999999999993,0.1261022862507114,0.0,0,73.57999999999998,1,1,,,,,,,,,1
2460,3,21,757.4100000000001,4.763584905660378,195.0,129,56,77.78999999999999,0.0,91.56,665.8499999999999,0.5051557280733024,574.29,0.09313936781609194,0.0,0,208.64,1,0,,,,,,,,,1
1214,11,6,109.97,4.3988,49.0,25,16,20.43,0.0,51.58,58.39,0.4360280076384469,6.810000000000002,0.15667177914110428,0.0,0,12.98,1,1,,,,,,,,,1
2191,1,13,639.26,5.919074074074074,126.0,107,64,38.59000000000001,0.0,49.849999999999994,589.41,0.5946876075462254,539.56,0.056929999262373694,0.0,0,141.65999999999997,1,0,,,,,,,,,1
1902,2,16,1202.7999999999997,2.810280373831775,633.0,356,110,269.41999999999996,4.0,857.17,345.63,0.5960259394745595,-511.53999999999996,0.183002540381193,0.25,0,443.20000000000005,1,0,,,,,,,,,1
177,2,47,991.5200000000001,3.157707006369427,39255.0,266,102,224.32999999999998,35.0,62.75,928.77,0.4969541713732451,866.02,0.18450466751655217,0.7446808510638298,0,139.06,1,1,,,,,,,,,1
422,3,17,822.52,2.8961971830985913,442.0,251,83,324.60999999999996,11.0,98.64999999999999,723.87,0.4701040704177406,625.22,0.2829757743237471,0.6470588235294118,0,160.8,1,0,,,,,,,,,1
506,4,23,832.21,3.2764173228346456,37610.0,235,92,106.18,0.0,208.90000000000003,623.31,0.5205176578027181,414.4099999999999,0.11315124841483817,0.0,0,421.95999999999987,1,0,,,,,,,,,1
1348,5,22,294.80000000000007,2.51965811965812,136.0,66,29,25.37,0.0,147.03000000000003,147.77,0.4830054274084124,0.7399999999999807,0.07923915419933159,0.0,0,29.42,1,1,,,,,,,,,1
34,0,27,290.02,3.1184946236559137,10216.0,88,47,55.489999999999995,1.0,114.69,175.33,0.3170126198193228,60.640000000000015,0.16060316633382535,0.037037037037037035,0,117.36000000000001,1,0,,,,,,,,,1
1395,0,29,854.25,4.029481132075472,270.0,188,76,160.64999999999998,2.0,215.3,638.9500000000002,0.39634767339771737,423.65000000000015,0.15829145728643215,0.06896551724137931,0,288.16999999999996,1,0,,,,,,,,,1
589,3,16,249.28000000000003,2.680430107526882,124.0,82,47,67.62,2.0,27.590000000000003,221.69000000000003,0.6552872272143772,194.10000000000002,0.2133796150205112,0.125,0,49.69,1,0,,,,,,,,,1
2175,7,14,384.82,3.53045871559633,127.0,101,52,46.83,0.0,274.72999999999996,110.09,0.6534743516449248,-164.63999999999996,0.10849067531564925,0.0,0,225.39999999999998,1,0,,,,,,,,,1
373,8,8,69.63000000000001,2.321,37.0,30,21,10.440000000000001,0.0,49.86000000000001,19.770000000000003,0.2524773804394657,-30.090000000000003,0.13038591232671412,0.0,0,27.28,1,0,,,,,,,,,1
152,1,34,1287.3999999999999,3.3010256410256407,592.0,299,110,443.4,6.0,679.6399999999999,607.76,0.5680052819636477,-71.87999999999988,0.25618211231800325,0.17647058823529413,0,166.88,1,1,,,,,,,,,1
617,3,22,991.61,2.5104050632911394,457.0,289,104,177.62,1.0,370.83000000000004,620.78,0.5858553261867064,249.94999999999993,0.1519119420473303,0.045454545454545456,0,323.92999999999995,1,0,,,,,,,,,1
655,0,38,1196.6799999999998,2.54072186836518,29451.0,374,108,248.46,9.0,632.4199999999998,564.2599999999999,0.44842397299194453,-68.15999999999997,0.17192797929612358,0.23684210526315788,0,794.61,1,0,,,,,,,,,1
296,34,6,72.02,12.003333333333332,31292.0,1,1,0.06,0.0,62.01,10.01,1.0,-52.0,0.000832408435072142,0.0,0,77.22999999999999,1,0,,,,,,,,,1
1789,12,19,257.97,2.773870967741936,107.0,89,45,23.48,0.0,133.04999999999998,124.92000000000002,0.4388494786215451,-8.129999999999967,0.0834251199147273,0.0,0,35.22,1,1,,,,,,,,,1
474,0,25,847.26,2.128793969849246,495.0,303,83,283.5,2.0,161.23000000000002,686.0299999999999,0.6118192762552228,524.7999999999998,0.2507163323782235,0.08,0,1255.1,1,0,,,,,,,,,1
2332,0,10,253.27999999999997,4.8707692307692305,20954.0,51,35,18.560000000000002,0.0,114.82999999999998,138.45000000000002,0.616432406822489,23.620000000000033,0.06827545615067689,0.0,0,100.52000000000001,1,0,,,,,,,,,1
791,5,20,257.63,2.5507920792079206,121.0,95,46,57.599999999999994,0.0,61.34000000000001,196.29000000000002,0.6683616038504833,134.95000000000002,0.18272372553373725,0.0,0,45.38,1,0,,,,,,,,,1
207,0,19,952.3000000000001,2.55994623655914,12783.0,298,97,115.36999999999999,0.0,539.5600000000001,412.74000000000007,0.5275018376562006,-126.82,0.1080577331947137,0.0,0,43.42,1,1,,,,,,,,,1
2136,19,9,530.35,3.1757485029940122,190.0,147,80,61.62999999999999,0.0,33.68,496.67,0.4214009616291128,462.99,0.1041082469002331,0.0,0,1022.08,1,0,,,,,,,,,1
233,0,8,158.46999999999997,3.6853488372093017,86.0,38,23,25.459999999999997,2.0,6.0,152.46999999999997,0.866977976904146,146.46999999999997,0.13842222584678954,0.25,0,486.9200000000001,1,0,,,,,,,,,1
1855,17,9,221.31,7.377,15942.0,29,22,17.119999999999997,0.0,48.83,172.48000000000002,0.46188604220324436,123.65000000000002,0.0718030449188441,0.0,0,30.64,1,1,,,,,,,,,1
1006,4,9,139.89000000000001,3.4119512195121953,10953.0,40,23,69.66999999999999,2.0,78.55000000000001,61.34,0.4888841232396883,-17.210000000000008,0.33245848444359605,0.2222222222222222,0,21.590000000000003,1,0,,,,,,,,,1
1884,6,24,473.63,4.013813559322034,6957.0,104,59,56.59999999999999,1.0,1.0,472.63,0.43791567257141656,471.63,0.10674612903834182,0.041666666666666664,0,119.1,1,0,,,,,,,,,1
750,0,35,419.89,1.8098706896551724,273.0,174,60,90.55000000000001,0.0,108.92,310.9699999999999,0.6496225201838577,202.0499999999999,0.17739597210249983,0.0,0,178.73000000000002,1,0,,,,,,,,,1
958,15,10,310.99,2.879537037037037,134.0,97,47,60.470000000000006,0.0,150.95999999999998,160.03000000000003,0.681018682272742,9.07000000000005,0.16279007160932538,0.0,0,2.38,1,1,,,,,,,,,1
969,1,7,296.57000000000005,2.391693548387097,177.0,91,38,46.51999999999999,0.0,237.93000000000006,58.639999999999986,0.5514043901945578,-179.29000000000008,0.1355912442799265,0.0,0,15.02,1,1,,,,,,,,,1
880,2,10,183.77,2.418026315789474,90.0,72,52,39.31,0.0,163.87,19.900000000000002,0.5454100233988136,-143.97,0.17621481083019544,0.0,0,13.620000000000001,1,1,,,,,,,,,1
1664,1,29,1515.7200000000003,3.3533628318584077,40133.0,334,105,408.85999999999996,5.0,158.48999999999998,1357.2300000000002,0.6077441743857702,1198.7400000000002,0.21244115599247623,0.1724137931034483,0,678.59,1,0,,,,,,,,,1
1813,2,3,203.80999999999997,2.754189189189189,89.0,73,44,31.219999999999995,0.0,3.55,200.26,0.6590451891467545,196.70999999999998,0.13283410628430412,0.0,0,29.64,1,1,,,,,,,,,1
24,0,54,1317.7199999999998,2.9880272108843533,658.0,277,86,333.65000000000003,0.0,1177.0900000000001,140.63,0.6031478614576694,-1036.46,0.20204436316512958,0.0,0,593.39,1,0,,,,,,,,,1
1531,0,37,830.35,2.6872168284789644,441.0,240,104,173.25,1.0,352.14,478.21000000000004,0.6069127476365388,126.07000000000005,0.17262853726584296,0.02702702702702703,0,148.56000000000003,1,0,,,,,,,,,1
1699,0,21,745.83,3.824769230769231,300.0,152,67,283.39,3.0,163.28000000000003,582.55,0.5910730327286379,419.2699999999999,0.27534443559200167,0.14285714285714285,0,319.01,1,0,,,,,,,,,1
2135,1,42,719.6500000000001,2.685261194029851,4894.0,199,79,84.82000000000001,1.0,366.71000000000004,352.94000000000005,0.5110122976446884,-13.769999999999982,0.10543587703705544,0.023809523809523808,0,59.640000000000015,1,1,,,,,,,,,1
629,15,26,372.5,2.779850746268657,10173.0,118,69,64.51,1.0,271.0,101.5,0.42477852348993295,-169.5,0.1476167593418915,0.038461538461538464,0,4.99,1,1,,,,,,,,,1
1799,3,50,373.01,2.316832298136646,216.0,116,48,20.17,0.0,151.51000000000002,221.5,0.41682528618535697,69.98999999999998,0.051299659189175444,0.0,0,22.459999999999997,1,1,,,,,,,,,1
1886,32,29,392.6,2.9298507462686567,165.0,120,65,55.78,2.0,261.00000000000006,131.60000000000002,0.6173204279164544,-129.40000000000003,0.12440340782372096,0.06896551724137931,0,13.65,1,1,,,,,,,,,1
316,0,38,626.5800000000003,1.9954777070063703,9303.0,224,83,116.97999999999999,0.0,186.58999999999997,439.99,0.5234447317182163,253.40000000000003,0.15732422400344281,0.0,0,411.20000000000005,1,0,,,,,,,,,1
535,5,33,1286.7600000000002,3.5157377049180334,517.0,302,102,533.06,8.0,360.25,926.5100000000001,0.4663729055923404,566.2600000000001,0.29291907990900196,0.24242424242424243,0,22.0,1,1,,,,,,,,,1
2297,2,37,602.8399999999999,2.5872961373390555,255.0,139,59,104.31,0.0,154.15,448.68999999999994,0.5140003981155863,294.53999999999996,0.14750760093332393,0.0,0,95.52,1,0,,,,,,,,,1
756,1,23,682.79,2.557265917602996,11081.0,255,80,151.16000000000003,1.0,351.23999999999995,331.54999999999995,0.6705282737005521,-19.689999999999998,0.1812578691768092,0.043478260869565216,0,7.629999999999999,1,1,,,,,,,,,1
1209,0,12,224.66,4.883913043478261,65.0,42,32,17.470000000000002,1.0,93.74000000000001,130.92,0.3916585061871273,37.17999999999998,0.07215132366910339,0.08333333333333333,0,136.76,1,0,,,,,,,,,1
2291,0,47,363.32,2.47156462585034,162.0,86,47,39.98,0.0,76.07,287.25,0.4796598040295058,211.18,0.09913215968261839,0.0,0,75.71000000000001,1,0,,,,,,,,,1
466,1,12,261.83,3.272875,89.0,76,46,36.29,0.0,11.82,250.01,0.3474773708131231,238.19,0.12172950489735676,0.0,0,161.49,1,0,,,,,,,,,1
1343,29,10,188.04999999999998,1.979473684210526,114.0,88,40,47.150000000000006,0.0,164.13,23.919999999999998,0.6421164583887264,-140.21,0.20046768707482995,0.0,0,79.14,1,0,,,,,,,,,1
1108,1,21,281.05,2.402136752136752,151.0,109,51,56.63999999999999,0.0,72.92999999999999,208.12,0.692616972069027,135.19,0.16772779768426663,0.0,0,11.05,1,1,,,,,,,,,1
1853,0,33,234.45999999999998,3.0849999999999995,86.0,66,38,21.450000000000003,0.0,83.07000000000001,151.39000000000001,0.6805425232449033,68.32000000000001,0.08381852995193625,0.0,0,39.93000000000001,1,0,,,,,,,,,1
2197,1,39,537.18,3.3365217391304345,213.0,135,64,117.32999999999998,1.0,401.9099999999999,135.26999999999998,0.7414274544845303,-266.63999999999993,0.17926387679332628,0.02564102564102564,0,133.25,1,0,,,,,,,,,1
1274,0,240,11014.69000000001,4.448582390953154,3211.0,838,148,871.77,5.0,4996.000000000002,6018.690000000005,0.4257260077224141,1022.6900000000032,0.07334143218418261,0.020833333333333332,0,1488.5500000000002,1,1,,,,,,,,,1
1100,1,20,249.73,8.055806451612902,51064.0,28,18,8.209999999999999,0.0,143.9,105.83,0.5411844792375766,-38.07000000000001,0.03182910754439017,0.0,0,63.68000000000001,1,0,,,,,,,,,1
1023,0,524,31548.369999999944,8.869375878549324,3909115.0,1345,186,1793.2700000000002,27.0,9978.130000000005,21570.239999999965,0.3146657022217002,11592.10999999996,0.0537846968535442,0.05152671755725191,0,6771.420000000005,1,0,,,,,,,,,1
277,2,29,691.7,3.4412935323383085,334.0,160,60,240.82,4.0,160.9,530.8000000000001,0.46126933641752205,369.9000000000001,0.2582464719255351,0.13793103448275862,0,62.350000000000016,1,1,,,,,,,,,1
2043,0,50,1324.01,2.2327318718381113,10100.0,386,111,243.29999999999998,1.0,470.36,853.6500000000001,0.5052680870990399,383.2900000000001,0.1552341272626347,0.02,0,316.78,1,0,,,,,,,,,1
2196,1,57,1054.84,2.0846640316205534,10322.0,252,84,423.69000000000005,2.0,515.4399999999999,539.4,0.6136949679572259,23.960000000000036,0.28656165245209775,0.03508771929824561,0,98.20999999999998,1,1,,,,,,,,,1
550,8,25,477.26,2.4104040404040403,268.0,131,64,129.16,0.0,213.08,264.17999999999995,0.3914009135481708,51.09999999999994,0.21298769829491113,0.0,0,377.65,1,0,,,,,,,,,1
1730,1,150,3097.05,17.497457627118646,1132208.0,33,21,41.349999999999994,0.0,1434.1499999999999,1662.8999999999999,0.9570914257115642,228.75,0.013175503441243944,0.0,0,412.73,1,1,,,,,,,,,1
796,0,43,396.85,1.9171497584541064,10165.0,139,60,185.44,0.0,246.93000000000004,149.92000000000002,0.3791104951493007,-97.01000000000002,0.3184667433752941,0.0,0,48.8,1,1,,,,,,,,,1
2001,17,26,746.0600000000001,3.6571568627450985,57246.0,167,85,125.75999999999999,0.0,618.77,127.28999999999999,0.38684556201914055,-491.48,0.1442499598540983,0.0,0,468.22000000000025,1,0,,,,,,,,,1
1612,2,134,7374.150000000004,3.703741838272227,619315.0,1083,187,852.73,31.0,3166.8500000000017,4207.300000000001,0.47051931409043724,1040.4499999999994,0.10365168812478115,0.23134328358208955,0,1054.9,1,1,,,,,,,,,1
1359,0,73,1046.13,2.9719602272727275,464.0,237,83,191.07,1.0,389.21000000000004,656.92,0.6461434047393726,267.7099999999999,0.15443743937924345,0.0136986301369863,0,146.55,1,1,,,,,,,,,1
930,1,39,906.8599999999999,7.254879999999999,316.0,63,42,435.80000000000007,6.0,412.26,494.6,0.9269126436274618,82.34000000000003,0.32457956593627585,0.15384615384615385,0,60.019999999999996,1,1,,,,,,,,,1
100,0,30,2041.5000000000002,3.538128249566725,123011.0,396,95,347.85,2.0,704.63,1336.87,0.5013617438158217,632.2399999999999,0.14558352690062148,0.06666666666666667,0,253.12,1,1,,,,,,,,,1
107,1,40,1217.39,4.682269230769231,116911.0,196,77,173.27999999999997,0.0,1045.38,172.01,0.31029497531604494,-873.3700000000001,0.12460181063803775,0.0,0,5.4399999999999995,1,1,,,,,,,,,1
673,0,40,458.06999999999994,3.3931111111111107,200.0,115,49,74.72999999999999,1.0,71.35000000000001,386.71999999999997,0.5200296897854041,315.36999999999995,0.140259009009009,0.025,0,246.54000000000002,1,0,,,,,,,,,1
1628,57,11,161.1,2.929090909090909,58.0,53,31,21.939999999999998,0.0,161.1,0.0,0.5487274984481688,-161.1,0.11986451048951048,0.0,0,385.68000000000006,1,0,,,,,,,,,1
2061,16,17,217.51000000000002,3.0635211267605635,91.0,68,44,55.92,1.0,147.56000000000003,69.95,0.4642545170336995,-77.61000000000003,0.2045130380719014,0.058823529411764705,0,9.2,1,1,,,,,,,,,1
782,2,66,1484.87,2.905812133072407,36487.0,374,105,285.59,1.0,712.5799999999999,772.2900000000001,0.6153198596510132,59.71000000000015,0.16130836053906894,0.015151515151515152,0,72.17999999999999,1,1,,,,,,,,,1
1080,1,72,1846.6000000000004,3.592607003891051,824.0,368,90,358.18000000000006,2.0,1282.6699999999998,563.9300000000001,0.4019062060002166,-718.7399999999998,0.1624561180707372,0.027777777777777776,0,359.51,1,0,,,,,,,,,1
1606,2,16,933.1500000000003,3.904393305439332,359.0,189,67,188.03000000000003,0.0,674.22,258.92999999999995,0.4560895890264158,-415.2900000000001,0.16770723701814158,0.0,0,198.76,1,0,,,,,,,,,1
1242,4,30,776.23,3.528318181818182,368.0,153,75,261.35,1.0,643.04,133.19,0.5147443412390658,-509.84999999999997,0.25188419206229884,0.03333333333333333,0,53.879999999999995,1,1,,,,,,,,,1
270,0,30,692.1999999999999,5.2839694656488545,14598.0,115,58,228.99999999999997,4.0,101.58999999999997,590.61,0.43672349032071656,489.02000000000004,0.24858879722101607,0.13333333333333333,0,231.26000000000005,1,0,,,,,,,,,1
1991,0,39,274.87,2.7764646464646465,13627.0,73,35,32.91,0.0,114.81,160.06,0.6017026230581729,45.25,0.10692702579764767,0.0,0,45.27,1,0,,,,,,,,,1
1915,14,27,471.12,3.3893525179856114,56566.0,110,66,38.50999999999999,0.0,266.27,204.84999999999994,0.41732467311937504,-61.420000000000044,0.07556462531640601,0.0,0,14.68,1,1,,,,,,,,,1
1030,5,28,1137.4199999999998,3.8819795221842996,405.0,209,95,104.89,1.0,636.75,500.6700000000001,0.45623428460902754,-136.07999999999993,0.08443142210881342,0.03571428571428571,0,122.87,1,1,,,,,,,,,1
234,12,18,255.36999999999998,2.128083333333333,133.0,110,47,48.230000000000004,0.0,200.38,54.989999999999995,0.5703489055096528,-145.39,0.15886034255599477,0.0,0,5.27,1,1,,,,,,,,,1
1114,0,31,564.87,2.555972850678733,281.0,177,66,153.20000000000002,1.0,182.82999999999998,382.03999999999996,0.49416679944057934,199.20999999999998,0.21334967343016698,0.03225806451612903,0,406.07999999999987,1,0,,,,,,,,,1
124,3,52,579.99,2.9441116751269036,256.0,138,58,139.59,7.0,336.61,243.38,0.44728357385472167,-93.23000000000002,0.19398815975985992,0.1346153846153846,0,103.41999999999999,1,0,,,,,,,,,1
897,1,50,607.65,2.8262790697674416,238.0,169,65,71.76999999999998,1.0,334.34000000000003,273.31,0.4417180942977043,-61.03000000000003,0.1056342174207412,0.02,0,232.57999999999998,1,0,,,,,,,,,1
843,0,57,1921.2800000000002,2.902235649546828,907.0,473,110,321.73,1.0,776.5799999999999,1144.6999999999998,0.5684075199866755,368.1199999999999,0.14343672119161305,0.017543859649122806,0,697.95,1,0,,,,,,,,,1
933,0,73,1940.8799999999999,2.901165919282511,67776.0,478,99,411.56000000000006,3.0,321.94,1618.9399999999998,0.6242220023906682,1296.9999999999998,0.17495026440631856,0.0410958904109589,0,234.30999999999997,1,1,,,,,,,,,1
401,0,68,1746.48,2.5274674384949347,875.0,502,132,356.03000000000003,1.0,412.81000000000006,1333.67,0.5303066739956943,920.86,0.16933569876005344,0.014705882352941176,0,792.4000000000001,1,0,,,,,,,,,1
2160,1,45,642.1400000000001,5.016718750000001,201.0,79,48,216.44999999999996,6.0,222.76000000000002,419.38,0.3454075435263338,196.61999999999998,0.2520993722265574,0.13333333333333333,0,105.93,1,0,,,,,,,,,1
2401,2,54,602.0600000000001,2.894519230769231,15964.0,126,55,88.18,2.0,116.91999999999999,485.14000000000004,0.44746370793608614,368.22,0.12775266573945296,0.037037037037037035,0,125.39000000000001,1,0,,,,,,,,,1
667,0,51,774.42,2.277705882352941,45759.0,270,99,199.57999999999998,4.0,103.14000000000001,671.2800000000001,0.47439373983109945,568.1400000000001,0.20490759753593427,0.0784313725490196,0,346.78,1,0,,,,,,,,,1
2434,5,20,703.39,2.225917721518987,402.0,262,82,182.46999999999997,0.0,202.59999999999997,500.78999999999996,0.4372254368131478,298.19,0.20598062899329464,0.0,0,68.12,1,1,,,,,,,,,1
2026,11,15,1015.19,3.0304179104477615,603.0,253,82,559.5799999999999,2.0,216.95000000000005,798.24,0.5024675183955712,581.29,0.35534077992341734,0.13333333333333333,0,166.44,1,0,,,,,,,,,1
2357,0,28,226.53,2.86746835443038,7291.0,76,38,32.22,0.0,117.54,108.99,0.6286143115702113,-8.550000000000011,0.12452173913043478,0.0,0,7.84,1,1,,,,,,,,,1
980,2,24,1052.8600000000001,3.7468327402135237,32414.0,238,77,233.15,0.0,231.49000000000004,821.37,0.4959823718253138,589.88,0.1812971905350658,0.0,0,277.36,1,0,,,,,,,,,1
626,0,24,600.4300000000001,1.8474769230769232,601.0,247,68,122.42999999999999,0.0,175.16,425.27000000000004,0.6421064903485834,250.11000000000004,0.1693688957751155,0.0,0,48.900000000000006,1,1,,,,,,,,,1
1278,9,15,645.49,3.4518181818181817,217.0,155,74,195.67999999999998,1.0,239.95,405.53999999999996,0.47037134579931533,165.58999999999997,0.2326283628755186,0.06666666666666667,0,92.85,1,1,,,,,,,,,1
1712,0,30,618.0699999999999,2.522734693877551,285.0,212,90,124.75999999999999,3.0,203.56999999999996,414.4999999999999,0.46954228485446636,210.92999999999992,0.16795229056446292,0.1,0,110.86000000000001,1,0,,,,,,,,,1
1983,2,30,1987.3700000000003,3.9907028112449807,22593.0,380,128,273.49,2.0,1551.0500000000002,436.32000000000005,0.5011749196173837,-1114.73,0.12096724255371846,0.06666666666666667,0,510.53,1,0,,,,,,,,,1
1092,0,37,771.45,2.9332699619771865,4795.0,187,64,154.26999999999998,1.0,186.78,584.6700000000001,0.7939723896558429,397.8900000000001,0.16664866266257614,0.02702702702702703,0,173.24,1,0,,,,,,,,,1
1875,0,28,543.8,3.9985294117647054,46697.0,112,54,77.18,0.0,143.65,400.15,0.2931960279514528,256.5,0.12428741666398274,0.0,0,365.25,1,0,,,,,,,,,1
1377,13,32,729.45,3.1173076923076923,303.0,208,88,71.34,2.0,336.2300000000001,393.22,0.39562684214133936,56.98999999999995,0.08908702656127074,0.0625,0,61.89,1,1,,,,,,,,,1
751,3,21,468.26000000000005,2.477566137566138,218.0,152,54,98.16,0.0,281.1,187.16000000000003,0.6571349250416434,-93.94,0.17329896543201156,0.0,0,52.780000000000015,1,1,,,,,,,,,1
323,9,9,73.46000000000001,2.448666666666667,1086.0,28,18,15.169999999999998,0.0,37.81999999999999,35.64,0.6829567111353116,-2.1799999999999926,0.17116100643123092,0.0,0,83.52999999999999,1,0,,,,,,,,,1
1471,1,29,391.96000000000004,6.876491228070176,110917.0,48,28,29.99,2.0,176.93,215.03,0.61072558424329,38.099999999999994,0.0710747718924043,0.06896551724137931,0,94.75999999999999,1,0,,,,,,,,,1
347,19,13,485.89,5.009175257731958,162.0,92,52,45.319999999999986,0.0,449.19000000000005,36.7,0.46872748976105705,-412.49000000000007,0.08531465898608835,0.0,0,54.870000000000005,1,1,,,,,,,,,1
1938,0,24,824.7700000000001,4.434247311827957,244.0,156,71,97.86999999999998,0.0,370.80999999999995,453.96000000000004,0.5846963395855812,83.15000000000009,0.10607604266019245,0.0,0,208.17999999999995,1,0,,,,,,,,,1
1589,1,16,321.61,2.6800833333333336,139.0,108,52,62.95,0.0,231.53,90.08000000000001,0.5784024128602966,-141.45,0.1636935718743499,0.0,0,19.93,1,1,,,,,,,,,1
2202,0,15,281.02,3.427073170731707,9205.0,82,45,60.650000000000006,0.0,111.28000000000002,169.73999999999998,0.5774322112305174,58.459999999999965,0.17751046331255307,0.0,0,38.879999999999995,1,1,,,,,,,,,1
1044,15,18,418.23,2.389885714285714,7770.0,141,63,102.37,8.0,310.88,107.35,0.681060660402171,-203.53,0.19663849404533232,0.4444444444444444,0,5.28,1,1,,,,,,,,,1
991,1,30,1418.6799999999998,16.690352941176467,21555.0,66,40,40.92,1.0,436.59000000000003,982.0899999999999,0.8517777088561199,545.4999999999999,0.028035078103590027,0.03333333333333333,0,1.2,1,1,,,,,,,,,1
2480,11,28,1591.2100000000003,3.08374031007752,15454.0,364,107,228.74,4.0,808.6400000000001,782.5699999999999,0.5223509153411554,-26.070000000000164,0.1256847715596582,0.14285714285714285,0,124.83999999999999,1,1,,,,,,,,,1
1741,1,14,153.2,2.1577464788732392,8871.0,63,43,29.159999999999997,3.0,94.29,58.91,0.5280678851174936,-35.38000000000001,0.15990348760693135,0.21428571428571427,0,8.79,1,1,,,,,,,,,1
1817,3,33,612.0500000000001,2.708185840707965,293.0,151,68,88.44,0.0,129.64000000000001,482.4100000000001,0.5823707213462951,352.7700000000001,0.12625447900755185,0.0,0,412.66999999999996,1,0,,,,,,,,,1
1230,1,17,228.53999999999996,4.009473684210525,69.0,53,32,23.99,0.0,109.35000000000001,119.19,0.5219217642425834,9.83999999999999,0.09499861402605632,0.0,0,29.990000000000002,1,1,,,,,,,,,1
415,2,10,305.40000000000003,6.940909090909091,73.0,37,20,32.08,4.0,237.67000000000002,67.73,0.8344138834315651,-169.94,0.09505748488799336,0.4,0,209.23000000000002,1,0,,,,,,,,,1
556,30,14,613.8600000000001,3.9099363057324847,72820.0,147,69,129.12,19.0,478.1800000000001,135.67999999999998,0.4035773629166258,-342.5000000000001,0.17378664297827665,1.3571428571428572,0,80.0,1,1,,,,,,,,,1
1281,1,21,348.72,2.6619847328244277,7358.0,121,61,41.56,0.0,145.44000000000003,203.28000000000003,0.430230557467309,57.84,0.10648764989238495,0.0,0,439.68,1,0,,,,,,,,,1
1077,0,22,820.4399999999999,4.273124999999999,51589.0,115,64,107.78999999999999,1.0,6.0,814.4399999999999,0.5668909365706207,808.4399999999999,0.11612423645001778,0.045454545454545456,0,672.3699999999999,1,0,,,,,,,,,1
2283,3,13,1143.14,3.594779874213837,29881.0,289,116,152.52,2.0,385.5,757.64,0.4817170250363034,372.14,0.11771606748684069,0.15384615384615385,0,246.22999999999996,1,0,,,,,,,,,1
1221,46,7,400.25,2.779513888888889,167.0,131,69,50.230000000000004,1.0,400.25,0.0,0.6115427857589008,-400.25,0.11150328538447878,0.14285714285714285,0,252.09000000000003,1,0,,,,,,,,,1
1170,21,6,66.45,3.3225000000000002,33.0,18,15,6.05,0.0,52.46,13.99,0.870729872084274,-38.47,0.08344827586206896,0.0,0,2.0,1,1,,,,,,,,,1
1148,2,23,409.2900000000001,3.754954128440368,58075.0,98,49,48.790000000000006,0.0,106.79000000000002,302.5,0.30511373353856674,195.70999999999998,0.10650977995110024,0.0,0,69.30000000000001,1,0,,,,,,,,,1
1140,0,19,948.97,3.9376348547717845,19481.0,190,88,155.04999999999998,3.0,21.990000000000002,926.9799999999999,0.6622337903200313,904.9899999999999,0.14044129635332692,0.15789473684210525,0,215.21,1,0,,,,,,,,,1
1636,67,3,16.3,2.716666666666667,9.0,5,3,1.31,0.0,16.3,0.0,0.6331288343558282,-16.3,0.07438955139125497,0.0,0,1181.4700000000007,1,0,,,,,,,,,1
1432,3,7,265.45,2.2688034188034187,138.0,110,67,111.72999999999999,6.0,57.14,208.31,0.5244678847240536,151.17000000000002,0.2962246142425367,0.8571428571428571,0,71.5,1,0,,,,,,,,,1
1315,9,4,526.15,2.31784140969163,258.0,213,73,112.52999999999997,0.0,187.27999999999997,338.87,0.7066045804428396,151.59000000000003,0.17619152001002064,0.0,0,119.21000000000004,1,0,,,,,,,,,1
1339,1,5,317.26,10.94,103.0,18,8,62.41,0.0,7.99,309.27,0.9691420286200594,301.28,0.1643795928042774,0.0,0,72.9,1,0,,,,,,,,,1
2165,0,8,93.17000000000002,3.4507407407407413,28.0,27,19,12.46,0.0,2.79,90.38000000000001,0.3238166791885799,87.59,0.1179589131875414,0.0,0,88.93,1,0,,,,,,,,,1
2444,84,2,13.86,4.62,5.0,3,3,0.34,0.0,13.86,0.0,0.6580086580086579,-13.86,0.02394366197183099,0.0,0,56.08000000000001,1,0,,,,,,,,,1
1738,0,53,1222.9399999999998,3.87006329113924,584.0,210,75,566.99,2.0,489.7600000000001,733.18,0.5387345249971381,243.41999999999985,0.3167665774639232,0.03773584905660377,0,156.42000000000002,1,1,,,,,,,,,1
2151,1,36,410.5899999999999,1.9931553398058248,246.0,168,66,89.21000000000001,0.0,319.47999999999996,91.11000000000001,0.5725663070216032,-228.36999999999995,0.17849139655862348,0.0,0,423.68000000000023,1,0,,,,,,,,,1
292,0,70,872.75,2.72734375,7010.0,255,99,200.85,3.0,636.3799999999999,236.37,0.5435691778859926,-400.0099999999999,0.18708084947839046,0.04285714285714286,0,104.32,1,1,,,,,,,,,1
1560,0,38,867.1100000000001,2.8712251655629144,420.0,201,75,338.53999999999996,0.0,220.53000000000003,646.5800000000002,0.45206490526000154,426.0500000000001,0.2807945921287272,0.0,0,341.92999999999995,1,0,,,,,,,,,1
1786,0,38,349.2300000000001,3.7152127659574474,28499.0,87,64,24.87,0.0,126.47000000000003,222.76000000000005,0.28276494001088104,96.29000000000002,0.0664795509222133,0.0,0,60.49999999999999,1,0,,,,,,,,,1
1679,0,42,243.43000000000006,2.2965094339622647,126.0,75,44,45.71000000000001,0.0,181.65000000000003,61.780000000000015,0.41453395226553824,-119.87000000000002,0.1580895068133084,0.0,0,32.7,1,1,,,,,,,,,1
1049,2,50,608.2700000000001,2.007491749174918,367.0,244,80,164.64000000000001,2.0,184.74,423.53000000000003,0.5757476120801618,238.79000000000002,0.21301315806497523,0.04,0,89.78999999999999,1,0,,,,,,,,,1
951,0,11,399.75,4.491573033707865,45341.0,79,51,43.06,0.0,148.89999999999998,250.84999999999997,0.2723952470293934,101.94999999999999,0.09724260969716131,0.0,0,290.46999999999997,1,0,,,,,,,,,1
2040,0,416,2916.449999999999,2.0409027291812447,139728.0,571,124,667.58,40.0,1750.6000000000004,1165.8500000000001,0.4234257401978434,-584.7500000000002,0.18626518193207095,0.09615384615384616,0,52.06,1,1,25-34,U,25-34K,Homeowner,Single Male,1,None/Unknown,2040.0,1
865,1,25,1419.28,4.421433021806854,26136.0,247,87,354.9599999999999,2.0,657.4699999999998,761.8100000000002,0.5483343667211544,104.34000000000037,0.20006312561998374,0.08,0,468.45,1,0,35-44,A,75-99K,Homeowner,2 Adults Kids,5+,3+,865.0,1
250,0,100,4769.920000000002,2.755586366262277,1994.0,446,116,657.8,38.0,1120.5999999999997,3649.320000000001,0.6536545686300818,2528.720000000001,0.12119269232753342,0.38,0,1221.9200000000003,1,0,45-54,A,75-99K,Homeowner,1 Adult Kids,4,2,250.0,1
1649,0,40,909.54,3.0419397993311037,13497.0,224,85,127.91,0.0,247.66,661.88,0.44544495019460384,414.22,0.12329268880427971,0.0,0,222.86,1,0,35-44,B,150-174K,Homeowner,Single Male,1,None/Unknown,1649.0,1
682,7,217,4438.290000000001,3.3983843797856057,498949.0,736,160,1038.3799999999999,38.0,1840.7400000000005,2597.5499999999997,0.3809597840609784,756.8099999999993,0.18960061497223674,0.17511520737327188,3,0.0,0,1,65+,A,125-149K,Homeowner,2 Adults No Kids,2,None/Unknown,682.0,1
1468,7,81,4131.7300000000005,3.3866639344262297,185850.0,652,153,485.32000000000005,3.0,2352.5600000000004,1779.1700000000003,0.4668431867522805,-573.3900000000001,0.10511473776545631,0.037037037037037035,2,0.0,0,1,65+,A,75-99K,Homeowner,2 Adults No Kids,2,None/Unknown,1468.0,1
181,4,39,1670.8200000000006,2.9729893238434175,150333.0,364,106,358.6999999999999,2.0,1017.8600000000002,652.96,0.3843142887923294,-364.9000000000002,0.17674129843509787,0.05128205128205128,2,0.0,0,1,,,,,,,,,1
2443,24,153,4029.1900000000005,4.136745379876797,352598.0,454,138,804.8899999999998,12.0,2679.5300000000007,1349.66,0.36772651575130477,-1329.8700000000006,0.16650324363684502,0.0784313725490196,6,0.0,0,1,,,,,,,,,1
2391,2,54,633.92,2.495748031496063,44890.0,134,61,245.23999999999998,4.0,343.36999999999995,290.55,0.5077139071176174,-52.819999999999936,0.27894808681013694,0.07407407407407407,2,0.0,0,1,,,,,,,,,1
93,10,106,3346.7200000000007,2.629002356637864,23269.0,485,107,738.3699999999999,107.0,1745.92,1600.8,0.6916443562652386,-145.12000000000012,0.18074754778964472,1.009433962264151,12,0.0,0,1,,,,,,,,,1
2382,2,36,822.6399999999999,3.277450199203187,14472.0,206,78,139.33,0.0,304.65999999999997,517.98,0.47790041816590495,213.32000000000005,0.14483819661735817,0.0,0,0.0,0,1,,,,,,,,,1
1286,1,30,595.0,3.287292817679558,13135.0,173,76,99.63,0.0,490.0500000000001,104.95,0.4784369747899159,-385.10000000000014,0.14342887580438507,0.0,0,0.0,0,1,,,,,,,,,1
828,17,37,1123.16,2.535349887133183,60363.0,321,96,217.67000000000002,1.0,584.9799999999999,538.1800000000001,0.5298265607749563,-46.79999999999984,0.16233974478494664,0.02702702702702703,0,0.0,0,1,,,,,,,,,1
746,4,39,569.0500000000001,4.822457627118645,45754.0,101,54,37.8,0.0,262.79,306.26000000000005,0.35155083033125384,43.47000000000003,0.06228886874845513,0.0,0,0.0,0,1,,,,,,,,,1
1469,10,44,1159.9999999999998,2.516268980477223,611.0,346,91,207.86,0.0,383.00999999999993,776.99,0.624646551724138,393.9800000000001,0.1519599959060138,0.0,0,0.0,0,1,,,,,,,,,1
1232,10,22,488.49,2.7289944134078215,250.0,154,62,162.14,1.0,208.05,280.44,0.6432680300517922,72.38999999999999,0.24920461706346156,0.045454545454545456,0,0.0,0,1,,,,,,,,,1
678,11,57,459.16999999999996,3.256524822695035,52780.0,99,55,107.39999999999999,0.0,235.44,223.73,0.4142910033320993,-11.710000000000008,0.18956174876890763,0.0,0,0.0,0,1,,,,,,,,,1
509,7,16,277.14,4.075588235294117,87.0,51,34,19.41,0.0,117.11000000000001,160.03,0.3369416179548243,42.91999999999999,0.06545270612038442,0.0,0,0.0,0,1,,,,,,,,,1
2463,18,12,158.42000000000002,2.5970491803278692,15096.0,56,32,22.87,0.0,56.38999999999999,102.02999999999999,0.3598030551698017,45.63999999999999,0.12615147002040927,0.0,0,0.0,0,1,,,,,,,,,1
2246,24,5,321.35,3.871686746987952,103.0,80,39,35.81,0.0,134.0,187.35000000000002,0.6268865722732223,53.35000000000002,0.10026318736700639,0.0,0,0.0,0,1,,,,,,,,,1
12,16,7,266.2099999999999,3.0251136363636353,103.0,75,48,32.699999999999996,0.0,83.85,182.35999999999999,0.5396867134968636,98.50999999999999,0.10939747750158912,0.0,0,0.0,0,1,,,,,,,,,1
1435,0,13,511.78,3.629645390070922,215.0,134,59,127.68000000000002,0.0,204.33999999999997,307.44,0.564852084880222,103.10000000000002,0.19966847027179185,0.0,0,0.0,0,1,,,,,,,,,1
2476,20,14,403.26,6.400952380952381,77229.0,47,34,42.589999999999996,0.0,48.79,354.47,0.4599018003273322,305.68,0.09552540091959179,0.0,0,0.0,0,1,,,,,,,,,1
2157,3,12,390.70000000000005,2.146703296703297,272.0,157,55,231.98000000000005,3.0,243.51,147.19,0.7143076529306372,-96.32,0.3725509089741119,0.25,0,0.0,0,1,,,,,,,,,1
739,47,6,160.06,2.5406349206349206,69.0,61,32,39.410000000000004,1.0,160.06,0.0,0.8095714107209795,-160.06,0.19757356996039507,0.16666666666666666,0,0.0,0,1,,,,,,,,,1
1757,23,10,253.10999999999993,4.082419354838708,95.0,61,34,51.040000000000006,0.0,218.6899999999999,34.42,0.4440756983129866,-184.26999999999992,0.16781193490054255,0.0,0,0.0,0,1,,,,,,,,,1
359,81,2,172.85000000000005,2.469285714285715,96.0,70,45,29.680000000000003,0.0,172.85000000000005,0.0,0.5261787677176741,-172.85000000000005,0.1465461906877993,0.0,0,0.0,0,1,,,,,,,,,1
313,76,4,92.53999999999999,2.435263157894737,44.0,37,26,17.33,0.0,92.53999999999999,0.0,0.6484763345580291,-92.53999999999999,0.1577318649312824,0.0,0,0.0,0,1,,,,,,,,,1
985,0,95,1629.3799999999999,2.5659527559055118,68944.0,502,139,414.9000000000001,13.0,324.77000000000004,1304.61,0.5135511667014447,979.8399999999999,0.20295654215665176,0.1368421052631579,0,428.0899999999999,1,0,,,,,,,,,1
966,2,15,191.09,4.065744680851064,54.0,31,15,31.3,0.0,75.95,115.14000000000001,0.5888848186718301,39.19000000000001,0.14074373847744953,0.0,0,10.97,1,1,,,,,,,,,1
826,0,19,138.39,2.3455932203389827,3998.0,40,24,13.540000000000003,0.0,82.25,56.14,0.46809740588192794,-26.11,0.08911998946883436,0.0,0,64.62,1,0,,,,,,,,,1
592,0,29,552.6800000000001,2.594741784037559,252.0,185,84,127.92,6.0,299.16999999999996,253.50999999999996,0.6574690598538033,-45.66,0.18795180722891566,0.20689655172413793,0,108.11,1,0,,,,,,,,,1
465,5,40,315.97,2.240921985815603,160.0,127,60,59.26,0.0,192.97,123.00000000000001,0.5302085641041872,-69.96999999999998,0.1579298030541268,0.0,0,66.58000000000001,1,0,,,,,,,,,1
1734,0,17,146.45000000000002,2.569298245614035,7418.0,53,29,28.259999999999998,0.0,34.5,111.95,0.4055308979173779,77.45,0.16175376337931427,0.0,0,15.33,1,1,,,,,,,,,1
2326,0,36,901.0300000000001,2.334274611398964,547.0,309,99,257.5,15.0,145.04000000000002,755.99,0.6598226474146254,610.95,0.22226442129249993,0.4166666666666667,0,421.8400000000002,1,0,,,,,,,,,1
1597,1,47,479.32000000000005,2.408643216080402,9498.0,178,73,89.97,1.0,284.89,194.42999999999998,0.4760285404322791,-90.46000000000001,0.15803896081083452,0.02127659574468085,0,322.31,1,0,,,,,,,,,1
735,3,78,835.57,2.6030218068535826,433.0,213,64,94.35999999999999,4.0,423.5200000000001,412.05,0.45667029692305855,-11.470000000000084,0.10147000311851427,0.05128205128205128,0,226.67999999999995,1,0,,,,,,,,,1
1999,8,43,499.84,2.2414349775784754,277.0,176,65,107.83,0.0,323.49,176.35,0.4658690781049937,-147.14000000000001,0.17744828607632432,0.0,0,283.49,1,0,,,,,,,,,1
668,1,47,948.24,2.2259154929577467,623.0,316,93,320.80999999999995,3.0,373.86,574.38,0.6449843921370118,200.51999999999998,0.25279539813246127,0.06382978723404255,0,202.8,1,0,,,,,,,,,1
1711,21,10,539.15,3.618456375838926,14025.0,136,75,129.27,1.0,484.59999999999997,54.55,0.5188722989891497,-430.04999999999995,0.19339636755333475,0.1,0,125.82999999999998,1,0,,,,,,,,,1
1665,0,89,1111.02,2.791507537688442,68148.0,299,97,216.88,2.0,726.1400000000001,384.88000000000005,0.5577487353963025,-341.26000000000005,0.16332555162286316,0.02247191011235955,0,445.82000000000005,1,0,,,,,,,,,1
2192,0,27,479.5999999999999,5.709523809523809,125.0,76,46,28.240000000000002,1.0,389.2,90.40000000000002,0.3955587989991661,-298.79999999999995,0.05560806553245118,0.037037037037037035,0,12.43,1,1,,,,,,,,,1
154,7,29,846.1700000000001,3.169176029962547,24023.0,213,87,134.17000000000002,0.0,544.85,301.31999999999994,0.5767989883829492,-243.5300000000001,0.13686068098822857,0.0,0,21.009999999999998,1,1,,,,,,,,,1
1637,0,42,628.0799999999999,7.389176470588234,251.0,40,22,370.47999999999996,0.0,417.96,210.12,0.7912049420455994,-207.83999999999997,0.3710142605351706,0.0,0,542.0500000000001,1,0,,,,,,,,,1
2195,0,70,954.4300000000001,2.7269428571428573,32494.0,275,85,265.32,32.0,367.99000000000007,586.44,0.5819913456198987,218.45,0.21751998360319738,0.45714285714285713,0,226.29000000000002,1,0,,,,,,,,,1
1295,1,56,1217.5999999999997,2.8316279069767436,650.0,331,84,246.60999999999999,2.0,341.01999999999987,876.5799999999999,0.4727086070959265,535.5600000000001,0.16842529418594332,0.03571428571428571,0,419.81000000000006,1,0,,,,,,,,,1
1129,0,61,1897.9600000000005,3.594621212121213,111974.0,295,115,257.41,17.0,1279.2900000000002,618.6700000000001,0.5453697654323588,-660.6200000000001,0.11942729090596974,0.2786885245901639,0,503.45000000000005,1,0,,,,,,,,,1
1171,0,30,708.96,3.7710638297872343,12735.0,157,80,57.559999999999995,0.0,165.7,543.26,0.5896383434890545,377.56,0.07509262641548818,0.0,0,287.64,1,0,,,,,,,,,1
2355,2,15,104.24999999999999,3.2578124999999996,40.0,25,19,13.14,0.0,39.44,64.81,0.5354436450839329,25.370000000000005,0.11193457705085613,0.0,0,7.09,1,1,,,,,,,,,1
1608,4,30,1037.8899999999999,1.9078860294117646,793.0,387,97,349.05,9.0,383.17,654.7199999999999,0.5125976741273162,271.5499999999999,0.25166914214025127,0.3,0,362.0,1,0,,,,,,,,,1
1874,1,31,730.0,3.3486238532110093,70396.0,182,92,147.11000000000004,3.0,446.5799999999999,283.41999999999996,0.369986301369863,-163.15999999999997,0.1677212664318045,0.0967741935483871,0,104.28999999999999,1,1,,,,,,,,,1
1903,0,39,1142.56,2.253570019723866,31247.0,412,91,283.34000000000003,4.0,551.03,591.53,0.7000070018204733,40.5,0.19870958692755453,0.10256410256410256,0,9.76,1,1,,,,,,,,,1
1195,1,31,876.1800000000001,3.20945054945055,365.0,218,88,132.99,0.0,360.31,515.87,0.5607067041018968,155.56,0.13178156306667857,0.0,0,394.90999999999997,1,0,,,,,,,,,1
579,3,20,291.59000000000003,3.3905813953488377,13472.0,68,35,122.38999999999999,1.0,141.84,149.75,0.30121060393017596,7.909999999999997,0.29564230156046184,0.05,0,143.66999999999996,1,0,,,,,,,,,1
1614,1,68,457.37,3.009013157894737,6700.0,99,49,66.91,3.0,135.25,322.12,0.46660253186697864,186.87,0.1276226443884947,0.04411764705882353,0,60.79,1,1,,,,,,,,,1
2229,0,37,1315.8700000000003,2.8177087794432554,570.0,380,122,245.52999999999997,1.0,137.33,1178.5400000000002,0.5890399507550136,1041.2100000000003,0.15724990393236835,0.02702702702702703,0,1099.6200000000003,1,0,,,,,,,,,1
244,2,38,1531.2599999999998,2.0416799999999995,826.0,401,91,230.17999999999998,2.0,720.61,810.6499999999999,0.5862100492404949,90.03999999999985,0.13067717322190936,0.05263157894736842,0,167.69,1,1,,,,,,,,,1
765,1,25,1182.68,3.8776393442622954,99602.0,240,82,185.57,13.0,731.95,450.73,0.47191970778232495,-281.22,0.1356257993787685,0.52,0,403.9,1,0,,,,,,,,,1
1538,40,31,499.41999999999996,2.1072573839662447,270.0,223,92,96.38999999999999,2.0,388.26,111.16,0.49983981418445406,-277.1,0.1617797620046659,0.06451612903225806,0,5.5,1,1,,,,,,,,,1
1750,4,18,655.7599999999999,3.3119191919191913,11947.0,142,71,193.24,0.0,276.43000000000006,379.3299999999999,0.4979565694766379,102.89999999999986,0.22760895170789167,0.0,0,80.66000000000001,1,1,,,,,,,,,1
1623,0,123,3322.3699999999994,3.6997438752783958,90683.0,626,134,641.3299999999999,2.0,406.31,2916.06,0.3996845625261485,2509.75,0.16180084264702174,0.016260162601626018,0,1411.25,1,0,,,,,,,,,1
128,0,22,654.92,2.936860986547085,28818.0,150,65,92.94,0.0,196.87,458.04999999999995,0.30692298295975085,261.17999999999995,0.12427459684967776,0.0,0,726.16,1,0,,,,,,,,,1
1386,28,7,103.06,2.6425641025641027,14541.0,32,20,1.1,0.0,59.08,43.980000000000004,0.2910925674364448,-15.099999999999994,0.010560675883256529,0.0,0,8.09,1,1,,,,,,,,,1
1107,0,17,635.4000000000001,2.84932735426009,381.0,192,59,181.43999999999997,0.0,368.23,267.17,0.6319326408561535,-101.06,0.22212428382547372,0.0,0,241.92000000000002,1,0,,,,,,,,,1
2163,4,10,258.56,8.915862068965517,31.0,16,9,16.41,0.0,63.620000000000005,194.94,0.774945853960396,131.32,0.059679237735025634,0.0,0,97.53999999999998,1,0,,,,,,,,,1
1196,0,23,1463.2000000000003,3.551456310679612,537.0,297,91,166.23000000000002,0.0,489.38000000000005,973.8200000000002,0.619662383816293,484.4400000000001,0.10201726984282847,0.0,0,452.75,1,0,,,,,,,,,1
2333,3,10,68.09,1.8402702702702705,41.0,37,21,48.11,8.0,61.370000000000005,6.720000000000001,0.8421207225730649,-54.650000000000006,0.4140275387263339,0.8,0,202.50999999999996,1,0,,,,,,,,,1
1635,2,18,116.70000000000002,2.9175000000000004,52.0,37,28,22.45,0.0,38.92,77.78,0.6022279348757497,38.86,0.16133668702838663,0.0,0,12.28,1,1,,,,,,,,,1
435,1,60,835.6199999999999,5.126503067484662,764.0,125,50,396.42999999999995,5.0,272.36999999999995,563.25,0.7173116967042434,290.88000000000005,0.32176453877683536,0.08333333333333333,0,981.5999999999999,1,0,,,,,,,,,1
1704,0,37,336.21,2.127911392405063,10986.0,130,41,69.81,0.0,62.13999999999999,274.07,0.5333868713006753,211.93,0.17193734298803015,0.0,0,64.62,1,0,,,,,,,,,1
1252,3,33,710.7800000000001,2.584654545454546,412.0,229,87,366.05000000000007,32.0,465.02,245.76,0.560117054503503,-219.26,0.33993295134793794,0.9696969696969697,0,441.99999999999994,1,0,,,,,,,,,1
1661,1,39,1178.1800000000003,3.966936026936028,71598.0,243,89,109.74000000000001,2.0,576.28,601.8999999999999,0.4299258177867557,25.61999999999989,0.085207155723958,0.05128205128205128,0,247.21999999999997,1,0,,,,,,,,,1
1882,0,22,344.90999999999997,2.8271311475409835,140.0,107,49,56.160000000000004,0.0,318.40999999999997,26.5,0.6327157809283582,-291.90999999999997,0.14002543196948164,0.0,0,60.63000000000001,1,0,,,,,,,,,1
884,4,65,611.4999999999998,2.5479166666666657,324.0,174,70,68.92,0.0,436.8699999999998,174.63,0.43355682747342617,-262.2399999999998,0.10129037947150293,0.0,0,62.849999999999994,1,1,,,,,,,,,1
341,5,29,392.8100000000002,2.0458854166666676,299.0,139,47,102.33,4.0,236.28000000000014,156.53,0.46974364196430834,-79.75000000000014,0.20666882093953218,0.13793103448275862,0,0.69,1,1,,,,,,,,,1
851,35,20,163.40000000000003,3.0830188679245287,96.0,27,18,34.08,0.0,155.03000000000003,8.370000000000001,0.4664014687882496,-146.66000000000003,0.1725744379177638,0.0,0,3.38,1,1,,,,,,,,,1
552,2,39,1987.66,2.9016934306569344,1083.0,465,87,580.7699999999999,1.0,707.03,1280.6299999999999,0.5603121258162865,573.5999999999999,0.22611867950460005,0.02564102564102564,0,301.81,1,0,,,,,,,,,1
585,1,38,730.29,2.9328915662650603,14191.0,218,76,276.14,2.0,409.98,320.31,0.4886551917731312,-89.67000000000002,0.2743757638385183,0.05263157894736842,0,74.78,1,1,,,,,,,,,1
628,3,16,973.3299999999999,3.8778087649402386,302.0,223,90,129.88,1.0,436.29,537.04,0.5577964308096945,100.74999999999994,0.11772917214310964,0.0625,0,174.66,1,0,,,,,,,,,1
241,2,15,198.23,3.09734375,84.0,55,37,40.14,0.0,99.05,99.18,0.5215154113908087,0.13000000000000966,0.16839367370054956,0.0,0,1.5,1,1,,,,,,,,,1
2256,0,27,1213.6700000000003,3.418788732394367,60082.0,337,97,163.85999999999999,5.0,187.59,1026.0800000000002,0.5935798034061975,838.4900000000001,0.11895203734219942,0.18518518518518517,0,283.89,1,0,,,,,,,,,1
827,4,18,277.53000000000003,2.33218487394958,130.0,115,59,65.55,5.0,213.47000000000003,64.06,0.6166540554174322,-149.41000000000003,0.19106330884924796,0.2777777777777778,0,49.35000000000001,1,0,,,,,,,,,1
2349,0,59,1745.09,2.957779661016949,81667.0,425,126,300.85999999999996,4.0,695.1700000000001,1049.9199999999998,0.5032462509096952,354.7499999999998,0.14705149197194456,0.06779661016949153,0,355.19000000000005,1,0,,,,,,,,,1
1322,22,15,256.99,3.337532467532468,98.0,70,45,51.489999999999995,0.0,188.58,68.41,0.367835324331686,-120.17000000000002,0.16691519709543565,0.0,0,3.66,1,1,,,,,,,,,1
2417,28,8,188.38,2.99015873015873,82.0,58,44,33.4,0.0,103.04,85.34,0.4449516933857097,-17.700000000000003,0.15059969338984577,0.0,0,7.7299999999999995,1,1,,,,,,,,,1
1043,11,18,950.03,2.7143714285714284,674.0,291,73,389.83000000000004,0.0,493.52,456.51000000000005,0.6878940665031632,-37.009999999999934,0.29094830803218247,0.0,0,38.7,1,1,,,,,,,,,1
2442,0,31,517.73,3.6204895104895107,206.0,127,54,156.17,0.0,230.67,287.06,0.4693952446255769,56.390000000000015,0.231740614334471,0.0,0,106.60000000000001,1,0,,,,,,,,,1
120,20,17,226.21,7.8003448275862075,18879.0,22,15,4.66,0.0,94.84,131.37,0.34008222448167635,36.53,0.020184519426517087,0.0,0,16.11,1,1,,,,,,,,,1
1846,2,16,425.8699999999999,3.154592592592592,214.0,123,48,219.83999999999997,1.0,49.73,376.14,0.7724892572850871,326.40999999999997,0.34046243669758874,0.0625,0,264.52000000000004,1,0,,,,,,,,,1
2049,1,25,723.62,3.4622966507177035,291.0,184,78,164.92000000000002,9.0,538.57,185.04999999999998,0.7438019955225118,-353.5200000000001,0.18560785108154954,0.36,0,274.5,1,0,,,,,,,,,1
1958,6,28,693.3000000000001,2.100909090909091,411.0,290,101,132.66000000000003,4.0,254.64999999999998,438.65,0.6017885475263232,184.0,0.16061310475083543,0.14285714285714285,0,324.56,1,0,,,,,,,,,1
2127,3,22,1331.2500000000002,3.8254310344827593,65483.0,297,79,395.73,5.0,160.27999999999997,1170.97,0.5348732394366198,1010.69,0.22914567626724106,0.22727272727272727,0,130.57,1,1,,,,,,,,,1
1645,42,6,243.40999999999997,4.125593220338983,81.0,55,34,60.6,0.0,106.93999999999998,136.47,0.5398299166016187,29.530000000000015,0.19933554817275748,0.0,0,53.11000000000001,1,0,,,,,,,,,1
1407,2,27,1098.4699999999998,3.076946778711484,407.0,290,106,86.93,1.0,174.90999999999997,923.5600000000001,0.5137236337815325,748.6500000000001,0.0733338957313987,0.037037037037037035,0,517.4700000000001,1,0,,,,,,,,,1
1323,8,10,288.39,3.134673913043478,154.0,83,44,66.99,0.0,237.73,50.66,0.6906966260966053,-187.07,0.18850244808374134,0.0,0,8.66,1,1,,,,,,,,,1
1313,0,21,831.5099999999999,2.762491694352159,364.0,257,98,119.39,2.0,227.27999999999997,604.23,0.6057173094731273,376.95000000000005,0.12555473761699446,0.09523809523809523,0,199.45999999999998,1,0,,,,,,,,,1
1657,1,31,351.11,2.950504201680672,29881.0,76,47,34.39,0.0,147.22,203.89,0.39403605707612993,56.66999999999999,0.08920881971465629,0.0,0,296.78999999999996,1,0,,,,,,,,,1
62,0,31,340.4600000000001,1.4867248908296948,253.0,175,82,71.87,3.0,79.75,260.71,0.6107325383304938,180.95999999999998,0.17430213663812963,0.0967741935483871,0,18.83,1,1,,,,,,,,,1
9,0,14,622.38,3.6396491228070174,285.0,154,66,155.09,1.0,109.73,512.65,0.7801182557280117,402.91999999999996,0.1994803658018959,0.07142857142857142,0,175.04000000000002,1,0,,,,,,,,,1
1956,0,38,1289.6399999999999,3.6327887323943657,445.0,278,93,176.25,1.0,746.69,542.95,0.5625833565956391,-203.74,0.12023412397928904,0.02631578947368421,0,884.9100000000003,1,0,,,,,,,,,1
2409,17,7,837.4200000000001,2.406379310344828,468.0,295,98,276.40000000000003,3.0,759.6400000000001,77.78000000000002,0.6412791669652026,-681.8600000000001,0.2481549981145966,0.42857142857142855,0,69.13,1,1,,,,,,,,,1
1629,1,7,265.86,3.641917808219178,84.0,73,49,33.019999999999996,0.0,117.08000000000001,148.78,0.5571353343865192,31.69999999999999,0.1104791220556745,0.0,0,324.85,1,0,,,,,,,,,1
2309,0,8,156.21,3.323617021276596,63.0,44,33,67.97,1.0,35.45,120.76,0.5790922476153895,85.31,0.30319386207511817,0.125,0,118.80000000000001,1,0,,,,,,,,,1
1212,46,5,174.55999999999997,2.2096202531645566,93.0,73,41,41.209999999999994,0.0,174.55999999999997,0.0,0.6890467461044913,-174.55999999999997,0.19099040645131388,0.0,0,20.71,1,1,,,,,,,,,1
1342,9,9,127.66000000000001,4.728148148148149,12586.0,27,23,10.32,0.0,30.11,97.55,0.31912893623687916,67.44,0.07479344832584432,0.0,0,32.36,1,0,,,,,,,,,1
1422,1,7,306.66999999999996,2.9487499999999995,137.0,104,44,77.66000000000001,0.0,66.86,239.80999999999997,0.5724720383474093,172.95,0.20206593292222833,0.0,0,175.09999999999997,1,0,,,,,,,,,1
2495,15,19,206.51,3.177076923076923,89.0,59,35,33.58,0.0,35.71,170.8,0.6058302261391699,135.09,0.13986421758507228,0.0,0,2.49,1,1,,,,,,,,,1
2125,0,84,3596.220000000002,4.43977777777778,354728.0,538,121,682.95,1.0,197.76999999999998,3398.4500000000016,0.471525657495926,3200.6800000000017,0.15959870722593394,0.011904761904761904,0,1237.0700000000002,1,0,,,,,,,,,1
407,1,44,582.1800000000001,4.65744,284.0,101,49,294.2099999999999,5.0,247.10000000000002,335.08000000000004,0.7004534679995877,87.98000000000002,0.3357067059185978,0.11363636363636363,0,114.2,1,0,,,,,,,,,1
2072,66,11,240.96000000000004,2.0594871794871796,146.0,100,48,57.86000000000001,3.0,240.96000000000004,0.0,0.5123671978751658,-240.96000000000004,0.19362827120005352,0.2727272727272727,0,37.32,1,0,,,,,,,,,1
1358,0,64,1609.4,2.5186228482003132,5835.0,494,99,419.7299999999998,2.0,813.26,796.1400000000001,0.670908413073195,-17.11999999999989,0.206852197739918,0.03125,0,857.28,1,0,,,,,,,,,1
1986,2,11,222.43999999999997,2.391827956989247,126.0,91,58,54.150000000000006,1.0,136.32,86.11999999999999,0.5935533177486063,-50.2,0.19577714306374058,0.09090909090909091,0,7.62,1,1,,,,,,,,,1
777,0,28,1866.7400000000005,4.643631840796021,266743.0,290,110,195.48999999999995,1.0,90.63999999999999,1776.1000000000004,0.39355775308827146,1685.4600000000005,0.09479543988788831,0.03571428571428571,0,879.0100000000001,1,0,,,,,,,,,1
1487,1,25,797.9399999999999,3.6105882352941174,25645.0,192,87,111.45,1.0,161.26999999999998,636.6699999999998,0.42745068551520166,475.39999999999986,0.12255467951044106,0.04,0,673.3399999999999,1,0,,,,,,,,,1
1433,5,2,26.36,2.636,10.0,10,9,4.49,0.0,11.52,14.840000000000002,0.4503034901365706,3.320000000000002,0.14554294975688817,0.0,0,43.68,1,0,,,,,,,,,1
1105,79,1,57.230000000000004,3.5768750000000002,19.0,16,8,28.29,0.0,57.230000000000004,0.0,0.578892189411148,-57.230000000000004,0.3307998129092609,0.0,0,442.90999999999997,1,0,,,,,,,,,1
2189,1,81,1159.09,5.366157407407407,116263.0,129,53,95.1,1.0,364.56,794.5300000000001,0.40630149513842756,429.9700000000001,0.07582583181176697,0.012345679012345678,0,176.37999999999997,1,0,,,,,,,,,1
1870,1,32,252.39000000000001,3.505416666666667,149.0,41,28,72.61,0.0,94.65,157.74,0.8436942826577915,63.09,0.22341538461538463,0.0,0,51.209999999999994,1,0,,,,,,,,,1
2048,1,32,1097.41,4.771347826086957,32968.0,196,90,155.49,2.0,183.72,913.69,0.42136484996491735,729.97,0.12410407853779232,0.0625,0,441.0499999999998,1,0,,,,,,,,,1
531,3,35,943.2799999999999,2.8326726726726723,409.0,214,82,300.78,4.0,438.05000000000007,505.2299999999999,0.5714316003731661,67.17999999999984,0.2417729048438178,0.11428571428571428,0,117.35999999999999,1,1,,,,,,,,,1
1152,0,65,1060.14,3.5103973509933777,44111.0,231,97,161.16,1.0,789.0600000000001,271.08000000000004,0.5743675363631219,-517.98,0.13195774993859,0.015384615384615385,0,245.52,1,0,,,,,,,,,1
1514,0,48,2193.2400000000002,2.648840579710145,999.0,474,101,397.6699999999999,68.0,714.91,1478.33,0.6598046725392569,763.42,0.15348661281171475,1.4166666666666667,0,162.07,1,1,,,,,,,,,1
1027,1,38,986.4000000000001,3.0825000000000005,453.0,229,87,196.65,4.0,449.69,536.71,0.5702656123276562,87.02000000000004,0.16622289844047164,0.10526315789473684,0,78.59,1,1,,,,,,,,,1
1290,0,25,745.4399999999999,2.0367213114754095,473.0,276,84,251.24,3.0,367.7099999999999,377.73,0.5045208199184374,10.020000000000095,0.2520768952923707,0.12,0,314.80000000000007,1,0,,,,,,,,,1
1652,0,25,644.3399999999999,3.373507853403141,214.0,170,64,103.65,0.0,441.7899999999999,202.55,0.6391811776391347,-239.2399999999999,0.13857137127501706,0.0,0,301.66,1,0,,,,,,,,,1
87,0,37,970.25,3.4284452296819787,325.0,167,68,76.53999999999999,1.0,170.39999999999998,799.8499999999999,0.3978871424890492,629.4499999999999,0.07311877262870298,0.02702702702702703,0,232.04999999999998,1,0,,,,,,,,,1
1559,3,39,1833.5300000000002,3.9601079913606916,547.0,392,115,200.46,2.0,526.62,1306.91,0.5471031289370776,780.2900000000001,0.09855505680952216,0.05128205128205128,0,891.8900000000001,1,0,,,,,,,,,1
2101,2,5,231.61,3.129864864864865,96.0,65,29,33.23,0.0,41.69,189.92,0.7643020594965675,148.23,0.12547198308412624,0.0,0,188.40999999999997,1,0,,,,,,,,,1
2022,0,73,6880.750000000004,4.090814506539836,57446.0,1210,204,949.4200000000001,17.0,2631.8800000000015,4248.870000000002,0.43731279293681624,1616.9900000000002,0.1212515181662722,0.2328767123287671,0,995.0300000000003,1,1,,,,,,,,,1
60,55,5,296.78000000000003,2.938415841584159,11175.0,95,56,36.37,0.0,296.78000000000003,0.0,0.5027966844126962,-296.78000000000003,0.10917004352393815,0.0,0,104.16,1,0,,,,,,,,,1
349,1,19,306.62,2.81302752293578,133.0,91,45,29.81,0.0,107.52000000000001,199.1,0.4793555541060595,91.57999999999998,0.08860684243379008,0.0,0,562.54,1,0,,,,,,,,,1
141,5,46,373.58,2.2779268292682926,14672.0,142,61,52.919999999999995,0.0,191.96999999999997,181.61,0.3196102575084319,-10.359999999999957,0.12407971864009378,0.0,0,74.76,1,0,,,,,,,,,1
1177,1,12,224.88000000000002,2.1215094339622644,112.0,76,33,24.77,0.0,14.950000000000001,209.93,0.2835289932408395,194.98000000000002,0.09921890646905666,0.0,0,113.10000000000001,1,0,,,,,,,,,1
2252,0,247,7464.300000000003,2.8167169811320765,484918.0,1428,189,2154.4399999999996,36.0,2360.8100000000004,5103.490000000002,0.4508955963720641,2742.680000000001,0.22398359868340337,0.145748987854251,0,2025.5200000000004,1,0,45-54,A,50-74K,Homeowner,2 Adults Kids,4,2,2252.0,1
866,0,118,4714.5700000000015,3.244714384033036,134721.0,783,138,1136.19,7.0,1816.7200000000005,2897.8500000000004,0.4520921314138933,1081.1299999999999,0.1941952840314762,0.059322033898305086,0,804.78,1,0,45-54,U,15-24K,Unknown,1 Adult Kids,2,1,866.0,1
31,0,41,3024.4700000000003,3.813959646910467,189336.0,560,128,1014.3400000000001,237.0,590.14,2434.330000000001,0.5381207285904638,1844.190000000001,0.2511482342571203,5.780487804878049,0,1372.4300000000003,1,0,35-44,B,35-49K,Homeowner,2 Adults No Kids,2,None/Unknown,31.0,1
178,0,65,1092.4700000000003,3.121342857142858,488.0,229,85,180.73000000000002,14.0,35.27,1057.2000000000003,0.48691497249352367,1021.9300000000003,0.14194941878730755,0.2153846153846154,0,936.0000000000002,1,0,25-34,A,25-34K,Homeowner,1 Adult Kids,5+,3+,178.0,1
1396,0,229,7177.060000000002,2.798074074074075,114335.0,1368,159,2031.2899999999993,33.0,4004.990000000002,3172.0700000000006,0.5213081679684995,-832.9200000000014,0.22059217992365612,0.14410480349344978,3,0.0,0,1,65+,A,125-149K,Homeowner,2 Adults No Kids,2,None/Unknown,1396.0,1
2013,0,94,1182.47,2.269616122840691,622.0,440,128,216.50000000000003,4.0,755.4900000000001,426.97999999999996,0.5284277825230239,-328.51000000000016,0.1547567138680601,0.0425531914893617,2,0.0,0,1,19-24,U,25-34K,Unknown,Single Female,1,None/Unknown,2013.0,1
38,10,27,706.1300000000001,4.869862068965518,275.0,133,68,61.66,1.0,465.58,240.55,0.5911659326186396,-225.02999999999997,0.08030841766628895,0.037037037037037035,1,0.0,0,1,,,,,,,,,1
1237,0,20,1051.16,3.0825806451612907,42304.0,230,86,171.72000000000003,2.0,443.69000000000005,607.4699999999998,0.48070702842573915,163.77999999999975,0.14042260892319772,0.1,2,0.0,0,1,,,,,,,,,1
45,4,57,807.0899999999999,3.4054430379746834,302.0,158,65,66.5,1.0,541.1099999999999,265.97999999999996,0.4326778921805499,-275.12999999999994,0.07612266623931135,0.017543859649122806,1,0.0,0,1,,,,,,,,,1
775,15,33,1121.0,3.0297297297297296,479.0,312,105,180.81999999999996,0.0,947.19,173.81,0.5403211418376449,-773.3800000000001,0.13889785070132582,0.0,0,0.0,0,1,,,,,,,,,1
870,29,12,241.40999999999997,2.6528571428571426,100.0,88,47,37.599999999999994,2.0,230.57999999999998,10.83,0.7164160556729217,-219.74999999999997,0.13476219490340846,0.16666666666666666,0,0.0,0,1,,,,,,,,,1
2073,5,72,1697.2300000000002,2.6602351097178687,114970.0,422,83,500.33000000000004,4.0,1576.8500000000001,120.38000000000001,0.562221973450858,-1456.47,0.2276752398114272,0.05555555555555555,0,0.0,0,1,,,,,,,,,1
620,7,19,304.98,2.850280373831776,18285.0,99,56,58.080000000000005,11.0,187.76999999999998,117.21000000000001,0.33589087809036655,-70.55999999999997,0.15997355808957198,0.5789473684210527,0,0.0,0,1,,,,,,,,,1
499,11,70,753.3600000000001,2.680996441281139,355.0,225,81,119.88000000000002,0.0,728.3400000000001,25.02,0.5379234363385366,-703.3200000000002,0.13728184691493747,0.0,0,0.0,0,1,,,,,,,,,1
1308,6,23,320.58000000000004,2.374666666666667,154.0,82,42,59.629999999999995,0.0,290.63000000000005,29.950000000000003,0.469679955081415,-260.68000000000006,0.15683438099997368,0.0,0,0.0,0,1,,,,,,,,,1
372,17,10,440.41999999999996,2.7019631901840486,9460.0,147,57,103.62,1.0,298.01000000000005,142.40999999999997,0.540801961763771,-155.60000000000008,0.1904639364752592,0.1,0,0.0,0,1,,,,,,,,,1
950,1,58,2026.9999999999998,2.7026666666666666,40210.0,491,118,343.34,1.0,686.94,1340.0599999999997,0.5006512086827826,653.1199999999997,0.1448484183703604,0.017241379310344827,0,0.0,0,1,,,,,,,,,1
2436,3,15,972.6800000000001,3.4370318021201416,20406.0,260,106,170.72000000000003,6.0,742.2600000000001,230.42,0.5149381091417526,-511.84000000000015,0.14930907818786077,0.4,0,0.0,0,1,,,,,,,,,1
1603,7,11,492.71999999999997,2.1422608695652174,284.0,195,76,140.14999999999998,1.0,58.56,434.16,0.3569167072576718,375.6,0.22145148292698344,0.09090909090909091,0,0.0,0,1,,,,,,,,,1
173,32,10,234.97,2.900864197530864,121.0,51,28,41.85000000000001,0.0,5.98,228.99,0.6791930884793803,223.01000000000002,0.15118127302940543,0.0,0,0.0,0,1,,,,,,,,,1
2177,1,3,133.5,3.034090909090909,53.0,43,31,32.26,0.0,91.26000000000002,42.24,0.5589513108614232,-49.02000000000002,0.19461872586872586,0.0,0,0.0,0,1,,,,,,,,,1
423,4,14,230.85,1.9900862068965517,149.0,101,48,97.28,11.0,3.0,227.85,0.6654104396794457,224.85,0.2964678633468443,0.7857142857142857,0,0.0,0,1,,,,,,,,,1
2265,78,3,77.44000000000001,3.8720000000000008,7170.0,20,17,5.449999999999999,0.0,77.44000000000001,0.0,0.5526859504132231,-77.44000000000001,0.06574978887682469,0.0,0,0.0,0,1,,,,,,,,,1
1785,0,57,1180.2900000000002,2.111431127012523,640.0,412,132,338.61,2.0,273.12000000000006,907.1700000000001,0.5192452702301976,634.05,0.22293106853644085,0.03508771929824561,0,375.40999999999997,1,0,25-34,A,35-49K,Homeowner,2 Adults Kids,5+,3+,1785.0,1
2465,0,145,1864.3500000000001,3.23671875,105998.0,369,110,434.05000000000007,2.0,992.4599999999999,871.89,0.3975004693324751,-120.56999999999994,0.18884876435781414,0.013793103448275862,0,224.94,1,1,65+,A,15-24K,Homeowner,Single Female,2,None/Unknown,2465.0,1
1680,1,44,1892.09,2.6279027777777775,827.0,526,125,563.51,21.0,531.1700000000001,1360.9199999999998,0.6540756517924622,829.7499999999998,0.22947955693109628,0.4772727272727273,0,147.59,1,1,25-34,A,15-24K,Homeowner,2 Adults Kids,3,1,1680.0,1
1844,0,73,1303.7099999999998,3.0893601895734593,550.0,292,109,103.91999999999999,9.0,514.9399999999999,788.77,0.3182839741967156,273.83000000000004,0.07382621853754183,0.1232876712328767,0,220.09,1,0,45-54,A,250K+,Homeowner,2 Adults No Kids,2,None/Unknown,1844.0,1
201,0,31,908.81,3.0293666666666663,456.0,192,65,251.56999999999996,2.0,15.119999999999997,893.69,0.576336087851146,878.57,0.21679966907392406,0.06451612903225806,0,526.3599999999999,1,0,45-54,A,15-24K,Homeowner,2 Adults Kids,5+,3+,201.0,1
1815,0,72,3346.7600000000007,3.394279918864098,203155.0,721,162,605.2599999999999,6.0,540.05,2806.7100000000005,0.5641635492237268,2266.6600000000008,0.15315205894707007,0.08333333333333333,0,1058.71,1,0,45-54,U,25-34K,Unknown,2 Adults No Kids,2,None/Unknown,1815.0,1
2316,6,27,751.8900000000001,3.6857352941176473,7571.0,180,86,99.64999999999999,0.0,610.25,141.64000000000001,0.4555320592107889,-468.61,0.11702327547737039,0.0,1,0.0,0,1,,,,,,,,,1
584,12,56,1098.2999999999997,5.132242990654205,119873.0,167,70,108.26999999999998,1.0,797.2499999999999,301.04999999999995,0.29959938086133125,-496.19999999999993,0.08973370794897935,0.017857142857142856,1,0.0,0,1,,,,,,,,,1
1582,2,37,1907.02,2.8505530642750374,16323.0,454,123,216.27999999999997,2.0,1227.28,679.7400000000001,0.5567115184948245,-547.5399999999998,0.10186031177883481,0.05405405405405406,4,0.0,0,1,,,,,,,,,1
2356,0,98,2159.7800000000007,1.967012750455374,1250.0,659,127,676.1200000000001,7.0,1604.9100000000008,554.87,0.5806378427432423,-1050.0400000000009,0.23841461264501568,0.07142857142857142,2,0.0,0,1,,,,,,,,,1
645,11,49,429.06000000000006,2.8043137254901964,198.0,120,63,96.88000000000001,0.0,216.64000000000004,212.42,0.5429543653568265,-4.220000000000056,0.18420352131421835,0.0,0,0.0,0,1,,,,,,,,,1
2491,7,62,950.7700000000001,2.641027777777778,502.0,261,69,179.88,3.0,644.5600000000002,306.2100000000001,0.757764759090001,-338.3500000000001,0.15909432627249812,0.04838709677419355,0,0.0,0,1,,,,,,,,,1
2045,3,19,310.64,3.4903370786516854,13893.0,86,45,34.8,1.0,110.6,200.04,0.4238668555240794,89.44,0.10074108383510884,0.05263157894736842,0,0.0,0,1,,,,,,,,,1
1674,28,8,120.28,1.5035,103.0,53,25,80.44999999999999,0.0,105.69,14.59,0.7482540738277352,-91.1,0.40078712698649926,0.0,0,0.0,0,1,,,,,,,,,1
1028,9,12,121.91,1.7415714285714285,94.0,46,29,16.1,1.0,83.06,38.849999999999994,0.5900254285948652,-44.21000000000001,0.1166582131729585,0.08333333333333333,0,0.0,0,1,,,,,,,,,1
1888,14,11,135.61,2.152539682539683,4609.0,61,39,16.33,0.0,120.64,14.97,0.5256249539119533,-105.67,0.10747663551401868,0.0,0,0.0,0,1,,,,,,,,,1
683,3,9,170.05999999999997,2.1257499999999996,104.0,60,37,30.53,0.0,146.78,23.28,0.5498059508408798,-123.5,0.1522010070292637,0.0,0,0.0,0,1,,,,,,,,,1
990,7,16,247.11999999999998,4.051147540983606,32962.0,53,30,25.329999999999995,0.0,174.41,72.71000000000001,0.3770233085140822,-101.69999999999999,0.09297118737383005,0.0,0,0.0,0,1,,,,,,,,,1
1022,5,36,263.27000000000004,2.0408527131782948,152.0,97,54,58.099999999999994,0.0,198.53000000000003,64.74000000000001,0.47821627986477755,-133.79000000000002,0.18078849923763884,0.0,0,0.0,0,1,,,,,,,,,1
1561,1,6,401.40999999999997,3.8229523809523807,165.0,100,56,55.67999999999999,0.0,299.15000000000003,102.25999999999999,0.534067412371391,-196.89000000000004,0.12181408475354961,0.0,0,0.0,0,1,,,,,,,,,1
522,18,3,29.34,3.6675,7.0,8,5,0.29,0.0,15.58,13.760000000000002,0.49693251533742333,-1.8199999999999985,0.009787377657779277,0.0,0,0.0,0,1,,,,,,,,,1
1035,30,4,183.04,5.2297142857142855,57.0,35,20,11.790000000000001,0.0,145.71999999999997,37.32,0.3512893356643357,-108.39999999999998,0.06051429451316533,0.0,0,0.0,0,1,,,,,,,,,1
1436,3,8,134.89,2.594038461538461,58.0,46,31,33.339999999999996,1.0,55.019999999999996,79.87,0.5337682556156869,24.85000000000001,0.1981810616417999,0.125,0,0.0,0,1,,,,,,,,,1
1504,60,3,66.33,9.475714285714286,9.0,7,6,31.68,0.0,66.33,0.0,0.825719885421378,-66.33,0.32323232323232326,0.0,0,0.0,0,1,,,,,,,,,1
2422,25,5,368.07,3.439906542056075,13136.0,93,59,46.05,1.0,237.37,130.7,0.5759230581139456,-106.67000000000002,0.11119965227470298,0.2,0,0.0,0,1,,,,,,,,,1
1626,26,2,42.959999999999994,5.369999999999999,8.0,8,3,2.1599999999999997,0.0,2.0,40.959999999999994,0.534683426443203,38.959999999999994,0.04787234042553192,0.0,0,0.0,0,1,,,,,,,,,1
1727,71,2,149.01,8.278333333333332,32645.0,18,16,6.390000000000001,0.0,149.01,0.0,0.50332192470304,-149.01,0.04111969111969113,0.0,0,0.0,0,1,,,,,,,,,1
1830,78,1,39.440000000000005,5.634285714285715,10.0,7,7,10.19,0.0,39.440000000000005,0.0,0.7269269776876267,-39.440000000000005,0.20531936328833364,0.0,0,0.0,0,1,,,,,,,,,1
1775,0,182,8131.550000000003,3.7215331807780334,503746.0,1085,169,1583.3400000000001,116.0,2510.6100000000006,5620.940000000001,0.5657629849167747,3110.330000000001,0.16298074399195459,0.6373626373626373,0,1353.5900000000001,1,0,45-54,A,75-99K,Homeowner,2 Adults Kids,5+,3+,1775.0,1
309,3,21,2242.84,3.3879758308157104,995.0,282,75,463.55000000000007,5.0,1252.95,989.89,0.833938221183856,-263.06000000000006,0.17127982293756627,0.23809523809523808,0,82.75000000000001,1,1,25-34,A,75-99K,Homeowner,Single Male,2,None/Unknown,309.0,1
1268,0,66,2784.2000000000003,3.5243037974683546,4479.0,497,131,414.35999999999996,0.0,1556.21,1227.99,0.5864772645643271,-328.22,0.12954579560802357,0.0,0,229.36,1,1,35-44,U,Under 15K,Homeowner,2 Adults Kids,4,2,1268.0,1
325,1,60,2153.35,2.74312101910828,16140.0,600,129,867.5600000000001,24.0,1014.65,1138.6999999999998,0.6670629484291918,124.04999999999984,0.2871849873051498,0.4,0,697.23,1,0,35-44,A,75-99K,Homeowner,2 Adults Kids,4,2,325.0,1
159,0,68,1758.37,2.260115681233933,7013.0,536,114,354.65999999999997,0.0,596.5400000000001,1161.83,0.5311111995768809,565.2899999999998,0.16784428048820887,0.0,0,385.5,1,0,45-54,U,Under 15K,Homeowner,2 Adults No Kids,2,None/Unknown,159.0,1
572,15,45,903.1499999999999,2.4542119565217386,3356.0,282,95,175.88999999999996,0.0,749.0099999999999,154.14,0.4272933621214638,-594.8699999999999,0.1630060053380783,0.0,2,0.0,0,1,,,,,,,,,1
2009,43,33,1506.8800000000015,3.739156327543428,31504.0,339,111,300.48,6.0,1486.4000000000015,20.48,0.535059195158207,-1465.9200000000014,0.16625354107648713,0.18181818181818182,1,0.0,0,1,,,,,,,,,1
1825,4,43,1831.8400000000004,4.191853546910756,99678.0,287,91,360.08,0.0,1005.61,826.23,0.43139684688619084,-179.38,0.16427606846965212,0.0,1,0.0,0,1,,,,,,,,,1
444,7,44,1261.62,3.054769975786925,518.0,354,102,165.29000000000002,1.0,669.1800000000001,592.4399999999999,0.5342496155736276,-76.74000000000012,0.11583771926750813,0.022727272727272728,0,0.0,0,1,,,,,,,,,1
555,2,21,561.03,4.2826717557251905,187.0,108,55,63.14,0.0,425.03000000000003,136.0,0.3377894230255067,-289.03000000000003,0.10115833827322686,0.0,0,0.0,0,1,,,,,,,,,1
2106,18,52,2807.030000000001,4.413569182389939,134928.0,473,141,239.09999999999997,2.0,2475.770000000001,331.26,0.40571351214628965,-2144.510000000001,0.07849303870813126,0.038461538461538464,0,0.0,0,1,,,,,,,,,1
2304,6,88,240.09,1.9054761904761905,4761.0,75,36,44.60999999999999,1.0,201.33,38.76,0.38277312674413755,-162.57000000000002,0.15669125395152791,0.011363636363636364,0,0.0,0,1,,,,,,,,,1
231,24,9,325.68000000000006,3.131538461538462,19363.0,91,47,111.17000000000002,1.0,318.18000000000006,7.5,0.5404998771800539,-310.68000000000006,0.25448094311548586,0.1111111111111111,0,0.0,0,1,,,,,,,,,1
2365,56,7,313.65,2.61375,132.0,106,58,37.06,2.0,313.65,0.0,0.5460226366969552,-313.65,0.10567135239941834,0.2857142857142857,0,0.0,0,1,,,,,,,,,1
892,2,22,443.31,2.1624878048780487,253.0,192,88,158.10999999999999,16.0,227.39999999999998,215.91000000000003,0.6236268074259548,-11.489999999999952,0.26289448305676566,0.7272727272727273,0,0.0,0,1,,,,,,,,,1
2166,16,30,84.21000000000001,2.1052500000000003,54.0,19,11,21.57,0.0,65.08,19.13,0.8237738985868661,-45.95,0.20391378332387974,0.0,0,0.0,0,1,,,,,,,,,1
1455,51,14,820.1800000000001,3.505042735042735,70931.0,203,93,139.14000000000001,1.0,820.1800000000001,0.0,0.38295252261698653,-820.1800000000001,0.14504023683442438,0.07142857142857142,0,0.0,0,1,,,,,,,,,1
1910,1,26,741.8300000000002,3.9043684210526326,225.0,116,62,85.70000000000002,1.0,495.56000000000023,246.27,0.46493131849615127,-249.29000000000022,0.10356120019818012,0.038461538461538464,0,0.0,0,1,,,,,,,,,1
102,63,8,304.84,2.8758490566037733,139.0,92,45,55.66,1.0,304.84,0.0,0.6057603988977825,-304.84,0.15439667128987516,0.125,0,0.0,0,1,,,,,,,,,1
917,7,44,488.4799999999999,2.6839560439560435,241.0,164,66,114.20999999999998,0.0,278.3299999999999,210.15000000000003,0.4900302980674747,-68.1799999999999,0.18950040651080988,0.0,0,0.0,0,1,,,,,,,,,1
130,40,20,511.62,3.3882119205298014,32624.0,121,54,55.72999999999999,0.0,463.55000000000007,48.07,0.3426566592392791,-415.4800000000001,0.09822860668017976,0.0,0,0.0,0,1,,,,,,,,,1
1026,27,26,412.53999999999996,1.936807511737089,257.0,133,47,132.83,0.0,149.46,263.08,0.7183061036505552,113.61999999999998,0.24355941837651504,0.0,0,0.0,0,1,,,,,,,,,1
835,4,17,273.81,3.9682608695652175,91.0,66,34,16.02,0.0,105.41999999999999,168.39000000000001,0.4686461414849713,62.97000000000003,0.055273781182072254,0.0,0,0.0,0,1,,,,,,,,,1
355,35,7,340.34,5.079701492537313,102.0,66,36,69.52,0.0,228.84000000000003,111.50000000000001,0.46524064171123,-117.34000000000002,0.16961889425657542,0.0,0,0.0,0,1,,,,,,,,,1
2403,2,10,118.69,2.197962962962963,57.0,48,25,16.95,0.0,37.89,80.80000000000001,0.5710674867301374,42.91000000000001,0.12496313771748747,0.0,0,0.0,0,1,,,,,,,,,1
948,35,4,304.85000000000014,2.849065420560749,146.0,100,46,74.48,0.0,290.5000000000001,14.350000000000001,0.6884041331802522,-276.1500000000001,0.19634618933382536,0.0,0,0.0,0,1,,,,,,,,,1
11,29,5,33.39,1.855,20.0,17,14,10.98,0.0,23.34,10.05,0.29410002994908657,-13.29,0.24746450304259635,0.0,0,0.0,0,1,,,,,,,,,1
2473,2,9,330.68,3.1796153846153845,136.0,102,62,53.359999999999985,0.0,203.48,127.19999999999999,0.4173218821821701,-76.28,0.13894386001458178,0.0,0,0.0,0,1,,,,,,,,,1
1897,78,1,19.58,3.9159999999999995,5.0,5,5,0.98,0.0,19.58,0.0,0.9744637385086823,-19.58,0.04766536964980545,0.0,0,0.0,0,1,,,,,,,,,1
1523,27,66,1637.39,2.80375,135802.0,432,117,344.54,2.0,1471.57,165.82,0.5342404680619766,-1305.75,0.17384065027523676,0.030303030303030304,0,30.910000000000004,1,1,,,,,,,,,1
910,1,32,873.0600000000003,3.0002061855670115,53861.0,237,84,136.28,2.0,291.44,581.6200000000001,0.5099878587955007,290.1800000000001,0.13501892325678164,0.0625,0,285.04999999999995,1,0,,,,,,,,,1
1215,1,13,479.2099999999999,4.940309278350514,161.0,91,54,56.18000000000001,0.0,309.02,170.19,0.37924918094363647,-138.82999999999998,0.10493285268682646,0.0,0,307.24,1,0,,,,,,,,,1
2077,0,92,1440.05,2.6717068645640074,58613.0,304,110,159.12,0.0,712.6,727.45,0.35964723447102537,14.850000000000023,0.09950161646354046,0.0,0,395.13000000000005,1,0,,,,,,,,,1
1068,3,95,796.2199999999999,2.026005089058524,2416.0,304,97,174.40999999999997,0.0,755.9399999999999,40.28,0.67120896234709,-715.66,0.1796874195110392,0.0,0,525.6300000000001,1,0,,,,,,,,,1
1576,0,13,328.07000000000005,1.5188425925925928,241.0,175,63,116.61000000000004,0.0,186.05,142.01999999999998,0.746639436705581,-44.03000000000003,0.2622335162363948,0.0,0,143.04,1,0,,,,,,,,,1
148,1,46,1049.7,3.2700934579439256,392.0,267,94,113.91000000000001,1.0,309.72,739.9800000000001,0.4889587501190815,430.2600000000001,0.0978936241524222,0.021739130434782608,0,182.06000000000003,1,0,,,,,,,,,1
461,0,34,597.75,2.325875486381323,33040.0,199,72,182.52999999999997,2.0,279.28000000000003,318.47,0.47322459222082813,39.19,0.23392884605526218,0.058823529411764705,0,67.05000000000001,1,1,,,,,,,,,1
360,1,30,382.0199999999999,2.3727950310559,188.0,143,66,59.04,0.0,205.17,176.85000000000002,0.4625150515679809,-28.319999999999965,0.1338593388654605,0.0,0,65.58,1,0,,,,,,,,,1
666,0,83,800.33,2.3678402366863907,416.0,264,89,148.82999999999998,0.0,141.54999999999998,658.78,0.6149588294828383,517.23,0.15680180370011376,0.0,0,220.36999999999995,1,0,,,,,,,,,1
59,1,37,1433.76,3.3265893271461717,28037.0,352,119,322.7999999999999,15.0,543.38,890.38,0.5184898448833837,347.0,0.18376827435441995,0.40540540540540543,0,254.56999999999994,1,0,,,,,,,,,1
686,3,20,521.99,4.015307692307692,185.0,118,67,91.09000000000002,1.0,163.41000000000003,358.58,0.40675108718557823,195.16999999999996,0.1485776733868337,0.05,0,12.58,1,1,,,,,,,,,1
1413,1,22,310.19999999999993,2.899065420560747,129.0,103,57,32.980000000000004,1.0,233.13,77.07,0.5466150870406191,-156.06,0.09610117139693458,0.045454545454545456,0,33.86000000000001,1,1,,,,,,,,,1
1682,4,8,88.91,1.7782,66.0,47,25,21.41,0.0,64.99,23.92,0.66550444269486,-41.06999999999999,0.19407179115300943,0.0,0,70.02,1,0,,,,,,,,,1
1109,0,81,2804.2300000000005,2.9363664921465973,1222.0,497,126,415.71,5.0,1259.26,1544.97,0.4653612578140878,285.71000000000004,0.12910489015323265,0.06172839506172839,0,254.77000000000004,1,1,,,,,,,,,1
794,8,28,1364.6899999999998,3.3613054187192115,559.0,319,114,288.52,1.0,484.92,879.7700000000002,0.4754852750441493,394.8500000000002,0.17452108322596646,0.03571428571428571,0,387.80999999999995,1,0,,,,,,,,,1
2311,1,54,1768.5299999999997,3.515964214711729,142481.0,256,88,247.71999999999997,0.0,827.05,941.4799999999999,0.6226131306791517,114.42999999999995,0.1228617482951023,0.0,0,62.30000000000001,1,1,,,,,,,,,1
1960,0,80,2196.7599999999998,4.6839232409381655,252439.0,355,79,542.72,2.0,846.0799999999999,1350.6800000000003,0.2912926309656039,504.60000000000036,0.19811059033101178,0.025,0,441.0199999999999,1,0,,,,,,,,,1
448,0,34,268.8,3.8956521739130436,15005.0,60,37,30.89,1.0,107.13,161.67,0.431733630952381,54.53999999999999,0.10307317561480196,0.029411764705882353,0,224.57,1,0,,,,,,,,,1
2219,7,22,1044.63,18.654107142857146,374446.0,38,18,20.33,0.0,873.6700000000001,170.96,0.8670055426323195,-702.71,0.019089918870192304,0.0,0,32.79,1,1,,,,,,,,,1
1898,1,37,504.09000000000003,2.7850276243093925,325.0,121,50,194.67,0.0,406.29,97.80000000000001,0.7423475966593267,-308.49,0.2785935085007728,0.0,0,213.61999999999998,1,0,,,,,,,,,1
340,4,28,1050.57,2.9930769230769227,486.0,272,90,212.17,0.0,589.16,461.41,0.5799899102392034,-127.74999999999994,0.1680235044427198,0.0,0,6.99,1,1,,,,,,,,,1
1498,1,25,919.48,2.7612012012012013,388.0,235,93,155.98999999999998,7.0,493.8800000000001,425.59999999999997,0.6510527689563667,-68.28000000000014,0.1450435623494844,0.28,0,40.7,1,1,,,,,,,,,1
1404,1,34,1011.11,2.3137528604118995,517.0,357,98,168.44000000000003,0.0,611.5,399.60999999999996,0.5467258755229402,-211.89000000000004,0.14280022042304272,0.0,0,237.07999999999998,1,0,,,,,,,,,1
758,7,14,289.3299999999999,3.4038823529411757,9099.0,82,44,40.449999999999996,0.0,184.89999999999995,104.43,0.6275187502160163,-80.46999999999994,0.12265752926193221,0.0,0,55.59,1,0,,,,,,,,,1
1465,2,51,923.3799999999999,3.1195270270270266,26347.0,248,101,139.72,4.0,574.9799999999999,348.4,0.4459160908834933,-226.57999999999993,0.13142695889380115,0.0784313725490196,0,115.14,1,1,,,,,,,,,1
2169,1,32,687.4099999999999,3.068794642857142,20548.0,211,89,145.82,0.0,228.01,459.4,0.4302526876245618,231.39,0.1750057007068877,0.0,0,170.54999999999998,1,0,,,,,,,,,1
153,0,84,1390.5300000000002,1.4102738336713998,5600.0,397,76,294.40999999999985,9.0,554.2,836.3300000000003,0.7966099257117792,282.1300000000002,0.17473025745723875,0.10714285714285714,0,168.12,1,1,,,,,,,,,1
652,7,38,1378.8799999999999,2.012963503649635,775.0,281,88,189.78000000000003,3.0,728.9899999999999,649.8900000000001,0.6955427593409144,-79.0999999999998,0.12098223961852794,0.07894736842105263,0,421.2099999999999,1,0,,,,,,,,,1
659,2,28,601.77,2.539113924050633,263.0,163,65,103.91999999999999,0.0,258.71999999999997,343.05,0.7349984213237616,84.33000000000004,0.1472601283849849,0.0,0,159.12,1,0,,,,,,,,,1
202,2,35,753.8800000000001,3.677463414634147,21314.0,185,91,96.34,0.0,533.39,220.49000000000004,0.38583063617551866,-312.9,0.11331184869798404,0.0,0,210.99999999999994,1,0,,,,,,,,,1
1658,1,56,1422.74,2.9517427385892114,597.0,230,87,235.96000000000004,3.0,764.23,658.51,0.5078861914334313,-105.72000000000003,0.14225598360161573,0.05357142857142857,0,355.92999999999995,1,0,,,,,,,,,1
977,3,29,821.65,2.505030487804878,405.0,287,92,166.82000000000002,0.0,228.95999999999998,592.6899999999999,0.589521085620398,363.72999999999996,0.1687658704867118,0.0,0,214.87,1,0,,,,,,,,,1
822,7,37,765.1,2.1431372549019607,10715.0,221,74,193.66,0.0,589.64,175.46,0.5207293164292249,-414.17999999999995,0.20199007050773915,0.0,0,101.45999999999998,1,1,,,,,,,,,1
106,1,36,1008.4200000000002,5.252187500000001,103851.0,168,81,68.84,1.0,302.35,706.07,0.39400249895876704,403.72,0.06390286467519446,0.027777777777777776,0,1006.2400000000002,1,0,,,,,,,,,1
625,1,28,900.9699999999999,2.292544529262086,3255.0,287,99,211.25,18.0,562.16,338.81,0.42636269798106496,-223.34999999999997,0.18993544442646243,0.6428571428571429,0,332.95,1,0,,,,,,,,,1
772,2,38,230.06,1.7297744360902256,21435.0,67,29,17.53,0.0,72.64000000000001,157.42000000000002,0.36694775276014946,84.78,0.07080253645139142,0.0,0,41.81999999999999,1,0,,,,,,,,,1
643,1,25,1167.1,2.526190476190476,9719.0,382,95,489.12,9.0,447.97999999999996,719.12,0.6657184474338104,271.14000000000004,0.29532308509739047,0.36,0,248.48999999999995,1,0,,,,,,,,,1
1669,2,7,173.17000000000002,3.0923214285714287,74.0,50,33,29.77,0.0,26.81,146.36,0.589305306923832,119.55000000000001,0.14669360402089285,0.0,0,124.80000000000001,1,0,,,,,,,,,1
1328,0,71,1542.5700000000002,2.754589285714286,19627.0,378,108,262.14,0.0,437.65000000000003,1104.92,0.4216145782687334,667.27,0.14525325398540484,0.0,0,1002.3199999999998,1,0,,,,,,,,,1
2218,2,15,664.26,1.9710979228486647,418.0,299,89,249.97999999999996,0.0,420.2,244.06000000000003,0.640908680336013,-176.13999999999996,0.2734292964648232,0.0,0,310.98999999999995,1,0,,,,,,,,,1
478,9,18,255.89000000000001,5.017450980392157,21982.0,38,24,26.88,0.0,190.36,65.53,0.2952440501778108,-124.83000000000001,0.09505958906531808,0.0,0,30.13,1,1,,,,,,,,,1
21,2,25,789.0699999999997,3.3015481171548107,38752.0,199,80,141.03,1.0,143.98,645.0899999999999,0.42716108836985334,501.1099999999999,0.15162885711213853,0.04,0,81.04,1,1,,,,,,,,,1
811,0,36,616.3700000000001,2.0077198697068406,375.0,242,82,127.51,0.0,229.18999999999994,387.18000000000006,0.6694842383633206,157.99000000000012,0.17141205570790985,0.0,0,63.86000000000001,1,1,,,,,,,,,1
1450,1,84,1512.8600000000004,3.526480186480187,69993.0,322,112,307.08,0.0,754.02,758.84,0.33760559470142637,4.82000000000005,0.16873083728034988,0.0,0,134.34,1,1,,,,,,,,,1
1564,25,32,408.43,3.26744,146.0,110,68,88.43,0.0,325.33,83.1,0.3512229757853242,-242.23,0.17797769995572194,0.0,0,29.340000000000003,1,1,,,,,,,,,1
1249,4,18,249.98000000000002,2.4507843137254905,125.0,82,46,38.18,0.0,66.58,183.40000000000003,0.49507960636850945,116.82000000000004,0.13249583564686285,0.0,0,241.64000000000007,1,0,,,,,,,,,1
1951,2,13,351.85999999999996,3.113805309734513,123.0,105,67,55.22,1.0,227.22,124.63999999999999,0.3679872676632753,-102.58000000000001,0.13564901247911962,0.07692307692307693,0,209.62,1,0,,,,,,,,,1
2363,0,38,699.87,3.096769911504425,278.0,195,86,98.2,0.0,254.54,445.33000000000004,0.6834983639818824,190.79000000000005,0.12304685052689614,0.0,0,143.89,1,0,,,,,,,,,1
1173,2,40,624.67,3.1870918367346937,51703.0,174,78,57.75,0.0,276.53,348.13999999999993,0.3663854515184017,71.60999999999996,0.08462530406494535,0.0,0,31.1,1,1,,,,,,,,,1
224,0,45,1356.83,2.5080036968576707,824.0,396,101,448.55999999999995,3.0,341.22,1015.61,0.6625000921265007,674.39,0.2484560122743562,0.06666666666666667,0,243.97,1,0,,,,,,,,,1
1760,0,38,453.30000000000007,3.1262068965517247,201.0,110,60,44.57999999999999,1.0,192.94000000000003,260.36000000000007,0.671497904257666,67.42000000000004,0.08953964810797779,0.02631578947368421,0,110.34,1,0,,,,,,,,,1
1691,0,42,1975.5500000000002,3.0439907550077043,838.0,455,120,394.33000000000004,4.0,785.24,1190.3100000000002,0.6146288375389132,405.07000000000016,0.16639239117592453,0.09523809523809523,0,308.14000000000004,1,0,,,,,,,,,1
587,1,20,176.83,2.0803529411764705,7962.0,67,40,34.26999999999999,1.0,60.64000000000001,116.19,0.6051009444098852,55.54999999999999,0.16234012316437701,0.05,0,71.1,1,0,,,,,,,,,1
452,13,23,633.84,2.193217993079585,379.0,223,81,257.0,5.0,77.21000000000001,556.6299999999999,0.4915593840716901,479.41999999999985,0.2884917605855148,0.21739130434782608,0,153.14999999999995,1,0,,,,,,,,,1
774,13,14,740.66,2.6079577464788732,376.0,243,79,161.56000000000003,0.0,323.44,417.2199999999999,0.6430480922420544,93.77999999999992,0.17906940657489306,0.0,0,169.29999999999998,1,0,,,,,,,,,1
2408,0,20,1434.32,4.749403973509933,521.0,236,84,280.07,1.0,446.46,987.86,0.5613321992302974,541.4000000000001,0.16336422867608888,0.05,0,673.8500000000001,1,0,,,,,,,,,1
615,2,12,246.97,3.741969696969697,38551.0,60,42,69.42999999999999,0.0,78.42999999999999,168.54,0.35012349678098553,90.11,0.21943742098609353,0.0,0,99.43,1,0,,,,,,,,,1
357,3,17,1078.24,2.461735159817352,521.0,350,95,352.93000000000006,1.0,265.96999999999997,812.27,0.680043404065885,546.3,0.2466024301795035,0.058823529411764705,0,626.03,1,0,,,,,,,,,1
713,1,19,338.91999999999996,4.345128205128205,18735.0,70,37,76.08,1.0,50.8,288.12,0.512303788504662,237.32,0.1833253012048193,0.05263157894736842,0,201.98000000000002,1,0,,,,,,,,,1
2392,0,29,1177.78,2.5828508771929823,22581.0,280,81,241.98000000000002,0.0,234.18999999999994,943.5899999999999,0.5011632053524426,709.4,0.1704372570011833,0.0,0,251.1199999999999,1,0,,,,,,,,,1
1533,1,15,138.61,2.8877083333333338,65.0,40,25,7.199999999999999,0.0,78.53,60.08,0.6003895822812206,-18.450000000000003,0.04937932926411082,0.0,0,116.63,1,0,,,,,,,,,1
723,1,18,759.1500000000001,2.790992647058824,342.0,195,76,156.41,9.0,50.07,709.0800000000002,0.6324310083646183,659.0100000000001,0.17083533575079732,0.5,0,471.68,1,0,,,,,,,,,1
1143,0,10,136.17000000000002,3.890571428571429,60.0,30,21,56.199999999999996,4.0,58.760000000000005,77.41,0.8423294411397517,18.64999999999999,0.29214534490824967,0.4,0,37.14,1,0,,,,,,,,,1
1702,0,23,1467.38,3.3578489702517165,673.0,317,84,305.27,0.0,193.94,1273.4400000000003,0.5652523545366571,1079.5000000000002,0.17221109638112428,0.0,0,459.66999999999996,1,0,,,,,,,,,1
832,6,11,396.40000000000003,3.6366972477064223,134.0,91,52,42.92,1.0,145.25,251.14999999999998,0.7896569122098889,105.89999999999998,0.09769643995265409,0.09090909090909091,0,82.84,1,0,,,,,,,,,1
792,22,19,276.41999999999996,2.2113599999999995,172.0,102,47,92.94000000000001,1.0,149.14,127.28,0.46436582012878963,-21.859999999999985,0.25162443144899294,0.05263157894736842,0,60.69,1,0,,,,,,,,,1
1945,1,16,746.8399999999999,3.191623931623931,316.0,188,74,104.62,0.0,220.74999999999997,526.09,0.7623051791548391,305.34000000000003,0.12287130340826347,0.0,0,273.73,1,0,,,,,,,,,1
186,33,2,54.15,4.922727272727273,17.0,11,7,2.18,0.0,15.74,38.41,0.558264081255771,22.669999999999995,0.038700514823362335,0.0,0,5.37,1,1,,,,,,,,,1
90,5,8,364.13000000000005,3.5012500000000006,16641.0,76,43,43.83,0.0,216.01000000000002,148.12,0.4989976107434158,-67.89000000000001,0.10743700362780663,0.0,0,126.28000000000003,1,0,,,,,,,,,1
1827,1,31,514.66,2.652886597938144,240.0,168,68,94.38999999999999,0.0,23.549999999999997,491.11,0.6282011425018459,467.56,0.15497906575814793,0.0,0,167.57,1,0,,,,,,,,,1
1338,0,128,1228.3800000000003,1.7958771929824566,36903.0,385,103,258.3,3.0,189.92,1038.4600000000003,0.5586219248115403,848.5400000000003,0.17374283638711757,0.0234375,0,555.6000000000001,1,0,,,,,,,,,1
1442,14,26,260.29999999999995,1.7238410596026488,174.0,120,53,70.88,0.0,33.169999999999995,227.12999999999997,0.778025355359201,193.95999999999998,0.21402258590494597,0.0,0,52.2,1,0,,,,,,,,,1
1876,78,1,35.42,7.0840000000000005,5.0,5,4,0.7999999999999999,0.0,35.42,0.0,0.8283455674760022,-35.42,0.022087244616234125,0.0,0,50.769999999999996,1,0,,,,,,,,,1
1724,0,88,2280.1000000000004,2.972750977835724,18329.0,523,143,316.12,4.0,1318.2500000000005,961.8499999999999,0.5726547081268363,-356.40000000000055,0.121761638073815,0.045454545454545456,0,346.88000000000005,1,0,,,,,,,,,1
2257,0,66,651.51,3.787848837209302,186.0,55,27,31.96,0.0,287.63,363.88,0.7264662092677012,76.25,0.046761379431430786,0.0,0,140.03,1,0,,,,,,,,,1
1449,1,38,405.03999999999996,2.6473202614379083,23665.0,121,56,62.349999999999994,0.0,241.75,163.29,0.5327621963262887,-78.46000000000001,0.13340037228010868,0.0,0,0.79,1,1,,,,,,,,,1
70,1,24,69.91,1.8397368421052631,41.0,19,11,8.92,0.0,26.869999999999997,43.04,0.3099699613789158,16.17,0.1131548902702017,0.0,0,6.49,1,1,,,,,,,,,1
810,0,32,478.35,3.466304347826087,213.0,91,50,34.56,0.0,260.2,218.14999999999998,0.3966551688094491,-42.05000000000001,0.06738024214774521,0.0,0,61.75,1,1,,,,,,,,,1
1380,1,23,324.6500000000001,2.898660714285715,168.0,100,57,45.86,0.0,70.99000000000001,253.66000000000005,0.4155552133066378,182.67000000000004,0.12377533669806479,0.0,0,25.160000000000004,1,1,,,,,,,,,1
2285,0,56,1505.91,2.543766891891892,92216.0,380,106,294.81000000000006,0.0,431.57000000000005,1074.3400000000001,0.5243341235532004,642.7700000000001,0.1637178461948554,0.0,0,551.99,1,0,,,,,,,,,1
1149,3,10,223.98,4.571020408163265,74.0,40,27,41.12,0.0,168.73000000000002,55.25,0.30136619341012594,-113.48000000000002,0.15511127876273106,0.0,0,83.92999999999999,1,0,,,,,,,,,1
1909,3,19,514.4499999999998,2.4152582159624405,272.0,141,52,82.19,0.0,107.24000000000001,407.2099999999999,0.5943823500826126,299.9699999999999,0.13775475998927328,0.0,0,32.54,1,1,,,,,,,,,1
1110,0,121,4856.590000000001,5.686873536299767,1233.0,657,144,1532.4700000000003,157.0,175.63,4680.960000000001,0.637574923969287,4505.330000000001,0.2398584455303284,1.2975206611570247,0,651.8800000000001,1,1,,,,,,,,,1
1441,10,12,302.18999999999994,3.357666666666666,102.0,73,48,50.72999999999999,0.0,193.21999999999997,108.97,0.42820741917336785,-84.24999999999997,0.14374362461747703,0.0,0,99.28,1,0,,,,,,,,,1
1611,1,33,421.7099999999999,2.868775510204081,12740.0,119,48,58.39999999999997,0.0,43.58,378.12999999999994,0.4906689431125656,334.54999999999995,0.1216387911103705,0.0,0,255.75000000000003,1,0,,,,,,,,,1
1096,1,42,534.9099999999999,2.257004219409282,269.0,142,78,70.61999999999998,0.0,480.46999999999997,54.44,0.37709147333196247,-426.03,0.11662510527967235,0.0,0,57.45,1,1,,,,,,,,,1
295,25,4,123.38999999999999,3.2471052631578945,70.0,37,23,64.08999999999999,0.0,10.35,113.03999999999999,0.6441364778345084,102.69,0.3418497973117133,0.0,0,25.92,1,0,,,,,,,,,1
147,0,33,1412.35,2.0708944281524926,80663.0,503,113,694.6499999999999,2.0,980.4499999999999,431.8999999999999,0.5389740503416292,-548.55,0.3296867584242999,0.06060606060606061,0,74.86000000000001,1,1,,,,,,,,,1
1871,6,14,350.12000000000006,2.5744117647058826,148.0,105,39,33.349999999999994,0.0,241.84,108.28000000000002,0.3058951216725693,-133.56,0.08696899366312878,0.0,0,197.29000000000002,1,0,,,,,,,,,1
1743,1,37,1132.89,3.3125438596491232,143305.0,293,102,231.28,5.0,602.03,530.86,0.47704543247799874,-71.16999999999996,0.16953898707639076,0.13513513513513514,0,36.05,1,1,,,,,,,,,1
2362,4,39,478.0899999999999,2.731942857142857,216.0,159,70,101.37,0.0,354.60999999999996,123.47999999999999,0.4658955426802486,-231.12999999999997,0.1749387360646119,0.0,0,42.2,1,1,,,,,,,,,1
1926,2,61,1751.87,3.9997031963470318,40253.0,266,76,737.8499999999999,12.0,756.42,995.4499999999998,0.5643284033632632,239.02999999999986,0.2963586266728789,0.19672131147540983,0,393.84000000000003,1,0,25-34,U,35-49K,Homeowner,2 Adults No Kids,2,None/Unknown,1926.0,1
1748,0,197,4056.490000000001,3.022719821162445,166044.0,817,140,910.29,8.0,1127.2300000000002,2929.26,0.5551548259702351,1802.03,0.18327568364211821,0.04060913705583756,0,1105.29,1,0,45-54,U,35-49K,Unknown,Single Male,1,None/Unknown,1748.0,1
2449,0,254,9677.780000000008,2.9415744680851086,21721.0,1405,187,1235.8799999999999,75.0,5135.650000000003,4542.130000000002,0.594383215985484,-593.5200000000013,0.11324157065549037,0.2952755905511811,0,1189.0900000000006,1,1,35-44,A,175-199K,Homeowner,2 Adults Kids,5+,3+,2449.0,1
831,0,141,7546.640000000002,3.4365391621129335,2599.0,1069,171,1221.0200000000004,7.0,3350.8100000000013,4195.830000000001,0.5346988858617874,845.0199999999995,0.13926406817782624,0.04964539007092199,0,1284.7100000000005,1,0,45-54,B,50-74K,Homeowner,1 Adult Kids,3,2,831.0,1
1650,1,88,2003.0100000000007,3.343923205342238,799.0,375,115,354.39,1.0,492.3700000000001,1510.6400000000003,0.33713261541380213,1018.2700000000002,0.15033087299567316,0.011363636363636364,0,256.15,1,1,45-54,A,75-99K,Homeowner,2 Adults Kids,3,1,1650.0,1
2292,0,85,1080.8899999999999,2.3548801742919387,128485.0,245,84,168.53999999999996,2.0,91.9,988.99,0.5267603548927275,897.09,0.1348935114412172,0.023529411764705882,0,255.25000000000006,1,0,45-54,A,35-49K,Renter,2 Adults Kids,5+,3+,2292.0,1
2435,0,38,2699.5000000000005,3.142607683352736,54781.0,584,115,917.8699999999998,2.0,751.4000000000001,1948.1000000000004,0.6785441748471939,1196.7000000000003,0.2537395953413667,0.05263157894736842,0,604.3500000000001,1,0,45-54,U,50-74K,Homeowner,1 Adult Kids,5+,3+,2435.0,1
992,0,56,538.16,3.321975308641975,173.0,137,67,42.23,0.0,204.96999999999997,333.19,0.5734911550468264,128.22000000000003,0.07276141904581401,0.0,0,285.19,1,0,45-54,A,35-49K,Homeowner,2 Adults Kids,3,1,992.0,1
2397,0,32,928.1999999999999,3.6399999999999997,332.0,186,82,91.58000000000001,1.0,29.33,898.87,0.5281189398836459,869.54,0.08980368314734552,0.03125,0,166.90000000000003,1,0,65+,B,125-149K,Unknown,2 Adults No Kids,2,None/Unknown,2397.0,1
1031,9,146,4232.120000000003,3.76858414959929,382638.0,588,149,335.5,2.0,1790.990000000001,2441.130000000001,0.37175458162811986,650.1400000000001,0.07345181954716018,0.0136986301369863,2,0.0,0,1,35-44,A,75-99K,Homeowner,2 Adults No Kids,2,None/Unknown,1031.0,1
2254,7,80,1270.35,3.199874055415617,60411.0,338,125,209.68999999999997,0.0,610.74,659.6099999999999,0.43056637934427516,48.86999999999989,0.14167860328099238,0.0,2,0.0,0,1,19-24,U,35-49K,Unknown,Single Male,1,None/Unknown,2254.0,1
1122,17,77,1236.98,2.075469798657718,26983.0,307,92,165.4,3.0,784.6799999999998,452.29999999999995,0.7126630988374912,-332.3799999999999,0.11794235513912063,0.03896103896103896,3,0.0,0,1,,,,,,,,,1
2178,1,152,3681.13,2.6256276747503566,111403.0,869,169,475.08,7.0,1359.3500000000001,2321.7800000000007,0.5037610733660589,962.4300000000005,0.11430606249443603,0.046052631578947366,12,0.0,0,1,,,,,,,,,1
778,1,123,2285.59,2.790708180708181,93142.0,399,96,508.7499999999999,12.0,1883.25,402.34,0.6153947120874695,-1480.91,0.18206445887043088,0.0975609756097561,3,0.0,0,1,,,,,,,,,1
1516,17,15,189.66000000000003,2.789117647058824,71.0,65,36,24.47,0.0,55.46000000000001,134.20000000000002,0.6150479805968575,78.74000000000001,0.11427637416522671,0.0,0,0.0,0,1,,,,,,,,,1
912,0,20,1164.1100000000001,3.35478386167147,4516.0,300,104,187.99,0.0,520.4799999999999,643.6300000000001,0.47419917361761327,123.1500000000002,0.13903557429184232,0.0,0,0.0,0,1,,,,,,,,,1
1063,0,57,1327.4800000000002,3.32701754385965,868.0,273,90,503.6,1.0,1071.7800000000002,255.70000000000002,0.72569078253533,-816.0800000000002,0.27502894466653555,0.017543859649122806,0,0.0,0,1,,,,,,,,,1
833,2,34,1975.5600000000002,3.806473988439307,19712.0,399,114,605.0500000000001,3.0,1158.1399999999999,817.4200000000003,0.4827289477413999,-340.7199999999996,0.2344600695184472,0.08823529411764706,0,0.0,0,1,,,,,,,,,1
559,18,27,249.34,2.833409090909091,102.0,80,48,140.88,0.0,166.91,82.43,0.43615143980107485,-84.47999999999999,0.36102711291066575,0.0,0,0.0,0,1,,,,,,,,,1
272,23,7,401.62000000000006,3.089384615384616,10984.0,123,62,75.57,1.0,372.14000000000004,29.48,0.6820626462825554,-342.66,0.15836459271988093,0.14285714285714285,0,0.0,0,1,,,,,,,,,1
54,18,11,103.08999999999999,3.0320588235294115,42.0,33,19,18.53,0.0,51.72,51.370000000000005,0.7646716461344457,-0.3499999999999943,0.152359809241901,0.0,0,0.0,0,1,,,,,,,,,1
1371,12,45,835.7099999999999,2.199236842105263,18354.0,301,78,206.73000000000002,2.0,459.84999999999997,375.86000000000007,0.6912565363583062,-83.9899999999999,0.19831357200414412,0.044444444444444446,0,0.0,0,1,,,,,,,,,1
504,0,7,516.34,2.1878813559322037,355.0,193,77,158.14999999999998,0.0,157.41999999999996,358.9200000000001,0.6549754038036951,201.5000000000001,0.23447345401710917,0.0,0,0.0,0,1,,,,,,,,,1
689,33,3,28.959999999999997,1.448,20.0,20,11,3.84,0.0,16.33,12.629999999999999,0.6629834254143648,-3.6999999999999993,0.11707317073170732,0.0,0,0.0,0,1,,,,,,,,,1
704,13,9,76.53,2.3190909090909093,3745.0,32,20,18.13,0.0,10.0,66.53,0.5434470142427806,56.53,0.191527572364251,0.0,0,0.0,0,1,,,,,,,,,1
2143,1,9,298.65,2.666517857142857,148.0,105,48,84.75,0.0,114.82,183.82999999999998,0.44687761593838937,69.00999999999999,0.22104851330203446,0.0,0,0.0,0,1,,,,,,,,,1
921,2,9,101.30000000000001,2.6657894736842107,48.0,30,22,20.87,0.0,34.919999999999995,66.38000000000001,0.3561697926949654,31.460000000000015,0.1708275354014897,0.0,0,0.0,0,1,,,,,,,,,1
400,0,268,15924.380000000017,3.978111416437676,723662.0,2132,207,1593.2199999999996,14.0,5672.350000000006,10252.03000000001,0.5233371723106329,4579.680000000004,0.09094967347125166,0.05223880597014925,0,2569.760000000003,1,0,35-44,A,150-174K,Homeowner,2 Adults Kids,3,1,400.0,1
1147,0,40,3088.4000000000005,3.509545454545455,1210.0,675,109,457.26999999999987,1.0,907.3800000000001,2181.02,0.5734749384794714,1273.6399999999999,0.12896575259400897,0.025,0,690.9600000000002,1,0,19-24,U,25-34K,Unknown,2 Adults No Kids,2,None/Unknown,1147.0,1
875,0,58,1316.14,2.3757039711191337,804.0,390,110,361.54,16.0,567.6200000000001,748.52,0.6094792347318675,180.89999999999986,0.2154999761575509,0.27586206896551724,0,157.13,1,1,25-34,U,25-34K,Unknown,2 Adults Kids,3,1,875.0,1
2119,1,32,1617.88,2.2132421340629276,72787.0,531,97,818.4399999999998,177.0,299.65999999999997,1318.22,0.613061537320444,1018.5600000000001,0.33593288237998287,5.53125,0,677.28,1,0,25-34,U,50-74K,Homeowner,Single Male,1,None/Unknown,2119.0,1
385,0,34,2632.1800000000003,3.3234595959595965,50518.0,518,127,503.3499999999998,6.0,1096.6200000000001,1535.5600000000004,0.5232050999551702,438.9400000000003,0.16053107449139373,0.17647058823529413,0,297.54,1,1,25-34,A,50-74K,Homeowner,2 Adults Kids,5+,3+,385.0,1
2272,0,56,1636.49,4.6491193181818184,552.0,204,88,213.04000000000002,8.0,95.48,1541.0100000000002,0.4719246680395236,1445.5300000000002,0.1151860202321671,0.14285714285714285,0,607.6800000000001,1,0,65+,A,25-34K,Homeowner,2 Adults No Kids,2,None/Unknown,2272.0,1
770,3,36,1795.1,2.957331136738056,31296.0,487,119,786.41,53.0,365.85,1429.25,0.5870926410784915,1063.4,0.3046317852729604,1.4722222222222223,0,451.25999999999993,1,0,25-34,A,50-74K,Homeowner,2 Adults Kids,5+,3+,770.0,1
1974,15,198,5266.000000000001,3.435094585779518,237349.0,647,148,828.8000000000002,10.0,3048.9400000000005,2217.0600000000004,0.6072996581845802,-831.8800000000001,0.13598477390562447,0.050505050505050504,5,0.0,0,1,,,,,,,,,1
1772,0,97,2452.8800000000006,2.3272106261859586,1169.0,413,106,394.72999999999996,1.0,1536.3300000000002,916.5500000000001,0.5600273963667198,-619.7800000000001,0.13861799895350835,0.010309278350515464,4,0.0,0,1,,,,,,,,,1
918,2,152,3135.380000000001,2.134363512593602,6175.0,770,149,523.4,11.0,2513.6500000000005,621.7299999999999,0.548115379953945,-1891.9200000000005,0.1430531488638289,0.07236842105263158,5,0.0,0,1,,,,,,,,,1
760,10,70,1872.52,4.061865509761388,6308.0,238,87,226.22999999999996,2.0,892.1099999999999,980.4099999999999,0.49067032661867427,88.29999999999995,0.10779273377010123,0.02857142857142857,3,0.0,0,1,,,,,,,,,1
639,0,79,759.8300000000002,2.337938461538462,388.0,216,76,130.66,0.0,95.80000000000001,664.03,0.524498901069976,568.23,0.14672820581926801,0.0,1,0.0,0,1,,,,,,,,,1
1162,17,33,431.76,2.3986666666666667,51725.0,125,50,98.25000000000001,3.0,254.11999999999998,177.63999999999996,0.47361960348341675,-76.48000000000002,0.18537386087054963,0.09090909090909091,0,0.0,0,1,,,,,,,,,1
821,0,17,464.56,8.150175438596492,16684.0,50,30,14.08,0.0,133.82,330.73999999999995,0.3662390218701567,196.91999999999996,0.029416680595019222,0.0,0,0.0,0,1,,,,,,,,,1
1444,0,23,323.9899999999999,2.6128225806451604,135.0,102,52,34.940000000000005,0.0,82.3,241.68999999999994,0.5737214111546655,159.38999999999993,0.09734488618950775,0.0,0,0.0,0,1,,,,,,,,,1
963,4,43,2036.6599999999999,3.1237116564417176,150550.0,395,118,269.57,5.0,1006.2400000000002,1030.42,0.4973240501605572,24.179999999999836,0.1168877345277791,0.11627906976744186,0,0.0,0,1,,,,,,,,,1
1311,2,17,685.6300000000001,3.2494312796208535,289.0,180,79,228.69,0.0,427.13,258.5,0.4941732421276782,-168.63,0.25012030798845036,0.0,0,0.0,0,1,,,,,,,,,1
902,2,10,135.23000000000002,4.829642857142858,41.0,24,17,5.32,0.0,96.12,39.11,0.8671892331583227,-57.010000000000005,0.037851298470295267,0.0,0,0.0,0,1,,,,,,,,,1
783,5,17,387.34000000000003,2.5995973154362417,205.0,124,56,128.29000000000002,2.0,270.41,116.93,0.4772293075850673,-153.48000000000002,0.24880243585516745,0.11764705882352941,0,0.0,0,1,,,,,,,,,1
2433,0,30,609.75,3.7872670807453415,314.0,139,63,141.94,0.0,122.69,487.05999999999995,0.33062730627306275,364.36999999999995,0.18882784126435098,0.0,0,0.0,0,1,,,,,,,,,1
1243,3,15,249.7,3.4205479452054792,91.0,59,37,16.85,0.0,48.58,201.11999999999998,0.3915498598317982,152.53999999999996,0.06321515663102607,0.0,0,0.0,0,1,,,,,,,,,1
874,9,5,222.21999999999997,3.9682142857142852,82.0,55,34,30.15,0.0,156.75,65.47,0.3171631716317163,-91.28,0.11946744858739153,0.0,0,0.0,0,1,,,,,,,,,1
1482,3,18,1042.3500000000004,2.961221590909092,512.0,283,108,273.18,1.0,954.5600000000002,87.78999999999999,0.4925888617067203,-866.7700000000002,0.2076577501083213,0.05555555555555555,0,0.0,0,1,,,,,,,,,1
1934,10,15,542.8700000000001,2.4020796460177,14405.0,194,77,136.15999999999997,0.0,474.7300000000001,68.14,0.540718772450126,-406.5900000000001,0.20052133189991597,0.0,0,0.0,0,1,,,,,,,,,1
2413,0,17,301.41,2.8169158878504676,142.0,96,57,33.77,0.0,191.73000000000002,109.68,0.30811850967121196,-82.05000000000001,0.10075183483501403,0.0,0,0.0,0,1,,,,,,,,,1
2249,45,3,181.51,2.83609375,81.0,64,44,33.510000000000005,0.0,181.51,0.0,0.5930802710594458,-181.51,0.1558459678169473,0.0,0,0.0,0,1,,,,,,,,,1
2306,40,8,62.06,1.6331578947368421,45.0,32,15,11.559999999999999,0.0,50.46000000000001,11.600000000000001,0.7375120850789558,-38.86000000000001,0.1570225482205922,0.0,0,0.0,0,1,,,,,,,,,1
1052,55,7,231.66000000000003,2.3400000000000003,109.0,88,48,32.050000000000004,1.0,231.66000000000003,0.0,0.7303375636708971,-231.66000000000003,0.1215350195290281,0.14285714285714285,0,0.0,0,1,,,,,,,,,1
1472,29,4,269.54,3.593866666666667,88.0,72,42,60.33000000000001,7.0,84.53,185.01,0.4890554277658231,100.47999999999999,0.18289022948434236,1.75,0,0.0,0,1,,,,,,,,,1
494,75,1,8.17,2.0425,5.0,4,4,0.25,0.0,8.17,0.0,0.7870257037943696,-8.17,0.02969121140142518,0.0,0,0.0,0,1,,,,,,,,,1
1309,10,9,158.48000000000002,3.1696000000000004,8212.0,47,33,27.660000000000004,0.0,128.72000000000003,29.759999999999998,0.42068399798081774,-98.96000000000004,0.14859782959063073,0.0,0,0.0,0,1,,,,,,,,,1
1135,4,48,549.6,2.6941176470588237,10318.0,161,67,159.2,13.0,222.68000000000004,326.91999999999996,0.6834606986899564,104.23999999999992,0.22460496613995484,0.2708333333333333,0,199.28,1,0,45-54,U,50-74K,Unknown,Unknown,2,1,1135.0,1
981,1,32,1206.81,3.634969879518072,448.0,209,84,187.9,0.0,511.91,694.8999999999999,0.5453799686777538,182.98999999999984,0.13472334750593312,0.0,0,187.3,1,0,45-54,A,25-34K,Homeowner,Single Female,2,None/Unknown,981.0,1
2172,0,79,1824.16,3.5767843137254904,643.0,402,122,181.33999999999997,1.0,426.69,1397.47,0.6773199719322865,970.78,0.09042134131139365,0.012658227848101266,0,583.95,1,0,25-34,A,100-124K,Homeowner,2 Adults No Kids,2,None/Unknown,2172.0,1
395,2,62,811.59,2.5846815286624203,411.0,202,76,213.72000000000003,0.0,393.09000000000003,418.5,0.5515099988910658,25.409999999999968,0.2084442753898821,0.0,0,61.31999999999999,1,1,35-44,U,25-34K,Unknown,Single Male,1,None/Unknown,395.0,1
170,0,44,2011.6000000000008,2.6643708609271535,13735.0,574,137,528.48,5.0,752.7400000000001,1258.8600000000001,0.5044690793398287,506.12,0.20805643916727026,0.11363636363636363,0,12.91,1,1,25-34,A,100-124K,Homeowner,2 Adults Kids,4,2,170.0,1
593,0,51,586.13,2.035173611111111,14513.0,202,84,112.19,0.0,61.99,524.1399999999999,0.6124750481974988,462.14999999999986,0.16065700538435101,0.0,0,60.269999999999996,1,1,35-44,U,35-49K,Unknown,Single Male,1,None/Unknown,593.0,1
2140,0,46,1427.3900000000006,3.0499786324786338,25134.0,311,110,226.21999999999997,9.0,7.07,1420.3200000000006,0.4411478292547935,1413.2500000000007,0.1368037203451841,0.1956521739130435,0,140.5,1,1,65+,A,15-24K,Homeowner,2 Adults No Kids,2,None/Unknown,2140.0,1
1257,5,23,1123.39,2.808475,36362.0,295,108,215.87,0.0,56.81,1066.5800000000002,0.5081316372764577,1009.7700000000002,0.16118602810507293,0.0,0,265.73,1,0,45-54,U,50-74K,Homeowner,2 Adults Kids,3,1,1257.0,1
753,0,36,1747.56,3.1889781021897807,802.0,459,132,418.2,2.0,716.75,1030.8100000000002,0.6244191901851727,314.0600000000002,0.19309618794326242,0.05555555555555555,0,429.57000000000005,1,0,45-54,A,75-99K,Homeowner,2 Adults Kids,4,2,753.0,1
370,9,133,3386.78,3.0051286601597162,329146.0,646,149,516.8100000000002,8.0,1500.8600000000004,1885.92,0.3984256432363484,385.0599999999997,0.1323935146877618,0.06015037593984962,1,0.0,0,1,65+,U,50-74K,Unknown,2 Adults No Kids,2,None/Unknown,370.0,1
391,1,49,1412.64,3.3395744680851065,596.0,334,96,197.88,3.0,79.05000000000001,1333.5900000000001,0.6082158228564957,1254.5400000000002,0.12286714849862156,0.061224489795918366,2,0.0,0,1,65+,B,25-34K,Unknown,Single Female,1,None/Unknown,391.0,1
2092,8,122,2290.5400000000004,3.2125385694249657,162402.0,436,111,435.10999999999996,62.0,1568.3300000000004,722.21,0.48353226750024003,-846.1200000000003,0.15963531634655947,0.5081967213114754,3,0.0,0,1,35-44,A,Under 15K,Homeowner,1 Adult Kids,3,1,2092.0,1
1828,7,86,5813.770000000004,3.49805655836342,10225.0,875,157,635.4899999999998,11.0,5058.010000000004,755.7599999999999,0.5807694490838129,-4302.250000000004,0.0985368864024709,0.12790697674418605,6,0.0,0,1,,,,,,,,,1
2493,11,111,2588.73,3.092867383512545,86014.0,478,107,421.7499999999999,0.0,1572.5799999999997,1016.1499999999999,0.5003998099454173,-556.4299999999998,0.14009393850814483,0.0,2,0.0,0,1,,,,,,,,,1
642,4,64,2208.3399999999992,3.13684659090909,12405.0,456,137,249.80999999999997,1.0,1128.3199999999997,1080.0199999999998,0.4899336152947465,-48.299999999999955,0.10162520594756222,0.015625,7,0.0,0,1,,,,,,,,,1
763,0,40,2815.580000000001,2.7256340755082293,4994.0,565,97,495.09999999999997,3.0,1577.39,1238.1900000000003,0.7213788988414466,-339.1999999999998,0.14954631676876046,0.075,2,0.0,0,1,,,,,,,,,1
1840,9,37,337.21,3.1514953271028037,209.0,90,51,25.97,2.0,4.99,332.21999999999997,0.4978203493372083,327.22999999999996,0.07150724158819319,0.05405405405405406,1,0.0,0,1,,,,,,,,,1
2096,4,26,1301.65,3.3036802030456855,618.0,303,90,343.7499999999999,0.0,417.80999999999995,883.84,0.4629431874927975,466.0300000000001,0.208915765163486,0.0,0,0.0,0,1,,,,,,,,,1
1009,5,23,125.52,1.5307317073170732,123.0,58,27,21.28,0.0,40.17999999999999,85.33999999999999,0.522068196303378,45.16,0.1449591280653951,0.0,0,0.0,0,1,,,,,,,,,1
1365,33,9,103.64999999999999,1.8845454545454543,60.0,55,35,44.06999999999999,3.0,94.09,9.559999999999999,0.7248432223830198,-84.53,0.2983346872461414,0.3333333333333333,0,0.0,0,1,,,,,,,,,1
176,1,23,788.29,3.5831363636363633,65372.0,177,77,151.19,1.0,247.14000000000004,541.15,0.43188420505144054,294.00999999999993,0.16092945033422745,0.043478260869565216,0,0.0,0,1,,,,,,,,,1
651,12,8,370.53000000000003,2.5911188811188812,227.0,113,54,116.04,1.0,230.90000000000003,139.63000000000002,0.48104067147059615,-91.27000000000001,0.23848572661693074,0.125,0,0.0,0,1,,,,,,,,,1
1327,30,9,477.16999999999996,2.422182741116751,7657.0,173,62,126.11,0.0,428.65999999999997,48.51,0.44022046650040875,-380.15,0.20904057817265614,0.0,0,0.0,0,1,,,,,,,,,1
298,47,7,224.86000000000004,2.062935779816514,123.0,109,56,52.25,0.0,224.86000000000004,0.0,0.6475584808325181,-224.86000000000004,0.18855328209014469,0.0,0,0.0,0,1,,,,,,,,,1
150,1,6,230.35000000000002,3.290714285714286,100.0,70,41,52.17999999999999,0.0,206.78000000000003,23.57,0.6263077924896896,-183.21000000000004,0.18468835167946762,0.0,0,0.0,0,1,,,,,,,,,1
1150,9,14,845.3900000000001,2.9872438162544173,449.0,187,78,153.98999999999998,0.0,10.48,834.9100000000001,0.6139533233182317,824.4300000000001,0.15408553303047887,0.0,0,0.0,0,1,,,,,,,,,1
440,18,6,83.88,3.1066666666666665,30.0,26,20,10.07,0.0,55.11,28.770000000000003,0.28731521220791606,-26.339999999999996,0.10718467269824376,0.0,0,0.0,0,1,,,,,,,,,1
619,2,5,168.98,3.3796,75.0,50,38,37.629999999999995,0.0,22.750000000000004,146.23,0.6996685998342999,123.47999999999999,0.18213058419243985,0.0,0,0.0,0,1,,,,,,,,,1
2052,4,6,131.83,2.535192307692308,68.0,51,30,40.379999999999995,0.0,48.879999999999995,82.95000000000002,0.5273458241674883,34.07000000000002,0.23448115672725156,0.0,0,0.0,0,1,,,,,,,,,1
1267,0,56,1433.2600000000002,2.3768822553897184,19913.0,355,120,138.79999999999998,1.0,502.57000000000005,930.6899999999999,0.44650656545218587,428.1199999999999,0.08829179547854406,0.017857142857142856,0,256.58,1,0,25-34,U,75-99K,Unknown,Single Female,1,None/Unknown,1267.0,1
485,0,141,4436.1900000000005,3.618425774877651,597967.0,616,129,1226.9599999999998,28.0,2124.7400000000002,2311.45,0.4105640200261936,186.70999999999958,0.21665680760707376,0.19858156028368795,0,994.82,1,0,35-44,U,25-34K,Homeowner,Single Male,1,None/Unknown,485.0,1
417,1,73,2456.06,2.391489776046738,1370.0,714,162,499.81000000000006,4.0,1070.1000000000001,1385.96,0.5837235246695928,315.8599999999999,0.1690906568962776,0.0547945205479452,0,556.8999999999999,1,0,45-54,A,35-49K,Unknown,Single Female,2,None/Unknown,417.0,1
2023,1,82,1357.39,3.957405247813411,2514.0,215,64,413.75999999999993,6.0,280.46999999999997,1076.9199999999998,0.5165280427879975,796.4499999999998,0.23361093075120679,0.07317073170731707,0,448.24,1,0,45-54,U,35-49K,Homeowner,2 Adults Kids,3,1,2023.0,1
914,0,44,1510.3300000000004,4.590668693009119,485.0,252,91,135.57,0.0,383.9599999999999,1126.3700000000001,0.469109399932465,742.4100000000002,0.08236830913178199,0.0,0,323.75,1,0,45-54,B,15-24K,Homeowner,2 Adults No Kids,2,None/Unknown,914.0,1
2329,5,100,2722.37,2.590266412940057,48499.0,689,148,527.17,7.0,1967.28,755.09,0.49459478322197203,-1212.19,0.16222911550557925,0.07,5,0.0,0,1,,,,,,,,,1
2051,22,288,4923.160000000001,3.687760299625469,250384.0,644,138,592.5900000000001,13.0,4824.710000000001,98.45,0.5199729442065665,-4726.260000000001,0.10743597878801614,0.04513888888888889,6,0.0,0,1,,,,,,,,,1
179,14,38,620.56,3.2153367875647665,288.0,143,52,142.10999999999996,0.0,315.51,305.05,0.6184575222379787,-10.45999999999998,0.18633222756893544,0.0,1,0.0,0,1,,,,,,,,,1
2164,31,40,1596.4799999999998,2.4189090909090907,1034.0,484,123,713.5100000000001,7.0,1143.1599999999999,453.32000000000005,0.5308303267187814,-689.8399999999998,0.3088801250221863,0.175,3,0.0,0,1,,,,,,,,,1
634,21,35,1555.15,3.322970085470086,620.0,346,98,258.35999999999996,0.0,739.6700000000001,815.4800000000004,0.5655338713307398,75.81000000000029,0.14246406140578213,0.0,3,0.0,0,1,,,,,,,,,1
2150,4,8,69.32,1.8242105263157893,56.0,36,24,15.309999999999999,0.0,52.12,17.2,0.4567224466243509,-34.92,0.18090511638898735,0.0,0,0.0,0,1,,,,,,,,,1
416,6,29,2177.0400000000004,2.5285017421602793,1061.0,578,138,389.89,2.0,1646.7700000000007,530.27,0.6013486201447836,-1116.5000000000007,0.15188961132559126,0.06896551724137931,0,0.0,0,1,,,,,,,,,1
1973,5,130,1683.5500000000004,4.395691906005223,418.0,179,74,157.82999999999998,3.0,1618.9000000000003,64.65,0.7759318107570312,-1554.2500000000002,0.08571288924610887,0.023076923076923078,0,0.0,0,1,,,,,,,,,1
1199,48,7,163.57000000000002,3.480212765957447,53.0,40,23,22.25,0.0,163.57000000000002,0.0,0.3668154307024515,-163.57000000000002,0.11973953288128295,0.0,0,0.0,0,1,,,,,,,,,1
1908,4,38,714.31,2.616520146520146,284.0,177,64,114.69,0.0,297.4700000000001,416.84,0.6578376335204603,119.36999999999989,0.13834740651387215,0.0,0,0.0,0,1,,,,,,,,,1
1118,3,16,945.89,7.111954887218045,12776.0,103,45,157.01,0.0,414.13,531.76,0.47320512956051974,117.63,0.14236104814579742,0.0,0,0.0,0,1,,,,,,,,,1
649,9,55,1553.4500000000003,2.669158075601375,900.0,463,128,340.84,6.0,889.5900000000004,663.86,0.6300234960893492,-225.73000000000036,0.17993021131928055,0.10909090909090909,0,0.0,0,1,,,,,,,,,1
2414,3,6,178.68000000000004,2.0304545454545457,110.0,85,47,36.50000000000001,0.0,26.0,152.68000000000004,0.4345757779270203,126.68000000000004,0.16962542987266474,0.0,0,0.0,0,1,,,,,,,,,1
1275,47,8,137.63000000000002,2.2938333333333336,85.0,56,23,18.660000000000004,0.0,137.63000000000002,0.0,0.6396134563685242,-137.63000000000002,0.11939343528056819,0.0,0,0.0,0,1,,,,,,,,,1
1478,15,6,88.58999999999999,2.953,33.0,28,20,31.81,0.0,62.38999999999999,26.200000000000003,0.502539790044023,-36.18999999999999,0.264202657807309,0.0,0,0.0,0,1,,,,,,,,,1
1610,22,11,164.49000000000004,3.103584905660378,64.0,52,34,21.64,1.0,112.00000000000003,52.49,0.7678278314791172,-59.510000000000026,0.11626282705635843,0.09090909090909091,0,0.0,0,1,,,,,,,,,1
571,2,16,1114.16,3.4601242236024845,13449.0,271,101,124.55999999999999,3.0,700.8700000000001,413.28999999999996,0.3971781431751274,-287.58000000000015,0.100555412038233,0.1875,0,0.0,0,1,,,,,,,,,1
1863,21,14,411.45000000000005,3.4868644067796613,157.0,110,39,111.51,0.0,405.46000000000004,5.99,0.42748815165876775,-399.47,0.2132285452042221,0.0,0,0.0,0,1,,,,,,,,,1
1411,25,6,131.52,3.3723076923076927,49.0,38,20,32.74,0.0,122.00000000000001,9.52,0.4571928223844282,-112.48000000000002,0.1993181541458663,0.0,0,0.0,0,1,,,,,,,,,1
1059,9,5,72.91,2.083142857142857,36.0,34,26,11.520000000000001,0.0,40.519999999999996,32.39,0.28281442874777124,-8.129999999999995,0.13644439180386123,0.0,0,0.0,0,1,,,,,,,,,1
500,24,5,84.82000000000001,2.4234285714285715,58.0,33,19,6.78,0.0,16.22,68.60000000000001,0.3506248526290969,52.38000000000001,0.07401746724890829,0.0,0,0.0,0,1,,,,,,,,,1
363,5,4,52.400000000000006,2.2782608695652176,33.0,22,14,26.480000000000004,0.0,11.0,41.400000000000006,0.508206106870229,30.400000000000006,0.3356997971602434,0.0,0,0.0,0,1,,,,,,,,,1
2201,78,2,27.509999999999998,2.2925,12.0,11,10,7.93,0.0,27.509999999999998,0.0,0.5656125045438024,-27.509999999999998,0.22375846501128668,0.0,0,0.0,0,1,,,,,,,,,1
