household_key,recency_weeks,frequency_baskets,monetary_spend,avg_line_sales,total_units,product_diversity,category_diversity,discount_amount,coupon_line_count,first_half_spend,second_half_spend,top_department_share,spend_trend_change,discount_rate,coupon_engagement,campaign_exposure_count,future_spend,next_period_active_flag,next_period_spend_decline_flag,age_desc,marital_status_code,income_desc,homeowner_desc,hh_comp_desc,household_size_desc,kid_category_desc,household_key_1,missing_demographic_flag
98,0,142,1850.6300000000003,1.8107925636007831,1341.0,574,125,395.4700000000001,1.0,415.4599999999999,1435.17,0.7122763599422897,1019.7100000000002,0.17606963180624194,0.007042253521126761,2,696.6700000000001,1,0,35-44,U,35-49K,Unknown,1 Adult Kids,2,1,98.0,1
1128,0,196,2315.21,2.5526019845644985,42336.0,682,147,353.63000000000005,1.0,1188.3300000000002,1126.8800000000003,0.4950997965627309,-61.44999999999982,0.13250325984322778,0.00510204081632653,7,711.7900000000001,1,0,25-34,U,75-99K,Unknown,2 Adults Kids,3,1,1128.0,1
597,0,93,3253.4300000000017,2.3507442196531803,1632.0,871,146,583.55,2.0,1456.3400000000001,1797.090000000001,0.6150770110314341,340.7500000000009,0.15208575494268925,0.021505376344086023,3,572.8199999999999,1,0,19-24,U,Under 15K,Unknown,1 Adult Kids,2,1,597.0,1
239,0,235,3717.79,1.56868776371308,2680.0,1054,168,980.2099999999998,115.0,1644.6499999999999,2073.14,0.47175607013844256,428.49,0.20864410387398888,0.48936170212765956,8,953.4100000000001,1,0,45-54,U,50-74K,Renter,Unknown,1,None/Unknown,239.0,1
17,1,118,4870.4400000000005,5.062827442827444,286802.0,422,122,1146.9499999999998,10.0,2952.8300000000004,1917.6100000000001,0.37224152232652485,-1035.2200000000003,0.19060589391746252,0.0847457627118644,5,269.19,1,1,65+,B,Under 15K,Homeowner,2 Adults No Kids,2,None/Unknown,17.0,1
2062,0,210,5184.410000000003,2.594799799799801,54517.0,1043,171,1636.94,20.0,3590.5800000000013,1593.8300000000008,0.46112093758016787,-1996.7500000000005,0.2399730258673136,0.09523809523809523,6,173.21,1,1,25-34,U,25-34K,Unknown,2 Adults No Kids,2,None/Unknown,2062.0,1
1388,0,140,6299.170000000003,3.5468299549549567,373289.0,892,155,806.6,36.0,3589.1100000000006,2710.0600000000004,0.5684240939679351,-879.0500000000002,0.11351338419340896,0.2571428571428571,8,649.9900000000002,1,1,35-44,A,100-124K,Unknown,2 Adults Kids,3,1,1388.0,1
2341,0,296,5522.910000000001,2.0786262702295826,43391.0,1180,180,1559.7900000000002,13.0,2355.76,3167.1500000000005,0.5814470994457631,811.3900000000003,0.22022533779490872,0.04391891891891892,10,175.47000000000003,1,1,45-54,U,50-74K,Homeowner,Unknown,1,None/Unknown,2341.0,1
184,0,218,5881.010000000002,4.520376633358956,446759.0,710,156,915.36,17.0,1825.88,4055.1300000000015,0.3539596089787298,2229.2500000000014,0.13468366201369258,0.0779816513761468,5,1209.0600000000002,1,0,45-54,U,25-34K,Unknown,Single Male,1,None/Unknown,184.0,1
1163,0,145,4514.990000000002,3.3271849668386158,343778.0,917,164,746.7,3.0,2047.11,2467.88,0.45881607711201994,420.7700000000002,0.14191257941839977,0.020689655172413793,6,293.02,1,1,35-44,U,Under 15K,Unknown,Unknown,1,None/Unknown,1163.0,1
2053,0,152,3082.53,2.6550645994832043,44424.0,561,128,568.1600000000001,2.0,1198.9099999999999,1883.6200000000001,0.5907517526187904,684.7100000000003,0.15563085334553195,0.013157894736842105,4,268.80999999999995,1,1,45-54,A,15-24K,Homeowner,2 Adults No Kids,2,None/Unknown,2053.0,1
510,0,311,6866.660000000003,2.56218656716418,347309.0,1491,186,1079.9299999999998,21.0,3029.1300000000006,3837.5300000000016,0.5044592276303179,808.400000000001,0.13589854264533588,0.06752411575562701,9,1036.7,1,0,35-44,A,250K+,Homeowner,2 Adults Kids,3,1,510.0,1
2184,1,230,4513.190000000001,3.7925966386554633,269451.0,847,163,596.1500000000001,0.0,2880.050000000001,1633.14,0.4999988921361609,-1246.910000000001,0.11667847510637379,0.0,4,581.6100000000001,1,1,25-34,U,50-74K,Unknown,Single Female,1,None/Unknown,2184.0,1
853,0,455,11974.59000000001,5.4454706684856795,648809.0,697,156,488.92999999999995,6.0,5585.990000000003,6388.600000000004,0.6332759618492155,802.6100000000006,0.039228885579675694,0.013186813186813187,3,1522.7000000000007,1,1,25-34,B,175-199K,Unknown,Single Female,1,None/Unknown,853.0,1
1137,0,116,1806.28,3.1578321678321677,24405.0,166,64,247.28,0.0,786.4,1019.8799999999999,0.4501018668202051,233.4799999999999,0.12041527883285612,0.0,4,315.60999999999996,1,0,65+,B,35-49K,Homeowner,Single Male,1,None/Unknown,1137.0,1
2264,0,263,14323.99000000001,3.8197306666666697,26458.0,1738,210,2085.91,10.0,5876.540000000004,8447.450000000006,0.641870037608236,2570.9100000000026,0.1271129013583263,0.03802281368821293,7,2636.6000000000017,1,0,45-54,A,250K+,Homeowner,2 Adults No Kids,2,None/Unknown,2264.0,1
582,0,123,4344.8600000000015,4.357933801404214,85851.0,726,156,605.38,2.0,2493.620000000001,1851.2400000000007,0.5513042997933189,-642.3800000000001,0.1222930605384789,0.016260162601626018,3,792.8800000000001,1,0,45-54,A,125-149K,Homeowner,Unknown,3,1,582.0,1
276,0,156,5217.880000000002,3.48555778223113,241681.0,792,150,1128.26,1.0,1415.69,3802.190000000002,0.39808121305971,2386.500000000002,0.1777868121409234,0.00641025641025641,5,540.8299999999999,1,1,35-44,U,35-49K,Unknown,Single Male,1,None/Unknown,276.0,1
886,0,172,4016.780000000001,4.300620985010708,291318.0,517,148,594.37,20.0,2054.2700000000004,1962.5100000000002,0.30065126793102925,-91.76000000000022,0.1288984309770881,0.11627906976744186,3,873.3300000000002,1,0,35-44,A,100-124K,Homeowner,2 Adults No Kids,2,None/Unknown,886.0,1
2121,0,121,4676.340000000001,3.6391750972762655,414453.0,856,177,699.11,28.0,1960.3300000000006,2716.01,0.4236090617876373,755.6799999999996,0.13005608832748886,0.23140495867768596,4,906.45,1,0,55-64,B,35-49K,Homeowner,2 Adults No Kids,2,None/Unknown,2121.0,1
441,0,65,2095.5200000000004,2.8394579945799463,973.0,221,85,268.18,2.0,945.6700000000001,1149.8500000000001,0.5978945560051918,204.18000000000006,0.11345771459999153,0.03076923076923077,1,274.37999999999994,1,1,45-54,B,50-74K,Homeowner,Single Female,1,None/Unknown,441.0,1
1919,0,86,3553.500000000002,2.763219284603423,182217.0,732,136,804.4,27.0,1455.87,2097.630000000001,0.5088532432812717,641.7600000000011,0.1845843181348814,0.313953488372093,7,601.4499999999999,1,0,35-44,A,35-49K,Homeowner,1 Adult Kids,5+,3+,1919.0,1
825,0,217,10600.390000000005,3.9836114242765897,715626.0,1498,205,1698.2000000000003,47.0,5565.260000000002,5035.13,0.35576804249654953,-530.1300000000019,0.138080869433,0.21658986175115208,6,1234.6300000000006,1,1,45-54,A,175-199K,Homeowner,2 Adults No Kids,2,None/Unknown,825.0,1
123,0,161,3041.0299999999997,2.55119966442953,113758.0,558,118,703.91,3.0,1532.2800000000002,1508.75,0.4764438364633034,-23.5300000000002,0.187962958018019,0.018633540372670808,3,181.62,1,1,45-54,B,35-49K,Homeowner,2 Adults No Kids,2,None/Unknown,123.0,1
56,0,174,5556.260000000002,2.853754494093478,10633.0,929,168,1037.0299999999997,42.0,2069.48,3486.780000000001,0.5659490376620244,1417.300000000001,0.15728566466817012,0.2413793103448276,1,1135.2700000000002,1,0,55-64,A,100-124K,Homeowner,2 Adults Kids,4,2,56.0,1
2334,0,316,10306.73000000001,2.9473062625107267,3965.0,1632,187,1564.6999999999998,8.0,4348.810000000002,5957.9200000000055,0.5816054170430385,1609.1100000000033,0.13180383492131936,0.02531645569620253,9,1648.6500000000003,1,0,35-44,U,50-74K,Homeowner,Unknown,1,None/Unknown,2334.0,1
1261,0,208,3297.0200000000004,2.594036191974823,72054.0,629,142,540.18,8.0,1347.0,1950.0200000000002,0.50885344947862,603.0200000000002,0.1407745230897529,0.038461538461538464,5,480.96,1,1,45-54,A,25-34K,Homeowner,Single Female,2,None/Unknown,1261.0,1
133,0,65,3219.2300000000005,3.3850998948475293,1425.0,643,143,817.7900000000001,10.0,1248.14,1971.0900000000004,0.49792031013627475,722.9500000000003,0.20257268975630538,0.15384615384615385,4,604.6600000000001,1,0,45-54,A,Under 15K,Homeowner,Single Male,2,None/Unknown,133.0,1
671,0,111,4621.070000000001,5.3176869965477565,400059.0,413,109,677.31,12.0,2594.6200000000003,2026.4500000000007,0.5567498436509294,-568.1699999999996,0.12783341323196898,0.10810810810810811,3,468.59,1,1,35-44,U,35-49K,Homeowner,Single Female,1,None/Unknown,671.0,1
351,0,257,6819.720000000005,3.43389728096677,51921.0,810,152,1487.6800000000003,12.0,2481.260000000001,4338.460000000002,0.3694594499480914,1857.2000000000007,0.17907889351662365,0.04669260700389105,7,839.95,1,1,45-54,U,50-74K,Unknown,Unknown,1,None/Unknown,351.0,1
1662,1,74,7695.790000000005,3.1972538429580415,3189.0,1188,174,1383.4,3.0,3397.950000000001,4297.840000000002,0.5236395483764495,899.8900000000008,0.15237042070933632,0.04054054054054054,8,922.1500000000003,1,1,35-44,U,150-174K,Homeowner,2 Adults No Kids,2,None/Unknown,1662.0,1
473,0,65,2983.7900000000004,3.518620283018868,245735.0,472,117,651.96,2.0,1278.48,1705.31,0.5695709148432027,426.8299999999999,0.1793192601251461,0.03076923076923077,2,224.92,1,1,45-54,U,50-74K,Homeowner,Unknown,1,None/Unknown,473.0,1
1,0,73,3693.7700000000004,2.4924224021592445,1725.0,590,124,716.16,92.0,1576.4099999999996,2117.36,0.6433129296085027,540.9500000000005,0.16239713555543964,1.2602739726027397,6,636.39,1,0,65+,A,35-49K,Homeowner,2 Adults No Kids,2,None/Unknown,1.0,1
1393,0,168,4747.590000000002,3.182030831099197,14456.0,598,149,630.92,12.0,1811.3900000000003,2936.200000000001,0.4387973687702601,1124.8100000000009,0.11730386296576556,0.07142857142857142,7,1203.3000000000002,1,0,35-44,B,150-174K,Homeowner,Single Female,1,None/Unknown,1393.0,1
2017,0,141,5574.750000000001,2.633325460557393,450130.0,1064,167,1025.52,1.0,1382.26,4192.490000000002,0.4879662765146418,2810.2300000000014,0.15537546191292173,0.0070921985815602835,6,1531.8700000000003,1,0,45-54,A,75-99K,Homeowner,2 Adults No Kids,2,None/Unknown,2017.0,1
1438,6,37,1796.5800000000002,3.4952918287937744,629.0,379,130,174.79000000000002,0.0,754.8800000000001,1041.7000000000003,0.2784345812599494,286.82000000000016,0.0886642284299751,0.0,1,334.19,1,0,45-54,U,Under 15K,Unknown,Single Female,1,None/Unknown,1438.0,1
16,1,93,1486.02,2.936798418972332,81186.0,276,108,170.20000000000002,0.0,948.3900000000001,537.63,0.5385122676679991,-410.7600000000001,0.10276412553887769,0.0,2,26.0,1,1,45-54,B,50-74K,Homeowner,Single Female,1,None/Unknown,16.0,1
2004,0,210,8167.390000000006,2.721556147950685,3516.0,951,159,1384.3300000000002,199.0,3209.8700000000003,4957.520000000002,0.5871153452939064,1747.650000000002,0.14492991838119199,0.9476190476190476,7,1886.480000000001,1,0,45-54,U,50-74K,Unknown,Unknown,1,None/Unknown,2004.0,1
1263,1,122,5131.260000000002,3.753664959765912,21869.0,811,154,739.16,6.0,2526.200000000001,2605.0600000000004,0.5356130852850954,78.85999999999922,0.1259126263538213,0.04918032786885246,6,126.18,1,1,25-34,B,15-24K,Unknown,Single Male,1,None/Unknown,1263.0,1
1169,0,111,4410.910000000001,2.4369668508287297,15528.0,720,133,1104.18,5.0,2312.0600000000004,2098.85,0.4552303266219441,-213.2100000000005,0.20021069465774807,0.04504504504504504,4,748.4899999999999,1,0,19-24,A,15-24K,Homeowner,2 Adults No Kids,2,None/Unknown,1169.0,1
119,1,49,2127.7200000000003,3.3934928229665076,674.0,497,144,184.9,2.0,330.04999999999995,1797.67,0.4628052563307201,1467.6200000000001,0.07995260786467295,0.04081632653061224,2,465.2899999999999,1,0,45-54,U,125-149K,Unknown,Single Male,1,None/Unknown,119.0,1
221,0,69,2445.8700000000003,2.292286785379569,41144.0,601,98,583.47,12.0,942.7100000000002,1503.1599999999999,0.665223417434287,560.4499999999997,0.1926063102854087,0.17391304347826086,3,433.41999999999996,1,0,65+,U,15-24K,Unknown,Unknown,1,None/Unknown,221.0,1
1707,0,646,5618.040000000003,2.667635327635329,2825.0,969,174,920.2199999999999,56.0,3650.9400000000014,1967.0999999999997,0.5344728766616114,-1683.8400000000017,0.1407438676345082,0.08668730650154799,5,962.4500000000004,1,0,35-44,B,25-34K,Unknown,Single Female,1,None/Unknown,1707.0,1
1541,0,83,6225.270000000003,3.0864005949429862,17419.0,862,161,799.4100000000001,120.0,2486.8300000000013,3738.4400000000005,0.6152279338888111,1251.6099999999992,0.11380020157501833,1.4457831325301205,8,1518.0800000000002,1,0,35-44,U,50-74K,Unknown,Unknown,1,None/Unknown,1541.0,1
1720,0,126,4649.460000000002,3.114172806430008,44551.0,727,144,583.9499999999999,22.0,1611.48,3037.98,0.6218098445841019,1426.5,0.11158116791919603,0.1746031746031746,6,1106.2300000000002,1,0,45-54,U,50-74K,Unknown,Unknown,1,None/Unknown,1720.0,1
460,0,103,651.2800000000002,2.114545454545455,41705.0,199,81,122.85999999999999,8.0,351.43000000000006,299.85,0.37566023829996303,-51.58000000000004,0.15870514377244418,0.07766990291262135,4,109.17000000000002,1,0,65+,B,25-34K,Homeowner,Single Female,1,None/Unknown,460.0,1
868,0,135,5881.960000000003,4.145144467935167,418629.0,986,163,781.2099999999999,25.0,2270.2200000000007,3611.7400000000016,0.4701239042768056,1341.520000000001,0.11724299395032689,0.18518518518518517,5,954.69,1,0,65+,A,35-49K,Homeowner,2 Adults No Kids,2,None/Unknown,868.0,1
281,2,74,1354.3399999999997,2.792453608247422,12286.0,240,83,366.02,5.0,709.5399999999997,644.8,0.591048038158808,-64.73999999999978,0.2127577948801414,0.06756756756756757,5,140.74,1,1,35-44,B,50-74K,Homeowner,Single Female,1,None/Unknown,281.0,1
1354,0,72,2017.38,2.752223738062756,62534.0,501,120,374.51000000000005,9.0,649.7099999999999,1367.67,0.5294292597329209,717.9600000000002,0.15657492610446133,0.125,1,517.38,1,0,65+,B,15-24K,Homeowner,2 Adults No Kids,2,None/Unknown,1354.0,1
752,3,100,3401.4500000000003,3.6614101184068892,310788.0,667,160,505.98,0.0,2093.65,1307.8,0.3695571006482529,-785.8500000000001,0.12949176312819424,0.0,3,391.11000000000007,1,1,35-44,A,75-99K,Renter,Single Female,2,None/Unknown,752.0,1
302,0,77,1564.73,3.3221443736730363,10999.0,358,109,198.04999999999998,1.0,826.4199999999998,738.3100000000001,0.4862819783604838,-88.10999999999979,0.11235094566536946,0.012987012987012988,1,232.8,1,0,45-54,U,35-49K,Homeowner,2 Adults Kids,3,1,302.0,1
1796,0,49,2183.81,3.151240981240981,84247.0,406,97,271.09000000000003,0.0,827.27,1356.54,0.7006149802409549,529.27,0.11042812334514646,0.0,2,417.25000000000006,1,0,19-24,U,35-49K,Unknown,Single Female,1,None/Unknown,1796.0,1
314,0,34,2438.4600000000005,2.3605614714424012,1454.0,492,115,381.53,0.0,840.4899999999998,1597.9700000000003,0.5590987754566407,757.4800000000005,0.13529480600995034,0.0,1,565.55,1,0,45-54,U,75-99K,Homeowner,2 Adults Kids,3,1,314.0,1
934,0,190,8672.600000000002,2.1466831683168324,109561.0,1894,193,2878.6099999999988,34.0,3251.03,5421.5700000000015,0.5885962687083457,2170.5400000000013,0.24920419592406323,0.17894736842105263,7,2036.7800000000002,1,0,45-54,U,Under 15K,Unknown,Single Female,1,None/Unknown,934.0,1
688,7,26,2870.6300000000006,3.522245398773007,968.0,631,144,394.8399999999999,3.0,570.7500000000001,2299.8800000000006,0.5444240462894903,1729.1300000000006,0.12091368164460242,0.11538461538461539,3,336.98,1,1,35-44,A,125-149K,Homeowner,2 Adults Kids,3,1,688.0,1
1833,0,69,2588.4200000000005,2.985490196078432,6320.0,585,127,757.86,29.0,1292.4400000000003,1295.9800000000002,0.5986354610148276,3.5399999999999636,0.22647835805730537,0.42028985507246375,6,403.39,1,0,25-34,U,25-34K,Homeowner,1 Adult Kids,5+,3+,1833.0,1
1470,0,106,1548.33,3.3369181034482756,87404.0,353,118,243.29999999999998,4.0,643.3699999999999,904.9600000000003,0.48085356480853564,261.5900000000004,0.13579812796168853,0.03773584905660377,6,442.99999999999994,1,0,45-54,U,35-49K,Unknown,Single Female,1,None/Unknown,1470.0,1
2405,0,129,2867.63,3.266093394077449,199864.0,516,110,426.09999999999997,2.0,864.76,2002.87,0.4935364743708217,1138.11,0.1293670094391465,0.015503875968992248,3,558.0699999999999,1,0,25-34,U,15-24K,Unknown,Single Female,1,None/Unknown,2405.0,1
2393,0,47,3180.6800000000007,3.7463839811543003,1266.0,509,151,416.37,6.0,931.9699999999998,2248.7100000000005,0.44259718047713065,1316.7400000000007,0.11575318663905143,0.1276595744680851,2,867.6100000000001,1,0,35-44,U,75-99K,Homeowner,Single Male,1,None/Unknown,2393.0,1
982,0,349,16033.240000000025,3.254819326025178,1167297.0,1410,189,2231.89,168.0,8237.870000000008,7795.370000000008,0.42445382218441147,-442.5,0.12219403858609255,0.4813753581661891,10,2757.100000000003,1,0,45-54,U,35-49K,Unknown,2 Adults Kids,4,2,982.0,1
1451,0,217,5629.560000000002,3.7060961158657024,437057.0,986,166,1445.0700000000002,140.0,1768.38,3861.1800000000007,0.4312646103780756,2092.8000000000006,0.20426085887177134,0.6451612903225806,6,1070.4900000000002,1,0,45-54,A,125-149K,Homeowner,1 Adult Kids,5+,3+,1451.0,1
2193,0,108,8426.190000000006,3.195369738339024,203353.0,1708,216,961.8099999999998,3.0,4021.3300000000036,4404.860000000002,0.5026079402434548,383.52999999999884,0.10245100127822744,0.027777777777777776,7,728.8199999999999,1,1,25-34,A,50-74K,Homeowner,2 Adults No Kids,2,None/Unknown,2193.0,1
1020,0,133,7540.730000000005,2.843412518853697,33092.0,1317,188,1136.62,8.0,2929.7400000000007,4610.990000000002,0.5353447212670388,1681.250000000001,0.13098699487746826,0.06015037593984962,4,2020.730000000001,1,0,45-54,A,25-34K,Homeowner,2 Adults No Kids,2,None/Unknown,1020.0,1
2331,1,90,5051.650000000001,2.724730312837109,413984.0,1004,151,1447.8199999999997,75.0,2388.5300000000007,2663.1200000000003,0.5048112992784535,274.5899999999997,0.22275970194492775,0.8333333333333334,8,851.9000000000001,1,0,35-44,A,35-49K,Homeowner,2 Adults Kids,5+,3+,2331.0,1
621,0,114,2531.2200000000003,3.1404714640198512,947.0,371,92,321.24,4.0,667.2900000000001,1863.93,0.4654119357463991,1196.6399999999999,0.11261858185566143,0.03508771929824561,2,647.9300000000002,1,0,45-54,U,35-49K,Unknown,Single Male,1,None/Unknown,621.0,1
2376,1,140,2839.6400000000003,3.2527376861397483,125600.0,652,147,537.2800000000001,9.0,890.08,1949.5600000000004,0.41653871617528976,1059.4800000000005,0.15910356182556887,0.06428571428571428,3,1085.8500000000001,1,0,45-54,U,35-49K,Unknown,Single Female,1,None/Unknown,2376.0,1
879,0,78,2146.4800000000005,3.7525874125874132,206538.0,416,112,383.50000000000006,7.0,448.88,1697.6000000000004,0.442561775558123,1248.7200000000003,0.15158222594645016,0.08974358974358974,1,302.11999999999995,1,1,35-44,B,50-74K,Homeowner,2 Adults No Kids,2,None/Unknown,879.0,1
2070,0,476,5529.530000000002,2.8695018162947594,110744.0,1039,174,1372.9100000000003,13.0,943.1099999999998,4586.420000000003,0.49507643506771826,3643.310000000003,0.1989021273636569,0.0273109243697479,6,3680.8900000000012,1,0,45-54,U,50-74K,Unknown,Unknown,1,None/Unknown,2070.0,1
1316,2,51,3105.7200000000007,3.2452664576802515,10587.0,602,139,493.06999999999994,10.0,952.8100000000001,2152.9100000000008,0.6368990121453317,1200.1000000000008,0.13700993945187126,0.19607843137254902,6,630.7600000000001,1,0,55-64,U,35-49K,Unknown,2 Adults No Kids,2,None/Unknown,1316.0,1
690,0,239,4389.740000000001,3.46740916271722,173925.0,733,157,581.28,6.0,1844.96,2544.780000000001,0.3982172064860332,699.8200000000011,0.11693374800342785,0.02510460251046025,4,573.3999999999999,1,1,65+,B,15-24K,Homeowner,Single Female,1,None/Unknown,690.0,1
787,0,165,2190.3099999999995,3.0936581920903947,833.0,241,78,342.71,3.0,937.19,1253.12,0.6509809113778414,315.92999999999984,0.13529699726018746,0.01818181818181818,3,314.28000000000003,1,1,25-34,B,25-34K,Homeowner,Single Male,1,None/Unknown,787.0,1
1321,0,162,1438.0799999999997,1.836628352490421,937.0,350,86,351.79999999999995,1.0,643.34,794.7399999999998,0.6555337672452161,151.39999999999975,0.19654948935124145,0.006172839506172839,4,450.04999999999995,1,0,19-24,U,35-49K,Unknown,2 Adults No Kids,2,None/Unknown,1321.0,1
1272,0,229,8860.920000000006,3.030410396716828,15303.0,1334,194,1216.1600000000003,33.0,3992.3100000000027,4868.610000000004,0.4305128587099306,876.3000000000015,0.12068575420657568,0.14410480349344978,7,1158.5300000000004,1,1,65+,A,35-49K,Homeowner,Single Female,2,None/Unknown,1272.0,1
1197,0,114,6387.130000000004,3.845352197471405,283555.0,979,163,1004.1999999999999,145.0,1854.4400000000003,4532.690000000001,0.4849063663961746,2678.250000000001,0.1358618814205291,1.2719298245614035,5,1601.6000000000006,1,0,35-44,A,150-174K,Homeowner,2 Adults No Kids,2,None/Unknown,1197.0,1
2002,0,58,2161.49,2.5886107784431136,64628.0,533,129,611.71,1.0,974.5399999999998,1186.95,0.6066787262490226,212.4100000000002,0.2205791143804991,0.017241379310344827,1,303.63,1,1,35-44,U,35-49K,Homeowner,Single Female,1,None/Unknown,2002.0,1
1858,0,56,2472.53,2.9469964243146607,1038.0,398,96,427.7,30.0,804.04,1668.4900000000002,0.560628182468969,864.4500000000003,0.1474710626398596,0.5357142857142857,2,387.53999999999996,1,0,25-34,B,150-174K,Homeowner,Single Female,1,None/Unknown,1858.0,1
1505,0,96,3923.580000000001,2.5577444589309,1730.0,710,162,605.77,45.0,1765.57,2158.0100000000007,0.47016245367750853,392.44000000000074,0.13374325234305143,0.46875,4,129.65,1,1,45-54,U,25-34K,Unknown,Single Female,1,None/Unknown,1505.0,1
926,0,222,6604.940000000003,3.8829747207525003,635428.0,674,170,915.5399999999998,3.0,3703.3000000000015,2901.6400000000012,0.38108748906121764,-801.6600000000003,0.12173956981469261,0.013513513513513514,9,669.1600000000001,1,1,35-44,U,Under 15K,Homeowner,2 Adults No Kids,2,None/Unknown,926.0,1
27,0,328,4774.180000000004,2.311951573849881,2481.0,516,89,430.05000000000007,15.0,1003.7899999999997,3770.390000000002,0.5550963725707866,2766.600000000002,0.08263470292435186,0.04573170731707317,7,962.0600000000002,1,0,45-54,U,25-34K,Probable Renter,Single Female,1,None/Unknown,27.0,1
1264,1,118,5992.460000000002,4.1270385674931145,100715.0,1002,170,997.9800000000001,31.0,2741.8100000000004,3250.6500000000015,0.45303765064764706,508.84000000000106,0.14276354564233437,0.2627118644067797,7,466.3200000000001,1,1,45-54,U,15-24K,Unknown,Single Male,1,None/Unknown,1264.0,1
2133,0,119,5827.930000000003,3.6265899191039224,207358.0,886,167,646.8000000000001,0.0,2155.6100000000006,3672.3200000000015,0.5631570729229759,1516.710000000001,0.09989605744177746,0.0,5,931.99,1,0,55-64,A,100-124K,Unknown,2 Adults No Kids,2,None/Unknown,2133.0,1
1869,1,102,3099.54,2.3842615384615384,37305.0,869,155,947.75,49.0,1411.83,1687.7099999999998,0.507739858172503,275.8799999999999,0.23416903656520782,0.4803921568627451,7,531.08,1,0,19-24,A,35-49K,Renter,2 Adults No Kids,2,None/Unknown,1869.0,1
1040,0,207,5033.160000000003,2.943368421052633,1821.0,703,140,746.8000000000001,10.0,2273.8100000000004,2759.3500000000013,0.6476666746139601,485.5400000000009,0.12920504640170516,0.04830917874396135,5,631.5799999999999,1,1,25-34,B,100-124K,Unknown,Single Male,1,None/Unknown,1040.0,1
790,0,47,2260.8900000000003,2.9985278514588862,22024.0,527,114,257.44999999999993,8.0,243.05999999999997,2017.8300000000004,0.6976058101013316,1774.7700000000004,0.10223004042345352,0.1702127659574468,2,581.74,1,0,45-54,U,50-74K,Homeowner,Unknown,1,None/Unknown,790.0,1
164,0,97,3475.8200000000006,2.2762409954158485,60732.0,943,158,895.1999999999998,20.0,1169.9999999999995,2305.8200000000006,0.6591595652248964,1135.820000000001,0.2048034554863624,0.20618556701030927,3,796.5900000000001,1,0,45-54,U,35-49K,Unknown,2 Adults No Kids,2,None/Unknown,164.0,1
1896,0,102,2579.860000000001,2.519394531250001,28907.0,739,173,462.7499999999999,0.0,576.03,2003.8300000000004,0.4801810950981834,1427.8000000000004,0.15208981762368484,0.0,1,798.4800000000001,1,0,45-54,A,50-74K,Homeowner,2 Adults No Kids,2,None/Unknown,1896.0,1
523,0,228,4645.38,2.949447619047619,348248.0,679,147,544.2199999999999,25.0,1485.64,3159.74,0.5265317369084982,1674.0999999999997,0.10486742716201632,0.10964912280701754,2,1086.4899999999998,1,0,65+,B,35-49K,Homeowner,Single Male,1,None/Unknown,523.0,1
404,0,211,5296.600000000003,3.4061736334405164,104237.0,836,151,570.05,1.0,2770.0500000000015,2526.550000000001,0.7005040969678661,-243.50000000000045,0.09716788968150472,0.004739336492890996,8,810.5800000000002,1,0,25-34,A,25-34K,Unknown,Unknown,2,None/Unknown,404.0,1
1379,0,421,11264.200000000004,3.126339161809604,1056480.0,1364,189,1936.3399999999997,8.0,3575.620000000001,7688.580000000004,0.4745752028550628,4112.960000000003,0.14668642343419278,0.019002375296912115,10,2731.0200000000023,1,0,,,,,,,,,1
635,26,31,311.88,2.3102222222222224,140.0,72,36,129.82,0.0,168.60000000000002,143.27999999999994,0.36574964730024356,-25.32000000000008,0.2939098935929364,0.0,1,51.02,1,0,,,,,,,,,1
402,0,68,1734.1200000000001,3.590310559006211,116449.0,327,94,190.56999999999996,3.0,590.31,1143.8100000000002,0.2587710193066224,553.5000000000002,0.09901334760402972,0.04411764705882353,2,499.72000000000014,1,0,,,,,,,,,1
356,0,206,2370.26,3.3860857142857146,120381.0,342,94,229.55999999999997,3.0,916.1899999999999,1454.0700000000002,0.4764414030528296,537.8800000000002,0.08829842065989182,0.014563106796116505,1,467.07,1,0,,,,,,,,,1
1767,2,453,8018.420000000003,2.461903592262819,29729.0,1849,198,1590.3199999999997,4.0,3293.1899999999996,4725.230000000003,0.5076386619807891,1432.0400000000036,0.16550765240812004,0.008830022075055188,10,1185.8000000000004,1,0,,,,,,,,,1
468,0,277,4286.800000000001,2.930143540669857,16766.0,820,152,725.2600000000001,16.0,1694.9700000000003,2591.8300000000004,0.5194620696090322,896.8600000000001,0.14470297642087285,0.05776173285198556,7,1548.8800000000006,1,0,,,,,,,,,1
919,0,117,1218.23,1.949168,8432.0,389,91,178.51000000000002,3.0,658.9399999999999,559.2900000000001,0.7123531681209624,-99.64999999999986,0.12780474533556713,0.02564102564102564,1,251.21999999999997,1,0,,,,,,,,,1
1034,15,58,565.74,2.694,29216.0,140,63,91.55,0.0,403.9199999999999,161.82000000000002,0.46685756708028425,-242.09999999999988,0.13928402988026595,0.0,2,275.13,1,0,,,,,,,,,1
2079,1,115,4440.970000000002,3.496826771653545,9657.0,653,138,682.79,0.0,2436.560000000001,2004.4100000000008,0.4077847857562647,-432.1500000000001,0.13325955938607578,0.0,7,361.9,1,1,,,,,,,,,1
1987,0,59,1620.16,2.0932299741602067,978.0,571,137,558.5600000000001,7.0,317.78000000000003,1302.3800000000003,0.6164391171242346,984.6000000000004,0.2563707130792392,0.11864406779661017,1,353.38,1,0,,,,,,,,,1
180,2,62,1977.76,3.557122302158273,2548.0,431,127,365.78999999999996,0.0,1186.37,791.3899999999999,0.5013297872340426,-394.98,0.1560837191440336,0.0,2,125.63999999999996,1,1,,,,,,,,,1
394,0,57,1388.1800000000003,3.105548098434005,504.0,347,127,141.76999999999998,0.0,351.96000000000004,1036.22,0.3784451584088518,684.26,0.09266315892676229,0.0,4,177.71,1,1,,,,,,,,,1
1622,0,94,3285.1900000000005,2.9410832587287383,87782.0,579,147,842.1399999999999,2.0,1528.93,1756.2600000000002,0.519878606716811,227.33000000000015,0.20403989988685176,0.02127659574468085,3,559.12,1,0,,,,,,,,,1
1269,1,89,2274.27,2.493717105263158,1147.0,652,140,466.84000000000003,2.0,1064.4399999999998,1209.83,0.5572821168990488,145.3900000000001,0.17031056761676838,0.02247191011235955,2,320.90000000000003,1,1,,,,,,,,,1
2270,0,272,4219.460000000001,1.8305683297180046,14052.0,1182,168,1162.8,8.0,1919.1399999999996,2300.3199999999997,0.6053144241206218,381.18000000000006,0.21604307484216662,0.029411764705882353,8,509.2099999999999,1,1,,,,,,,,,1
834,3,26,910.6300000000001,3.732090163934427,48560.0,198,83,142.42000000000002,0.0,875.6200000000001,35.01,0.5936439607744087,-840.6100000000001,0.1352452400170932,0.0,2,35.65,1,1,,,,,,,,,1
1490,0,183,4418.550000000001,3.4984560570071266,231026.0,716,123,1103.89,1.0,2203.230000000001,2215.32,0.4349730115083,12.089999999999236,0.1998917145319822,0.00546448087431694,5,646.1499999999999,1,0,,,,,,,,,1
2262,0,132,1305.98,2.374509090909091,27029.0,317,108,167.3,2.0,639.3999999999999,666.5800000000002,0.5173892402640163,27.18000000000029,0.11355614682884449,0.015151515151515152,7,185.01999999999995,1,1,,,,,,,,,1
307,0,349,2185.6800000000007,2.518064516129033,47246.0,300,70,476.26,1.0,868.7400000000001,1316.9400000000005,0.5925295560191792,448.2000000000004,0.17891462617489495,0.0028653295128939827,4,396.35,1,0,,,,,,,,,1
1307,7,141,1754.9500000000003,3.5742362525458256,67998.0,286,101,195.20000000000002,0.0,807.6,947.35,0.32537109319353824,139.75,0.10009486449760274,0.0,3,294.6300000000001,1,0,,,,,,,,,1
545,1,48,2295.1000000000004,2.0238977072310407,16367.0,619,147,427.73,13.0,1016.05,1279.0500000000002,0.5958651039170406,263.0000000000002,0.15709023332341718,0.2708333333333333,3,365.17999999999995,1,0,,,,,,,,,1
697,0,56,2514.5,2.9827995255041517,129940.0,567,141,288.21,3.0,1322.4200000000003,1192.08,0.45508053290912703,-130.34000000000037,0.10283261557563929,0.05357142857142857,3,309.0899999999999,1,1,,,,,,,,,1
637,1,94,2305.8799999999997,2.678141695702671,6307.0,541,127,629.6800000000001,5.0,564.1800000000001,1741.6999999999998,0.5954082606206741,1177.5199999999998,0.21450081074820482,0.05319148936170213,7,204.16,1,1,,,,,,,,,1
1017,1,54,2790.63,2.3871941830624466,1475.0,770,135,484.14,18.0,987.23,1803.4,0.6739875941991593,816.1700000000001,0.147839390247254,0.3333333333333333,4,645.6300000000003,1,0,,,,,,,,,1
433,1,66,791.53,2.3418047337278107,439.0,209,79,90.58000000000001,0.0,611.72,179.81,0.5426452566548331,-431.91,0.10268560610354718,0.0,2,158.29000000000002,1,0,,,,,,,,,1
2299,0,54,1771.1299999999997,1.8584784889821613,1034.0,506,127,283.23,4.0,701.3,1069.83,0.6117393980114391,368.53,0.1378677544344711,0.07407407407407407,1,286.75999999999993,1,0,,,,,,,,,1
1862,3,137,2130.0,3.2618683001531394,116512.0,399,123,418.36999999999995,10.0,1109.6100000000001,1020.3899999999999,0.3947605633802817,-89.22000000000025,0.16417160773357087,0.072992700729927,5,80.04000000000002,1,1,,,,,,,,,1
32,1,104,3006.32,3.4835689455388184,264174.0,630,144,345.59999999999997,3.0,1555.4900000000002,1450.83,0.4737752468133798,-104.66000000000031,0.10310508604023962,0.028846153846153848,6,375.5,1,1,,,,,,,,,1
183,2,130,1529.2899999999995,2.7554774774774766,788.0,347,95,193.05999999999995,2.0,830.4799999999996,698.81,0.3142111698892951,-131.66999999999962,0.11209103840682788,0.015384615384615385,5,31.380000000000003,1,1,,,,,,,,,1
1774,2,56,3689.0,2.8010630220197417,1661.0,804,138,648.62,36.0,1860.8700000000001,1828.13,0.6138601246950394,-32.74000000000001,0.14953361520834008,0.6428571428571429,4,1323.4599999999998,1,0,,,,,,,,,1
1558,0,122,3949.8800000000015,3.70532833020638,1312.0,721,168,369.38,1.0,1554.2500000000007,2395.6300000000006,0.45690248817685586,841.3799999999999,0.08551927876534404,0.00819672131147541,6,537.22,1,1,,,,,,,,,1
978,0,56,2324.930000000001,3.335624103299858,793.0,539,143,307.05000000000007,0.0,1529.8100000000004,795.1200000000001,0.4240600792281915,-734.6900000000003,0.11666122082994548,0.0,3,689.42,1,0,,,,,,,,,1
519,3,29,800.1300000000001,2.5810645161290324,339.0,250,103,231.99999999999997,16.0,509.59999999999997,290.53000000000003,0.6028770324822217,-219.06999999999994,0.22477788650654468,0.5517241379310345,1,19.0,1,1,,,,,,,,,1
1598,0,382,9094.470000000005,3.2045348837209318,203723.0,1590,197,1698.5499999999997,9.0,1910.5200000000011,7183.9500000000035,0.4456939216908735,5273.430000000002,0.15737485893660894,0.02356020942408377,7,2422.3600000000015,1,0,,,,,,,,,1
1216,1,122,5066.010000000001,2.579434826883911,2386.0,1135,172,898.3500000000001,9.0,2141.73,2924.2799999999997,0.5399081328303733,782.5499999999997,0.15061968090457314,0.07377049180327869,9,237.52000000000004,1,1,,,,,,,,,1
2137,0,170,2655.01,2.9532925472747498,215770.0,602,139,503.4199999999999,0.0,792.71,1862.3000000000002,0.33156560615590897,1069.5900000000001,0.15938931684412821,0.0,3,315.13,1,1,,,,,,,,,1
1998,0,302,2189.5200000000004,1.3963775510204084,1806.0,416,83,523.7500000000002,0.0,852.2800000000005,1337.2399999999996,0.8711909459607583,484.959999999999,0.19303276120695698,0.0,5,194.02,1,1,,,,,,,,,1
998,0,230,7552.380000000003,3.1573494983277604,258334.0,1366,166,1824.08,30.0,3106.630000000001,4445.750000000001,0.5278005079193577,1339.12,0.1945382372451863,0.13043478260869565,8,753.0100000000001,1,1,,,,,,,,,1
1136,0,44,1525.02,3.002007874015748,748.0,371,101,386.1600000000001,6.0,1018.6600000000001,506.36,0.5419010898217728,-512.3000000000001,0.20205318180391177,0.13636363636363635,2,409.0899999999999,1,0,,,,,,,,,1
1936,0,444,4497.850000000002,2.8023987538940824,204287.0,754,152,705.6200000000001,8.0,1984.8000000000004,2513.050000000001,0.4801605211378768,528.2500000000007,0.1356056631440173,0.018018018018018018,6,532.01,1,1,,,,,,,,,1
1756,9,60,3177.390000000001,3.643795871559634,149793.0,611,157,495.9299999999999,3.0,2451.070000000001,726.3199999999999,0.4393448711049004,-1724.7500000000011,0.1350086570187187,0.05,5,166.89999999999998,1,1,,,,,,,,,1
1687,0,99,3521.1900000000014,2.731722265321956,1458.0,688,138,809.9599999999998,116.0,1511.8900000000003,2009.3000000000004,0.5737634152090625,497.4100000000001,0.18700806945037682,1.1717171717171717,6,245.07999999999993,1,1,,,,,,,,,1
1969,0,208,2027.5400000000002,1.9877843137254905,1269.0,462,105,607.38,2.0,665.8700000000001,1361.67,0.6783984532980852,695.8,0.2305117422919861,0.009615384615384616,3,218.65999999999997,1,1,,,,,,,,,1
1456,10,67,1494.1200000000003,2.506912751677853,739.0,412,120,277.68,1.0,814.73,679.3900000000001,0.5967659893448984,-135.33999999999992,0.15672197764984758,0.014925373134328358,1,12.379999999999999,1,1,,,,,,,,,1
1193,0,209,4470.920000000004,3.022934415145371,9339.0,822,148,1039.51,19.0,3775.6900000000037,695.2299999999998,0.6848814114320991,-3080.4600000000037,0.18864408040751798,0.09090909090909091,3,252.73000000000002,1,1,,,,,,,,,1
318,5,85,1080.18,2.857619047619048,16611.0,212,83,147.1,2.0,526.4699999999999,553.71,0.7091780999463052,27.240000000000123,0.11985854898637638,0.023529411764705882,3,162.07,1,0,,,,,,,,,1
681,1,57,2354.37,3.5139850746268655,24696.0,278,85,232.31999999999996,3.0,1187.0,1167.37,0.7909419505005584,-19.63000000000011,0.08981362281525809,0.05263157894736842,5,418.82000000000005,1,0,,,,,,,,,1
1735,0,65,2724.1400000000003,3.858555240793202,66548.0,473,136,457.87999999999994,3.0,797.45,1926.6899999999998,0.42025373145286204,1129.2399999999998,0.14389601573843028,0.046153846153846156,2,1178.6300000000003,1,0,,,,,,,,,1
1089,2,82,1712.5399999999997,2.5636826347305384,63740.0,488,98,307.89,1.0,1412.33,300.2099999999999,0.561113900989174,-1112.12,0.15238835297436684,0.012195121951219513,1,692.44,1,0,,,,,,,,,1
419,0,44,1683.0,4.512064343163539,40903.0,295,106,492.50000000000006,10.0,788.5899999999999,894.4100000000001,0.5801604278074866,105.82000000000016,0.2263847391404275,0.22727272727272727,1,13.61,1,1,,,,,,,,,1
1351,1,82,527.4100000000001,2.897857142857143,244.0,101,44,146.44,5.0,292.82000000000005,234.59,0.6300032232987618,-58.23000000000005,0.21731839430140235,0.06097560975609756,2,36.99,1,1,,,,,,,,,1
308,0,64,1863.1900000000003,3.5220982986767493,70724.0,368,124,176.35999999999996,0.0,493.91999999999996,1369.2700000000004,0.5102109822401365,875.3500000000005,0.08647005466892203,0.0,1,602.07,1,0,,,,,,,,,1
1593,3,38,1598.16,2.793986013986014,16915.0,434,130,311.75,9.0,854.9100000000001,743.2499999999999,0.5690982129448866,-111.6600000000002,0.16322758664020817,0.23684210526315788,1,190.94,1,1,,,,,,,,,1
1046,0,141,3979.9200000000014,3.4016410256410268,160365.0,659,153,452.96999999999986,0.0,1796.4599999999998,2183.460000000001,0.41312890711371064,387.00000000000114,0.10218390260078633,0.0,3,335.03,1,1,,,,,,,,,1
537,1,38,1241.45,3.526846590909091,452.0,290,92,191.68,0.0,826.91,414.54,0.47098956864956304,-412.36999999999995,0.13374920628275172,0.0,1,169.8,1,1,,,,,,,,,1
1963,3,43,2074.0399999999995,2.5860847880299245,5421.0,559,122,347.00000000000006,21.0,1123.84,950.1999999999999,0.5670189581685986,-173.64,0.14332683474870309,0.4883720930232558,2,468.41,1,0,,,,,,,,,1
92,0,49,1328.0500000000002,2.1454765751211635,10973.0,473,125,362.93999999999994,0.0,432.49,895.5600000000001,0.43357554308949203,463.07000000000005,0.21463166547407134,0.0,1,259.33,1,0,,,,,,,,,1
481,3,44,1800.1000000000001,2.5569602272727274,911.0,494,119,386.04999999999995,4.0,1224.91,575.19,0.5613021498805622,-649.72,0.1765889806280447,0.09090909090909091,1,255.82,1,1,,,,,,,,,1
953,0,94,1844.2200000000003,2.3493248407643317,15041.0,557,140,422.21000000000004,3.0,865.9900000000005,978.23,0.5493379314832286,112.23999999999955,0.18628856836522636,0.031914893617021274,2,669.1700000000001,1,0,,,,,,,,,1
1961,0,72,1180.31,2.282998065764023,634.0,387,104,267.6,1.0,703.75,476.56,0.6831849259940185,-227.19,0.18481811714816532,0.013888888888888888,3,453.9100000000001,1,0,,,,,,,,,1
1019,1,40,1305.5900000000001,3.3911428571428575,495.0,302,100,232.55999999999995,0.0,798.3400000000001,507.25,0.3813295138596344,-291.09000000000015,0.15119461690992422,0.0,1,247.96999999999997,1,0,,,,,,,,,1
1667,2,38,788.33,3.2575619834710747,440.0,206,93,286.8500000000001,3.0,662.4100000000001,125.91999999999999,0.5391777555084798,-536.4900000000001,0.2667925370635615,0.07894736842105263,1,102.77,1,1,,,,,,,,,1
2128,15,80,1830.4400000000003,4.553333333333334,97568.0,337,97,168.38000000000005,3.0,1643.7100000000003,186.73000000000002,0.46418347501147267,-1456.9800000000002,0.08423970142384007,0.0375,2,47.27,1,1,,,,,,,,,1
734,3,68,1117.4599999999998,4.2009774436090215,28125.0,205,89,207.38,0.0,456.62999999999994,660.8299999999999,0.3684427183075905,204.2,0.15653210953775554,0.0,1,202.3,1,0,,,,,,,,,1
1426,1,59,2041.4900000000005,3.220015772870663,29138.0,412,117,312.69,1.0,1556.8100000000002,484.68,0.5083786841963466,-1072.13,0.13282331852279772,0.01694915254237288,2,289.38000000000005,1,1,,,,,,,,,1
2036,0,36,2911.610000000001,3.5121954161640545,17427.0,544,136,288.4899999999999,8.0,722.38,2189.2300000000005,0.4095946915967453,1466.8500000000004,0.09015030780288111,0.2222222222222222,2,1152.8400000000004,1,0,,,,,,,,,1
2247,1,49,2944.8399999999997,4.200912981455064,1110.0,533,124,572.13,2.0,1699.8999999999999,1244.94,0.5298352372285081,-454.9599999999998,0.1626769634088434,0.04081632653061224,1,1047.8300000000002,1,0,,,,,,,,,1
205,0,85,2665.3900000000003,3.4040740740740745,10593.0,493,134,338.76,1.0,306.65999999999997,2358.7300000000005,0.3346527149873002,2052.0700000000006,0.11276400978646203,0.011764705882352941,4,1084.2500000000005,1,0,,,,,,,,,1
1544,10,50,2345.9500000000003,2.962058080808081,89891.0,512,121,325.28000000000003,2.0,1798.7600000000002,547.19,0.5769730812677166,-1251.5700000000002,0.12177161831815304,0.04,4,111.97999999999999,1,1,,,,,,,,,1
1408,3,54,1036.77,2.8561157024793387,501.0,219,69,145.82,1.0,349.68999999999994,687.0799999999999,0.7239696364671045,337.39,0.1233056257874665,0.018518518518518517,2,18.52,1,1,,,,,,,,,1
961,1,62,3288.2700000000004,3.334959432048682,1241.0,667,149,296.21000000000004,1.0,1696.6499999999996,1591.6200000000001,0.5170895334020624,-105.02999999999952,0.08263681203410257,0.016129032258064516,6,668.0,1,0,,,,,,,,,1
1061,0,101,4237.040000000002,3.307603434816551,59942.0,756,135,1033.3400000000001,1.0,694.1400000000001,3542.9000000000005,0.4955534996129372,2848.76,0.1960655588401595,0.009900990099009901,3,1974.63,1,0,,,,,,,,,1
2273,2,43,1390.89,3.0040820734341254,635.0,300,104,196.42,1.0,859.1700000000001,531.72,0.5861930131067157,-327.45000000000005,0.12374394415709594,0.023255813953488372,1,203.98,1,0,,,,,,,,,1
111,0,46,1411.12,2.493144876325088,37133.0,451,126,349.52000000000004,19.0,814.4099999999999,596.7100000000002,0.5492445716877374,-217.6999999999997,0.19851872046528538,0.41304347826086957,1,104.53,1,1,,,,,,,,,1
2029,1,40,1515.9500000000003,3.6794902912621366,537.0,308,87,334.57,2.0,354.67,1161.2800000000002,0.4610574227382168,806.6100000000001,0.18079782979919157,0.05,2,172.95,1,1,,,,,,,,,1
480,1,87,3435.540000000001,3.1634806629834262,252190.0,742,160,759.9899999999998,12.0,2222.1500000000005,1213.3900000000003,0.445909522229402,-1008.7600000000002,0.1811427876811749,0.13793103448275862,4,210.85,1,1,,,,,,,,,1
1551,62,17,772.9600000000002,2.760571428571429,362.0,213,91,118.02999999999999,0.0,772.9600000000002,0.0,0.34352359759884077,-772.9600000000002,0.1324706225659098,0.0,1,27.15,1,1,,,,,,,,,1
618,0,509,6656.719999999999,3.507228661749209,707353.0,955,163,908.2700000000001,19.0,1707.81,4948.91,0.3907870542849932,3241.1,0.12006228692965888,0.03732809430255403,5,687.1500000000001,1,1,,,,,,,,,1
1922,0,100,2604.5900000000006,2.7916291532690254,53166.0,523,145,251.67000000000002,1.0,930.76,1673.8300000000004,0.5001593340986489,743.0700000000004,0.08811172652349575,0.01,3,492.35,1,0,,,,,,,,,1
339,0,59,1514.7899999999997,2.0197199999999995,1072.0,483,111,588.1999999999999,6.0,693.3399999999999,821.4499999999999,0.6423068544154635,128.11,0.2796970028388152,0.1016949152542373,2,154.13,1,1,,,,,,,,,1
1883,2,117,2294.5899999999997,2.549544444444444,13741.0,648,140,473.46999999999997,6.0,1035.3500000000001,1259.2399999999998,0.6156263210421035,223.88999999999965,0.17104759289899787,0.05128205128205128,6,166.39000000000004,1,1,,,,,,,,,1
1916,0,138,2604.51,2.52375,9158.0,656,147,496.96000000000004,3.0,1203.5000000000002,1401.0100000000002,0.5777708666889356,197.51,0.16023369563465067,0.021739130434782608,7,281.19000000000005,1,1,,,,,,,,,1
2366,1,149,4863.700000000003,2.72323628219485,406663.0,1003,145,898.01,38.0,1539.82,3323.8800000000006,0.5267471266731086,1784.0600000000006,0.15585824347285782,0.2550335570469799,7,636.33,1,1,,,,,,,,,1
365,0,153,6404.540000000002,4.678261504747993,153134.0,676,154,887.4499999999999,5.0,3407.46,2997.0800000000004,0.382656677919101,-410.37999999999965,0.12170203195561154,0.032679738562091505,7,643.8899999999999,1,1,,,,,,,,,1
2456,2,70,1140.0899999999997,2.1674714828897335,635.0,340,102,186.12,0.0,519.3399999999999,620.75,0.6390986676490454,101.41000000000008,0.14033976519555733,0.0,1,131.15,1,1,,,,,,,,,1
23,0,97,2844.060000000001,4.115861070911723,167285.0,417,127,244.45999999999995,1.0,1658.4199999999998,1185.6400000000003,0.5928531746868911,-472.7799999999995,0.07915117920557416,0.010309278350515464,3,314.52,1,1,,,,,,,,,1
1729,4,78,2712.76,2.8435639412997906,6160.0,793,153,502.66,5.0,2112.3700000000003,600.3900000000001,0.623571565490497,-1511.9800000000002,0.15632794471639785,0.0641025641025641,6,197.84999999999997,1,1,,,,,,,,,1
830,0,213,1563.8799999999999,2.090748663101604,1152.0,371,91,431.8600000000001,40.0,1139.53,424.3499999999999,0.676369030871934,-715.1800000000001,0.21639091264393165,0.18779342723004694,4,130.44,1,1,,,,,,,,,1
940,0,58,1015.4100000000002,2.435035971223022,455.0,274,89,165.07999999999998,1.0,487.5500000000001,527.86,0.7093587811819855,40.30999999999989,0.13984023583427216,0.017241379310344827,1,246.21000000000004,1,0,,,,,,,,,1
2289,0,69,1874.89,2.777614814814815,859.0,498,123,521.93,7.0,742.5600000000001,1132.3300000000002,0.41242419555280574,389.7700000000001,0.21775936449128425,0.10144927536231885,3,553.17,1,0,,,,,,,,,1
156,0,537,4661.99,2.454971037388099,311894.0,1099,178,739.8899999999996,22.0,2887.2599999999993,1774.7300000000002,0.4210862743163329,-1112.529999999999,0.13696898116951872,0.040968342644320296,7,562.0799999999999,1,1,,,,,,,,,1
2207,0,350,4505.730000000001,2.2130304518664055,15228.0,1284,186,943.96,16.0,1546.24,2959.490000000001,0.5111069682382209,1413.2500000000011,0.17321352223704464,0.045714285714285714,6,360.33,1,1,,,,,,,,,1
1203,0,144,5409.290000000003,3.2763718958207164,94876.0,802,144,763.9800000000001,20.0,2254.75,3154.540000000002,0.4991265027388066,899.7900000000018,0.12375612924754624,0.1388888888888889,6,976.1500000000001,1,0,,,,,,,,,1
68,0,496,4381.770000000002,2.2703471502590684,169075.0,905,162,934.32,34.0,1325.8600000000001,3055.9100000000017,0.5847043546329449,1730.0500000000015,0.17575323216875555,0.06854838709677419,8,579.0,1,1,,,,,,,,,1
245,3,40,924.4899999999998,3.3617818181818175,84068.0,223,71,286.23999999999995,0.0,502.71000000000004,421.7799999999999,0.4173977003537087,-80.93000000000012,0.23641935030931752,0.0,1,471.96000000000004,1,0,,,,,,,,,1
1347,0,100,2245.5300000000007,4.15838888888889,109893.0,420,121,320.75999999999993,6.0,487.99000000000007,1757.5400000000006,0.4140047115825661,1269.5500000000006,0.1249897712261669,0.06,1,1114.8100000000002,1,0,,,,,,,,,1
935,4,50,1414.3499999999997,3.6172634271099735,247332.0,285,101,117.03,1.0,931.1599999999997,483.18999999999994,0.42528369922579295,-447.9699999999998,0.07642126709242646,0.02,1,150.32000000000002,1,1,,,,,,,,,1
1045,0,271,4301.670000000002,2.8487880794702,493202.0,878,160,698.11,1.0,2261.5600000000004,2040.1100000000001,0.46496360715722007,-221.45000000000027,0.13962814363832005,0.0036900369003690036,5,591.44,1,1,25-34,A,Under 15K,Homeowner,Single Male,2,None/Unknown,1045.0,1
2337,0,1170,10970.030000000008,2.109215535473949,6932.0,1541,189,1731.0499999999997,16.0,4868.380000000004,6101.650000000004,0.5009731058164834,1233.2700000000004,0.13629155945793575,0.013675213675213675,6,733.94,1,1,65+,U,Under 15K,Homeowner,1 Adult Kids,3,2,2337.0,1
1861,0,115,1632.9700000000003,2.4156360946745568,1014.0,476,116,375.98999999999995,5.0,642.1899999999999,990.78,0.6139978076755845,348.59000000000003,0.1871565387065944,0.043478260869565216,5,235.48000000000002,1,1,25-34,U,15-24K,Homeowner,2 Adults Kids,4,2,1861.0,1
768,0,407,5557.970000000002,2.4133608336951813,438251.0,1025,168,1260.5900000000001,17.0,1907.5100000000007,3650.460000000001,0.5017857239243824,1742.9500000000003,0.18487627886239907,0.04176904176904177,4,1123.38,1,0,35-44,A,50-74K,Renter,Single Female,2,None/Unknown,768.0,1
898,0,266,7054.480000000003,3.536080200501255,549012.0,889,161,1006.7399999999997,5.0,2882.0700000000006,4172.410000000003,0.3655081593540557,1290.340000000002,0.12488680373442225,0.018796992481203006,4,1300.7500000000005,1,0,55-64,A,125-149K,Homeowner,2 Adults No Kids,2,None/Unknown,898.0,1
2209,1,200,5587.6100000000015,3.442766481823784,563661.0,1027,183,621.15,0.0,3232.8000000000015,2354.81,0.37777153380425604,-877.9900000000016,0.10004413119527891,0.0,5,1409.0700000000004,1,0,25-34,A,35-49K,Renter,2 Adults Kids,5+,3+,2209.0,1
2085,0,303,10966.000000000005,3.3443122903324203,360050.0,1574,193,2473.56,30.0,3491.21,7474.790000000003,0.44094109064380804,3983.5800000000027,0.18405066832545106,0.09900990099009901,7,1928.5700000000004,1,0,35-44,A,35-49K,Homeowner,2 Adults No Kids,2,None/Unknown,2085.0,1
2269,0,178,2757.8199999999997,2.9432443970117395,12229.0,378,106,1030.1699999999998,10.0,1005.1899999999998,1752.6299999999997,0.458253258008137,747.4399999999998,0.2719568953455526,0.056179775280898875,3,516.13,1,0,55-64,A,35-49K,Homeowner,2 Adults No Kids,2,None/Unknown,2269.0,1
256,0,111,8737.510000000006,3.183063752276869,113595.0,860,157,1052.2799999999997,83.0,4169.080000000002,4568.430000000002,0.6570704926231842,399.35000000000036,0.10748749462450158,0.7477477477477478,10,1112.8400000000004,1,1,25-34,U,50-74K,Homeowner,2 Adults No Kids,2,None/Unknown,256.0,1
361,0,196,7298.220000000001,2.1560472673559827,4175.0,1440,196,1728.6699999999996,19.0,3634.9100000000003,3663.3100000000004,0.5328737692204398,28.40000000000009,0.1915022781932647,0.09693877551020408,7,1448.8799999999999,1,0,45-54,U,50-74K,Unknown,Unknown,1,None/Unknown,361.0,1
1467,0,693,2224.2200000000007,1.6761266013564435,66238.0,343,86,429.9100000000001,4.0,396.80000000000007,1827.4200000000003,0.5725602683187813,1430.6200000000003,0.1619777478872549,0.005772005772005772,2,733.5999999999999,1,0,35-44,A,50-74K,Probable Owner,2 Adults Kids,4,2,1467.0,1
80,0,78,2556.1200000000003,2.4792628516003883,122685.0,724,133,737.9300000000001,14.0,800.8299999999999,1755.2900000000006,0.42735865295839015,954.4600000000007,0.22401906467722105,0.1794871794871795,2,445.97,1,0,45-54,U,50-74K,Homeowner,2 Adults No Kids,2,None/Unknown,80.0,1
55,0,120,873.45,2.721028037383178,359.0,203,73,156.81,0.0,526.66,346.7900000000001,0.5265098173908066,-179.8699999999999,0.15220429794420826,0.0,4,199.34000000000003,1,0,65+,A,35-49K,Homeowner,2 Adults No Kids,2,None/Unknown,55.0,1
409,0,115,3691.59,2.4302764976958526,175582.0,930,152,1290.2399999999998,125.0,1403.37,2288.2200000000003,0.6158674175626221,884.8500000000004,0.258989166631539,1.0869565217391304,7,808.26,1,0,19-24,B,25-34K,Homeowner,2 Adults No Kids,2,None/Unknown,409.0,1
1491,0,252,4766.380000000003,2.6203298515667965,2210.0,663,163,676.25,4.0,2077.78,2688.6000000000013,0.55448369622229,610.8200000000011,0.12425059208507645,0.015873015873015872,6,869.5900000000001,1,0,65+,U,35-49K,Homeowner,2 Adults No Kids,2,None/Unknown,1491.0,1
742,0,315,3634.08,1.6223571428571428,56379.0,830,142,597.0200000000001,35.0,1607.9600000000005,2026.1199999999994,0.7219819046361117,418.15999999999894,0.14110278650941838,0.1111111111111111,8,316.88,1,1,35-44,A,15-24K,Renter,1 Adult Kids,4,2,742.0,1
18,0,128,5561.200000000002,3.5786357786357796,182710.0,587,137,886.31,60.0,2297.7800000000007,3263.4200000000005,0.6117618499604401,965.6399999999999,0.13746547116638821,0.46875,3,1557.7100000000005,1,0,45-54,A,100-124K,Homeowner,2 Adults No Kids,2,None/Unknown,18.0,1
1653,0,461,16148.330000000018,3.5600374779541486,872690.0,2155,190,3717.7300000000005,27.0,6449.720000000002,9698.61000000001,0.42839414354301614,3248.8900000000076,0.1871397750736682,0.05856832971800434,7,3005.420000000001,1,0,35-44,B,Under 15K,Homeowner,Single Female,1,None/Unknown,1653.0,1
289,0,156,4784.080000000003,3.663154670750385,584439.0,699,147,511.2300000000001,2.0,1934.4500000000003,2849.6300000000006,0.3177183491914849,915.1800000000003,0.09654392282982484,0.01282051282051282,5,1186.3900000000003,1,0,45-54,B,100-124K,Homeowner,Single Male,1,None/Unknown,289.0,1
1879,0,252,4353.290000000002,2.221066326530613,2721.0,301,100,745.1599999999999,8.0,1633.8200000000002,2719.4700000000003,0.5817462195259216,1085.65,0.14615422334238828,0.031746031746031744,3,508.65999999999997,1,1,65+,A,35-49K,Unknown,Single Male,2,None/Unknown,1879.0,1
1995,0,119,12067.67000000001,3.3689754327191537,310707.0,1875,215,1954.6499999999994,19.0,4462.900000000005,7604.770000000005,0.4713975440163676,3141.87,0.13939562069614717,0.15966386554621848,9,3264.760000000002,1,0,25-34,B,25-34K,Unknown,1 Adult Kids,3,2,1995.0,1
1676,0,78,3753.5400000000013,2.907467079783115,202745.0,732,138,554.22,4.0,1567.1900000000005,2186.3500000000004,0.49290269985134005,619.1599999999999,0.1286561925455457,0.05128205128205128,5,1449.8900000000006,1,0,35-44,U,75-99K,Unknown,2 Adults No Kids,2,None/Unknown,1676.0,1
230,0,142,3959.7000000000016,2.361180679785332,145418.0,890,132,921.98,11.0,1626.3700000000001,2333.330000000001,0.5639139328737023,706.9600000000007,0.18886530866423026,0.07746478873239436,3,561.31,1,1,25-34,U,25-34K,Unknown,Single Female,1,None/Unknown,230.0,1
971,0,108,3106.750000000001,2.7228308501314644,1342.0,760,143,394.72,0.0,919.9000000000001,2186.850000000001,0.5917148145167779,1266.9500000000007,0.1127297963426789,0.0,3,569.4000000000001,1,0,25-34,A,35-49K,Homeowner,2 Adults Kids,3,1,971.0,1
2158,0,111,2484.7499999999995,2.88588850174216,342759.0,497,118,526.4699999999999,61.0,1019.13,1465.62,0.3843927960559413,446.4899999999999,0.17483611293761334,0.5495495495495496,1,709.4200000000001,1,0,25-34,B,50-74K,Probable Renter,Single Female,1,None/Unknown,2158.0,1
1850,0,191,5994.160000000002,3.511517281780903,553751.0,1034,186,559.65,3.0,2394.850000000001,3599.310000000001,0.33731165000600566,1204.46,0.08539307669889726,0.015706806282722512,2,887.9499999999998,1,0,65+,A,75-99K,Homeowner,Single Female,2,None/Unknown,1850.0,1
1258,0,198,2912.35,3.4062573099415205,31900.0,387,121,642.78,5.0,958.19,1954.16,0.6543375624495683,995.97,0.18080351492069205,0.025252525252525252,6,590.1,1,0,45-54,U,75-99K,Homeowner,Unknown,1,None/Unknown,1258.0,1
1686,0,75,1042.8200000000002,2.2378111587982836,12730.0,294,93,192.09999999999994,5.0,395.32,647.5,0.6155520607583284,252.18,0.1555566352476273,0.06666666666666667,1,270.94000000000005,1,0,45-54,U,15-24K,Homeowner,2 Adults No Kids,2,None/Unknown,1686.0,1
1376,0,205,9446.330000000005,3.6684776699029147,1078200.0,1373,187,1856.4499999999998,189.0,3870.280000000001,5576.050000000002,0.4611261728099694,1705.770000000001,0.16424720290052525,0.9219512195121952,4,1595.0800000000002,1,0,55-64,U,50-74K,Homeowner,Unknown,1,None/Unknown,1376.0,1
155,0,49,2049.11,2.952608069164265,15752.0,391,95,345.87999999999994,6.0,895.82,1153.2899999999997,0.6703202853921945,257.4699999999997,0.14441813953294164,0.12244897959183673,2,51.94,1,1,35-44,B,50-74K,Homeowner,2 Adults Kids,3,1,155.0,1
588,0,223,8113.250000000004,2.9916113569321547,629662.0,1306,181,1112.7300000000002,65.0,3513.060000000001,4600.190000000002,0.38917326595384094,1087.1300000000015,0.12060832561960896,0.2914798206278027,9,1427.2900000000002,1,0,35-44,A,50-74K,Homeowner,2 Adults Kids,5+,3+,588.0,1
513,0,146,10846.510000000004,5.536758550280758,11727.0,844,153,2479.48,30.0,5193.630000000001,5652.880000000002,0.3872637373680566,459.2500000000009,0.186063474458558,0.2054794520547945,4,1283.5000000000002,1,1,45-54,U,75-99K,Homeowner,2 Adults No Kids,2,None/Unknown,513.0,1
1236,2,180,3591.890000000001,2.652799113737076,1776.0,620,124,605.7,0.0,2085.83,1506.06,0.5446659001250036,-579.77,0.14429708475577652,0.0,3,401.1199999999999,1,1,35-44,U,50-74K,Unknown,2 Adults Kids,3,1,1236.0,1
1484,0,84,2723.55,2.2508677685950413,1428.0,820,149,541.26,65.0,1108.22,1615.33,0.6327660590038734,507.1099999999999,0.16578606412011723,0.7738095238095238,1,485.8399999999999,1,0,19-24,A,35-49K,Homeowner,2 Adults No Kids,2,None/Unknown,1484.0,1
1391,0,147,7155.000000000003,3.64864864864865,771134.0,1254,200,1750.0,36.0,3381.4300000000003,3773.5700000000015,0.36978197064989504,392.14000000000124,0.1965188096574957,0.24489795918367346,6,950.7400000000002,1,1,45-54,A,50-74K,Homeowner,2 Adults No Kids,2,None/Unknown,1391.0,1
716,5,71,1123.9799999999998,2.8672959183673465,19050.0,277,101,512.09,33.0,464.43,659.55,0.38979341269417606,195.11999999999995,0.31300005500987127,0.4647887323943662,1,166.70000000000005,1,0,45-54,A,75-99K,Homeowner,2 Adults Kids,5+,3+,716.0,1
1788,0,133,7840.970000000007,3.580351598173519,284751.0,924,145,479.02,4.0,2566.920000000001,5274.050000000003,0.5249847914224895,2707.130000000002,0.05757458843099566,0.03007518796992481,5,1231.3100000000004,1,0,35-44,A,75-99K,Homeowner,2 Adults No Kids,2,None/Unknown,1788.0,1
1103,0,179,5507.840000000003,3.5557391865719836,440481.0,822,157,653.4699999999999,5.0,2543.030000000002,2964.810000000001,0.5021877904950032,421.77999999999884,0.10606023718981833,0.027932960893854747,5,596.35,1,1,35-44,A,50-74K,Homeowner,2 Adults Kids,3,1,1103.0,1
2107,0,78,3134.110000000001,2.965099337748345,1440.0,551,124,771.9499999999999,1.0,1062.18,2071.9300000000007,0.5120241472060647,1009.7500000000007,0.197628812665448,0.01282051282051282,4,274.95000000000005,1,1,35-44,A,75-99K,Homeowner,2 Adults Kids,5+,3+,2107.0,1
1240,0,160,8223.550000000007,3.7740018357044547,317028.0,885,165,671.2900000000001,3.0,2919.500000000001,5304.050000000003,0.3677973624529549,2384.550000000002,0.07546959810406927,0.01875,5,3026.520000000001,1,0,45-54,U,Under 15K,Homeowner,2 Adults No Kids,2,None/Unknown,1240.0,1
1604,0,128,622.28,2.1094237288135593,343.0,144,57,76.44,0.0,185.54000000000002,436.73999999999995,0.7918300443530244,251.19999999999993,0.10940004579803067,0.0,3,196.13,1,0,35-44,U,35-49K,Probable Owner,2 Adults No Kids,2,None/Unknown,1604.0,1
410,0,111,1016.33,2.2585111111111114,645.0,302,89,404.79999999999995,3.0,310.17,706.16,0.46506548070016623,395.98999999999995,0.2848437510994771,0.02702702702702703,1,132.09,1,1,55-64,A,35-49K,Homeowner,2 Adults Kids,5+,3+,410.0,1
1634,0,73,4037.1100000000006,2.318845491097071,4663.0,807,135,820.5700000000002,7.0,2718.13,1318.9799999999996,0.6384641488589607,-1399.1500000000005,0.16892220154477036,0.0958904109589041,4,579.03,1,1,25-34,A,35-49K,Homeowner,2 Adults Kids,5+,3+,1634.0,1
97,1,154,4590.840000000001,2.984941482444734,323671.0,877,135,847.2500000000002,1.0,1954.45,2636.3900000000003,0.5346145803382385,681.9400000000003,0.15579918684685248,0.006493506493506494,3,733.1099999999999,1,0,45-54,U,75-99K,Unknown,Single Female,1,None/Unknown,97.0,1
929,0,213,4455.710000000002,2.1798972602739735,267872.0,898,145,945.04,12.0,1602.7800000000002,2852.930000000001,0.5908553294536673,1250.150000000001,0.1749831041984909,0.056338028169014086,4,886.8399999999999,1,0,45-54,B,25-34K,Renter,1 Adult Kids,2,1,929.0,1
1370,0,71,7047.680000000001,3.013116716545533,3036.0,677,108,1232.97,2.0,2861.060000000001,4186.620000000001,0.49015846349436976,1325.56,0.14889773145827923,0.028169014084507043,5,1484.2100000000005,1,0,65+,U,25-34K,Homeowner,2 Adults No Kids,2,None/Unknown,1370.0,1
785,1,87,1823.6999999999998,3.9818777292576417,197795.0,240,92,185.06,0.0,1286.4199999999998,537.28,0.5018204748588037,-749.1399999999999,0.09212648599135786,0.0,1,266.1,1,1,65+,A,75-99K,Homeowner,2 Adults No Kids,2,None/Unknown,785.0,1
1920,0,72,1604.8200000000004,3.275142857142858,535.0,324,121,163.48000000000002,3.0,769.98,834.8400000000001,0.39482932665345627,64.86000000000013,0.09245037606740937,0.041666666666666664,4,322.91999999999996,1,0,55-64,A,50-74K,Homeowner,2 Adults No Kids,2,None/Unknown,1920.0,1
518,0,132,4085.810000000002,2.7275100133511363,22639.0,939,167,1049.47,103.0,758.82,3326.990000000001,0.5793343302796748,2568.170000000001,0.20436470844822474,0.7803030303030303,4,840.56,1,0,45-54,A,75-99K,Homeowner,2 Adults No Kids,2,None/Unknown,518.0,1
324,0,135,7553.850000000004,3.6142822966507198,558276.0,1085,176,786.2599999999998,38.0,3520.740000000001,4033.1100000000015,0.5025662410558853,512.3700000000003,0.09427453594736752,0.2814814814814815,5,1001.0200000000002,1,1,45-54,U,50-74K,Unknown,Single Female,1,None/Unknown,324.0,1
1678,3,75,2444.730000000001,3.0256559405940604,9911.0,585,131,362.26,1.0,1841.6400000000006,603.09,0.473377428182253,-1238.5500000000006,0.12905639136584024,0.013333333333333334,4,169.26,1,1,45-54,U,75-99K,Unknown,Single Female,1,None/Unknown,1678.0,1
1568,0,67,3743.500000000001,3.4407169117647065,1653.0,688,148,1098.2399999999998,7.0,1483.4899999999998,2260.0100000000007,0.5249792974489114,776.5200000000009,0.22682754546919076,0.1044776119402985,5,832.44,1,0,55-64,B,35-49K,Homeowner,Single Female,1,None/Unknown,1568.0,1
161,0,201,4361.840000000001,2.931344086021506,101777.0,677,133,855.8500000000004,2.0,1222.6999999999998,3139.1400000000003,0.6428938246244702,1916.4400000000005,0.16402852603355128,0.009950248756218905,2,1709.6800000000003,1,0,19-24,A,75-99K,Unknown,2 Adults Kids,3,1,161.0,1
1708,2,50,3008.41,3.262917570498915,1565.0,550,113,951.1500000000001,5.0,1526.2499999999998,1482.1600000000003,0.6148463806462551,-44.08999999999946,0.24021608461546234,0.1,3,563.19,1,0,45-54,U,25-34K,Unknown,Single Female,1,None/Unknown,1708.0,1
214,0,75,2339.8100000000004,2.460368033648791,1098.0,426,116,456.9499999999999,10.0,822.9899999999999,1516.8200000000004,0.7163444895098319,693.8300000000005,0.16338548892289645,0.13333333333333333,4,318.1,1,1,55-64,B,Under 15K,Homeowner,2 Adults No Kids,2,None/Unknown,214.0,1
105,0,123,3866.7000000000016,1.91420792079208,2544.0,1121,135,1179.2299999999996,34.0,2070.22,1796.4800000000007,0.5272195929345433,-273.7399999999991,0.23369923879245239,0.2764227642276423,8,724.9699999999998,1,0,25-34,B,Under 15K,Homeowner,1 Adult Kids,3,2,105.0,1
2179,2,39,1301.9300000000003,3.586584022038568,20747.0,321,117,221.94000000000003,0.0,519.47,782.46,0.32929573786609107,262.99,0.14564234481943997,0.0,1,150.36,1,1,45-54,A,35-49K,Homeowner,2 Adults Kids,3,1,2179.0,1
1367,0,271,9957.990000000007,3.3116029265048246,821166.0,1762,200,1930.7599999999993,44.0,4235.250000000002,5722.7400000000025,0.4829328006957226,1487.4900000000007,0.16240227105456823,0.16236162361623616,4,2167.4900000000007,1,0,35-44,U,75-99K,Homeowner,2 Adults Kids,3,1,1367.0,1
803,0,52,1665.06,2.831734693877551,694.0,331,92,312.17999999999995,0.0,654.11,1010.9499999999999,0.6413522635820931,356.8399999999999,0.15788675122898585,0.0,3,371.78,1,0,25-34,U,75-99K,Unknown,2 Adults No Kids,2,None/Unknown,803.0,1
166,0,104,2373.27,3.4901029411764704,974.0,327,114,282.12,0.0,743.99,1629.28,0.5344651051081419,885.29,0.10624428050116932,0.0,2,686.42,1,0,25-34,A,50-74K,Homeowner,2 Adults Kids,3,1,166.0,1
2486,0,63,2759.940000000001,2.126302003081665,51390.0,932,150,698.1499999999997,5.0,747.3000000000001,2012.6400000000008,0.6219048240179131,1265.3400000000006,0.20188890399035295,0.07936507936507936,2,505.58,1,0,35-44,B,25-34K,Unknown,Single Male,1,None/Unknown,2486.0,1
1921,0,93,1310.9899999999998,2.926316964285714,38349.0,267,91,570.91,11.0,514.58,796.41,0.31366371978428526,281.8299999999999,0.30336893565014084,0.11827956989247312,2,149.13,1,1,35-44,A,35-49K,Homeowner,2 Adults No Kids,2,None/Unknown,1921.0,1
748,2,74,2246.6800000000003,2.790906832298137,8474.0,564,113,604.96,2.0,843.8000000000002,1402.88,0.5890514002884254,559.0799999999999,0.2121445904812669,0.02702702702702703,3,462.5,1,0,45-54,B,Under 15K,Homeowner,2 Adults Kids,3,1,748.0,1
1363,0,47,3542.3900000000012,3.217429609445959,7531.0,614,146,605.81,3.0,567.6,2974.7900000000004,0.4617842755879504,2407.1900000000005,0.14604165662214932,0.06382978723404255,2,533.0100000000001,1,0,25-34,U,15-24K,Unknown,1 Adult Kids,2,1,1363.0,1
1740,0,310,9888.780000000004,3.598537117903932,339981.0,805,169,1119.2999999999997,6.0,961.3900000000003,8927.390000000005,0.38857776186749027,7966.000000000005,0.10167985697778353,0.01935483870967742,4,2049.4200000000005,1,0,19-24,U,250K+,Unknown,Single Female,1,None/Unknown,1740.0,1
2168,0,168,4805.410000000002,2.106711968434898,2614.0,832,157,1542.1799999999998,52.0,2371.9900000000007,2433.42,0.41297828905337924,61.42999999999938,0.24295520032012138,0.30952380952380953,5,861.2499999999999,1,0,35-44,U,50-74K,Unknown,Single Female,1,None/Unknown,2168.0,1
1848,0,93,9400.820000000009,3.7483333333333366,224795.0,1037,164,675.0300000000002,9.0,5074.140000000004,4326.680000000002,0.5697556170631919,-747.4600000000019,0.06699484410744498,0.0967741935483871,3,1447.2900000000004,1,0,45-54,A,75-99K,Homeowner,Unknown,3,1,1848.0,1
1931,0,94,2042.4500000000003,2.8645862552594674,968.0,380,95,602.34,2.0,751.6899999999999,1290.7600000000002,0.43480623760679565,539.0700000000003,0.22774587018250975,0.02127659574468085,3,168.63,1,1,45-54,U,50-74K,Homeowner,Unknown,1,None/Unknown,1931.0,1
2068,0,93,2194.13,1.922988606485539,32822.0,661,141,652.4799999999999,22.0,807.42,1386.71,0.5371969755666254,579.2900000000001,0.22921299370127973,0.23655913978494625,4,367.27,1,0,55-64,A,50-74K,Homeowner,Single Female,2,None/Unknown,2068.0,1
1529,0,215,7878.330000000002,3.351054870267972,533558.0,1040,153,1562.4499999999996,112.0,3091.3100000000004,4787.020000000002,0.4267452620034955,1695.7100000000019,0.16550009639034058,0.5209302325581395,8,1147.18,1,1,45-54,U,50-74K,Unknown,Single Male,1,None/Unknown,1529.0,1
2448,0,174,8258.260000000006,3.2221069059695693,16367.0,1205,177,2371.5599999999995,292.0,4631.850000000004,3626.4100000000017,0.6767018718228778,-1005.4400000000023,0.22310443638744573,1.6781609195402298,8,1042.4700000000003,1,1,45-54,A,50-74K,Homeowner,2 Adults No Kids,2,None/Unknown,2448.0,1
1873,0,245,5179.04,2.87564686285397,363326.0,1123,149,839.9,6.0,2065.33,3113.71,0.38576454323581194,1048.38,0.139542843091973,0.024489795918367346,8,507.78,1,1,35-44,U,15-24K,Unknown,Single Male,1,None/Unknown,1873.0,1
483,0,84,2389.87,3.2383062330623305,1182.0,538,122,703.9499999999999,5.0,770.8,1619.0700000000002,0.604618661266094,848.2700000000002,0.2275342456897945,0.05952380952380952,3,329.11999999999995,1,1,45-54,U,35-49K,Unknown,Single Female,1,None/Unknown,483.0,1
1939,0,63,3008.9300000000003,3.2493844492440607,182722.0,559,141,559.9699999999999,2.0,1215.5900000000001,1793.3400000000006,0.5398198030529124,577.7500000000005,0.15690268710246852,0.031746031746031744,3,775.6899999999998,1,0,35-44,A,50-74K,Homeowner,2 Adults No Kids,2,None/Unknown,1939.0,1
136,0,70,2607.1699999999996,2.2710540069686407,1357.0,732,132,545.49,1.0,805.99,1801.1799999999998,0.6516145859303383,995.1899999999998,0.17302531830263967,0.014285714285714285,2,197.65000000000003,1,1,45-54,U,50-74K,Unknown,Unknown,1,None/Unknown,136.0,1
1955,0,140,6807.010000000003,3.2979699612403115,247963.0,1004,148,1103.5900000000001,41.0,2752.580000000001,4054.430000000002,0.5384331740367649,1301.8500000000013,0.13950774909614944,0.29285714285714287,8,827.4900000000002,1,1,25-34,U,35-49K,Unknown,Single Male,1,None/Unknown,1955.0,1
1042,0,224,4514.570000000001,2.003803817132712,111757.0,1140,165,1109.8400000000001,9.0,1978.95,2535.62,0.5797119105474053,556.6699999999998,0.19732558615036955,0.04017857142857143,6,769.55,1,0,25-34,U,75-99K,Homeowner,2 Adults No Kids,2,None/Unknown,1042.0,1
595,0,136,2195.3700000000003,2.616650774731824,1061.0,625,141,537.9100000000001,8.0,869.82,1325.5500000000002,0.47648004664361815,455.73000000000013,0.19680018146695544,0.058823529411764705,5,178.37000000000003,1,1,25-34,U,35-49K,Unknown,2 Adults Kids,3,1,595.0,1
2134,0,73,7962.880000000004,3.335936321742775,13499.0,1329,190,1426.88,26.0,3452.3900000000017,4510.4900000000025,0.4448629139205915,1058.1000000000008,0.15196128548546498,0.3561643835616438,8,1166.9500000000003,1,0,35-44,U,35-49K,Unknown,Single Female,1,None/Unknown,2134.0,1
968,0,149,8043.360000000003,2.749866666666668,4154.0,1324,166,1709.7699999999998,10.0,3887.7700000000004,4155.590000000003,0.6296112569871297,267.82000000000244,0.17530474832182072,0.06711409395973154,8,1761.750000000001,1,0,35-44,B,35-49K,Renter,1 Adult Kids,2,1,968.0,1
1172,0,136,3560.6700000000014,3.7679047619047634,15103.0,709,143,522.29,1.0,1280.5800000000002,2280.09,0.5508513847113041,999.51,0.12791945059466656,0.007352941176470588,4,1008.57,1,0,25-34,B,50-74K,Unknown,Single Male,1,None/Unknown,1172.0,1
908,0,177,5343.120000000002,3.545534173855343,185933.0,802,159,1371.01,10.0,2719.540000000001,2623.58,0.483393597748132,-95.96000000000095,0.20419771437252476,0.05649717514124294,3,754.3499999999998,1,1,45-54,A,100-124K,Probable Owner,2 Adults Kids,3,1,908.0,1
714,0,253,3602.7600000000007,2.80588785046729,2160.0,579,124,1255.03,24.0,1406.2800000000002,2196.48,0.6176375889595753,790.1999999999998,0.25835410752626187,0.09486166007905138,5,514.5799999999999,1,1,55-64,U,15-24K,Unknown,2 Adults Kids,3,1,714.0,1
367,0,95,5872.680000000001,2.6609333937471686,3152.0,964,166,2211.1099999999997,240.0,2574.1800000000007,3298.5,0.6427406226799348,724.3199999999993,0.2735239287512416,2.526315789473684,8,1313.6900000000003,1,0,55-64,A,50-74K,Homeowner,2 Adults No Kids,2,None/Unknown,367.0,1
458,0,107,1409.44,2.273290322580645,31919.0,388,113,636.61,30.0,474.11,935.3299999999999,0.6853927801112498,461.2199999999999,0.31114097895945847,0.2803738317757009,5,276.2,1,0,55-64,A,35-49K,Homeowner,Single Female,2,None/Unknown,458.0,1
2130,0,83,5024.710000000002,4.0984584013050585,34285.0,933,169,1034.6799999999998,114.0,1350.6900000000003,3674.0200000000013,0.5889454316766538,2323.330000000001,0.17075646228415725,1.3734939759036144,3,1035.6800000000003,1,0,25-34,B,50-74K,Homeowner,Single Female,1,None/Unknown,2130.0,1
86,0,42,3732.3500000000004,3.8046381243628953,16257.0,705,152,471.16999999999996,1.0,1477.61,2254.7400000000002,0.5673369324956127,777.1300000000003,0.11208939174786843,0.023809523809523808,2,287.09000000000003,1,1,65+,B,35-49K,Homeowner,Single Male,1,None/Unknown,86.0,1
548,2,86,4029.770000000001,2.9032925072046116,49971.0,897,165,820.51,7.0,1856.1300000000003,2173.6400000000003,0.4980482757080428,317.51,0.1691675532134227,0.08139534883720931,4,226.06,1,1,35-44,B,75-99K,Homeowner,2 Adults No Kids,2,None/Unknown,548.0,1
761,0,155,7396.350000000002,3.8422597402597414,286280.0,1133,190,1434.11,42.0,2387.88,5008.470000000001,0.508174978198706,2620.590000000001,0.16240490302883423,0.2709677419354839,4,1639.6600000000003,1,0,25-34,A,125-149K,Homeowner,1 Adult Kids,5+,3+,761.0,1
685,0,175,5012.480000000001,2.965964497041421,41429.0,776,141,772.5200000000001,3.0,1639.9399999999998,3372.540000000002,0.46301830630745644,1732.600000000002,0.13353846153846152,0.017142857142857144,2,1007.29,1,0,35-44,A,Under 15K,Unknown,Single Female,2,None/Unknown,685.0,1
1038,3,273,1582.4600000000003,1.678112407211029,1115.0,460,126,314.88,0.0,868.53,713.9300000000002,0.523273890019337,-154.5999999999998,0.16595865791054842,0.0,2,19.54,1,1,55-64,U,Under 15K,Probable Renter,Single Male,1,None/Unknown,1038.0,1
1461,0,260,5963.600000000002,3.7720430107526894,381764.0,807,169,916.29,2.0,2472.1300000000006,3491.4700000000016,0.46109900060366205,1019.340000000001,0.1331838154389096,0.007692307692307693,4,1282.6000000000004,1,0,35-44,U,25-34K,Homeowner,2 Adults No Kids,2,None/Unknown,1461.0,1
243,0,205,6592.880000000001,3.6424751381215477,534732.0,930,182,729.76,13.0,2701.1300000000006,3891.7500000000005,0.3507131936270642,1190.62,0.09965804682464247,0.06341463414634146,5,1481.2400000000007,1,0,65+,U,50-74K,Homeowner,2 Adults No Kids,2,None/Unknown,243.0,1
707,0,417,15982.020000000011,4.397914144193729,1379367.0,1644,197,1794.2400000000007,8.0,6394.810000000004,9587.210000000006,0.44672951228943514,3192.4000000000024,0.10093461729295135,0.019184652278177457,6,3212.400000000002,1,0,25-34,A,100-124K,Homeowner,2 Adults Kids,5+,3+,707.0,1
2148,0,112,2881.17,2.1728280542986425,11712.0,475,111,845.5099999999999,15.0,1553.3599999999997,1327.81,0.5916381192362826,-225.54999999999973,0.22688022583103457,0.13392857142857142,5,382.75,1,1,55-64,A,35-49K,Homeowner,2 Adults Kids,4,2,2148.0,1
1234,1,80,4790.570000000001,3.5591158989598815,1750.0,912,168,777.74,5.0,1640.6900000000003,3149.880000000001,0.5640351774423502,1509.1900000000007,0.1396725397831658,0.0625,6,757.2600000000002,1,0,45-54,B,35-49K,Homeowner,2 Adults No Kids,2,None/Unknown,1234.0,1
614,1,101,2316.43,1.9952024117140394,1345.0,435,99,533.52,10.0,653.9599999999999,1662.47,0.6438528252526518,1008.5100000000001,0.18720328426814506,0.09900990099009901,4,440.80999999999995,1,0,35-44,A,15-24K,Unknown,2 Adults Kids,4,2,614.0,1
2007,0,150,7077.4900000000025,3.7171691176470603,522859.0,977,161,1025.74,22.0,2797.2500000000005,4280.240000000002,0.4480557372740899,1482.9900000000011,0.12658409054167286,0.14666666666666667,9,1810.26,1,0,45-54,A,50-74K,Homeowner,2 Adults Kids,3,1,2007.0,1
973,0,72,11387.780000000012,3.723930673642908,90153.0,1444,181,1357.34,3.0,3521.0400000000027,7866.740000000003,0.4144372300834753,4345.700000000001,0.10649880110975798,0.041666666666666664,7,2098.540000000001,1,0,35-44,A,50-74K,Homeowner,2 Adults Kids,4,2,973.0,1
575,0,307,10166.650000000005,2.8287840845854215,242099.0,1514,195,1462.3099999999995,10.0,4709.5700000000015,5457.080000000003,0.5958934358908783,747.5100000000011,0.12574727232701796,0.03257328990228013,7,1604.48,1,0,35-44,U,50-74K,Unknown,Single Female,1,None/Unknown,575.0,1
1062,1,183,1330.9099999999999,1.9401020408163263,793.0,312,91,309.27,2.0,779.6800000000002,551.2299999999999,0.7107618095889279,-228.45000000000027,0.1885585728395664,0.01092896174863388,2,164.85000000000002,1,1,65+,U,15-24K,Homeowner,2 Adults No Kids,2,None/Unknown,1062.0,1
1402,0,151,2203.7200000000007,2.7719748427672966,54813.0,394,94,313.57,1.0,1351.9600000000003,851.76,0.3900813170457225,-500.2000000000003,0.12456649809914626,0.006622516556291391,2,42.03999999999999,1,1,55-64,U,15-24K,Unknown,Single Male,1,None/Unknown,1402.0,1
576,1,164,3659.810000000001,3.1907672188317355,35319.0,698,167,491.89000000000004,3.0,1932.6399999999999,1727.1700000000003,0.4453755796065916,-205.46999999999957,0.11847917720451862,0.018292682926829267,9,90.31,1,1,55-64,A,35-49K,Homeowner,Single Male,2,None/Unknown,576.0,1
800,0,381,8859.670000000006,2.4246496989600455,3947.0,1168,173,1494.5299999999997,3.0,3903.0600000000027,4956.6100000000015,0.5568819154663772,1053.5499999999988,0.14434046087577979,0.007874015748031496,9,1566.91,1,0,25-34,A,35-49K,Homeowner,2 Adults No Kids,2,None/Unknown,800.0,1
1822,1,213,3345.38,2.4259463379260335,10501.0,1019,175,595.03,1.0,2120.34,1225.0399999999997,0.4933131662172906,-895.3000000000004,0.15100712869980534,0.004694835680751174,2,171.06,1,1,55-64,U,35-49K,Unknown,2 Adults No Kids,2,None/Unknown,1822.0,1
1333,0,115,6575.530000000003,3.188908826382155,2332.0,1118,182,739.2599999999999,32.0,2122.92,4452.6100000000015,0.4791720211146477,2329.6900000000014,0.10106373525419042,0.2782608695652174,4,1134.3200000000004,1,0,45-54,U,125-149K,Homeowner,2 Adults Kids,4,2,1333.0,1
2233,0,249,7387.590000000005,3.199475963620617,511095.0,1373,200,795.8299999999999,16.0,3470.4900000000016,3917.100000000002,0.40341978913285637,446.6100000000006,0.09724907190392275,0.0642570281124498,9,1053.18,1,1,25-34,B,150-174K,Homeowner,Single Male,1,None/Unknown,2233.0,1
1795,0,985,8299.440000000006,2.043190546528805,127770.0,1582,172,2693.9100000000003,138.0,3171.6200000000013,5127.820000000002,0.620071956662136,1956.2000000000012,0.245049052381667,0.1401015228426396,6,1452.290000000001,1,0,45-54,U,25-34K,Homeowner,2 Adults No Kids,2,None/Unknown,1795.0,1
283,0,62,4663.970000000002,3.3772411296162215,1617.0,895,165,729.52,17.0,1097.1000000000004,3566.8700000000026,0.5009959326496523,2469.7700000000023,0.13525935896794095,0.27419354838709675,5,1359.4000000000008,1,0,25-34,A,50-74K,Homeowner,2 Adults No Kids,2,None/Unknown,283.0,1
712,0,231,10387.900000000007,3.331590763309816,160949.0,1159,182,1722.7899999999997,61.0,4894.300000000002,5493.600000000002,0.5450129477565243,599.3000000000002,0.14225366184750818,0.26406926406926406,9,1323.1200000000001,1,1,65+,A,50-74K,Homeowner,2 Adults No Kids,2,None/Unknown,712.0,1
492,0,114,6926.600000000003,3.418854886475816,460164.0,957,159,1497.1499999999994,75.0,2443.210000000001,4483.390000000001,0.6078913175295237,2040.1800000000003,0.17772963347677687,0.6578947368421053,8,221.68,1,1,45-54,U,50-74K,Homeowner,2 Adults No Kids,2,None/Unknown,492.0,1
209,0,163,5574.230000000001,4.138255382331107,260373.0,757,128,1087.8500000000001,44.0,1919.1899999999996,3655.040000000002,0.45457399497329665,1735.8500000000022,0.16328984341226763,0.26993865030674846,4,1302.33,1,0,45-54,U,25-34K,Homeowner,2 Adults Kids,3,1,209.0,1
1296,0,69,1801.69,2.3706447368421055,1089.0,308,84,531.4300000000001,9.0,691.1899999999998,1110.5000000000002,0.605953299402228,419.3100000000004,0.22777653956933208,0.13043478260869565,4,322.74,1,0,65+,A,25-34K,Homeowner,Single Female,2,None/Unknown,1296.0,1
2364,0,104,6510.370000000002,2.6638175122749597,2778.0,1066,164,1039.53,4.0,2456.230000000001,4054.1400000000003,0.425839084414557,1597.9099999999994,0.13768791639624364,0.038461538461538464,3,903.7299999999998,1,1,45-54,A,25-34K,Renter,2 Adults No Kids,2,None/Unknown,2364.0,1
997,0,83,3936.9100000000003,2.9534208552138037,57036.0,723,146,380.56999999999994,2.0,1832.0200000000004,2104.89,0.6671171045312186,272.86999999999944,0.088146326097631,0.024096385542168676,10,709.9,1,0,45-54,U,75-99K,Homeowner,Single Male,1,None/Unknown,997.0,1
844,0,123,4611.980000000001,3.642954186413903,12089.0,631,148,525.3000000000001,31.0,2421.6499999999996,2190.330000000001,0.5547704023000964,-231.3199999999988,0.10225255388065278,0.25203252032520324,4,787.66,1,0,45-54,A,200-249K,Homeowner,2 Adults No Kids,2,None/Unknown,844.0,1
583,0,142,2843.0899999999997,3.6217707006369424,1151.0,584,135,460.68,0.0,1441.15,1401.9400000000003,0.45960556999602553,-39.20999999999981,0.13944069956443703,0.0,6,220.25,1,1,35-44,B,15-24K,Unknown,Single Female,1,None/Unknown,583.0,1
546,1,120,3262.7400000000007,3.8385176470588243,225092.0,377,98,838.1699999999998,10.0,1684.73,1578.0099999999998,0.5809319774177532,-106.72000000000025,0.20438634351887744,0.08333333333333333,3,76.25999999999999,1,1,45-54,U,50-74K,Unknown,2 Adults No Kids,2,None/Unknown,546.0,1
906,0,343,6419.450000000001,4.815791447861966,581873.0,365,106,1259.8599999999997,14.0,3048.78,3370.6700000000005,0.5486544797451495,321.8900000000003,0.1640590105100588,0.04081632653061224,5,629.26,1,1,55-64,A,Under 15K,Homeowner,Single Female,2,None/Unknown,906.0,1
1751,0,126,3525.420000000001,2.512772630078404,1970.0,823,139,891.78,31.0,310.71,3214.7100000000014,0.5630392974454106,2904.0000000000014,0.20188807389296382,0.24603174603174602,5,617.45,1,0,25-34,A,15-24K,Renter,2 Adults Kids,4,2,1751.0,1
2063,0,75,2392.8199999999997,2.6915860517435317,1223.0,406,101,491.47999999999996,2.0,1308.86,1083.96,0.3266647721098956,-224.89999999999986,0.1703983635544153,0.02666666666666667,2,198.61,1,1,55-64,A,75-99K,Homeowner,2 Adults No Kids,2,None/Unknown,2063.0,1
1753,0,431,2770.1600000000003,2.308466666666667,188407.0,628,151,400.06999999999994,12.0,1020.8099999999998,1749.3500000000004,0.39949317006959884,728.5400000000005,0.12619589114985344,0.027842227378190254,5,193.89,1,1,45-54,U,35-49K,Homeowner,Unknown,1,None/Unknown,1753.0,1
845,0,105,4466.600000000001,3.0846685082872938,73194.0,880,173,671.0000000000001,8.0,1884.9,2581.7,0.5712443469305512,696.7999999999997,0.13060573030208655,0.0761904761904762,9,630.6800000000002,1,1,19-24,B,50-74K,Homeowner,Single Female,1,None/Unknown,845.0,1
526,0,151,3376.580000000001,3.225004775549189,239375.0,748,146,479.65999999999997,5.0,1440.85,1935.7300000000007,0.5300600015400196,494.8800000000008,0.12438541169636741,0.033112582781456956,6,1198.3400000000004,1,0,45-54,U,50-74K,Unknown,Unknown,1,None/Unknown,526.0,1
157,2,156,2382.05,2.908485958485959,16117.0,612,134,376.44,1.0,1020.03,1362.0200000000002,0.6106294998005919,341.99000000000024,0.13646596507509542,0.00641025641025641,5,366.9,1,0,19-24,U,15-24K,Homeowner,2 Adults No Kids,2,None/Unknown,157.0,1
1618,0,88,3923.7200000000007,3.493962600178095,327613.0,562,153,521.16,133.0,1431.1,2492.6200000000003,0.4567808100476078,1061.5200000000004,0.11724950954806426,1.5113636363636365,5,638.7600000000001,1,0,35-44,A,75-99K,Homeowner,Single Female,2,None/Unknown,1618.0,1
1218,0,79,2834.0100000000007,2.8368468468468477,154352.0,624,143,610.7799999999999,41.0,857.62,1976.3900000000003,0.532577513840812,1118.7700000000004,0.17730543806734222,0.5189873417721519,1,259.52,1,1,45-54,A,35-49K,Homeowner,2 Adults Kids,4,2,1218.0,1
806,0,110,5136.300000000001,3.305212355212356,63678.0,934,171,825.9200000000001,28.0,2173.39,2962.910000000001,0.5146954033058816,789.5200000000013,0.13852558275273302,0.2545454545454545,9,739.0500000000003,1,1,35-44,A,75-99K,Homeowner,2 Adults No Kids,2,None/Unknown,806.0,1
443,1,83,2156.7400000000002,2.7128805031446546,1275.0,417,105,618.9100000000001,14.0,512.4499999999999,1644.29,0.6814776004525348,1131.8400000000001,0.2229784014555149,0.1686746987951807,4,487.4700000000001,1,0,45-54,A,25-34K,Homeowner,2 Adults No Kids,2,None/Unknown,443.0,1
1483,3,104,4046.160000000001,2.425755395683454,111271.0,1078,148,778.79,14.0,1908.39,2137.7700000000004,0.5735190897048061,229.38000000000034,0.1614089265173732,0.1346153846153846,4,679.11,1,0,19-24,U,Under 15K,Unknown,Unknown,1,None/Unknown,1483.0,1
601,0,74,4838.110000000002,3.473158650394833,225492.0,827,149,699.94,5.0,1818.98,3019.130000000001,0.5425238367875056,1200.150000000001,0.12638744684500858,0.06756756756756757,5,403.15999999999997,1,1,35-44,A,100-124K,Homeowner,2 Adults Kids,4,2,601.0,1
456,2,85,5558.140000000002,4.007310742609951,20058.0,895,170,786.27,12.0,2798.7200000000007,2759.4200000000005,0.6952235819896583,-39.30000000000018,0.1239311456857296,0.1411764705882353,9,755.8900000000001,1,1,19-24,B,50-74K,Homeowner,2 Adults No Kids,2,None/Unknown,456.0,1
1066,2,225,2742.62,1.9534330484330484,1872.0,521,120,632.2200000000001,23.0,1079.4299999999998,1663.1899999999996,0.640384012367736,583.7599999999998,0.1873333254317242,0.10222222222222223,5,371.7200000000001,1,1,35-44,U,25-34K,Unknown,2 Adults No Kids,2,None/Unknown,1066.0,1
1710,0,195,11103.220000000005,3.5759162640901785,328492.0,1270,176,1911.8900000000003,19.0,5539.440000000002,5563.780000000001,0.4009566594195196,24.339999999998327,0.14689772118714323,0.09743589743589744,8,881.3700000000001,1,1,35-44,A,150-174K,Homeowner,Single Male,2,None/Unknown,1710.0,1
2295,0,82,7404.810000000001,2.9906340872374804,122405.0,1306,179,1496.7199999999998,5.0,3922.4100000000008,3482.4000000000005,0.5560156168760576,-440.0100000000002,0.16814188122715978,0.06097560975609756,8,599.1800000000001,1,1,35-44,B,35-49K,Renter,Single Male,1,None/Unknown,2295.0,1
1549,0,153,1718.77,2.494586357039187,74373.0,395,125,357.68,25.0,830.3,888.4700000000001,0.28948608598009046,58.170000000000186,0.17225553227864868,0.16339869281045752,5,270.14000000000004,1,0,45-54,U,15-24K,Homeowner,Unknown,1,None/Unknown,1549.0,1
1528,0,195,6637.940000000003,2.7832033542976955,267104.0,1497,190,1358.89,4.0,2793.530000000001,3844.410000000002,0.44933819829645927,1050.880000000001,0.1699285842014898,0.020512820512820513,8,1448.6100000000001,1,0,35-44,B,125-149K,Unknown,Single Female,1,None/Unknown,1528.0,1
2041,0,123,5302.620000000002,4.014095382286148,131434.0,756,134,885.8699999999995,6.0,1022.5500000000001,4280.0700000000015,0.5427939395996695,3257.5200000000013,0.14314800541004338,0.04878048780487805,3,1104.3700000000003,1,0,35-44,B,35-49K,Renter,2 Adults No Kids,2,None/Unknown,2041.0,1
1976,0,153,3002.6100000000006,2.531711635750422,1432.0,737,157,426.37,8.0,1571.5600000000002,1431.0500000000002,0.6387109881070137,-140.51,0.12434309911402223,0.05228758169934641,7,544.1999999999999,1,0,25-34,A,50-74K,Homeowner,2 Adults Kids,5+,3+,1976.0,1
733,1,64,2125.07,2.6764105793450885,1389.0,305,103,486.58,13.0,689.32,1435.7500000000002,0.672961361272805,746.4300000000002,0.18631133574560144,0.203125,2,553.49,1,0,45-54,A,75-99K,Homeowner,2 Adults No Kids,2,None/Unknown,733.0,1
2367,0,137,4355.280000000002,2.740893643801134,16964.0,960,148,700.93,5.0,2072.1400000000003,2283.1400000000003,0.547911959736228,211.0,0.13862754909309535,0.0364963503649635,6,140.25000000000003,1,1,45-54,U,Under 15K,Unknown,2 Adults No Kids,2,None/Unknown,2367.0,1
2156,0,101,5430.680000000002,2.568912015137182,330499.0,861,145,819.4699999999998,32.0,2160.080000000001,3270.6000000000013,0.5909665087981614,1110.5200000000004,0.13111205331072048,0.31683168316831684,5,443.78,1,1,45-54,A,50-74K,Homeowner,2 Adults No Kids,2,None/Unknown,2156.0,1
1256,0,148,4439.340000000002,3.5038200473559606,122321.0,603,142,369.38000000000005,10.0,2222.6500000000005,2216.6900000000005,0.27259908004342975,-5.960000000000036,0.07681462010680595,0.06756756756756757,9,834.9800000000001,1,0,45-54,U,50-74K,Unknown,1 Adult Kids,2,1,1256.0,1
192,1,78,3278.73,3.035861111111111,1310.0,444,113,489.09999999999997,15.0,1606.4299999999998,1672.3000000000002,0.6871471575884566,65.87000000000035,0.12980946592601045,0.19230769230769232,3,499.34999999999997,1,0,45-54,A,35-49K,Homeowner,Single Male,2,None/Unknown,192.0,1
118,0,78,3841.020000000001,2.941056661562022,184549.0,516,132,448.4599999999999,2.0,1594.66,2246.36,0.6185518430000363,651.7,0.10454880311832666,0.02564102564102564,5,685.1899999999999,1,0,45-54,B,35-49K,Homeowner,Single Female,1,None/Unknown,118.0,1
1318,1,61,4637.350000000001,3.5078290468986393,49414.0,690,150,372.77,8.0,1786.6900000000003,2850.6600000000008,0.4592558249862528,1063.9700000000005,0.07440340750321348,0.13114754098360656,3,946.6099999999999,1,0,65+,A,50-74K,Homeowner,2 Adults No Kids,2,None/Unknown,1318.0,1
2370,0,147,4586.39,2.717055687203792,274069.0,881,147,1899.0799999999992,184.0,1756.73,2829.6600000000003,0.44406384978163643,1072.9300000000003,0.29282072078045224,1.251700680272109,4,721.1300000000001,1,0,25-34,A,Under 15K,Homeowner,2 Adults No Kids,2,None/Unknown,2370.0,1
464,0,140,2997.5499999999997,2.4610426929392446,92212.0,737,122,1233.61,173.0,1088.42,1909.13,0.6576137178695936,820.71,0.2915536165023303,1.2357142857142858,8,592.9399999999999,1,0,65+,A,50-74K,Homeowner,2 Adults No Kids,2,None/Unknown,464.0,1
442,0,124,1992.38,2.763356449375867,123929.0,482,138,395.82000000000005,11.0,566.19,1426.19,0.43442515985906305,860.0,0.16573988778159282,0.08870967741935484,2,1102.3300000000002,1,0,25-34,U,15-24K,Unknown,1 Adult Kids,2,1,442.0,1
1123,0,70,3736.1000000000013,3.9368809272918877,1275.0,513,134,593.7800000000001,3.0,1949.4600000000003,1786.6400000000003,0.5440432536602338,-162.81999999999994,0.1371354402431476,0.04285714285714286,4,179.70999999999998,1,1,55-64,A,15-24K,Unknown,Single Female,2,None/Unknown,1123.0,1
2154,0,95,2032.9600000000003,3.1372839506172845,63619.0,407,120,651.3699999999999,12.0,199.22,1833.74,0.47295569022509043,1634.52,0.24265645431075908,0.12631578947368421,3,490.38,1,0,45-54,A,35-49K,Homeowner,2 Adults No Kids,2,None/Unknown,2154.0,1
1219,0,86,606.05,2.349031007751938,348.0,204,77,102.08,1.0,252.82000000000002,353.23,0.4160052800924017,100.41,0.14415432194653524,0.011627906976744186,2,217.03000000000003,1,0,19-24,A,15-24K,Homeowner,2 Adults Kids,3,1,1219.0,1
1591,0,78,3675.7200000000003,3.0605495420482933,227428.0,651,120,696.13,65.0,829.6600000000001,2846.0600000000004,0.49499689856681134,2016.4000000000003,0.15923007422487045,0.8333333333333334,3,1169.24,1,0,25-34,U,25-34K,Unknown,Single Female,1,None/Unknown,1591.0,1
1962,0,113,2938.6300000000006,3.090042060988434,131386.0,656,139,314.2,10.0,851.8100000000001,2086.8200000000006,0.5333846043904811,1235.0100000000007,0.09659281302742534,0.08849557522123894,1,573.9200000000001,1,0,65+,U,25-34K,Unknown,2 Adults No Kids,2,None/Unknown,1962.0,1
1369,0,121,2417.61,2.8111744186046512,922.0,354,119,337.16999999999996,1.0,1321.7300000000002,1095.8799999999999,0.5544897646849575,-225.85000000000036,0.12239452878269769,0.008264462809917356,2,688.1000000000001,1,0,25-34,B,Under 15K,Probable Renter,Single Male,1,None/Unknown,1369.0,1
2203,0,95,4645.390000000002,5.173040089086862,90352.0,609,154,377.90999999999997,0.0,2189.8500000000013,2455.5400000000004,0.5132055650871077,265.68999999999915,0.07523142157545833,0.0,5,593.7000000000002,1,1,45-54,A,50-74K,Homeowner,2 Adults No Kids,2,None/Unknown,2203.0,1
1709,5,79,1812.72,2.7341176470588238,50820.0,436,136,417.77,28.0,553.67,1259.0500000000002,0.5353391588331347,705.3800000000002,0.1872996516460509,0.35443037974683544,1,328.92,1,0,25-34,A,35-49K,Unknown,2 Adults Kids,3,1,1709.0,1
2279,2,43,736.1,2.223867069486405,369.0,268,91,197.24,6.0,187.95,548.15,0.6044966716478739,360.2,0.2113270619495575,0.13953488372093023,2,236.37,1,0,25-34,U,50-74K,Unknown,2 Adults No Kids,2,None/Unknown,2279.0,1
1899,0,61,10045.260000000006,3.506198952879583,13508.0,1231,150,1741.38,76.0,4374.540000000003,5670.720000000002,0.6254820681595098,1296.1799999999994,0.1477418500946834,1.2459016393442623,11,1231.54,1,1,25-34,A,25-34K,Homeowner,2 Adults Kids,3,1,1899.0,1
454,0,295,6892.2900000000045,2.6246344249809614,4183.0,1192,156,2179.61,31.0,3234.1200000000013,3658.1700000000014,0.6384771969838757,424.0500000000002,0.24025948257807062,0.10508474576271186,8,1323.6399999999999,1,0,55-64,U,35-49K,Unknown,Single Male,1,None/Unknown,454.0,1
1802,0,44,4154.500000000002,3.821987120515181,1434.0,653,154,498.37,1.0,1281.2599999999998,2873.2400000000007,0.5202262606811888,1591.980000000001,0.10711023518817414,0.022727272727272728,2,680.9399999999999,1,0,45-54,U,150-174K,Homeowner,2 Adults No Kids,2,None/Unknown,1802.0,1
1627,0,90,2538.5000000000005,4.407118055555556,179918.0,364,112,379.72999999999996,1.0,385.2700000000001,2153.2300000000005,0.340177270041363,1767.9600000000005,0.13012339671650278,0.011111111111111112,1,945.5200000000002,1,0,25-34,U,35-49K,Unknown,Single Male,1,None/Unknown,1627.0,1
578,0,96,2203.9200000000005,3.4063678516228757,15690.0,520,135,294.68999999999994,1.0,688.49,1515.4299999999998,0.4432783404116301,826.9399999999998,0.11794157551598684,0.010416666666666666,2,792.77,1,0,25-34,U,50-74K,Unknown,Single Male,1,None/Unknown,578.0,1
490,1,72,3458.170000000001,2.970936426116839,17348.0,702,129,1433.9199999999998,203.0,1600.2600000000002,1857.9100000000008,0.7236602017830237,257.65000000000055,0.29310989781463537,2.8194444444444446,5,428.7,1,1,35-44,A,75-99K,Homeowner,2 Adults Kids,5+,3+,490.0,1
1453,0,606,17408.729999999996,3.2400390843104403,80935.0,2642,228,2304.9300000000003,72.0,6725.010000000005,10683.720000000001,0.4247771089562537,3958.7099999999964,0.11692045008385052,0.1188118811881188,9,4252.560000000003,1,0,45-54,A,125-149K,Homeowner,2 Adults Kids,3,1,1453.0,1
2317,0,127,11631.490000000009,2.8286697470817144,239213.0,1686,176,2633.3999999999996,56.0,4978.520000000004,6652.970000000003,0.5775898014785721,1674.449999999999,0.18460710177225328,0.4409448818897638,15,2335.8800000000015,1,0,35-44,A,50-74K,Homeowner,2 Adults Kids,5+,3+,2317.0,1
2420,0,93,4098.5,2.95493871665465,55994.0,636,123,716.38,0.0,1712.1100000000001,2386.3900000000003,0.4106111992192265,674.2800000000002,0.1487846010700163,0.0,5,484.9600000000001,1,1,45-54,U,15-24K,Unknown,2 Adults Kids,3,1,2420.0,1
1816,0,137,3319.880000000001,2.847238421955404,170804.0,908,162,585.58,42.0,1780.3700000000006,1539.5100000000002,0.4893008181018589,-240.86000000000035,0.1499388036236448,0.30656934306569344,4,549.6299999999999,1,0,19-24,B,Under 15K,Renter,2 Adults Kids,5+,3+,1816.0,1
1260,0,150,10004.25000000001,3.0753919458960985,16445.0,1200,194,835.4300000000002,6.0,5304.5300000000025,4699.720000000003,0.40946297823425004,-604.8099999999995,0.07707146336423211,0.04,3,1196.5500000000004,1,1,65+,U,50-74K,Homeowner,Single Male,1,None/Unknown,1260.0,1
104,0,95,4186.790000000001,2.7081435963777496,39717.0,803,138,1138.39,86.0,971.3400000000001,3215.45,0.5765419330799968,2244.1099999999997,0.21377493342948028,0.9052631578947369,8,2359.949999999999,1,0,35-44,A,35-49K,Homeowner,2 Adults Kids,5+,3+,104.0,1
2260,1,121,6930.630000000002,3.946828018223236,639829.0,740,142,776.4399999999999,4.0,4421.01,2509.620000000001,0.5420950187789565,-1911.3899999999994,0.10074386245356534,0.03305785123966942,3,526.01,1,1,45-54,U,25-34K,Homeowner,Single Female,1,None/Unknown,2260.0,1
1935,0,147,10442.690000000006,4.982199427480919,930942.0,647,151,1095.98,262.0,3536.3599999999997,6906.330000000004,0.39718501650436794,3369.970000000004,0.09498321730320734,1.782312925170068,4,1928.5700000000004,1,0,55-64,A,150-174K,Homeowner,2 Adults No Kids,2,None/Unknown,1935.0,1
451,0,134,2003.2600000000007,3.4420274914089357,44611.0,385,127,285.30999999999995,1.0,656.96,1346.3000000000002,0.32329303235725754,689.3400000000001,0.12466736870622261,0.007462686567164179,3,373.02,1,0,25-34,B,Under 15K,Renter,2 Adults No Kids,2,None/Unknown,451.0,1
2199,0,141,5042.130000000001,2.4704213620774134,389991.0,747,114,981.9499999999999,22.0,2331.16,2710.9700000000003,0.5583969473218657,379.8100000000004,0.16300414337126995,0.15602836879432624,6,597.04,1,1,19-24,U,50-74K,Unknown,2 Adults Kids,3,1,2199.0,1
40,0,336,10685.530000000006,3.3413164477798643,991737.0,1373,190,1056.7400000000002,11.0,4077.690000000002,6607.840000000005,0.28574249475692814,2530.150000000003,0.08999452405710308,0.03273809523809524,10,2222.3600000000006,1,0,45-54,U,Under 15K,Homeowner,2 Adults No Kids,2,None/Unknown,40.0,1
19,0,360,9823.820000000005,2.435255329697572,421300.0,1652,172,2711.3199999999997,18.0,2738.3300000000004,7085.490000000004,0.5336335559894213,4347.1600000000035,0.2162975443433419,0.05,7,1475.79,1,0,35-44,B,15-24K,Unknown,Single Female,1,None/Unknown,19.0,1
1563,1,96,3591.920000000001,3.849860664523045,26922.0,620,141,548.84,2.0,1820.860000000001,1771.0600000000002,0.5176006147130225,-49.800000000000864,0.1325457162453269,0.020833333333333332,3,1162.9600000000005,1,0,45-54,A,75-99K,Homeowner,Unknown,3,1,1563.0,1
863,0,100,1418.6999999999998,3.111184210526315,88530.0,362,98,227.51999999999998,3.0,127.63999999999999,1291.06,0.42335236484105165,1163.42,0.13820752997776725,0.03,3,764.8300000000002,1,0,45-54,U,15-24K,Unknown,Unknown,1,None/Unknown,863.0,1
48,6,45,924.0,3.2421052631578946,41508.0,200,76,176.46000000000004,4.0,251.44000000000005,672.56,0.44503246753246756,421.1199999999999,0.16035112589280848,0.08888888888888889,2,248.82999999999998,1,0,19-24,U,35-49K,Homeowner,2 Adults No Kids,2,None/Unknown,48.0,1
2432,0,223,4811.91,2.227736111111111,120704.0,1159,155,1269.01,15.0,1268.0300000000002,3543.88,0.622960529186955,2275.85,0.20868717233576498,0.06726457399103139,9,136.2,1,1,19-24,U,35-49K,Unknown,Single Female,1,None/Unknown,2432.0,1
321,0,99,5421.850000000002,3.5460104643557897,2107.0,755,154,1202.8,103.0,2438.270000000001,2983.5800000000013,0.5008622518144175,545.3100000000004,0.18156430905783694,1.0404040404040404,6,513.8100000000001,1,1,45-54,A,100-124K,Homeowner,2 Adults No Kids,2,None/Unknown,321.0,1
1397,0,235,4633.010000000002,2.4643670212765967,15047.0,659,140,813.5899999999999,51.0,1912.46,2720.550000000001,0.5411320070537292,808.090000000001,0.1493757573532111,0.2170212765957447,6,1074.5899999999995,1,0,45-54,B,35-49K,Renter,Single Female,1,None/Unknown,1397.0,1
605,0,107,4970.160000000001,2.9253443201883464,381896.0,833,153,811.6199999999999,73.0,1197.15,3773.01,0.45019476234165484,2575.86,0.14037545530961051,0.6822429906542056,6,886.2200000000001,1,0,25-34,A,75-99K,Homeowner,2 Adults Kids,4,2,605.0,1
362,0,81,2630.5100000000007,2.5688574218750007,50729.0,498,115,389.0300000000001,18.0,1276.79,1353.7200000000003,0.5037236125314101,76.93000000000029,0.12883750505043814,0.2222222222222222,3,356.97999999999996,1,1,65+,U,50-74K,Unknown,Single Male,1,None/Unknown,362.0,1
2488,0,107,5603.000000000004,3.11277777777778,243561.0,929,165,776.0,40.0,2179.2400000000007,3423.760000000001,0.48866500089237874,1244.5200000000004,0.12164916131055017,0.37383177570093457,8,724.5100000000001,1,1,45-54,B,35-49K,Homeowner,Single Female,1,None/Unknown,2488.0,1
2343,0,205,4025.660000000001,2.8611656005685866,292902.0,883,162,769.87,19.0,1743.4000000000003,2282.26,0.49575970151478244,538.8599999999999,0.16053908535657158,0.09268292682926829,5,601.82,1,0,19-24,U,50-74K,Unknown,Single Male,1,None/Unknown,2343.0,1
1412,1,68,3476.25,2.96608361774744,1436.0,461,131,544.97,8.0,829.8899999999998,2646.36,0.7146465300251708,1816.4700000000003,0.13552354758008764,0.11764705882352941,5,576.9,1,0,45-54,A,50-74K,Homeowner,2 Adults Kids,3,1,1412.0,1
304,0,256,7298.090000000004,2.946342349616473,465879.0,1518,178,1568.9,3.0,3353.2500000000014,3944.8400000000015,0.4835319926172463,591.5900000000001,0.17693715680292857,0.01171875,8,1288.1899999999998,1,0,25-34,U,50-74K,Unknown,2 Adults No Kids,2,None/Unknown,304.0,1
766,0,108,7258.880000000004,2.776924254016834,2981.0,1236,184,1285.84,29.0,2614.7900000000013,4644.090000000002,0.49937455916064166,2029.3000000000006,0.15048357348163538,0.26851851851851855,9,1091.2100000000005,1,0,45-54,A,150-174K,Homeowner,2 Adults No Kids,2,None/Unknown,766.0,1
608,0,195,4412.06,3.0940112201963537,1896.0,718,152,585.57,7.0,1456.5700000000002,2955.4900000000007,0.44264357239022134,1498.9200000000005,0.11716953836118321,0.035897435897435895,7,736.92,1,0,25-34,B,25-34K,Renter,1 Adult Kids,5+,3+,608.0,1
1673,0,97,4421.550000000001,3.1425373134328365,234588.0,910,166,813.0700000000002,13.0,2302.9900000000007,2118.5600000000004,0.49904897603781473,-184.4300000000003,0.1553255059584077,0.13402061855670103,5,352.29999999999995,1,1,,,,,,,,,1
1157,0,99,2636.58,3.1575808383233532,926.0,561,141,296.9,0.0,1422.55,1214.03,0.561230836917522,-208.51999999999998,0.10121084854848166,0.0,3,143.27999999999997,1,1,,,,,,,,,1
1526,0,173,2526.04,2.2023016564952047,1411.0,628,124,509.12000000000006,0.0,1153.1499999999999,1372.89,0.5552524900634986,219.74000000000024,0.16774074513369974,0.0,3,375.04999999999995,1,0,,,,,,,,,1
288,0,77,2633.61,3.325265151515152,203866.0,550,139,282.10999999999996,0.0,1310.0899999999997,1323.52,0.35135802187871407,13.430000000000291,0.09675483242561012,0.0,3,481.16,1,0,,,,,,,,,1
1448,12,79,1859.22,5.865047318611987,4353.0,137,50,159.02,0.0,439.5200000000001,1419.7,0.48716666128806707,980.18,0.07879142222926908,0.0,1,68.11,1,1,,,,,,,,,1
2369,0,68,2445.9500000000003,3.8948248407643318,227934.0,411,115,247.16000000000003,2.0,768.49,1677.4600000000003,0.43529507962141495,908.9700000000003,0.09177493678312434,0.029411764705882353,2,263.84000000000003,1,1,,,,,,,,,1
2223,1,294,1993.8800000000012,2.449484029484031,1036.0,456,114,363.52000000000004,4.0,1767.070000000001,226.81,0.5473348446245507,-1540.2600000000011,0.15420378382964275,0.013605442176870748,3,65.88,1,1,,,,,,,,,1
855,0,155,4183.650000000002,3.349599679743797,1673.0,706,147,814.2900000000002,6.0,2188.2400000000007,1995.410000000002,0.5052860540437174,-192.8299999999988,0.1629251251515624,0.03870967741935484,3,1434.1400000000006,1,0,,,,,,,,,1
144,2,87,2087.73,3.4002117263843648,931.0,485,124,446.9799999999999,0.0,998.7,1089.0300000000002,0.5393321933391769,90.33000000000015,0.1763436448351093,0.0,4,38.580000000000005,1,1,,,,,,,,,1
2239,3,38,1505.1200000000008,3.2160683760683777,18935.0,348,107,404.67999999999995,11.0,279.92,1225.2000000000003,0.5140719676836396,945.2800000000002,0.21189653366844685,0.2894736842105263,1,282.35999999999996,1,0,,,,,,,,,1
2385,1,299,6016.830000000004,3.1868802966101715,344142.0,942,163,737.3900000000001,1.0,1232.6999999999998,4784.130000000004,0.3770390720695114,3551.430000000004,0.10917470855257894,0.0033444816053511705,3,141.23000000000002,1,1,,,,,,,,,1
342,0,40,1808.0400000000006,2.978649093904449,879.0,483,109,367.73,7.0,739.7600000000001,1068.2800000000002,0.5310944448131676,328.5200000000001,0.16901143043612143,0.175,1,317.47,1,0,,,,,,,,,1
1301,6,79,1462.8799999999999,2.749774436090225,600.0,400,118,180.14999999999998,2.0,927.3799999999999,535.5,0.4856994421962156,-391.8799999999999,0.10964498517982021,0.02531645569620253,4,31.339999999999996,1,1,,,,,,,,,1
116,0,73,577.5600000000001,2.1550746268656717,338.0,148,59,249.57,6.0,252.14000000000001,325.42,0.7623450377449962,73.28,0.3017300787058866,0.0821917808219178,2,70.16,1,1,,,,,,,,,1
603,0,169,3165.5700000000006,2.4808542319749223,239323.0,750,141,614.9099999999999,3.0,2712.830000000001,452.73999999999995,0.4548154044927138,-2260.090000000001,0.1626539487049263,0.01775147928994083,5,53.93,1,1,,,,,,,,,1
380,0,108,6406.700000000003,2.384331968738371,3240.0,864,124,1317.0,5.0,2784.150000000001,3622.5500000000015,0.6012003059297295,838.4000000000005,0.17051413182800984,0.046296296296296294,5,1319.74,1,0,,,,,,,,,1
1463,1,130,3145.41,3.9317624999999996,350147.0,481,132,769.5799999999999,15.0,1867.44,1277.9699999999998,0.45202374253277,-589.4700000000003,0.19657266046656569,0.11538461538461539,5,314.73999999999995,1,1,,,,,,,,,1
876,0,173,4905.630000000001,3.2660652463382163,288175.0,680,154,737.75,2.0,1609.9800000000002,3295.650000000001,0.5754571787925301,1685.6700000000008,0.13072839326786426,0.011560693641618497,6,993.4100000000001,1,0,,,,,,,,,1
1579,0,519,10970.080000000005,3.4836710066687853,799047.0,1376,173,1978.2599999999998,6.0,4694.1,6275.9800000000005,0.5489549757157649,1581.88,0.1527809742407134,0.011560693641618497,6,1725.170000000001,1,0,,,,,,,,,1
1810,0,235,3388.25,4.132012195121951,199067.0,454,112,227.91999999999996,1.0,1352.92,2035.3300000000002,0.6845539732900465,682.4100000000001,0.0630280102981884,0.00425531914893617,3,637.3400000000001,1,0,,,,,,,,,1
2263,0,427,5148.790000000002,2.1258422791081757,12195.0,1226,185,948.58,1.0,3336.330000000001,1812.4600000000003,0.5181333866792002,-1523.8700000000006,0.15557199251480552,0.00234192037470726,6,615.1800000000001,1,1,,,,,,,,,1
459,0,61,956.2,3.554646840148699,313.0,123,49,84.00999999999999,5.0,305.36,650.8399999999999,0.5203304747960676,345.4799999999999,0.08076253833360571,0.08196721311475409,2,238.74,1,0,,,,,,,,,1
1434,0,197,3574.1000000000013,2.413301823092506,1689.0,971,163,583.26,1.0,1356.2400000000002,2217.86,0.5660921630620294,861.6199999999999,0.14029576461985485,0.005076142131979695,6,586.2299999999999,1,0,,,,,,,,,1
2277,7,119,3549.4000000000015,2.4478620689655184,2050.0,774,149,916.16,6.0,1653.6500000000003,1895.7500000000005,0.6119879416239361,242.10000000000014,0.20516127876458937,0.05042016806722689,7,339.03999999999996,1,1,,,,,,,,,1
65,0,113,1901.48,3.969686847599165,548.0,382,118,214.38000000000002,6.0,712.69,1188.7900000000002,0.42714096388076656,476.10000000000014,0.1013205032469067,0.05309734513274336,6,140.69,1,1,,,,,,,,,1
558,0,104,2319.8,2.574694783573807,1016.0,466,104,352.32,0.0,1157.38,1162.4199999999998,0.5949047331666524,5.039999999999736,0.13185036600152686,0.0,3,106.55,1,1,,,,,,,,,1
265,2,46,1692.58,2.8639255499153977,4447.0,441,128,397.23999999999995,1.0,369.55999999999995,1323.02,0.6297309432936701,953.46,0.19008335646132204,0.021739130434782608,3,189.18000000000006,1,1,,,,,,,,,1
2021,1,68,1214.8200000000002,3.1801570680628277,525.0,217,81,254.87,1.0,646.64,568.1800000000002,0.424005202416819,-78.45999999999981,0.17341752342330696,0.014705882352941176,1,178.42000000000002,1,0,,,,,,,,,1
702,0,245,6851.700000000004,3.4447963800905,361538.0,737,158,1238.2,8.0,2105.5499999999997,4746.150000000003,0.5344104382853888,2640.6000000000035,0.1530550439436828,0.0326530612244898,4,1353.9800000000005,1,0,,,,,,,,,1
1375,1,100,3351.5600000000013,2.749433962264152,13756.0,808,149,685.2600000000001,4.0,1157.09,2194.4700000000007,0.46658570934132154,1037.3800000000008,0.16975242889204864,0.04,4,393.85,1,1,,,,,,,,,1
984,1,29,1066.52,3.0213031161473087,548.0,296,96,379.75,3.0,302.48,764.04,0.49273337583917787,461.55999999999995,0.26257199554716615,0.10344827586206896,1,153.19,1,1,,,,,,,,,1
2303,1,58,1954.76,4.030432989690722,11433.0,342,119,279.15999999999997,9.0,774.9100000000001,1179.85,0.47489717407763615,404.9399999999998,0.12496418851167453,0.15517241379310345,3,204.08999999999997,1,1,,,,,,,,,1
1223,4,41,1322.8899999999999,3.4007455012853467,614.0,312,89,286.40000000000003,2.0,231.10000000000002,1091.79,0.6176326073974404,860.6899999999999,0.17796668095868368,0.04878048780487805,1,420.8,1,0,,,,,,,,,1
694,0,137,1588.0100000000002,2.7332358003442345,693.0,238,92,161.60999999999999,0.0,1333.2,254.81000000000003,0.6028992260754025,-1078.39,0.09236862861649957,0.0,2,168.63,1,1,,,,,,,,,1
1683,2,78,1698.8200000000006,3.7835634743875293,12181.0,359,118,239.03,5.0,841.5,857.32,0.4279205566216549,15.82000000000005,0.12334804035400053,0.0641025641025641,4,222.17000000000002,1,1,,,,,,,,,1
2037,2,84,1449.9199999999998,2.404510779436152,765.0,348,106,253.14999999999998,1.0,912.9399999999998,536.9799999999999,0.6559465349812403,-375.9599999999999,0.14864333233513596,0.011904761904761904,4,294.04999999999995,1,0,,,,,,,,,1
2228,17,199,5229.090000000002,4.019285165257496,236966.0,836,178,638.1499999999999,1.0,2593.2000000000003,2635.8900000000012,0.42425737556630305,42.690000000000964,0.10876493888097294,0.005025125628140704,6,68.96000000000001,1,1,,,,,,,,,1
1837,0,126,5724.630000000001,5.295679925994451,156906.0,634,129,872.4499999999999,26.0,1015.0400000000002,4709.590000000002,0.620616528928507,3694.550000000002,0.1322479036179643,0.20634920634920634,3,1803.8700000000008,1,0,,,,,,,,,1
916,0,159,2385.51,2.8706498194945853,149783.0,625,138,346.89000000000004,3.0,965.1700000000001,1420.3399999999997,0.6219424777091691,455.1699999999996,0.12695432586736935,0.018867924528301886,4,1379.0900000000004,1,0,,,,,,,,,1
2213,3,48,3389.300000000001,2.6941971383147862,9012.0,806,156,527.3,6.0,2966.1000000000013,423.20000000000005,0.5554863836190361,-2542.9000000000015,0.13463207884389516,0.125,3,115.91000000000001,1,1,,,,,,,,,1
6,0,216,5301.470000000003,3.344776025236595,94399.0,719,146,730.4799999999999,3.0,2294.3900000000003,3007.080000000001,0.31642733053285205,712.6900000000005,0.12110179958388242,0.013888888888888888,4,694.69,1,1,,,,,,,,,1
36,0,186,3895.25,3.515568592057762,10240.0,594,122,701.15,3.0,1338.8700000000001,2556.38,0.6231666773634553,1217.51,0.15254329475241493,0.016129032258064516,3,1003.0000000000001,1,0,,,,,,,,,1
1133,1,95,1162.2,3.3017045454545455,13932.0,261,102,185.22000000000003,0.0,463.05,699.15,0.41613319566339696,236.09999999999997,0.13746270650576659,0.0,1,215.45999999999998,1,0,,,,,,,,,1
115,0,165,11042.090000000006,4.36618821668644,752522.0,1096,173,1465.61,70.0,4131.820000000001,6910.270000000004,0.4144106776887345,2778.4500000000035,0.11717661920257115,0.42424242424242425,10,2220.0100000000016,1,0,,,,,,,,,1
2138,2,59,1703.1499999999999,2.8576342281879192,863.0,480,120,416.92,20.0,754.65,948.5000000000003,0.5771012535595808,193.85000000000036,0.19665388406986564,0.3389830508474576,3,175.32999999999996,1,1,,,,,,,,,1
1881,0,103,2463.6200000000003,3.2587566137566144,217113.0,289,100,268.29,1.0,902.27,1561.35,0.4562310745975434,659.0799999999999,0.0982060170357003,0.009708737864077669,2,450.34000000000003,1,0,,,,,,,,,1
1659,0,115,2393.6000000000004,2.135236396074933,3493.0,653,143,517.2299999999999,1.0,441.01,1952.5900000000006,0.6222969585561497,1511.5800000000006,0.1776915862485957,0.008695652173913044,3,427.01,1,0,,,,,,,,,1
1246,0,80,4650.960000000001,3.9182476832350472,137608.0,721,136,575.62,3.0,2964.000000000001,1686.9600000000005,0.5672377315650962,-1277.0400000000004,0.11013320373934771,0.0375,3,777.29,1,0,,,,,,,,,1
2044,6,46,985.45,2.932886904761905,405.0,262,92,111.63,0.0,583.8199999999999,401.6299999999999,0.4048404282307575,-182.19000000000005,0.10175192328727167,0.0,2,15.39,1,1,,,,,,,,,1
957,0,532,3462.020000000001,2.5606656804733734,75813.0,742,154,631.0000000000001,4.0,1346.42,2115.6000000000004,0.4352487853911877,769.1800000000003,0.1541648953584395,0.007518796992481203,4,292.88000000000005,1,1,,,,,,,,,1
514,0,51,1912.34,2.329281364190012,1082.0,302,92,213.18999999999997,0.0,693.05,1219.2900000000002,0.4071608605164355,526.2400000000002,0.10029968995968064,0.0,2,426.92999999999995,1,0,,,,,,,,,1
729,3,24,961.5,2.9675925925925926,425.0,266,105,192.54999999999998,0.0,603.68,357.82,0.48902756110244416,-245.85999999999996,0.1668471903297084,0.0,1,197.82,1,0,,,,,,,,,1
1406,0,96,3075.3600000000006,3.957992277992279,144487.0,617,149,490.93000000000006,2.0,1735.5400000000002,1339.8200000000002,0.5503615836845117,-395.72,0.13765846299655943,0.020833333333333332,5,715.08,1,0,,,,,,,,,1
703,0,184,8152.430000000003,4.136189751395232,830076.0,935,157,966.3599999999999,6.0,3345.5900000000006,4806.840000000003,0.48471560013394777,1461.2500000000023,0.10597458654053878,0.03260869565217391,6,1323.2600000000002,1,0,,,,,,,,,1
1005,0,160,2109.16,1.8213816925734023,1319.0,386,93,527.9,3.0,598.9100000000001,1510.2499999999998,0.5470329420243131,911.3399999999997,0.20018505456834504,0.01875,3,360.93,1,0,,,,,,,,,1
2375,0,95,2375.5,3.7646592709984152,971.0,426,121,443.72999999999996,32.0,253.49000000000007,2122.0100000000007,0.47437592085876645,1868.5200000000007,0.1573940402166549,0.3368421052631579,2,465.8999999999999,1,0,,,,,,,,,1
1592,0,42,1673.5800000000002,4.572622950819673,144163.0,272,92,179.53999999999996,2.0,229.78,1443.8000000000004,0.43533025012249177,1214.0200000000004,0.09688525297876012,0.047619047619047616,1,698.01,1,0,,,,,,,,,1
807,0,102,3484.920000000001,2.7834824281150166,215951.0,649,124,945.74,10.0,1420.7500000000005,2064.17,0.5596886011730541,643.4199999999996,0.21345352611123397,0.09803921568627451,4,529.0999999999998,1,0,,,,,,,,,1
1350,0,116,1905.0699999999997,2.30638014527845,10842.0,543,136,433.8500000000001,0.0,1031.44,873.63,0.5245529035678479,-157.81000000000006,0.18549159441109578,0.0,3,663.53,1,0,,,,,,,,,1
1304,0,72,670.1899999999999,2.5876061776061774,374.0,180,72,213.53000000000003,2.0,258.74,411.44999999999993,0.5647055312672525,152.70999999999992,0.24162630697506,0.027777777777777776,1,229.29999999999998,1,0,,,,,,,,,1
988,0,179,5802.350000000002,3.3423675115207385,470603.0,978,143,1768.3399999999992,146.0,3471.2900000000013,2331.0600000000004,0.6016079691848991,-1140.230000000001,0.23357712441006023,0.8156424581005587,5,306.83,1,1,,,,,,,,,1
2354,1,72,4353.070000000001,3.6488432523051135,316951.0,574,123,596.9599999999999,0.0,1590.4400000000003,2762.6299999999997,0.40731024311577796,1172.1899999999994,0.12059724890556216,0.0,4,468.8200000000001,1,1,,,,,,,,,1
1374,2,91,2529.7300000000005,2.871430192962543,1062.0,522,123,380.7699999999999,0.0,891.3400000000001,1638.3900000000003,0.5443268649223434,747.0500000000002,0.13082631850197557,0.0,3,311.83,1,1,,,,,,,,,1
1651,0,52,1669.96,3.2489494163424126,616.0,371,126,288.19999999999993,3.0,458.86,1211.1,0.34620589714723704,752.2399999999999,0.14717898435265758,0.057692307692307696,1,355.12,1,0,,,,,,,,,1
2423,4,51,2432.6499999999996,2.3345969289827253,17127.0,562,114,608.1,23.0,1079.7199999999998,1352.93,0.6112346617885845,273.21000000000026,0.19998355668831708,0.45098039215686275,2,405.96999999999997,1,0,,,,,,,,,1
195,3,85,3837.230000000001,2.9838491446345263,298779.0,674,145,1022.8199999999999,0.0,2232.86,1604.3700000000003,0.5117780273791249,-628.4899999999998,0.21045462495241812,0.0,2,329.48999999999995,1,1,,,,,,,,,1
226,31,45,1086.8,2.815544041450777,44312.0,245,85,241.75,0.0,927.05,159.75,0.5700680898049318,-767.3,0.18196530051559973,0.0,1,118.25999999999995,1,1,,,,,,,,,1
2078,2,84,2104.12,5.2603,143140.0,294,88,356.53,4.0,1901.4099999999999,202.70999999999998,0.5483384978043079,-1698.6999999999998,0.14489260967630505,0.047619047619047616,5,219.8,1,1,,,,,,,,,1
236,1,40,1372.4599999999998,2.712371541501976,683.0,378,115,410.25,15.0,1027.6499999999996,344.81,0.6842239482389287,-682.8399999999997,0.2301271659439842,0.375,2,219.31999999999996,1,0,,,,,,,,,1
384,0,60,3012.040000000001,3.474094579008075,84981.0,667,156,443.0000000000001,7.0,1296.2200000000003,1715.8200000000006,0.5545776284511492,419.60000000000036,0.12821848661665278,0.11666666666666667,4,902.8000000000002,1,0,,,,,,,,,1
1294,1,47,3987.760000000001,2.773129346314326,1749.0,903,159,600.8999999999999,34.0,1243.05,2744.710000000001,0.6491288342327521,1501.660000000001,0.13095326304411303,0.723404255319149,2,841.5599999999997,1,0,,,,,,,,,1
727,0,103,4469.7300000000005,3.0262220717670956,2078.0,699,114,887.6100000000001,2.0,2237.8,2231.93,0.6282616623375461,-5.870000000000346,0.165681102935412,0.019417475728155338,3,453.4,1,1,,,,,,,,,1
2033,1,99,2240.4700000000003,4.211409774436091,129661.0,396,129,210.51,4.0,584.6,1655.8700000000003,0.3715693582150174,1071.2700000000004,0.08588809374209498,0.04040404040404041,1,272.30999999999995,1,1,,,,,,,,,1
2251,2,22,1682.5000000000005,2.7536824877250416,796.0,438,101,366.79999999999995,2.0,783.6200000000003,898.88,0.6021099554234769,115.25999999999965,0.1789879471038891,0.09090909090909091,1,340.03999999999996,1,0,,,,,,,,,1
333,6,38,1245.8199999999997,2.5066800804828966,717.0,303,98,372.42,2.0,728.6099999999998,517.2099999999999,0.47932285562922433,-211.39999999999986,0.23013891635356934,0.05263157894736842,1,2.99,1,1,,,,,,,,,1
1121,1,54,2160.1499999999996,2.686753731343283,1028.0,606,130,569.69,6.0,1098.04,1062.11,0.6660833738397796,-35.930000000000064,0.20868988658675972,0.1111111111111111,2,326.49,1,0,,,,,,,,,1
185,4,57,1599.1699999999998,3.0931721470019338,83142.0,385,114,467.04,2.0,597.1099999999999,1002.06,0.40526022874366086,404.95000000000005,0.22603704366932695,0.03508771929824561,1,538.45,1,0,,,,,,,,,1
1594,0,90,2338.22,3.216258596973865,55588.0,546,118,426.95000000000005,1.0,611.8,1726.42,0.5324563129217952,1114.6200000000001,0.15440280344427287,0.011111111111111112,1,647.9100000000001,1,0,,,,,,,,,1
1794,1,65,3103.77,2.6779723899913717,24394.0,756,148,446.71999999999997,19.0,1274.7400000000002,1829.0299999999997,0.5543870840945043,554.2899999999995,0.12581925311717537,0.2923076923076923,2,490.71000000000004,1,0,,,,,,,,,1
1184,64,12,665.82,3.170571428571429,5063.0,185,76,146.10000000000002,0.0,665.82,0.0,0.5300231293743053,-665.82,0.1799438368312149,0.0,1,48.080000000000005,1,1,,,,,,,,,1
2039,71,41,1086.1200000000006,2.7358186397984903,12627.0,293,86,275.3299999999998,2.0,1086.1200000000006,0.0,0.5750653703089897,-1086.1200000000006,0.20223291343787855,0.04878048780487805,1,1174.3400000000001,1,0,,,,,,,,,1
1181,2,84,2063.2100000000005,2.421607981220658,19648.0,633,128,445.49,11.0,1102.39,960.8199999999998,0.6253459415183134,-141.57000000000028,0.17757802846095583,0.13095238095238096,3,133.37,1,1,,,,,,,,,1
1660,0,51,1783.5100000000002,3.2845488029465932,12334.0,443,106,460.04999999999995,1.0,1338.41,445.1,0.6295282897208314,-893.3100000000001,0.20505357556740175,0.0196078431372549,1,261.99,1,0,,,,,,,,,1
562,1,68,2555.9100000000003,4.491933216168718,31115.0,384,122,409.98999999999995,1.0,1138.38,1417.5299999999997,0.6069227789710906,279.14999999999964,0.13823459995279677,0.014705882352941176,2,622.2,1,0,,,,,,,,,1
1508,0,73,1643.39,3.8942890995260666,104697.0,221,83,459.87,9.0,992.1099999999999,651.28,0.36866477220866617,-340.8299999999999,0.21864629194678734,0.1232876712328767,2,205.81,1,1,,,,,,,,,1
1032,0,90,2346.9100000000003,3.8037439222042146,16938.0,451,132,216.16,8.0,708.8100000000001,1638.1000000000004,0.5363733590124886,929.2900000000003,0.0843363622530793,0.08888888888888889,6,126.84999999999998,1,1,,,,,,,,,1
507,3,60,1315.3600000000001,2.6046732673267328,35600.0,356,98,308.01000000000005,2.0,773.03,542.3299999999999,0.6315913514171024,-230.70000000000005,0.1897349341185312,0.03333333333333333,1,140.07000000000002,1,1,,,,,,,,,1
954,2,44,2056.26,2.5995701643489255,1041.0,534,132,723.3699999999998,6.0,1211.65,844.61,0.6085076789900109,-367.0400000000001,0.2602396721865859,0.13636363636363635,3,481.16999999999985,1,0,,,,,,,,,1
463,0,530,5179.630000000002,4.231723856209152,469940.0,502,123,1138.8299999999997,14.0,2275.0900000000006,2904.54,0.36218224081642875,629.4499999999994,0.1802385391377012,0.026415094339622643,4,623.67,1,1,,,,,,,,,1
420,9,89,1907.0900000000006,2.7361406025824975,891.0,536,132,303.04,0.0,1706.1000000000001,200.99,0.4894472730704894,-1505.1100000000001,0.13711410641003016,0.0,5,223.49,1,1,,,,,,,,,1
445,4,228,2655.5999999999995,3.2825710754017297,944.0,475,137,407.82,4.0,1171.9099999999999,1483.69,0.5507907817442387,311.7800000000002,0.13312572223201521,0.017543859649122806,5,40.900000000000006,1,1,,,,,,,,,1
720,0,77,1456.56,5.0575,354.0,135,51,88.74000000000001,0.0,577.5999999999999,878.9599999999999,0.5982383149338166,301.36,0.057425742574257435,0.0,2,222.24000000000004,1,0,,,,,,,,,1
1905,0,74,1615.75,3.459850107066381,20567.0,360,125,241.45,3.0,973.6200000000001,642.13,0.42788797771932563,-331.4900000000001,0.13000753822959293,0.04054054054054054,3,157.16000000000003,1,1,,,,,,,,,1
2470,0,81,835.7199999999999,2.5557186544342505,20497.0,198,77,217.64000000000001,46.0,420.71,415.01,0.4050997941894415,-5.699999999999989,0.2066150224044961,0.5679012345679012,2,206.34,1,0,,,,,,,,,1
2384,25,18,791.27,2.8159074733096086,389.0,206,81,137.21,0.0,662.7,128.57,0.6734869260808575,-534.1300000000001,0.14777916594864726,0.0,1,10.139999999999999,1,1,,,,,,,,,1
2099,4,45,626.75,4.413732394366197,52470.0,88,54,63.00000000000001,0.0,149.86,476.89,0.3988831272437176,327.03,0.09133744110184851,0.0,1,64.55000000000001,1,1,,,,,,,,,1
1510,0,1151,9155.970000000003,2.29933952787544,432659.0,1353,206,1119.6399999999999,8.0,3357.790000000002,5798.180000000003,0.3137854318002351,2440.3900000000012,0.10896092786705602,0.0069504778453518675,4,2055.400000000001,1,0,,,,,,,,,1
881,4,131,3897.7400000000016,1.8976338851022403,2512.0,834,147,885.0199999999999,13.0,1572.2799999999997,2325.4600000000005,0.6374155279726198,753.1800000000007,0.18504378225125234,0.09923664122137404,5,397.36999999999995,1,1,,,,,,,,,1
258,4,192,2153.4200000000005,1.602247023809524,38306.0,822,148,610.12,41.0,1142.5100000000002,1010.9100000000001,0.6363412618068003,-131.60000000000014,0.22077480333195826,0.21354166666666666,5,477.68999999999994,1,0,,,,,,,,,1
1620,0,289,8120.920000000001,2.9562868583909725,379625.0,1521,180,2112.75,21.0,2812.5100000000007,5308.41,0.5402725306984923,2495.899999999999,0.20645086269148796,0.0726643598615917,7,1098.4300000000003,1,1,,,,,,,,,1
1087,0,144,2965.860000000001,3.1351585623678657,185629.0,689,142,749.56,12.0,1659.8500000000001,1306.0099999999998,0.47237563472314925,-353.8400000000004,0.20174300617426824,0.08333333333333333,6,44.38000000000001,1,1,,,,,,,,,1
1716,1,163,1718.38,2.2820451527224437,16877.0,510,136,270.97,9.0,1022.62,695.7599999999999,0.54370977315844,-326.8600000000001,0.13621031995375374,0.05521472392638037,4,231.88000000000005,1,1,,,,,,,,,1
2114,1,147,2978.7099999999996,2.4177840909090906,28681.0,497,116,475.40999999999997,46.0,1407.7099999999998,1571.0,0.31500548895327174,163.2900000000002,0.13763563512558916,0.3129251700680272,5,191.56999999999994,1,1,,,,,,,,,1
2431,2,37,897.4000000000001,2.2892857142857146,455.0,268,89,162.41000000000003,0.0,430.24,467.15999999999997,0.33775351014040556,36.91999999999996,0.153244449476793,0.0,0,81.45,1,1,,,,,,,,,1
1868,10,32,516.2300000000001,2.0815725806451617,10066.0,202,66,189.18,0.0,250.82,265.41,0.6796776630571643,14.590000000000032,0.2681844601012177,0.0,0,184.73,1,0,,,,,,,,,1
1787,6,59,1077.7099999999998,2.0449905123339653,632.0,344,99,282.06,0.0,511.89000000000004,565.8199999999999,0.6125117146542204,53.92999999999989,0.2074321392588453,0.0,0,19.79,1,1,,,,,,,,,1
1079,10,49,978.1000000000001,4.771219512195122,126329.0,139,51,150.12999999999997,1.0,715.0899999999999,263.01,0.28272160310806665,-452.0799999999999,0.1330668392083174,0.02040816326530612,0,23.2,1,1,,,,,,,,,1
53,0,48,1613.69,3.5310503282275714,72575.0,283,94,317.9100000000001,3.0,567.8899999999999,1045.8000000000002,0.5150307679913739,477.9100000000003,0.16458376475460762,0.0625,0,348.57000000000005,1,0,,,,,,,,,1
254,0,31,277.83,2.0889473684210524,156.0,100,43,42.18,0.0,95.88,181.95000000000002,0.6545369470539538,86.07000000000002,0.13180838098809414,0.0,0,164.31,1,0,,,,,,,,,1
311,0,39,1076.54,2.788963730569948,38711.0,287,108,139.31,1.0,345.42,731.12,0.38675757519460496,385.7,0.11457827857054736,0.02564102564102564,0,274.59000000000003,1,0,,,,,,,,,1
2206,0,32,354.58,2.0261714285714283,214.0,127,58,64.55999999999999,0.0,141.3,213.27999999999997,0.6902532573749226,71.97999999999996,0.154029679820585,0.0,0,147.67000000000002,1,0,,,,,,,,,1
1324,2,37,1873.83,2.9416483516483516,955.0,496,124,546.66,2.0,523.66,1350.1700000000003,0.5351232502414841,826.5100000000003,0.22584683266611308,0.05405405405405406,0,793.4000000000001,1,0,,,,,,,,,1
1952,1,13,262.15,3.158433734939759,28288.0,77,40,59.379999999999995,0.0,143.6,118.55,0.5579248521838642,-25.049999999999997,0.18467950113519735,0.0,0,741.72,1,0,,,,,,,,,1
970,4,11,574.4699999999999,3.7547058823529404,26994.0,119,60,96.35,0.0,126.24000000000001,448.22999999999996,0.573136978432294,321.98999999999995,0.1436301839539668,0.0,0,116.98,1,0,,,,,,,,,1
1231,2,46,1500.5,2.3893312101910826,1014.0,285,84,400.24,16.0,571.27,929.23,0.7010196601132956,357.96000000000004,0.2105706198638425,0.34782608695652173,0,419.28999999999996,1,0,,,,,,,,,1
701,0,28,1852.32,3.7725458248472505,596.0,372,124,248.96999999999997,2.0,403.72999999999996,1448.5900000000001,0.5131834672194868,1044.8600000000001,0.11848435960766956,0.07142857142857142,0,741.24,1,0,,,,,,,,,1
388,0,45,1011.1999999999998,1.9446153846153842,779.0,316,76,400.62,0.0,471.03,540.17,0.7844442246835444,69.13999999999999,0.28376138601238127,0.0,0,275.34,1,0,,,,,,,,,1
1037,0,29,880.9900000000001,8.390380952380953,413.0,94,42,74.52999999999999,0.0,326.18000000000006,554.8100000000001,0.4267585330139956,228.63,0.07799941393168115,0.0,0,195.69999999999996,1,0,,,,,,,,,1
1654,8,29,652.89,4.055217391304348,196.0,147,66,59.36000000000001,3.0,423.5900000000001,229.3,0.47168742054557433,-194.29000000000008,0.08334152334152335,0.10344827586206896,0,133.64,1,0,,,,,,,,,1
2255,6,20,524.7199999999999,4.372666666666666,15456.0,113,56,106.52000000000001,0.0,361.69,163.03,0.4679066930934594,-198.66,0.16874722767885436,0.0,0,45.31,1,1,,,,,,,,,1
1194,1,51,1003.1699999999998,2.365966981132075,499.0,326,111,190.9,0.0,658.2999999999998,344.86999999999995,0.46409880678249965,-313.4299999999999,0.1598733742577906,0.0,0,273.57,1,0,,,,,,,,,1
477,4,56,642.48,2.424452830188679,73971.0,208,88,133.2,0.0,407.5400000000001,234.94,0.3879342547627942,-172.60000000000008,0.17172029702970293,0.0,0,169.8,1,0,,,,,,,,,1
1697,6,34,809.18,3.1485603112840463,9650.0,200,78,151.20999999999998,1.0,211.83,597.35,0.5786722360908575,385.52,0.157446454044711,0.029411764705882353,0,139.82999999999998,1,0,,,,,,,,,1
1185,0,33,666.37,2.8722844827586207,5216.0,192,82,136.21,0.0,322.30999999999995,344.06,0.6677071296727043,21.750000000000057,0.16971516858132524,0.0,0,667.8100000000001,1,0,,,,,,,,,1
2387,2,26,632.5999999999999,3.2777202072538856,312.0,166,70,204.35999999999999,5.0,361.15999999999997,271.44,0.6226841606070189,-89.71999999999997,0.24416937488051998,0.19230769230769232,0,233.10000000000002,1,0,,,,,,,,,1
2091,6,13,716.79,2.901983805668016,297.0,211,78,140.55,0.0,270.4,446.39,0.5687997879434701,175.99,0.16393729442228291,0.0,0,117.77000000000001,1,0,,,,,,,,,1
627,2,41,1548.5600000000002,4.022233766233767,41312.0,284,98,166.23,2.0,548.16,1000.4,0.4393630211293072,452.24,0.0969389837822707,0.04878048780487805,0,236.89999999999998,1,0,,,,,,,,,1
2028,1,82,1752.35,3.0057461406518007,674.0,344,96,280.50999999999993,3.0,955.8700000000001,796.48,0.6447056809427341,-159.3900000000001,0.13798785946892553,0.036585365853658534,0,232.38,1,1,,,,,,,,,1
1977,4,28,307.19000000000005,4.65439393939394,10157.0,58,34,87.99000000000001,2.0,26.689999999999998,280.5,0.3414499169894853,253.81,0.22265802925249253,0.07142857142857142,0,50.800000000000004,1,0,,,,,,,,,1
486,7,25,839.74,2.385625,39460.0,322,85,102.55000000000003,1.0,212.95999999999998,626.78,0.5701288494057685,413.82,0.10883061477888975,0.04,0,82.64999999999999,1,1,,,,,,,,,1
2271,4,44,345.65000000000003,2.0213450292397663,239.0,102,50,166.72,5.0,117.50000000000001,228.15000000000003,0.6292203095616953,110.65000000000002,0.3253898549876066,0.11363636363636363,0,16.23,1,1,,,,,,,,,1
135,0,60,560.38,2.3349166666666665,244.0,156,68,88.54999999999998,3.0,269.88000000000005,290.50000000000006,0.5639387558442486,20.620000000000005,0.13645539580540272,0.05,0,157.11999999999998,1,0,,,,,,,,,1
1401,0,47,536.79,2.0410266159695816,27495.0,201,79,209.91,3.0,188.43999999999997,348.35,0.5367834721213137,159.91000000000005,0.28111691442346326,0.06382978723404255,0,50.580000000000005,1,1,,,,,,,,,1
260,1,27,357.12,2.446027397260274,6839.0,127,64,46.14999999999999,0.0,131.75,225.37,0.5630880376344086,93.62,0.11443945743546506,0.0,0,67.92,1,0,,,,,,,,,1
2402,5,32,925.29,2.8383128834355826,411.0,248,83,157.12999999999997,1.0,111.92,813.3699999999999,0.601551945876428,701.4499999999999,0.14516546257460133,0.03125,0,163.61,1,0,,,,,,,,,1
1368,1,22,1994.69,4.037834008097166,10369.0,316,110,238.10999999999999,0.0,477.58000000000004,1517.11,0.4036466819405522,1039.5299999999997,0.10664188462916516,0.0,0,772.2800000000002,1,0,,,,,,,,,1
1112,1,49,1760.1400000000003,4.367593052109182,225043.0,268,105,144.56,5.0,940.65,819.49,0.4273296442328451,-121.15999999999997,0.07589646663516564,0.10204081632653061,0,129.31,1,1,,,,,,,,,1
2383,24,14,413.98,3.1362121212121212,180.0,117,51,120.29,1.0,364.48,49.5,0.639620271510701,-314.98,0.2251483332397477,0.07142857142857142,0,141.66,1,0,,,,,,,,,1
1701,5,27,1265.8600000000001,4.58644927536232,86885.0,211,83,103.72,1.0,382.91999999999996,882.9400000000002,0.43050574313115186,500.0200000000002,0.07573124607543917,0.037037037037037035,0,124.41999999999999,1,1,,,,,,,,,1
1192,0,71,1081.9499999999998,3.1360869565217384,156868.0,262,80,198.93,4.0,424.71000000000004,657.2399999999999,0.5447941217246639,232.52999999999986,0.15530728873899197,0.056338028169014086,0,400.59000000000003,1,0,,,,,,,,,1
2396,1,14,412.84000000000003,2.752266666666667,199.0,132,61,79.44000000000001,0.0,301.25,111.59,0.6009107644608082,-189.66,0.16137157715121478,0.0,0,137.64000000000004,1,0,,,,,,,,,1
1235,5,17,743.3299999999999,4.61695652173913,43968.0,146,62,85.64999999999999,1.0,259.90999999999997,483.42,0.42298844389436724,223.51000000000005,0.10331974233395257,0.058823529411764705,0,150.67000000000002,1,0,,,,,,,,,1
2212,22,44,241.49999999999997,1.802238805970149,187.0,47,14,48.44,0.0,144.07,97.42999999999998,0.9393788819875778,-46.640000000000015,0.1670690487687108,0.0,0,9.829999999999998,1,1,,,,,,,,,1
1771,4,10,471.14,3.365285714285714,181.0,114,47,36.290000000000006,0.0,195.63,275.51,0.5757948805026106,79.88,0.07151725361133557,0.0,0,61.06000000000001,1,1,,,,,,,,,1
1728,1,16,1009.6100000000002,3.387953020134229,365.0,269,89,178.44,13.0,58.28,951.3300000000003,0.6258654331870722,893.0500000000003,0.15019569883422412,0.8125,0,507.57000000000005,1,0,,,,,,,,,1
255,11,14,517.89,3.5471917808219176,187.0,122,56,117.66999999999999,0.0,310.23999999999995,207.64999999999998,0.8208886056884667,-102.58999999999997,0.18514381018314557,0.0,0,154.2,1,0,,,,,,,,,1
1054,0,36,914.3499999999998,2.8753144654088043,354.0,272,99,148.82,0.0,463.3799999999999,450.96999999999997,0.5120796194017609,-12.409999999999911,0.13997761411627493,0.0,0,120.84000000000002,1,1,,,,,,,,,1
84,0,44,1052.25,2.6175373134328357,8613.0,301,98,135.95,2.0,311.49000000000007,740.76,0.6346970776906627,429.2699999999999,0.1144167648544016,0.045454545454545456,0,155.84,1,0,,,,,,,,,1
1161,1,53,1242.4,2.279633027522936,5298.0,492,140,272.47999999999996,1.0,649.0800000000002,593.3199999999999,0.5759336767546682,-55.76000000000022,0.17986903253062944,0.018867924528301886,0,135.17000000000002,1,1,,,,,,,,,1
1280,7,21,318.80999999999995,5.496724137931033,73265.0,48,25,25.33,0.0,252.26999999999998,66.54,0.5651014710956369,-185.72999999999996,0.073603765909223,0.0,0,108.82,1,0,,,,,,,,,1
237,22,5,413.8299999999999,3.7281981981981978,188.0,106,58,68.28,1.0,396.60999999999996,17.22,0.7340212164415341,-379.39,0.1416274294248201,0.2,0,135.76,1,0,,,,,,,,,1
1200,0,29,1563.9900000000002,2.9509245283018872,629.0,424,112,356.29999999999995,2.0,433.89,1130.1000000000001,0.46525233537298816,696.2100000000002,0.18554489165698926,0.06896551724137931,0,55.46,1,1,,,,,,,,,1
269,0,57,1101.28,3.5755844155844154,398.0,186,81,165.32,1.0,442.9599999999999,658.3199999999999,0.5239993462153132,215.36,0.1305226590873204,0.017543859649122806,0,663.48,1,0,,,,,,,,,1
1600,0,59,849.96,3.0684476534296032,103978.0,190,73,216.17000000000002,0.0,444.05,405.91,0.3675349428208386,-38.139999999999986,0.20276138932400364,0.0,0,64.74,1,1,,,,,,,,,1
1655,6,40,476.31000000000006,2.547112299465241,239.0,169,84,92.66,0.0,355.13,121.17999999999999,0.48138817156893604,-233.95,0.16285568659156016,0.0,0,26.46,1,1,,,,,,,,,1
1361,21,8,360.48,2.75175572519084,160.0,123,54,59.419999999999995,0.0,324.73,35.75,0.4608300044385264,-288.98,0.14150988330554892,0.0,0,248.1,1,0,,,,,,,,,1
2399,24,8,152.26,2.872830188679245,59.0,46,29,19.64,0.0,111.41,40.85000000000001,0.3846709575725733,-70.55999999999999,0.11425247236765564,0.0,0,36.23,1,0,,,,,,,,,1
994,4,17,436.88999999999993,2.7136024844720494,199.0,147,66,77.89999999999998,0.0,80.33,356.55999999999995,0.5268831971434458,276.22999999999996,0.15132384078944808,0.0,0,144.55999999999997,1,0,,,,,,,,,1
2461,1,16,749.2700000000002,2.5659931506849323,382.0,231,79,137.75,0.0,341.23,408.0400000000001,0.6515675257250387,66.81000000000006,0.15529525828053478,0.0,0,301.8299999999999,1,0,,,,,,,,,1
2180,3,40,800.51,2.4257878787878786,394.0,261,81,151.24,0.0,433.28,367.23,0.39001386616032285,-66.04999999999995,0.15890727607039665,0.0,0,135.88,1,0,,,,,,,,,1
1656,5,7,312.68,4.666865671641792,79.0,57,31,40.190000000000005,0.0,54.05,258.63,0.5137200972239989,204.57999999999998,0.11389463541814267,0.0,0,145.54,1,0,,,,,,,,,1
616,2,9,458.2,2.0827272727272725,286.0,203,73,164.92000000000002,1.0,426.77,31.430000000000007,0.6665211697948494,-395.34,0.264668121710104,0.1111111111111111,0,17.94,1,1,,,,,,,,,1
2308,8,26,499.23999999999995,3.6176811594202896,165.0,120,67,57.809999999999995,0.0,69.28,429.9599999999999,0.5138210079320568,360.67999999999995,0.10377883493402747,0.0,0,83.21,1,0,,,,,,,,,1
602,0,43,1445.5000000000002,3.6594936708860764,145426.0,268,87,203.59999999999997,1.0,71.24,1374.2600000000002,0.3884953303355239,1303.0200000000002,0.12346128191134555,0.023255813953488372,0,404.5699999999999,1,0,,,,,,,,,1
167,2,15,946.56,3.6406153846153844,299.0,220,102,102.21000000000001,4.0,210.05,736.51,0.38453980730223125,526.46,0.09745702108183874,0.26666666666666666,0,321.46000000000004,1,0,,,,,,,,,1
561,2,20,955.19,3.687992277992278,29687.0,208,79,213.59999999999997,0.0,215.13,740.06,0.3567248400841717,524.93,0.18275310363709474,0.0,0,449.16999999999996,1,0,,,,,,,,,1
894,1,26,949.5600000000001,3.0630967741935486,394.0,230,84,146.16,1.0,400.8599999999999,548.7,0.4656683095328362,147.84000000000015,0.13339174241594567,0.038461538461538464,0,145.72999999999996,1,0,,,,,,,,,1
1700,0,29,1426.1899999999998,2.612069597069597,749.0,393,79,346.39,0.0,331.21000000000004,1094.9799999999998,0.588631248290901,763.7699999999998,0.19541572171636823,0.0,0,180.49999999999997,1,1,,,,,,,,,1
352,56,4,117.43,2.6095555555555556,50.0,45,31,9.27,0.0,117.43,0.0,0.37792727582389507,-117.43,0.07316495659037095,0.0,0,61.27,1,0,,,,,,,,,1
2010,0,36,767.07,2.779239130434783,407.0,214,70,120.65999999999998,0.0,764.5500000000001,2.52,0.6265790605811724,-762.0300000000001,0.13591970531580547,0.0,0,838.9100000000001,1,0,,,,,,,,,1
1334,2,46,384.23999999999995,1.72304932735426,265.0,179,67,86.28000000000002,0.0,117.57,266.66999999999996,0.6967260045804707,149.09999999999997,0.1833715888803877,0.0,0,245.33999999999997,1,0,,,,,,,,,1
1253,4,23,560.6800000000002,2.6955769230769238,297.0,190,74,145.73,10.0,535.9400000000002,24.740000000000002,0.5280730541485337,-511.20000000000016,0.20629662660494608,0.43478260869565216,0,9.469999999999999,1,1,,,,,,,,,1
2067,68,5,108.65,1.9754545454545456,71.0,49,33,14.95,0.0,108.65,0.0,0.4499769903359411,-108.65,0.1209546925566343,0.0,0,11.36,1,1,,,,,,,,,1
1090,4,8,173.55,3.615625,60.0,46,33,17.680000000000003,0.0,57.39,116.16,0.29795447997695185,58.769999999999996,0.09245411284840245,0.0,0,134.32000000000002,1,0,,,,,,,,,1
1644,0,11,159.13,3.536222222222222,76.0,45,32,44.94,0.0,134.07999999999998,25.049999999999997,0.5895808458493057,-109.02999999999999,0.22021855245749009,0.0,0,238.35000000000002,1,0,,,,,,,,,1
937,0,53,1166.33,2.1882363977485926,812.0,225,84,247.99,1.0,448.08,718.2499999999999,0.8325259574905902,270.1699999999999,0.17534221392612706,0.018867924528301886,0,503.55999999999995,1,0,,,,,,,,,1
1381,13,39,104.71000000000001,1.9756603773584906,65.0,44,26,29.7,1.0,51.25,53.459999999999994,0.7119663833444753,2.2099999999999937,0.22096570195669965,0.02564102564102564,0,29.69,1,0,,,,,,,,,1
33,2,43,1017.7900000000002,3.6479928315412193,22824.0,224,65,249.26,0.0,561.69,456.09999999999997,0.45365939928668975,-105.59000000000009,0.1967246754271733,0.0,0,182.95,1,0,,,,,,,,,1
299,11,9,192.23000000000002,4.6885365853658545,109.0,17,11,6.5600000000000005,0.0,158.11,34.120000000000005,0.8587109192113612,-123.99000000000001,0.03299964786961115,0.0,0,50.00999999999999,1,0,,,,,,,,,1
1503,0,14,93.69000000000001,2.178837209302326,64.0,41,34,17.57,1.0,21.4,72.29,0.415199060732202,50.89000000000001,0.15791838935825991,0.07142857142857142,0,24.0,1,0,,,,,,,,,1
599,10,4,328.3500000000001,3.012385321100918,129.0,105,59,36.74999999999999,0.0,323.36000000000007,4.99,0.6491548652352669,-318.37000000000006,0.10065735414954803,0.0,0,29.429999999999996,1,1,,,,,,,,,1
82,2,41,495.87999999999994,4.909702970297029,119.0,62,28,82.13,0.0,286.22,209.65999999999997,0.5550939743486327,-76.56000000000006,0.14209096728430304,0.0,0,70.63,1,1,,,,,,,,,1
1496,20,11,699.6899999999999,2.832753036437247,329.0,220,88,130.03,2.0,535.93,163.76,0.5874887450156497,-372.16999999999996,0.1567155184881647,0.18181818181818182,0,153.26,1,0,,,,,,,,,1
1851,5,38,1167.8,2.773871733966746,471.0,352,113,250.60000000000002,2.0,403.78999999999996,764.01,0.5256208254838158,360.22,0.17667794698251552,0.05263157894736842,0,87.75,1,1,,,,,,,,,1
1335,2,26,751.4300000000001,2.2297626112759645,13537.0,247,79,284.2800000000001,8.0,198.69000000000003,552.74,0.6669416978294718,354.04999999999995,0.27447837715190554,0.3076923076923077,0,227.43999999999997,1,0,,,,,,,,,1
1341,19,11,377.92999999999995,3.3151754385964907,257.0,91,43,181.89000000000004,0.0,114.7,263.22999999999996,0.5119201968618529,148.52999999999997,0.3249080061448324,0.0,0,56.84,1,0,,,,,,,,,1
1525,1,23,983.5099999999999,2.608779840848806,554.0,269,88,259.04,0.0,8.41,975.1,0.5935882705818954,966.69,0.20847450806808582,0.0,0,661.74,1,0,,,,,,,,,1
837,3,33,718.8699999999999,3.1949777777777775,329.0,185,78,209.44,27.0,248.7,470.16999999999996,0.5685311669703842,221.46999999999997,0.2256142883304069,0.8181818181818182,0,74.51,1,1,,,,,,,,,1
1495,0,146,1548.9,1.5366071428571428,1106.0,520,98,234.41999999999996,0.0,633.8199999999999,915.0799999999999,0.5108593195170766,281.26,0.13145145010429982,0.0,1,230.95999999999998,1,0,,,,,,,,,1
1314,0,367,12539.390000000007,4.9898089932351795,1265461.0,1632,216,1337.5499999999997,0.0,5479.180000000003,7060.210000000005,0.41192593898108276,1581.0300000000016,0.09638652325368555,0.0,8,1791.0100000000007,1,1,,,,,,,,,1
577,1,33,3672.900000000002,3.1608433734939774,1336.0,720,169,435.03000000000003,21.0,1883.600000000001,1789.3000000000002,0.56477170628114,-94.30000000000086,0.10590005185093218,0.6363636363636364,1,726.6300000000001,1,0,,,,,,,,,1
1584,0,271,6080.460000000004,4.040172757475085,301364.0,744,148,729.1999999999999,2.0,2254.8200000000006,3825.640000000002,0.5787637777404996,1570.8200000000015,0.10708317302185419,0.007380073800738007,5,1354.9200000000008,1,0,,,,,,,,,1
1224,0,78,2056.3,1.9217757009345795,1205.0,662,126,412.74,1.0,1056.4399999999998,999.8600000000001,0.5221660263580217,-56.5799999999997,0.16716618604801867,0.01282051282051282,2,307.4800000000001,1,0,,,,,,,,,1
1039,0,68,4314.890000000001,3.4685610932475894,1423.0,749,131,541.5900000000001,11.0,2102.2000000000007,2212.6900000000005,0.6470477810558319,110.48999999999978,0.11151904259875466,0.16176470588235295,4,853.49,1,0,,,,,,,,,1
636,0,196,7593.350000000002,2.496170282708745,80332.0,1330,173,1972.7500000000002,16.0,1954.75,5638.6,0.6230306781591788,3683.8500000000004,0.20622301669436863,0.08163265306122448,8,1451.8200000000002,1,0,,,,,,,,,1
1685,0,81,887.4,2.8082278481012657,404.0,278,93,145.45,2.0,425.78000000000003,461.6200000000001,0.6209488393058374,35.84000000000009,0.14082393377547564,0.024691358024691357,2,683.97,1,0,,,,,,,,,1
132,0,87,2529.3700000000003,2.752306855277476,12368.0,536,119,436.38000000000005,0.0,1153.92,1375.45,0.46601327603316245,221.52999999999997,0.14713984658180898,0.0,6,345.87,1,1,,,,,,,,,1
1968,0,74,1835.95,2.4877371273712736,5907.0,393,112,366.46,0.0,723.59,1112.36,0.649941447207168,388.76999999999987,0.16639045409347034,0.0,3,644.0200000000002,1,0,,,,,,,,,1
29,6,59,1216.82,2.7655,622.0,311,79,277.0799999999999,2.0,933.9299999999998,282.89,0.7144524251738138,-651.0399999999998,0.18547426199879508,0.03389830508474576,5,126.21000000000001,1,1,,,,,,,,,1
2381,0,78,1738.7400000000002,1.8283280757097795,61448.0,427,113,485.12,14.0,687.1999999999999,1051.54,0.508442895430024,364.34000000000003,0.21814322844063924,0.1794871794871795,4,446.53999999999996,1,0,,,,,,,,,1
345,0,152,4315.130000000001,2.017358578775129,2493.0,1130,156,1394.92,35.0,1247.3999999999999,3067.73,0.6118935003116938,1820.3300000000002,0.24429208150541584,0.23026315789473684,8,1425.9499999999998,1,0,,,,,,,,,1
408,0,52,2200.48,3.6858961474036853,751.0,456,119,341.52000000000004,18.0,836.9999999999999,1363.4800000000005,0.5876990474805496,526.4800000000006,0.1343509047993706,0.34615384615384615,4,270.51,1,1,,,,,,,,,1
1859,3,31,1514.9000000000003,4.231564245810056,524.0,287,92,166.79000000000002,1.0,811.6800000000001,703.22,0.33923691332761235,-108.46000000000004,0.09917999155611319,0.03225806451612903,1,276.38,1,0,,,,,,,,,1
2225,0,85,2881.48,3.0850963597430408,53772.0,629,143,343.23,4.0,1200.2699999999998,1681.2100000000003,0.558102086427808,480.9400000000005,0.10643747809880579,0.047058823529411764,4,470.5899999999999,1,0,,,,,,,,,1
2358,3,71,2133.9900000000002,4.041647727272728,637.0,259,78,477.4599999999999,1.0,944.0200000000001,1189.97,0.36885833579351346,245.94999999999993,0.18283329184935568,0.014084507042253521,2,289.25999999999993,1,1,,,,,,,,,1
1277,0,295,4978.760000000001,3.0028709288299162,36305.0,1022,178,965.5800000000002,15.0,2456.47,2522.290000000001,0.5993199109818508,65.82000000000107,0.16243687272262353,0.05084745762711865,6,922.0500000000001,1,0,,,,,,,,,1
1134,0,44,4357.280000000001,3.1145675482487496,1817.0,976,176,639.73,6.0,1579.1000000000008,2778.1800000000007,0.5182453273601879,1199.08,0.12802255748937866,0.13636363636363635,6,693.2500000000002,1,0,,,,,,,,,1
2485,2,73,1323.3400000000001,2.684259634888438,35267.0,405,129,207.30000000000004,0.0,856.1800000000001,467.15999999999997,0.5369066150800246,-389.0200000000001,0.13543354413839964,0.0,2,178.86,1,1,,,,,,,,,1
287,0,212,2447.7300000000005,2.8038144329896912,95624.0,625,142,378.58,1.0,850.4799999999999,1597.2500000000002,0.5770938788183337,746.7700000000003,0.13394850529488977,0.0047169811320754715,8,781.5500000000002,1,0,,,,,,,,,1
1940,3,64,2108.5699999999997,1.8146041308089498,1264.0,539,131,311.0,5.0,1178.5500000000002,930.0199999999999,0.4610992283870113,-248.5300000000003,0.12853523559971403,0.078125,2,284.1500000000001,1,1,,,,,,,,,1
600,0,125,4162.950000000001,3.9162276575729074,259781.0,632,141,1133.78,105.0,998.6300000000003,3164.3200000000006,0.4717760242135984,2165.6900000000005,0.2140528212689716,0.84,5,1357.35,1,0,,,,,,,,,1
1405,0,45,1767.3100000000002,3.5275648702594813,9157.0,427,137,310.05,6.0,750.7099999999998,1016.6000000000001,0.4037039342277247,265.8900000000003,0.14925193514845767,0.13333333333333333,2,713.5700000000002,1,0,,,,,,,,,1
2083,0,331,6887.840000000004,3.4629663147310223,313568.0,898,172,1103.4599999999998,81.0,3281.6000000000013,3606.2400000000016,0.4414330181885756,324.6400000000003,0.13808266489807658,0.24471299093655588,4,1420.5500000000002,1,0,,,,,,,,,1
965,2,49,1612.3400000000001,3.07112380952381,770.0,402,95,390.12,5.0,747.96,864.3800000000002,0.4451604500291501,116.42000000000019,0.1948203709437392,0.10204081632653061,1,151.72999999999996,1,1,,,,,,,,,1
1839,0,76,1448.8799999999997,1.8363498098859312,896.0,247,55,174.99,25.0,435.8300000000001,1013.0499999999996,0.6403428855391752,577.2199999999996,0.10776108924975525,0.32894736842105265,1,315.27,1,0,,,,,,,,,1
2478,0,131,2900.46,2.1532739420935414,1602.0,578,122,496.1399999999999,3.0,1668.9999999999998,1231.4600000000003,0.639281355371217,-437.5399999999995,0.14606959901077546,0.022900763358778626,4,453.96,1,0,,,,,,,,,1
638,0,145,6973.110000000004,3.6413107049608375,568486.0,925,174,945.2399999999998,12.0,2613.930000000001,4359.180000000003,0.41888339636116434,1745.2500000000018,0.1193733542972967,0.08275862068965517,3,1066.1800000000003,1,0,,,,,,,,,1
594,0,94,2173.01,3.086661931818182,38165.0,535,122,699.91,5.0,1142.9900000000002,1030.0200000000002,0.48896691685726246,-112.97000000000003,0.24362321261991282,0.05319148936170213,3,248.38,1,1,,,,,,,,,1
669,0,101,8225.650000000005,4.192482161060146,66021.0,1084,169,862.1499999999999,4.0,4181.750000000002,4043.900000000002,0.49917392546485667,-137.8499999999999,0.09486894517925124,0.039603960396039604,5,938.5000000000002,1,1,,,,,,,,,1
396,0,95,1421.76,2.919425051334702,52454.0,280,99,259.05,16.0,419.99,1001.7700000000001,0.298369626378573,581.7800000000001,0.15412211969229123,0.16842105263157894,3,368.9700000000001,1,0,,,,,,,,,1
1835,0,275,9411.580000000005,3.2656419153365737,680648.0,1186,197,1263.6599999999999,22.0,4017.310000000002,5394.270000000002,0.43019450506716167,1376.96,0.11837298271514263,0.08,10,1584.13,1,0,,,,,,,,,1
749,9,73,1019.4300000000002,2.7184800000000005,13208.0,265,89,233.21999999999997,0.0,457.83000000000004,561.6,0.557664577263765,103.76999999999998,0.18618129565321515,0.0,3,47.190000000000005,1,1,,,,,,,,,1
1826,0,88,1573.8100000000002,1.9871338383838386,1131.0,503,110,421.5900000000001,0.0,877.4000000000001,696.41,0.6544945069608149,-180.99000000000012,0.21128094617620527,0.0,1,420.66,1,0,,,,,,,,,1
64,0,201,2948.4,2.8486956521739133,1412.0,586,139,434.6,2.0,950.3399999999999,1998.0600000000004,0.43534120200786874,1047.7200000000005,0.12846585870529117,0.009950248756218905,4,969.4100000000001,1,0,,,,,,,,,1
987,5,71,2185.370000000001,3.1444172661870513,964.0,518,140,400.09,1.0,1277.5400000000002,907.8299999999999,0.56720829882354,-369.71000000000026,0.15474615735691127,0.014084507042253521,3,149.15999999999997,1,1,,,,,,,,,1
1857,0,77,1732.8100000000004,3.0778152753108357,90146.0,385,105,254.22000000000006,3.0,333.86,1398.9500000000003,0.5452819408936928,1065.0900000000001,0.12793968888240237,0.03896103896103896,1,22.49,1,1,,,,,,,,,1
566,15,142,1169.1100000000004,2.4927718550106617,61223.0,327,108,210.46000000000006,3.0,827.7499999999999,341.35999999999996,0.4273079522029576,-486.38999999999993,0.1525547815623709,0.02112676056338028,1,48.97,1,1,,,,,,,,,1
2109,0,98,1996.46,2.6165923984272608,1018.0,340,85,384.69999999999993,1.0,463.89000000000004,1532.57,0.4942097512597297,1068.6799999999998,0.1615599119756757,0.01020408163265306,4,511.78,1,0,,,,,,,,,1
515,0,40,1561.6900000000003,2.5728006589785837,885.0,483,113,344.84,2.0,329.15,1232.5400000000004,0.6039931100282384,903.3900000000004,0.18087310454071007,0.05,3,265.03999999999996,1,0,,,,,,,,,1
280,0,91,1982.7700000000002,3.997520161290323,100488.0,343,106,529.98,0.0,875.5699999999998,1107.2,0.34519384497445493,231.63000000000022,0.21091632673365834,0.0,1,393.09,1,0,,,,,,,,,1
1824,0,139,2631.4400000000005,3.0281242807825093,1194.0,527,141,728.3299999999999,3.0,1072.0199999999998,1559.42,0.5356458821025747,487.4000000000003,0.21677972004035986,0.02158273381294964,3,485.6699999999999,1,0,,,,,,,,,1
1071,0,74,1752.7400000000002,1.837253668763103,1158.0,647,138,301.5400000000001,2.0,778.4000000000002,974.3399999999999,0.47409769846069577,195.9399999999997,0.14678622193663962,0.02702702702702703,3,299.55,1,0,,,,,,,,,1
1586,5,64,1907.83,3.885600814663951,698.0,259,85,131.21,1.0,1019.7699999999999,888.06,0.6376930858619478,-131.70999999999992,0.06434890929064659,0.015625,5,329.38000000000005,1,0,,,,,,,,,1
1752,1,177,5693.440000000001,2.3802006688963218,24948.0,1107,149,1291.0,8.0,1632.8,4060.640000000002,0.6056865445143885,2427.840000000002,0.18483944310495898,0.04519774011299435,8,900.3700000000001,1,0,,,,,,,,,1
369,2,28,938.3299999999999,2.9507232704402515,10570.0,270,87,124.85999999999999,0.0,260.76,677.5699999999999,0.3551948674773268,416.80999999999995,0.11743902783133778,0.0,1,96.61999999999998,1,1,,,,,,,,,1
1763,0,126,3080.2000000000007,4.457597684515196,959.0,430,127,435.53,1.0,360.06,2720.140000000001,0.4285955457437827,2360.080000000001,0.12388038899460423,0.007936507936507936,7,839.17,1,0,,,,,,,,,1
1085,2,95,4313.390000000001,2.5844158178550036,220217.0,1066,153,795.02,1.0,1351.6899999999998,2961.7000000000003,0.5248238624376649,1610.0100000000004,0.15562963818487546,0.010526315789473684,5,492.6100000000001,1,1,,,,,,,,,1
1182,1,115,1799.35,3.065332197614991,58855.0,448,110,260.80999999999995,1.0,1406.3700000000003,392.98,0.5770472670686637,-1013.3900000000003,0.12659696334265297,0.008695652173913044,3,167.03000000000003,1,1,,,,,,,,,1
1925,0,112,2953.2700000000004,3.108705263157895,112976.0,583,145,259.36,0.0,1989.0400000000004,964.2299999999999,0.3860601976791827,-1024.8100000000004,0.0807313634000803,0.0,2,65.92999999999999,1,1,,,,,,,,,1
2241,1,60,1303.6999999999996,2.34478417266187,11273.0,398,105,397.43,5.0,373.6,930.0999999999997,0.6495205952289638,556.4999999999997,0.23362705966034347,0.08333333333333333,1,201.96999999999997,1,0,,,,,,,,,1
1836,0,84,2666.94,3.537055702917772,103936.0,436,127,256.76000000000005,0.0,1684.51,982.4300000000001,0.6065715764134176,-702.0799999999999,0.08782022779354928,0.0,5,325.02,1,1,,,,,,,,,1
862,1,64,1606.77,2.642713815789474,841.0,381,115,283.27000000000004,1.0,297.45,1309.3200000000002,0.5338349608220218,1011.8700000000001,0.14987513491777954,0.015625,1,147.13,1,1,,,,,,,,,1
2379,1,51,1113.09,3.0919166666666666,46939.0,265,104,238.65999999999997,0.0,484.96000000000004,628.13,0.4826923249692299,143.16999999999996,0.17655631588681336,0.0,2,210.25,1,0,,,,,,,,,1
1746,0,47,2044.9000000000003,3.8222429906542064,16807.0,412,111,384.53000000000003,1.0,951.5199999999999,1093.38,0.3767274683358599,141.86000000000024,0.15827992574389876,0.02127659574468085,2,132.26,1,1,,,,,,,,,1
1569,6,97,1216.2200000000003,2.0069636963696373,715.0,405,105,247.05000000000004,1.0,785.94,430.28000000000003,0.5129664041045204,-355.66,0.16883418644542703,0.010309278350515464,2,129.37,1,1,,,,,,,,,1
769,0,42,1244.18,2.0429885057471266,7958.0,458,112,242.76,0.0,692.7900000000001,551.3900000000001,0.5950827050748284,-141.39999999999998,0.16326146313906412,0.0,1,299.44999999999993,1,0,,,,,,,,,1
604,0,47,1786.45,2.909527687296417,699.0,302,99,221.11,0.0,984.31,802.1399999999999,0.5621595902488175,-182.17000000000007,0.11013867580545539,0.0,1,525.2,1,0,,,,,,,,,1
1251,12,51,301.1,2.895192307692308,8066.0,80,39,85.17,1.0,190.60000000000002,110.5,0.7362338093656593,-80.10000000000002,0.2204934372330235,0.0196078431372549,1,24.67,1,1,,,,,,,,,1
3,6,44,2554.9800000000005,2.936758620689656,8472.0,489,108,731.8700000000001,53.0,1603.06,951.9199999999998,0.6800875153621553,-651.1400000000001,0.22266607846418304,1.2045454545454546,3,98.23,1,1,,,,,,,,,1
2205,0,98,1780.1300000000006,2.3735066666666675,31892.0,441,124,460.5,3.0,1292.7600000000002,487.37,0.45592175852325384,-805.3900000000002,0.2055225539245658,0.030612244897959183,4,198.63,1,1,,,,,,,,,1
743,1,61,1685.2299999999998,2.616816770186335,18924.0,384,100,337.4,2.0,620.8399999999999,1064.39,0.5386683123371884,443.5500000000002,0.16681251637719208,0.03278688524590164,2,303.73999999999995,1,0,,,,,,,,,1
1065,3,44,4525.740000000001,3.1233540372670814,2080.0,948,128,1004.1400000000001,4.0,2053.9800000000005,2471.76,0.6000455174181459,417.77999999999975,0.1815844105116205,0.09090909090909091,5,641.4200000000001,1,1,,,,,,,,,1
1238,3,42,4359.580000000001,2.664779951100245,2196.0,835,146,1338.4999999999998,76.0,3154.2000000000007,1205.3799999999997,0.6300469311263928,-1948.820000000001,0.23490368685592333,1.8095238095238095,7,319.03,1,1,,,,,,,,,1
2042,7,27,4342.200000000001,4.3772177419354845,32827.0,558,124,808.2,25.0,1988.3500000000004,2353.85,0.5787504030215098,365.49999999999955,0.1569198508853681,0.9259259259259259,4,466.85,1,1,,,,,,,,,1
1072,0,53,2331.3500000000004,1.8030549110595517,7040.0,729,131,546.08,0.0,943.3199999999999,1388.0300000000002,0.6488729705964354,444.71000000000026,0.18978046381666974,0.0,2,363.45000000000005,1,0,,,,,,,,,1
2350,21,38,1460.9999999999998,2.9045725646123257,38745.0,365,96,342.78999999999996,6.0,898.5699999999999,562.4299999999998,0.5120876112251883,-336.1400000000001,0.19003875173939316,0.15789473684210525,3,454.64999999999986,1,0,,,,,,,,,1
665,0,32,599.14,3.3285555555555555,279.0,125,61,70.25,1.0,398.58000000000004,200.56,0.46399839770337487,-198.02000000000004,0.10494629438742736,0.03125,1,116.84,1,0,,,,,,,,,1
2293,1,38,2069.33,4.421645299145299,58194.0,385,104,235.82999999999998,0.0,336.52000000000004,1732.8100000000002,0.3686893825537736,1396.2900000000002,0.10230526297523816,0.0,1,393.62,1,0,,,,,,,,,1
2059,5,43,1839.1400000000003,3.249363957597174,914.0,418,136,426.39000000000004,0.0,976.1700000000003,862.9699999999999,0.3701458290287851,-113.20000000000039,0.18820761587796234,0.0,1,519.9799999999999,1,0,,,,,,,,,1
286,2,33,926.37,4.4112857142857145,424.0,165,75,101.85000000000001,0.0,387.52,538.85,0.663071990673273,151.33000000000004,0.09905467701464668,0.0,1,318.87,1,0,,,,,,,,,1
2338,0,60,1690.2600000000002,2.6576415094339625,56995.0,493,145,284.47,10.0,541.22,1149.0400000000002,0.4786719202962857,607.8200000000002,0.14405513665159286,0.16666666666666666,1,421.28999999999996,1,0,,,,,,,,,1
925,0,68,445.67999999999995,2.016651583710407,241.0,107,48,72.77000000000001,1.0,297.28999999999996,148.39000000000001,0.662515706336385,-148.89999999999995,0.14036069051981873,0.014705882352941176,1,39.56,1,1,,,,,,,,,1
1792,0,96,2654.7500000000005,2.815217391304348,129817.0,451,112,528.5,2.0,2337.51,317.24,0.4830473679254167,-2020.2700000000002,0.16602528862012092,0.020833333333333332,1,485.5799999999999,1,0,,,,,,,,,1
2398,0,72,1984.1000000000001,3.0153495440729485,854.0,391,110,400.57,20.0,849.82,1134.28,0.6564134872234262,284.4599999999999,0.16797712052401378,0.2777777777777778,1,51.00000000000001,1,1,,,,,,,,,1
2286,2,24,945.5299999999999,3.767051792828685,24439.0,209,95,112.78999999999999,0.0,713.77,231.76,0.3745729908093874,-482.01,0.10657457101821755,0.0,1,43.73,1,1,,,,,,,,,1
1860,2,56,726.1099999999999,2.7093656716417907,27428.0,206,86,169.08,3.0,495.74000000000007,230.37,0.4789907865199489,-265.37000000000006,0.1888761045141255,0.05357142857142857,1,27.31,1,1,,,,,,,,,1
348,0,91,2243.3500000000004,2.420010787486516,11916.0,643,121,542.98,1.0,192.89000000000001,2050.4600000000005,0.4515033320703411,1857.5700000000004,0.1948728255447129,0.01098901098901099,1,718.4799999999999,1,0,,,,,,,,,1
200,0,60,967.2700000000004,2.8200291545189518,442.0,287,101,151.22,0.0,283.5499999999999,683.7200000000004,0.5747102670402264,400.17000000000047,0.13520013589750463,0.0,1,199.35999999999999,1,0,,,,,,,,,1
498,0,54,803.2700000000003,2.412222222222223,367.0,266,99,126.85000000000001,0.0,15.77,787.5000000000003,0.5453210004108203,771.7300000000004,0.13638025201049322,0.0,1,100.91,1,1,,,,,,,,,1
1336,0,104,5093.57,2.695010582010582,2554.0,806,129,1956.3500000000001,18.0,2240.73,2852.8399999999997,0.5663375589223275,612.1099999999997,0.27749960283237257,0.17307692307692307,7,941.6399999999999,1,0,,,,,,,,,1
705,0,80,1254.46,2.8253603603603605,615.0,257,72,247.35000000000002,0.0,501.71000000000004,752.7500000000001,0.4730800503802433,251.04000000000008,0.164701260479022,0.0,3,131.47,1,1,,,,,,,,,1
1345,2,52,1243.93,2.8728175519630486,492.0,312,100,171.64000000000004,3.0,818.2899999999998,425.64000000000004,0.636104925518317,-392.6499999999998,0.12125150999244122,0.057692307692307696,2,104.63,1,1,,,,,,,,,1
1577,0,74,3650.9300000000007,2.7266094100074687,31926.0,792,149,649.9300000000001,2.0,1700.3500000000006,1950.5800000000004,0.6244655471345657,250.2299999999998,0.15111628837023292,0.02702702702702703,5,143.68,1,1,,,,,,,,,1
138,0,54,3165.8700000000003,3.247046153846154,1618.0,675,154,690.78,13.0,1214.9299999999998,1950.9399999999996,0.5261776383742856,736.0099999999998,0.1791139978997316,0.24074074074074073,2,363.32,1,1,,,,,,,,,1
397,0,213,5282.180000000002,3.311711598746083,360480.0,802,146,787.0600000000002,26.0,2501.330000000001,2780.850000000001,0.44490910949645773,279.52,0.12968015764741547,0.12206572769953052,5,879.8100000000003,1,0,,,,,,,,,1
1535,0,209,6717.970000000002,2.7319926799512007,40960.0,1105,161,1152.74,4.0,1776.1599999999999,4941.810000000002,0.4800140518638814,3165.6500000000024,0.14645946807848337,0.019138755980861243,6,1735.6799999999998,1,0,,,,,,,,,1
1978,1,84,1349.8299999999997,2.710502008032128,64561.0,316,112,157.79000000000002,4.0,783.6499999999999,566.1800000000001,0.5874221198224964,-217.4699999999998,0.10466165214045983,0.047619047619047616,6,109.84999999999997,1,1,,,,,,,,,1
1966,0,108,4574.689999999999,2.2535418719211817,10566.0,1098,173,861.4200000000002,6.0,1535.6500000000003,3039.039999999999,0.48944518644979235,1503.3899999999987,0.15846257710016912,0.05555555555555555,7,733.2000000000002,1,0,,,,,,,,,1
850,0,88,1023.12,2.205,5882.0,327,100,185.24999999999997,1.0,294.46999999999997,728.65,0.4689967941199468,434.18,0.15330569279277043,0.011363636363636364,3,229.78999999999996,1,0,,,,,,,,,1
72,0,102,6212.240000000003,2.497885002010456,132621.0,998,168,988.4500000000002,7.0,2173.3399999999997,4038.900000000001,0.571381659433634,1865.5600000000013,0.13727156703038176,0.06862745098039216,6,261.19,1,1,,,,,,,,,1
1889,4,39,1600.27,3.3269646569646567,37022.0,354,124,261.78,18.0,842.6100000000001,757.6600000000002,0.482443587644585,-84.94999999999993,0.14058698746005746,0.46153846153846156,2,203.53,1,1,,,,,,,,,1
398,0,104,1757.4000000000003,2.5882179675994115,94025.0,511,108,373.4,2.0,701.5999999999998,1055.8,0.6058154091271194,354.20000000000016,0.175239346724235,0.019230769230769232,1,335.20000000000005,1,0,,,,,,,,,1
1403,4,149,3647.88,5.552328767123288,464331.0,362,124,389.53,20.0,1925.9700000000003,1721.91,0.3116522473326973,-204.06000000000017,0.09648016921739432,0.1342281879194631,3,25.38,1,1,,,,,,,,,1
1717,0,68,1331.8899999999999,2.927230769230769,15707.0,209,66,555.6700000000001,5.0,597.8499999999999,734.04,0.6589357980013365,136.19000000000005,0.29438534404204375,0.07352941176470588,1,426.00999999999993,1,0,,,,,,,,,1
2452,0,131,2598.170000000001,2.712077244258874,5563.0,581,125,378.74999999999994,0.0,1145.1800000000003,1452.9900000000002,0.5298960422143276,307.80999999999995,0.12722881367319236,0.0,7,462.1900000000001,1,0,,,,,,,,,1
1947,0,70,6052.490000000003,3.663734866828089,31914.0,547,144,810.76,11.0,1557.7600000000007,4494.730000000002,0.5536448635189812,2936.9700000000016,0.11813062324700391,0.15714285714285714,8,1156.7599999999998,1,0,,,,,,,,,1
529,14,55,1781.0199999999995,2.573728323699421,939.0,495,114,378.1,1.0,984.92,796.1,0.6821877351180786,-188.81999999999994,0.175117640520212,0.01818181818181818,2,50.12,1,1,,,,,,,,,1
271,0,90,752.9300000000001,3.6025358851674643,349.0,118,64,112.68000000000002,1.0,538.63,214.3,0.3294861408099026,-324.33,0.13017409687965711,0.011111111111111112,4,622.5899999999999,1,0,,,,,,,,,1
322,0,60,2087.1700000000005,2.724765013054831,12861.0,578,142,289.91,2.0,1124.0500000000002,963.1200000000001,0.5430798641222324,-160.93000000000006,0.12196055664933447,0.03333333333333333,3,331.71,1,0,,,,,,,,,1
2149,2,97,3209.1600000000008,7.0530989010989025,339093.0,232,72,1081.1799999999998,10.0,882.52,2326.6400000000003,0.29374665021376306,1444.1200000000003,0.2520033377308092,0.10309278350515463,4,494.26000000000005,1,0,,,,,,,,,1
2474,2,45,471.83000000000004,1.87234126984127,306.0,144,49,334.87,20.0,272.50999999999993,199.32000000000002,0.8025983934891803,-73.18999999999991,0.41511094582868474,0.4444444444444444,2,39.58,1,1,,,,,,,,,1
1601,20,20,1269.5100000000002,2.4366794625719774,576.0,449,130,187.57999999999996,1.0,796.7200000000001,472.79,0.5788453812888437,-323.9300000000001,0.1287360423858512,0.05,2,19.03,1,1,,,,,,,,,1
1509,0,181,5589.690000000002,4.422223101265825,533694.0,594,156,581.06,6.0,2373.1900000000005,3216.5000000000014,0.4601829439557469,843.3100000000009,0.09416359437669647,0.03314917127071823,2,863.1399999999999,1,0,45-54,A,50-74K,Homeowner,2 Adults No Kids,2,None/Unknown,1509.0,1
1937,0,136,5828.300000000005,2.2135586783137122,26489.0,1172,177,965.3099999999996,34.0,2487.3100000000013,3340.990000000001,0.5819621501981705,853.6799999999998,0.14209087657372133,0.25,4,914.1399999999999,1,0,45-54,A,50-74K,Homeowner,2 Adults No Kids,2,None/Unknown,1937.0,1
1437,0,94,4352.040000000001,2.1270967741935487,3507.0,1191,157,1252.8899999999996,111.0,2255.7200000000003,2096.32,0.6325378443212837,-159.4000000000001,0.22353356776980257,1.1808510638297873,5,423.52,1,1,25-34,A,15-24K,Homeowner,1 Adult Kids,3,1,1437.0,1
1829,0,293,6028.270000000003,3.859327784891167,287484.0,625,143,837.9599999999999,10.0,2517.9800000000014,3510.290000000001,0.5274946211765563,992.3099999999995,0.12204077055385554,0.034129692832764506,3,590.28,1,1,65+,A,75-99K,Homeowner,Single Female,2,None/Unknown,1829.0,1
2312,0,271,12225.340000000011,3.699043872919822,5201.0,1392,197,2146.5699999999997,11.0,5459.810000000004,6765.530000000006,0.4553370294813884,1305.720000000002,0.14935871432537484,0.04059040590405904,6,2457.4700000000016,1,0,45-54,A,250K+,Homeowner,2 Adults No Kids,2,None/Unknown,2312.0,1
2234,0,152,6410.390000000001,4.093480204342274,284191.0,768,147,1077.3199999999997,17.0,2788.620000000001,3621.7700000000004,0.4038771432003356,833.1499999999996,0.14387843546291185,0.1118421052631579,3,1561.1800000000005,1,0,65+,A,Under 15K,Homeowner,2 Adults No Kids,2,None/Unknown,2234.0,1
85,0,251,4068.450000000002,2.6660878112712987,132889.0,854,155,818.1300000000002,3.0,2296.4700000000003,1771.9800000000005,0.48385994666273374,-524.4899999999998,0.1674238424419532,0.01195219123505976,8,628.04,1,0,25-34,U,35-49K,Unknown,Single Male,1,None/Unknown,85.0,1
1823,0,296,10212.410000000007,3.242034920634923,672157.0,1242,170,1985.5599999999995,158.0,3735.940000000001,6476.4700000000075,0.46331766938460156,2740.5300000000066,0.16277790484810165,0.5337837837837838,6,2056.4400000000005,1,0,45-54,A,75-99K,Homeowner,2 Adults No Kids,2,None/Unknown,1823.0,1
1820,1,74,4181.0300000000025,3.1201716417910466,27992.0,739,142,440.4,2.0,579.8299999999999,3601.200000000001,0.5785081666479309,3021.3700000000013,0.09529517919778073,0.02702702702702703,3,27.049999999999997,1,1,45-54,A,150-174K,Homeowner,2 Adults No Kids,2,None/Unknown,1820.0,1
49,0,96,5242.300000000001,3.7364932287954393,384725.0,915,155,1159.45,10.0,1352.64,3889.6600000000017,0.520893500944242,2537.0200000000013,0.181114538993244,0.10416666666666667,4,1202.73,1,0,35-44,A,35-49K,Homeowner,2 Adults No Kids,2,None/Unknown,49.0,1
1892,1,286,5150.51,2.8677672605790647,131656.0,927,161,1183.3100000000004,3.0,2098.82,3051.69,0.4525687747426953,952.8699999999999,0.18682406509815566,0.01048951048951049,6,381.70000000000005,1,1,35-44,A,35-49K,Homeowner,2 Adults Kids,3,1,1892.0,1
718,0,560,17493.220000000016,2.8201225213606347,868890.0,2593,216,3790.18,277.0,7626.7500000000055,9866.470000000005,0.5158489974973159,2239.7199999999993,0.17808150953325114,0.49464285714285716,12,1806.6400000000008,1,1,45-54,A,25-34K,Homeowner,2 Adults Kids,5+,3+,718.0,1
381,2,81,2595.8200000000006,2.8462938596491236,1074.0,655,153,411.31999999999994,13.0,1357.8800000000006,1237.9400000000005,0.4822406792458644,-119.94000000000005,0.13678112758301905,0.16049382716049382,5,524.97,1,0,25-34,B,35-49K,Homeowner,1 Adult Kids,2,1,381.0,1
67,0,171,7172.820000000002,3.460115774240233,255170.0,1019,177,1907.2899999999997,192.0,3244.3500000000013,3928.470000000001,0.5660437596370743,684.1199999999999,0.2100514200819152,1.1228070175438596,5,2446.0800000000013,1,0,45-54,A,Under 15K,Homeowner,2 Adults Kids,5+,3+,67.0,1
661,0,326,7322.180000000005,4.833122112211225,1880.0,573,120,686.8199999999998,2.0,2944.4900000000016,4377.690000000002,0.435520569010868,1433.2000000000007,0.0857560244724684,0.006134969325153374,5,949.1299999999999,1,1,45-54,U,50-74K,Homeowner,Unknown,1,None/Unknown,661.0,1
569,0,92,6013.310000000002,4.068545331529095,66608.0,858,174,455.94,5.0,3689.7800000000007,2323.5300000000007,0.42314465743492347,-1366.25,0.07047803068361863,0.05434782608695652,6,735.8800000000002,1,1,35-44,A,250K+,Homeowner,2 Adults Kids,3,1,569.0,1
1965,0,148,3743.29,4.201223344556678,554690.0,573,126,601.5,27.0,1398.51,2344.78,0.37140055940095484,946.2700000000002,0.1384416738208291,0.18243243243243243,7,399.4,1,1,25-34,A,50-74K,Homeowner,2 Adults Kids,3,1,1965.0,1
2162,0,143,11499.550000000005,6.1792315959161765,578687.0,834,165,1233.2999999999997,136.0,3811.4900000000007,7688.060000000004,0.40551499841298133,3876.5700000000033,0.09685969755396469,0.951048951048951,7,2423.8999999999996,1,0,45-54,U,75-99K,Homeowner,Unknown,1,None/Unknown,2162.0,1
1759,0,198,3286.650000000001,2.113601286173634,21727.0,939,153,849.7199999999998,2.0,940.1600000000002,2346.4900000000002,0.6572528258256886,1406.33,0.20542649714604827,0.010101010101010102,6,722.9699999999999,1,0,35-44,U,35-49K,Unknown,2 Adults Kids,5+,3+,1759.0,1
249,0,127,2701.01,2.5481226415094342,18237.0,565,141,515.56,18.0,971.34,1729.67,0.4600686409898518,758.33,0.16028253698815817,0.14173228346456693,3,122.21999999999998,1,1,35-44,A,Under 15K,Renter,Unknown,3,1,249.0,1
2359,1,160,2666.67,3.3755316455696205,171530.0,425,116,509.34,10.0,1177.0200000000002,1489.65,0.47308065864917664,312.6299999999999,0.16037103157735647,0.0625,4,139.6,1,1,45-54,A,25-34K,Homeowner,2 Adults No Kids,2,None/Unknown,2359.0,1
960,0,97,2223.5400000000004,3.900947368421053,757.0,308,111,208.98,1.0,1128.16,1095.3799999999999,0.6876242388263757,-32.7800000000002,0.08591090720734051,0.010309278350515464,5,223.95000000000002,1,1,35-44,A,125-149K,Homeowner,2 Adults Kids,5+,3+,960.0,1
2282,1,63,871.2899999999998,1.9847152619589974,469.0,264,94,92.21999999999998,10.0,334.63999999999993,536.65,0.4174499879489035,202.01000000000005,0.09571255098545942,0.15873015873015872,2,232.58999999999997,1,0,55-64,B,175-199K,Homeowner,Single Female,1,None/Unknown,2282.0,1
1326,0,335,7206.840000000002,3.4984660194174766,351968.0,1147,171,1311.96,12.0,1264.6400000000003,5942.200000000003,0.4858606546003518,4677.560000000002,0.1540076067051697,0.03582089552238806,6,1624.37,1,0,45-54,U,Under 15K,Homeowner,Single Male,1,None/Unknown,1326.0,1
2446,2,170,5863.770000000002,4.428829305135953,769077.0,763,145,965.6700000000001,30.0,2780.6000000000013,3083.1700000000005,0.3798170801378634,302.56999999999925,0.14139812341861116,0.17647058823529413,4,592.01,1,1,35-44,U,125-149K,Homeowner,2 Adults No Kids,2,None/Unknown,2446.0,1
1814,4,45,3351.1900000000014,3.7696175478065257,11224.0,727,163,428.69999999999993,5.0,1560.4800000000007,1790.71,0.48588411877571835,230.22999999999934,0.11341599887827418,0.1111111111111111,2,756.6600000000001,1,0,65+,U,150-174K,Homeowner,2 Adults No Kids,2,None/Unknown,1814.0,1
387,0,121,4848.580000000001,3.6815337889141997,1634.0,840,172,711.4899999999999,28.0,1820.9100000000003,3027.6700000000005,0.507571288913455,1206.7600000000002,0.1279642162778526,0.23140495867768596,3,848.6700000000001,1,0,25-34,B,50-74K,Homeowner,Single Female,1,None/Unknown,387.0,1
696,0,273,12287.270000000008,3.784191561441333,748761.0,1567,206,2105.7400000000002,62.0,4147.530000000002,8139.740000000004,0.5032851072695561,3992.2100000000028,0.1463029623407473,0.2271062271062271,2,2428.26,1,0,35-44,U,50-74K,Homeowner,2 Adults No Kids,2,None/Unknown,696.0,1
1609,0,355,24180.270000000004,4.181267508213731,1879995.0,1474,200,2188.7699999999995,95.0,9890.62000000001,14289.649999999996,0.4463060172611808,4399.029999999986,0.08300529712116934,0.2676056338028169,3,3679.4100000000017,1,0,45-54,A,125-149K,Homeowner,2 Adults Kids,5+,3+,1609.0,1
2057,1,107,2660.5,3.1786140979689366,253999.0,602,132,637.6199999999999,11.0,909.0600000000001,1751.4399999999996,0.503431685773351,842.3799999999995,0.19332832037645686,0.102803738317757,2,489.94999999999993,1,0,35-44,A,35-49K,Homeowner,2 Adults No Kids,2,None/Unknown,2057.0,1
1944,0,151,8682.130000000006,3.635732830820773,590212.0,982,167,1112.4299999999998,62.0,3531.900000000002,5150.230000000003,0.48742762432720976,1618.3300000000013,0.11357631174856238,0.4105960264900662,10,2260.750000000001,1,0,25-34,U,125-149K,Homeowner,2 Adults Kids,4,2,1944.0,1
797,0,87,2854.6000000000004,4.11919191919192,794.0,511,149,227.18,1.0,1267.9300000000003,1586.6699999999998,0.5912527149162754,318.73999999999955,0.07371713749845868,0.011494252873563218,5,204.96999999999997,1,1,25-34,U,75-99K,Homeowner,2 Adults No Kids,2,None/Unknown,797.0,1
2378,0,129,6434.660000000003,2.95167889908257,36113.0,1044,176,1417.8899999999999,14.0,932.96,5501.700000000002,0.5581304995135716,4568.740000000002,0.18056427529910657,0.10852713178294573,7,1876.4200000000005,1,0,25-34,A,50-74K,Unknown,2 Adults Kids,5+,3+,2378.0,1
113,0,192,12911.040000000015,3.507481662591691,985256.0,1732,206,1950.1499999999996,68.0,5740.500000000003,7170.540000000006,0.47010697821399317,1430.0400000000036,0.13122435013615988,0.3541666666666667,9,2413.910000000001,1,0,35-44,A,125-149K,Homeowner,2 Adults Kids,4,2,113.0,1
2069,1,81,1717.79,2.961706896551724,3201.0,454,128,256.99,3.0,858.8199999999999,858.97,0.48147328835305825,0.15000000000009095,0.1301360151510548,0.037037037037037035,3,350.3800000000001,1,0,35-44,U,15-24K,Unknown,Single Female,1,None/Unknown,2069.0,1
2183,0,144,3439.8600000000006,3.940274914089348,354912.0,525,129,804.7499999999999,7.0,859.2099999999999,2580.6499999999996,0.34271452907967176,1721.4399999999996,0.1895933902054605,0.04861111111111111,5,653.2600000000001,1,0,65+,A,25-34K,Homeowner,2 Adults No Kids,2,None/Unknown,2183.0,1
413,0,259,5417.870000000001,3.925992753623189,531374.0,500,140,515.5,3.0,1869.7800000000004,3548.090000000002,0.3033535319230619,1678.3100000000015,0.08688148556385325,0.011583011583011582,8,545.91,1,1,45-54,U,100-124K,Unknown,Unknown,1,None/Unknown,413.0,1
78,0,175,1984.61,2.4410947109471093,1253.0,334,89,321.86,0.0,511.57000000000005,1473.04,0.6728626783095923,961.4699999999999,0.13954657983845445,0.0,5,520.53,1,0,55-64,U,25-34K,Unknown,Single Male,1,None/Unknown,78.0,1
428,0,93,3338.1400000000003,2.14120590121873,2034.0,830,121,702.92,3.0,1579.5000000000005,1758.6399999999999,0.8015182107401126,179.13999999999942,0.17394446011689998,0.03225806451612903,4,23.29,1,1,19-24,U,50-74K,Probable Owner,2 Adults No Kids,2,None/Unknown,428.0,1
1222,0,158,5412.830000000003,2.9258540540540556,2503.0,1013,170,1132.19,27.0,2761.5400000000013,2651.290000000001,0.5619204741327547,-110.25000000000045,0.1729849565012788,0.17088607594936708,5,420.56,1,1,45-54,U,15-24K,Homeowner,Single Female,1,None/Unknown,1222.0,1
941,2,95,1702.9,3.352165354330709,69951.0,402,125,211.12000000000003,1.0,786.5500000000001,916.35,0.48477303423571544,129.79999999999995,0.11030187772332578,0.010526315789473684,5,503.1600000000001,1,0,19-24,A,200-249K,Unknown,2 Adults No Kids,2,None/Unknown,941.0,1
1580,0,155,1332.9000000000003,1.3942468619246866,20671.0,457,121,311.49,1.0,61.879999999999995,1271.0200000000002,0.5668017105559306,1209.1400000000003,0.18942586612664875,0.0064516129032258064,2,438.1199999999999,1,0,19-24,B,50-74K,Unknown,2 Adults No Kids,2,None/Unknown,1580.0,1
1595,1,123,4966.280000000001,3.8951215686274514,314008.0,705,136,586.3599999999999,3.0,3009.8600000000006,1956.42,0.4428606522386977,-1053.4400000000005,0.10560021899492851,0.024390243902439025,3,677.7900000000001,1,1,45-54,U,50-74K,Homeowner,Single Male,1,None/Unknown,1595.0,1
2455,0,88,4467.460000000001,4.51258585858586,38783.0,650,150,676.1299999999999,9.0,1022.4700000000001,3444.9900000000002,0.5761461770222901,2422.52,0.1314509904560822,0.10227272727272728,6,871.5699999999999,1,0,45-54,B,25-34K,Homeowner,2 Adults No Kids,2,None/Unknown,2455.0,1
1566,0,239,7412.070000000002,4.349806338028171,390534.0,969,174,825.4799999999998,14.0,235.9,7176.170000000003,0.5285689422792824,6940.270000000003,0.10020940692317491,0.058577405857740586,4,3155.640000000001,1,0,35-44,U,75-99K,Homeowner,2 Adults No Kids,2,None/Unknown,1566.0,1
1979,0,89,999.0899999999999,3.083611111111111,26050.0,183,77,240.67999999999998,10.0,548.8699999999999,450.22000000000014,0.4861223713579358,-98.64999999999975,0.19413278269356413,0.11235955056179775,3,147.58,1,0,45-54,U,150-174K,Unknown,2 Adults Kids,3,1,1979.0,1
319,0,101,3648.2100000000005,2.6551746724890832,220391.0,846,151,827.0499999999998,6.0,1608.5,2039.7099999999998,0.4795803969617977,431.2099999999998,0.18480490518986603,0.0594059405940594,5,110.28999999999999,1,1,45-54,U,35-49K,Homeowner,1 Adult Kids,4,3+,319.0,1
732,1,91,3324.8700000000003,2.58946261682243,82285.0,678,132,1057.06,15.0,1422.02,1902.8500000000004,0.6731270696297899,480.8300000000004,0.24123160342588765,0.16483516483516483,7,642.95,1,0,55-64,A,75-99K,Homeowner,2 Adults Kids,4,2,732.0,1
1069,0,50,3088.5699999999997,4.24837689133425,1294.0,463,108,642.8599999999999,1.0,1237.54,1851.0299999999997,0.4539349925693768,613.4899999999998,0.17228247615525416,0.02,7,344.7,1,1,25-34,U,35-49K,Unknown,2 Adults No Kids,2,None/Unknown,1069.0,1
2198,0,325,5601.390000000003,2.709912917271409,228055.0,973,170,914.97,54.0,1798.3100000000004,3803.0800000000017,0.5194407102522764,2004.7700000000013,0.14041121116697045,0.16615384615384615,3,1604.4900000000002,1,0,35-44,B,25-34K,Unknown,Single Female,1,None/Unknown,2198.0,1
257,1,108,2374.8199999999997,2.4012335692618803,16069.0,533,115,614.1400000000001,1.0,966.5199999999999,1408.3000000000002,0.4825292022132205,441.7800000000003,0.205469460949628,0.009259259259259259,3,315.17,1,1,25-34,U,25-34K,Unknown,1 Adult Kids,3,2,257.0,1
1120,1,83,1678.72,2.5946213292117464,16187.0,473,121,306.46,5.0,930.28,748.44,0.6319398112847884,-181.83999999999992,0.1543739106781249,0.060240963855421686,1,59.120000000000005,1,1,35-44,B,Under 15K,Renter,2 Adults Kids,4,2,1120.0,1
786,1,181,5952.310000000001,3.493139671361503,1869.0,735,152,614.9200000000001,0.0,2542.080000000001,3410.2300000000005,0.6453360124052678,868.1499999999996,0.0936346069804164,0.0,6,1481.7600000000002,1,0,19-24,U,75-99K,Homeowner,2 Adults No Kids,2,None/Unknown,786.0,1
2147,0,72,4750.8,2.269851887243192,65299.0,956,146,1008.9999999999998,9.0,1350.57,3400.230000000001,0.5164330218068534,2049.6600000000008,0.1751796937393659,0.125,4,955.21,1,0,25-34,A,75-99K,Homeowner,2 Adults Kids,3,1,2147.0,1
1300,1,59,1675.8400000000006,3.0693040293040306,95489.0,382,124,328.59000000000003,13.0,245.54000000000002,1430.3000000000004,0.47676389154095833,1184.7600000000004,0.1639318908617412,0.22033898305084745,1,1283.8100000000004,1,0,45-54,A,50-74K,Homeowner,2 Adults Kids,4,2,1300.0,1
2181,1,45,1999.1000000000006,3.476695652173914,714.0,492,140,291.59000000000003,7.0,387.4599999999999,1611.6400000000006,0.5738282227002148,1224.1800000000007,0.12729352291231025,0.15555555555555556,1,1075.3500000000001,1,0,55-64,A,100-124K,Homeowner,2 Adults Kids,3,1,2181.0,1
802,3,54,2003.1299999999999,3.758217636022514,731.0,316,107,235.79999999999995,2.0,1223.34,779.79,0.5003669257611838,-443.54999999999995,0.10531816537363829,0.037037037037037035,3,151.3,1,1,65+,U,35-49K,Homeowner,2 Adults No Kids,2,None/Unknown,802.0,1
1015,2,97,3384.74,2.3056811989100816,19391.0,578,114,688.8,23.0,1661.1699999999998,1723.5699999999997,0.6464012006830658,62.399999999999864,0.16909125723572124,0.23711340206185566,5,422.98,1,1,45-54,U,50-74K,Homeowner,Unknown,1,None/Unknown,1015.0,1
878,1,163,5107.980000000002,2.3813426573426586,44163.0,990,146,1269.4899999999998,1.0,2541.4400000000005,2566.540000000001,0.5994815954643516,25.100000000000364,0.19905856083995682,0.006134969325153374,7,872.7399999999998,1,0,25-34,U,35-49K,Unknown,1 Adult Kids,3,2,878.0,1
1517,0,118,3284.74,2.6511218724778045,39399.0,723,134,1092.7899999999997,18.0,1106.81,2177.93,0.646644787715314,1071.12,0.24963621037434347,0.15254237288135594,5,586.3,1,0,45-54,A,50-74K,Homeowner,2 Adults Kids,4,2,1517.0,1
300,0,98,4711.100000000001,3.242326221610462,1978.0,944,143,843.93,3.0,3168.960000000001,1542.1399999999999,0.5731315404045763,-1626.820000000001,0.1519217717996122,0.030612244897959183,6,263.21,1,1,55-64,A,Under 15K,Unknown,Single Female,2,None/Unknown,300.0,1
1488,0,64,2520.4500000000003,2.530572289156627,28362.0,651,141,637.0200000000001,24.0,830.2200000000001,1690.2300000000005,0.5192326767045566,860.0100000000003,0.2017501353932104,0.375,4,726.47,1,0,25-34,A,50-74K,Probable Owner,Single Female,2,None/Unknown,1488.0,1
1524,0,51,2341.13,3.155161725067386,184972.0,437,129,503.40999999999997,52.0,721.32,1619.8100000000004,0.46380166842507675,898.4900000000004,0.17697413290022287,1.0196078431372548,1,459.68000000000006,1,0,45-54,A,35-49K,Homeowner,2 Adults No Kids,2,None/Unknown,1524.0,1
1980,2,50,4069.2000000000007,3.3825436408977563,110220.0,775,154,732.3399999999999,3.0,1795.73,2273.4700000000003,0.5611274943477832,477.74000000000024,0.15252189922399892,0.06,1,373.94999999999993,1,1,55-64,A,50-74K,Homeowner,Single Female,2,None/Unknown,1980.0,1
2347,1,69,2317.8300000000004,4.0806866197183105,108078.0,392,122,501.80999999999995,7.0,254.28000000000003,2063.5500000000006,0.5860611002532541,1809.2700000000007,0.1779695280248542,0.10144927536231885,1,914.72,1,0,45-54,U,35-49K,Unknown,2 Adults No Kids,2,None/Unknown,2347.0,1
2499,0,81,2688.460000000001,2.9608590308370055,143109.0,600,133,375.5,0.0,1026.82,1661.64,0.5404209101121085,634.8200000000002,0.12255381924046002,0.0,2,705.61,1,0,25-34,U,Under 15K,Unknown,2 Adults Kids,3,1,2499.0,1
1985,0,133,7131.250000000003,3.335477081384473,2742.0,1133,166,1018.6199999999998,25.0,2162.5600000000004,4968.690000000001,0.5490285714285712,2806.130000000001,0.12498604272215379,0.18796992481203006,10,1474.1100000000001,1,0,25-34,U,50-74K,Unknown,Unknown,5+,3+,1985.0,1
1841,0,28,2062.95,3.139954337899543,884.0,360,103,258.78999999999996,9.0,840.12,1222.8300000000002,0.6147604159092562,382.71000000000015,0.11146381593115508,0.32142857142857145,1,338.83,1,0,45-54,B,35-49K,Homeowner,2 Adults No Kids,2,None/Unknown,1841.0,1
2224,0,90,3530.000000000001,2.567272727272728,1478.0,725,135,883.3599999999999,2.0,1668.25,1861.7500000000005,0.6337478753541075,193.50000000000045,0.2001558902967353,0.022222222222222223,7,454.0999999999999,1,1,19-24,B,250K+,Homeowner,Single Male,1,None/Unknown,2224.0,1
242,0,71,4221.670000000001,2.887599179206567,1878.0,819,153,592.2900000000001,10.0,2178.83,2042.8400000000001,0.47063365919174155,-135.98999999999978,0.12303592053112197,0.14084507042253522,4,1010.1300000000001,1,0,45-54,A,75-99K,Homeowner,2 Adults Kids,5+,3+,242.0,1
1534,0,259,6863.980000000002,3.477193515704155,605588.0,752,154,942.9699999999999,86.0,1925.4600000000003,4938.52,0.5883510732840129,3013.0600000000004,0.12078596635049534,0.33204633204633205,8,1585.7000000000005,1,0,25-34,A,75-99K,Renter,2 Adults Kids,3,1,1534.0,1
631,0,417,7774.35,3.083835779452598,706351.0,850,179,1337.53,15.0,3695.520000000002,4078.829999999999,0.405727810041997,383.3099999999972,0.14678968555336547,0.03597122302158273,5,1503.3700000000003,1,0,65+,A,100-124K,Homeowner,2 Adults Kids,3,1,631.0,1
469,1,142,6887.1600000000035,2.88286312264546,74554.0,1194,177,1134.21,109.0,3505.4400000000014,3381.720000000001,0.5383205849726156,-123.72000000000025,0.1413985391522894,0.7676056338028169,4,861.3300000000002,1,1,45-54,U,75-99K,Probable Owner,Single Female,1,None/Unknown,469.0,1
771,0,433,6847.770000000002,2.001101694915255,8882.0,1466,203,1704.5700000000002,13.0,1847.8000000000006,4999.970000000002,0.46476444156272767,3152.1700000000014,0.19931036418103112,0.03002309468822171,7,1143.2000000000003,1,0,45-54,U,50-74K,Homeowner,Unknown,1,None/Unknown,771.0,1
2231,0,81,3676.4700000000007,3.02839373970346,27877.0,850,173,514.63,84.0,2125.580000000001,1550.89,0.4921269587403133,-574.6900000000007,0.12279115268068047,1.037037037037037,3,723.79,1,0,35-44,A,200-249K,Homeowner,2 Adults No Kids,2,None/Unknown,2231.0,1
8,1,96,4387.35,2.8489285714285715,67794.0,1049,174,881.8399999999999,22.0,1656.9300000000003,2730.4200000000005,0.5447137793884692,1073.4900000000002,0.16735779123546501,0.22916666666666666,9,1147.6200000000008,1,0,25-34,U,25-34K,Unknown,2 Adults Kids,3,1,8.0,1
1188,0,104,2499.8100000000004,1.567278996865204,13568.0,909,141,885.9,6.0,1227.83,1271.9800000000002,0.6757593577111859,44.15000000000032,0.2616585590614671,0.057692307692307696,2,1222.4100000000003,1,0,45-54,U,35-49K,Renter,Unknown,1,None/Unknown,1188.0,1
2496,0,58,4010.9000000000015,2.90644927536232,120773.0,727,138,1087.6,48.0,1581.56,2429.3400000000006,0.41990575681268516,847.7800000000007,0.21331764244385595,0.8275862068965517,5,328.76,1,1,45-54,A,75-99K,Homeowner,Unknown,3,1,2496.0,1
540,0,76,2417.4600000000005,3.4048732394366206,62838.0,409,128,323.88999999999993,5.0,423.72,1993.7400000000002,0.4385139774804959,1570.0200000000002,0.11814981669615332,0.06578947368421052,1,863.2700000000001,1,0,25-34,B,50-74K,Homeowner,Single Female,1,None/Unknown,540.0,1
2427,0,290,7371.400000000004,2.948560000000002,539428.0,1148,166,1839.3899999999996,52.0,3065.3200000000024,4306.080000000002,0.4870621591556554,1240.7599999999993,0.19969948288908973,0.1793103448275862,9,1354.5400000000004,1,0,35-44,A,50-74K,Homeowner,2 Adults Kids,3,1,2427.0,1
567,0,227,2611.6700000000005,2.4920515267175576,25175.0,523,132,503.8799999999999,1.0,436.35,2175.3199999999997,0.4954952195338613,1738.9699999999998,0.16173067355683582,0.004405286343612335,3,523.2299999999999,1,0,19-24,U,25-34K,Unknown,Single Male,1,None/Unknown,567.0,1
212,1,102,2829.88,2.5448561151079137,40683.0,814,162,428.61000000000007,4.0,1297.9099999999999,1531.97,0.5494367252321652,234.06000000000017,0.13153638648576488,0.0392156862745098,5,222.77999999999997,1,1,35-44,U,Under 15K,Unknown,Single Female,1,None/Unknown,212.0,1
2243,1,35,3244.5600000000004,3.3762330905306976,1306.0,458,119,663.6099999999999,2.0,622.1599999999999,2622.4000000000005,0.49017432255837445,2000.2400000000007,0.16980069956015217,0.05714285714285714,2,775.1500000000002,1,0,45-54,A,50-74K,Homeowner,2 Adults No Kids,2,None/Unknown,2243.0,1
2102,0,86,2682.3200000000006,3.524730617608411,931.0,429,126,531.01,3.0,706.63,1975.6899999999998,0.42393525008201843,1269.06,0.16525224611228845,0.03488372093023256,3,937.44,1,0,55-64,A,175-199K,Homeowner,2 Adults No Kids,2,None/Unknown,2102.0,1
2100,2,61,2681.7300000000005,2.2823234042553198,22960.0,574,114,1124.93,21.0,972.3300000000003,1709.4,0.5357847359726743,737.0699999999998,0.2955162793630111,0.3442622950819672,3,503.5800000000001,1,0,65+,A,35-49K,Homeowner,2 Adults No Kids,2,None/Unknown,2100.0,1
2421,1,64,7108.710000000005,2.654484690067216,3194.0,1431,162,1517.5899999999997,64.0,3946.5200000000023,3162.190000000001,0.5618895692748752,-784.3300000000013,0.17592594739343623,1.0,6,1641.05,1,0,45-54,A,150-174K,Homeowner,2 Adults Kids,5+,3+,2421.0,1
20,0,325,6168.360000000002,3.6220551967116865,398503.0,417,109,704.96,29.0,1373.6000000000001,4794.760000000001,0.507519016399821,3421.1600000000008,0.10256469944655563,0.08923076923076922,5,1317.75,1,0,25-34,A,75-99K,Renter,2 Adults No Kids,2,None/Unknown,20.0,1
1419,0,477,6751.010000000004,2.5915585412667963,68805.0,1175,170,2104.6400000000003,195.0,3285.430000000001,3465.580000000001,0.6178734737468912,180.14999999999964,0.2376607024893711,0.4088050314465409,3,883.5600000000002,1,1,35-44,U,35-49K,Unknown,Single Female,1,None/Unknown,1419.0,1
2076,0,212,6908.3700000000035,3.0353119507908626,565300.0,869,160,933.9599999999997,32.0,3948.120000000001,2960.250000000002,0.43016369997553666,-987.869999999999,0.1190921575603168,0.1509433962264151,10,1389.5700000000004,1,0,25-34,A,100-124K,Homeowner,2 Adults Kids,3,1,2076.0,1
232,0,619,12359.780000000004,3.115649105117218,496924.0,1898,209,2210.1499999999996,52.0,7256.68,5103.100000000002,0.5244098195922582,-2153.579999999998,0.15169256132321837,0.0840064620355412,5,335.79,1,1,35-44,U,35-49K,Unknown,2 Adults No Kids,2,None/Unknown,232.0,1
1779,3,103,3371.9800000000005,2.358027972027972,64308.0,831,141,1058.47,11.0,1077.3600000000001,2294.6200000000003,0.5794963196697488,1217.2600000000002,0.23890801160153027,0.10679611650485436,6,136.60000000000002,1,1,65+,A,75-99K,Homeowner,2 Adults No Kids,2,None/Unknown,1779.0,1
1166,0,370,10823.930000000008,3.308047066014672,1180237.0,1697,183,2257.01,431.0,4583.870000000001,6240.060000000003,0.4869285000919257,1656.1900000000023,0.1725418815467389,1.164864864864865,10,1476.6900000000003,1,1,45-54,A,125-149K,Homeowner,2 Adults Kids,3,1,1166.0,1
2116,0,197,10956.520000000008,2.9155188930282083,477154.0,1955,202,1774.9399999999996,18.0,5405.630000000005,5550.890000000003,0.5030392861967119,145.2599999999984,0.1394137043198501,0.09137055837563451,5,1271.5700000000004,1,1,35-44,A,75-99K,Homeowner,2 Adults Kids,5+,3+,2116.0,1
58,0,237,9049.420000000004,3.5655713159968494,1054485.0,1252,182,1429.3899999999996,54.0,3844.920000000001,5204.500000000002,0.4156708385730797,1359.5800000000008,0.13640766461077156,0.22784810126582278,8,1317.6600000000008,1,1,25-34,A,150-174K,Homeowner,2 Adults Kids,4,2,58.0,1
544,3,122,1536.93,2.5403801652892564,14717.0,502,119,293.21999999999997,2.0,750.59,786.34,0.49869545132179094,35.75,0.16021637570690925,0.01639344262295082,3,57.92000000000001,1,1,,,,,,,,,1
776,1,61,3023.020000000001,3.172109129066108,15152.0,624,116,736.9,1.0,1964.3400000000001,1058.6800000000003,0.6031385832710334,-905.6599999999999,0.19598821251515983,0.01639344262295082,4,130.68,1,1,,,,,,,,,1
684,3,98,1895.62,2.3904413619167717,35610.0,584,132,262.78000000000003,0.0,845.6800000000001,1049.9400000000003,0.6808854095230056,204.26000000000022,0.12174759080800594,0.0,6,157.05,1,1,,,,,,,,,1
1390,0,180,4217.35,3.3051332288401256,2228.0,894,150,1305.66,11.0,743.7100000000002,3473.640000000001,0.5954284088349319,2729.9300000000007,0.2364037001562554,0.06111111111111111,4,662.51,1,0,,,,,,,,,1
262,0,209,4617.150000000003,2.8785224438902763,2039.0,913,159,789.9700000000005,7.0,2501.2400000000016,2115.910000000001,0.5326489284515337,-385.3300000000004,0.1460981076802438,0.03349282296650718,7,185.11999999999998,1,1,,,,,,,,,1
849,0,55,4008.890000000001,2.9761618411284343,1638.0,757,142,432.7099999999999,1.0,1581.6400000000003,2427.25,0.6104732232613017,845.6099999999997,0.0974221001440922,0.01818181818181818,5,590.6299999999999,1,0,,,,,,,,,1
364,4,79,2364.8400000000006,3.1157312252964435,12038.0,543,117,476.66999999999996,2.0,1609.4600000000003,755.38,0.5742671808663586,-854.0800000000003,0.16775235702144278,0.02531645569620253,5,202.08,1,1,,,,,,,,,1
654,0,123,1996.23,2.419672727272727,998.0,512,116,484.47,8.0,943.4599999999998,1052.77,0.635823527349053,109.31000000000017,0.19529568267021408,0.06504065040650407,2,333.84999999999997,1,0,,,,,,,,,1
1754,0,183,3595.04,2.899225806451613,157463.0,666,134,1459.9800000000002,122.0,1118.96,2476.08,0.5312347011437981,1357.12,0.2888178483962477,0.6666666666666666,6,525.12,1,0,,,,,,,,,1
1821,0,103,3808.1899999999996,3.0810598705501615,65596.0,819,164,574.16,6.0,353.2099999999999,3454.9799999999996,0.5281327874922208,3101.7699999999995,0.1310164637694388,0.05825242718446602,7,1129.08,1,0,,,,,,,,,1
2388,0,55,1505.1600000000003,2.894538461538462,672.0,426,113,231.51,2.0,601.2300000000001,903.9300000000003,0.4379202211060617,302.70000000000016,0.13330684586018066,0.03636363636363636,1,197.86,1,1,,,,,,,,,1
343,1,55,1107.51,3.5841747572815534,424.0,241,94,166.29999999999998,2.0,476.12000000000006,631.39,0.621845400944461,155.26999999999992,0.13055322222309448,0.03636363636363636,1,543.13,1,0,,,,,,,,,1
1548,0,89,3091.31,2.340128690386071,11114.0,745,138,631.4699999999999,8.0,2519.1900000000005,572.1200000000001,0.6629745965302735,-1947.0700000000004,0.16962323854753705,0.0898876404494382,5,759.2200000000001,1,0,,,,,,,,,1
842,0,474,6457.220000000001,2.752438192668372,417122.0,978,151,1200.8200000000002,4.0,1422.7600000000004,5034.46,0.43817618108102246,3611.7,0.15680513551770428,0.008438818565400843,6,1070.0499999999997,1,0,,,,,,,,,1
81,0,137,5295.930000000003,2.6896546470289504,2801.0,969,160,1134.52,5.0,4269.690000000001,1026.2400000000002,0.5576093339602295,-3243.450000000001,0.17642933231733388,0.0364963503649635,4,257.77,1,1,,,,,,,,,1
2440,0,95,1530.8000000000002,2.8720450281425896,15179.0,383,108,223.04999999999998,3.0,479.43,1051.3700000000001,0.47666579566239875,571.94,0.1271773526812441,0.031578947368421054,1,1032.7700000000002,1,0,,,,,,,,,1
1590,1,135,6818.270000000004,3.398938185443671,2504.0,968,163,858.77,18.0,3365.990000000002,3452.2800000000016,0.5425173834418405,86.28999999999951,0.11186212394360319,0.13333333333333333,8,1215.5200000000004,1,0,,,,,,,,,1
1971,0,147,5195.99,3.5662251201098147,421932.0,800,150,726.7800000000001,8.0,4133.27,1062.72,0.5117985215521971,-3070.55,0.12270947546502736,0.05442176870748299,5,101.14000000000001,1,1,,,,,,,,,1
581,1,128,4664.960000000001,3.599506172839507,18988.0,871,152,1140.5599999999997,3.0,725.3800000000001,3939.5800000000013,0.7380770681849359,3214.200000000001,0.19646129890173483,0.0234375,3,395.48,1,1,,,,,,,,,1
676,0,319,9041.910000000003,2.8887891373801926,4630.0,1197,188,1684.8299999999995,7.0,2521.2199999999993,6520.690000000002,0.5223962636212923,3999.470000000003,0.15706822389654257,0.0219435736677116,12,1699.1900000000005,1,0,,,,,,,,,1
1930,0,168,2316.99,2.929190897597977,1032.0,578,125,365.83,2.0,1170.17,1146.8200000000002,0.5868734867219972,-23.34999999999991,0.13636024779895783,0.011904761904761904,4,357.90999999999997,1,0,,,,,,,,,1
2167,6,70,1690.3199999999995,2.247765957446808,952.0,443,113,386.15999999999997,1.0,1090.31,600.0099999999999,0.5956978560272612,-490.30000000000007,0.18596856218215443,0.014285714285714285,8,24.29,1,1,,,,,,,,,1
1007,0,113,1234.95,1.7794668587896254,6506.0,492,129,291.82,1.0,726.01,508.94,0.614615976355318,-217.07,0.1911355344943901,0.008849557522123894,3,134.01999999999998,1,1,,,,,,,,,1
591,0,306,12880.900000000012,3.452398820691507,78484.0,1670,195,2127.0499999999997,22.0,5311.800000000002,7569.100000000005,0.5445287208191971,2257.300000000003,0.1417282173781228,0.0718954248366013,5,654.0299999999999,1,1,,,,,,,,,1
1954,0,133,1771.27,3.2560110294117646,11485.0,302,101,243.46,0.0,651.7299999999999,1119.5400000000002,0.4123312651374438,467.8100000000003,0.12084001330203055,0.0,7,194.38,1,1,,,,,,,,,1
1124,3,67,1781.7900000000002,2.2931660231660236,3006.0,550,119,434.55,3.0,504.23999999999995,1277.5500000000002,0.5795464111932381,773.3100000000002,0.19606648799371937,0.04477611940298507,1,114.60000000000004,1,1,,,,,,,,,1
393,1,160,3441.5900000000006,2.420246132208158,1773.0,994,147,811.6800000000001,9.0,1068.8600000000004,2372.73,0.600620643365421,1303.8699999999997,0.19083669741163856,0.05625,4,453.6499999999999,1,1,,,,,,,,,1
1287,1,145,2431.0,1.8486692015209125,1449.0,547,119,435.80000000000007,21.0,1371.3100000000002,1059.69,0.6224845742492802,-311.6200000000001,0.15201618529370728,0.14482758620689656,4,386.99999999999994,1,0,,,,,,,,,1
217,0,54,1993.9400000000003,3.048837920489297,158356.0,402,127,490.24,9.0,944.3000000000001,1049.6399999999999,0.360381957330712,105.3399999999998,0.19734479788099088,0.16666666666666666,1,441.18000000000006,1,0,,,,,,,,,1
1139,0,88,6910.510000000002,3.9852998846597476,2158.0,733,157,626.33,13.0,3026.380000000001,3884.130000000002,0.589390652788289,857.7500000000009,0.0831024673470579,0.14772727272727273,6,629.0400000000002,1,1,,,,,,,,,1
2301,0,124,3991.470000000001,3.482958115183247,108912.0,631,130,807.3100000000002,8.0,2039.0200000000004,1952.4500000000003,0.5865758730492776,-86.57000000000016,0.16823234238702334,0.06451612903225806,5,670.1599999999999,1,0,,,,,,,,,1
1325,0,45,2062.0700000000006,3.023563049853373,775.0,482,144,200.08999999999997,1.0,404.69000000000005,1657.3800000000003,0.38356602831135694,1252.6900000000003,0.08845086112388156,0.022222222222222223,2,773.92,1,0,,,,,,,,,1
1906,0,133,6925.860000000003,3.6722481442205743,268074.0,1017,176,1102.4299999999998,5.0,3012.82,3913.040000000002,0.5143693346385863,900.2200000000016,0.13731815866143343,0.03759398496240601,5,1705.7500000000005,1,0,,,,,,,,,1
1617,4,101,3897.57,2.9173428143712576,10563.0,651,121,679.18,0.0,1585.7500000000002,2311.82,0.5895006375767465,726.0699999999999,0.14839788059212322,0.0,8,170.23,1,1,,,,,,,,,1
700,0,29,1889.4699999999998,3.4229528985507245,15062.0,347,106,426.0099999999998,2.0,942.3299999999999,947.1399999999998,0.4982402472651061,4.809999999999832,0.18398345051565979,0.06896551724137931,2,1091.5700000000004,1,0,,,,,,,,,1
989,0,156,4018.0700000000015,2.937185672514621,58312.0,1043,165,853.95,12.0,1501.7800000000002,2516.290000000001,0.49761701513413137,1014.5100000000007,0.17527637407071395,0.07692307692307693,7,645.3100000000001,1,0,,,,,,,,,1
1912,3,86,2071.9500000000003,2.6461685823754793,1352.0,417,100,349.8,4.0,1197.2700000000002,874.6800000000002,0.5889765679673736,-322.59000000000003,0.1444410034066274,0.046511627906976744,2,184.5,1,1,,,,,,,,,1
479,10,164,1660.3000000000004,2.2078457446808515,974.0,515,136,393.24,18.0,915.8100000000003,744.4900000000001,0.5960609528398482,-171.32000000000016,0.1914937132950904,0.10975609756097561,2,113.0,1,1,,,,,,,,,1
1145,2,76,3672.39,3.661405782652044,1482.0,709,134,785.2800000000003,1.0,1236.82,2435.57,0.5218154934524929,1198.7500000000002,0.17616378062979096,0.013157894736842105,5,202.77999999999997,1,1,,,,,,,,,1
273,0,108,2048.79,2.9226676176890156,847.0,439,125,237.51,1.0,640.9100000000001,1407.8799999999999,0.5539220710760985,766.9699999999998,0.10388400472378952,0.009259259259259259,2,452.07,1,0,,,,,,,,,1
210,0,120,3080.950000000001,2.3393697798025825,1514.0,706,148,796.6099999999999,7.0,1060.51,2020.4400000000003,0.37505639494311804,959.9300000000003,0.20544105055756703,0.058333333333333334,6,691.6099999999997,1,0,,,,,,,,,1
1542,0,108,1775.23,3.55046,661.0,357,113,331.79,4.0,861.82,913.4100000000001,0.6238797226274905,51.59000000000003,0.15746884225114144,0.037037037037037035,4,194.7,1,1,,,,,,,,,1
2472,1,33,894.17,3.3489513108614233,406.0,240,100,176.92000000000002,1.0,69.27000000000001,824.9,0.45385105740519144,755.63,0.16517752943263408,0.030303030303030304,1,326.64,1,0,,,,,,,,,1
2451,0,171,7293.610000000003,3.0188783112582795,82366.0,1165,185,1881.05,214.0,2934.450000000001,4359.160000000001,0.4787409801182129,1424.7099999999996,0.20502667128809124,1.2514619883040936,8,1042.1299999999999,1,1,,,,,,,,,1
691,0,45,2239.8900000000003,2.871653846153847,963.0,486,126,327.83,0.0,1182.6700000000003,1057.2199999999998,0.4892918848693462,-125.4500000000005,0.12767357811599395,0.0,3,271.44000000000005,1,1,,,,,,,,,1
2310,0,62,1301.73,2.1659400998336107,718.0,397,99,292.44000000000005,2.0,515.18,786.5499999999998,0.5575580189440206,271.3699999999999,0.18344342196879884,0.03225806451612903,1,87.59000000000002,1,1,,,,,,,,,1
2372,0,55,2483.0600000000004,2.503084677419355,23498.0,720,144,495.64000000000004,5.0,764.9799999999999,1718.0800000000004,0.55956360297375,953.1000000000005,0.16639473595863968,0.09090909090909091,2,725.1300000000001,1,0,,,,,,,,,1
1067,1,46,2568.150000000001,3.090433212996391,74852.0,649,141,494.02,2.0,984.85,1583.3000000000004,0.5596090571033622,598.4500000000004,0.1613300371958447,0.043478260869565216,2,1173.7700000000007,1,0,,,,,,,,,1
1132,1,45,1747.6700000000003,2.596835066864785,891.0,476,105,365.0400000000001,1.0,972.0399999999998,775.6299999999999,0.5595392722882465,-196.40999999999997,0.17278282395596178,0.022222222222222223,2,325.95,1,0,,,,,,,,,1
336,0,118,3065.710000000001,3.5157224770642213,120184.0,447,118,344.35,3.0,697.5200000000001,2368.1900000000005,0.38084489400497756,1670.6700000000005,0.10098062790684033,0.025423728813559324,2,24.03,1,1,,,,,,,,,1
861,10,29,1229.9500000000003,3.534339080459771,423.0,228,71,121.68,0.0,706.45,523.5,0.3041099231676083,-182.95000000000005,0.0900246369198671,0.0,1,152.57999999999998,1,1,,,,,,,,,1
145,0,48,1145.42,3.2540340909090912,473.0,305,95,279.25,3.0,513.1000000000001,632.32,0.505666043896562,119.21999999999991,0.196010304140608,0.0625,1,325.07,1,0,,,,,,,,,1
2258,3,41,1198.0900000000001,3.1119220779220784,462.0,304,113,175.15999999999997,6.0,543.48,654.6099999999999,0.4987688737907837,111.12999999999988,0.12755142909157108,0.14634146341463414,1,376.85,1,0,,,,,,,,,1
1790,0,41,1764.0900000000001,3.0948947368421056,815.0,252,82,226.82999999999998,0.0,467.12999999999994,1296.96,0.6071572312070245,829.8300000000002,0.1139322524260141,0.0,3,214.73999999999998,1,1,,,,,,,,,1
188,0,37,1708.32,3.061505376344086,856.0,451,96,440.63,0.0,1060.1499999999999,648.1699999999998,0.6036749555118478,-411.98,0.20504432397217248,0.0,2,139.3,1,1,,,,,,,,,1
2439,4,67,579.0500000000001,2.113321167883212,394.0,164,57,285.7,2.0,381.21999999999997,197.83,0.5863742336585785,-183.38999999999996,0.33038450419196297,0.029850746268656716,1,17.83,1,1,,,,,,,,,1
726,3,55,1522.7800000000002,2.639133448873484,686.0,456,126,318.87,2.0,309.87000000000006,1212.9100000000003,0.5997058012319573,903.0400000000002,0.17314364835880866,0.03636363636363636,4,697.3700000000001,1,0,,,,,,,,,1
1512,0,83,1450.7,3.429550827423168,223301.0,355,101,215.24,3.0,663.5500000000001,787.15,0.4037843799545047,123.59999999999991,0.12920033134446618,0.03614457831325301,1,223.53,1,0,,,,,,,,,1
687,0,56,2821.8000000000006,2.8941538461538467,1250.0,580,120,648.12,29.0,1133.02,1688.7800000000002,0.6179956056417888,555.7600000000002,0.18678240420528425,0.5178571428571429,3,384.00000000000006,1,1,,,,,,,,,1
757,2,37,1761.41,3.134181494661922,42396.0,421,118,261.53999999999996,9.0,606.0899999999999,1155.32,0.5342027125995651,549.23,0.12928643812254378,0.24324324324324326,1,261.96,1,0,,,,,,,,,1
14,0,130,2311.4100000000008,2.982464516129033,118092.0,513,108,541.0500000000001,10.0,751.5900000000001,1559.8200000000002,0.4697695346130714,808.23,0.1896783828695231,0.07692307692307693,5,449.78,1,0,,,,,,,,,1
223,1,105,2558.6100000000006,3.655157142857144,23829.0,555,129,444.72999999999996,0.0,1536.9200000000003,1021.69,0.4685082916114608,-515.2300000000002,0.148078472633801,0.0,4,180.36999999999998,1,1,,,,,,,,,1
2035,5,66,1050.18,2.2536051502145926,627.0,323,104,283.0,3.0,712.9499999999999,337.23,0.5374983336189988,-375.7199999999999,0.2122744115573291,0.045454545454545456,1,33.44,1,1,,,,,,,,,1
2248,1,20,657.4399999999999,2.8337931034482757,300.0,216,81,94.26999999999998,0.0,103.21000000000001,554.2299999999999,0.6740691165733756,451.01999999999987,0.12540740445118462,0.0,1,279.79,1,0,,,,,,,,,1
2145,4,33,1041.54,4.133095238095238,30222.0,221,95,101.31,1.0,672.1400000000001,369.4,0.4898131612804117,-302.7400000000001,0.08864680404252527,0.030303030303030304,1,49.08,1,1,,,,,,,,,1
91,0,151,2451.67,3.4824857954545454,226606.0,422,121,265.70000000000005,0.0,457.38,1994.29,0.5399136099067164,1536.9099999999999,0.09777836658239403,0.0,2,447.9899999999999,1,0,,,,,,,,,1
103,3,39,477.83,2.1427354260089686,254.0,187,77,93.45,4.0,335.05,142.78,0.4990268505535442,-192.27,0.1635800308080101,0.10256410256410256,1,64.16000000000001,1,1,,,,,,,,,1
854,0,32,349.57,2.5703676470588235,155.0,116,57,48.94,0.0,179.49000000000004,170.07999999999998,0.4492662413822696,-9.410000000000053,0.12280745778023136,0.0,1,202.30000000000004,1,0,,,,,,,,,1
1126,1,25,2283.14,3.114788540245566,1060.0,487,102,518.0699999999999,2.0,1029.1899999999998,1253.9499999999998,0.6397198594917526,224.76,0.1849450773058785,0.08,2,260.22,1,1,,,,,,,,,1
1292,3,25,493.46,2.9726506024096384,200.0,102,46,75.67,0.0,261.33,232.13,0.3649738580634702,-29.19999999999999,0.13295732082301057,0.0,1,26.86,1,1,,,,,,,,,1
931,0,40,4682.990000000002,3.2475658807212215,43000.0,808,123,1075.6399999999996,80.0,2258.6500000000005,2424.34,0.6239368437686179,165.6899999999996,0.18678748243939955,2.0,4,284.08,1,1,,,,,,,,,1
1832,2,47,1120.9200000000003,2.1189413988657853,590.0,339,105,242.04,4.0,733.1700000000001,387.75000000000006,0.4119830139528244,-345.42,0.17758408170452541,0.0851063829787234,1,236.63000000000005,1,0,,,,,,,,,1
1733,0,25,1098.0800000000002,3.3376291793313073,348.0,261,99,126.56,0.0,505.27,592.8100000000002,0.3708108698819757,87.54000000000019,0.10334465638881629,0.0,2,389.28999999999996,1,0,,,,,,,,,1
612,0,111,3021.5400000000004,2.829157303370787,135444.0,550,115,556.9100000000001,1.0,821.1300000000001,2200.4100000000003,0.6177512129576308,1379.2800000000002,0.15562883371292038,0.009009009009009009,3,957.1800000000001,1,0,,,,,,,,,1
1777,1,69,1116.9500000000003,4.136851851851853,388.0,210,91,183.89,1.0,538.16,578.79,0.4490979900622229,40.629999999999995,0.14136250422803726,0.014492753623188406,1,53.02,1,1,,,,,,,,,1
2327,7,41,1237.7400000000002,2.049238410596027,31298.0,478,110,382.8,6.0,711.24,526.5,0.680352901255514,-184.74,0.23621755711059275,0.14634146341463414,1,30.020000000000003,1,1,,,,,,,,,1
2171,0,89,3372.0000000000005,2.626168224299066,22393.0,689,147,440.67,59.0,1154.8,2217.2000000000007,0.583659549228944,1062.4000000000008,0.11558042002061546,0.6629213483146067,6,659.08,1,0,,,,,,,,,1
1807,0,186,7250.220000000004,3.1467968750000015,85023.0,1262,178,1299.5999999999997,2.0,3130.960000000001,4119.260000000003,0.4831839585557402,988.300000000002,0.15200320006736975,0.010752688172043012,7,522.9899999999999,1,1,,,,,,,,,1
28,0,113,1869.58,3.3746931407942236,32772.0,325,100,267.27,1.0,767.6000000000001,1101.98,0.5506637854491383,334.3799999999999,0.12507663149027773,0.008849557522123894,4,250.03999999999996,1,1,,,,,,,,,1
1459,0,63,3627.1800000000003,3.6055467196819087,1353.0,666,129,513.0799999999999,1.0,915.6599999999999,2711.52,0.4948885911369162,1795.8600000000001,0.1239245844463874,0.015873015873015872,5,1141.8600000000004,1,0,,,,,,,,,1
1050,0,111,3759.4500000000003,3.5770218839200765,535804.0,607,122,469.6000000000001,0.0,1275.3400000000001,2484.1099999999997,0.389439944672758,1208.7699999999995,0.1110414868587508,0.0,5,1375.4400000000003,1,0,,,,,,,,,1
1097,0,149,8052.410000000001,4.925021406727829,482791.0,1040,180,1030.4699999999998,2.0,4527.660000000001,3524.750000000001,0.3384502279441807,-1002.9099999999999,0.11345190071871473,0.013422818791946308,4,753.9200000000001,1,1,,,,,,,,,1
632,2,78,2737.4900000000007,2.8309100310237856,108930.0,709,152,697.98,58.0,1241.47,1496.0200000000002,0.49556710709445495,254.55000000000018,0.20316870762952371,0.7435897435897436,2,633.1899999999999,1,0,,,,,,,,,1
2371,1,91,1937.4700000000003,3.2399163879598665,799.0,359,104,201.67,0.0,1158.3500000000001,779.1200000000001,0.4674033662456708,-379.23,0.09427620445599631,0.0,6,201.23999999999995,1,1,,,,,,,,,1
47,0,98,2047.1999999999998,3.735766423357664,672.0,401,132,262.61,0.0,779.1899999999999,1268.0099999999998,0.5232659241891363,488.8199999999998,0.11369333408375581,0.0,3,281.93000000000006,1,1,,,,,,,,,1
942,0,207,5735.1200000000035,2.681215521271624,2800.0,998,153,782.0,12.0,1356.8600000000001,4378.260000000002,0.5831752430637892,3021.400000000002,0.11999165275459092,0.057971014492753624,7,155.01999999999998,1,1,,,,,,,,,1
1996,0,106,2352.2900000000004,3.7757463884430185,758.0,405,108,316.03,1.0,1020.81,1331.48,0.7423276891879825,310.6700000000001,0.11843781855249741,0.009433962264150943,2,301.90999999999997,1,1,,,,,,,,,1
503,0,125,4005.6700000000014,2.58263700838169,8316.0,1004,179,664.77,9.0,1650.4500000000003,2355.2200000000003,0.5567483092716073,704.77,0.14233562576545244,0.072,5,718.13,1,0,,,,,,,,,1
251,1,72,1963.82,3.0305864197530865,8093.0,481,122,416.31999999999994,3.0,1103.1,860.72,0.5766821806479208,-242.37999999999988,0.17491408068432948,0.041666666666666664,2,304.68999999999994,1,0,,,,,,,,,1
674,0,124,4202.130000000001,2.7198252427184473,1959.0,898,150,750.0199999999999,2.0,1376.67,2825.46,0.6009476146620879,1448.79,0.15145340912532937,0.016129032258064516,8,525.44,1,1,,,,,,,,,1
1624,0,69,1338.31,3.163853427895981,541.0,241,79,222.61,0.0,102.10000000000001,1236.21,0.45273516599293145,1134.1100000000001,0.14261461189554878,0.0,1,229.49999999999994,1,0,,,,,,,,,1
1808,1,78,1575.44,3.613394495412844,525.0,295,115,209.39000000000001,2.0,432.27000000000004,1143.17,0.3149342405931041,710.9000000000001,0.11731649512838757,0.02564102564102564,3,248.89,1,0,,,,,,,,,1
2204,1,166,2300.25,1.9136855241264559,54703.0,718,130,636.2900000000001,6.0,1121.7800000000002,1178.47,0.5343897402456255,56.68999999999983,0.21668017462728248,0.03614457831325301,2,345.79999999999995,1,0,,,,,,,,,1
1330,1,76,1897.97,3.3123385689354277,61367.0,410,106,436.62,2.0,983.9500000000002,914.0199999999999,0.42087071976901635,-69.93000000000029,0.18702213236585438,0.02631578947368421,3,279.58,1,0,,,,,,,,,1
1104,0,101,2833.8900000000012,2.9830421052631593,5570.0,597,141,384.83,4.0,865.2,1968.6900000000005,0.5610027206419442,1103.4900000000005,0.11955994929661476,0.039603960396039604,8,544.2700000000001,1,0,,,,,,,,,1
1011,0,122,2945.35,3.6955457967377665,221519.0,549,136,331.07000000000005,8.0,1343.4799999999996,1601.87,0.4074490298266759,258.3900000000003,0.10104626390999934,0.06557377049180328,3,549.8499999999999,1,0,,,,,,,,,1
2394,0,78,1460.9,6.5218750000000005,376475.0,149,72,55.64999999999999,0.0,884.3699999999999,576.5300000000001,0.5932370456567868,-307.8399999999998,0.03669513039464573,0.0,1,77.11,1,1,,,,,,,,,1
2425,2,106,3900.120000000001,4.396978579481399,406331.0,632,148,575.0700000000002,16.0,2648.9700000000007,1251.15,0.4615114406736202,-1397.8200000000006,0.12850180662720467,0.1509433962264151,3,460.9000000000001,1,1,,,,,,,,,1
859,0,170,5977.710000000002,3.082882929345024,270152.0,903,175,791.1,5.0,3055.0200000000013,2922.6900000000005,0.48436775956009887,-132.33000000000084,0.11687431025542153,0.029411764705882353,4,1096.4900000000002,1,0,25-34,U,50-74K,Unknown,Single Female,1,None/Unknown,859.0,1
920,0,187,4499.250000000002,3.232219827586208,104248.0,792,156,870.52,10.0,1212.8000000000004,3286.4500000000003,0.5237895204756345,2073.6499999999996,0.1621149509196855,0.053475935828877004,5,1388.1100000000001,1,0,45-54,A,35-49K,Homeowner,2 Adults Kids,5+,3+,920.0,1
1778,0,234,8189.010000000001,3.226560283687944,1206132.0,1051,163,1037.26,24.0,3573.6899999999996,4615.3200000000015,0.35398051779152784,1041.630000000002,0.11242463097221303,0.10256410256410256,7,1147.29,1,1,25-34,A,35-49K,Homeowner,2 Adults No Kids,2,None/Unknown,1778.0,1
2318,1,365,10604.880000000006,3.2670609981515732,196645.0,1905,188,1847.5700000000002,7.0,6773.680000000004,3831.200000000001,0.48510874239029556,-2942.4800000000027,0.1483699994780143,0.019178082191780823,11,80.83999999999999,1,1,19-24,U,Under 15K,Unknown,Single Female,1,None/Unknown,2318.0,1
1306,0,141,2383.92,2.3167346938775513,5907.0,685,134,426.14,2.0,729.8499999999999,1654.07,0.576256753582335,924.22,0.15164800751585375,0.014184397163120567,6,657.7700000000003,1,0,45-54,U,Under 15K,Unknown,Unknown,1,None/Unknown,1306.0,1
2314,1,77,4489.610000000002,2.7062145871006646,15735.0,680,150,770.7299999999998,24.0,2153.9100000000008,2335.7000000000003,0.5499920928543902,181.7899999999995,0.1465171452795826,0.3116883116883117,3,588.4399999999998,1,1,45-54,A,125-149K,Homeowner,2 Adults No Kids,2,None/Unknown,2314.0,1
101,0,168,5276.280000000001,5.6491220556745185,256593.0,498,114,1692.2400000000002,17.0,1685.7600000000004,3590.520000000001,0.5955199496615039,1904.7600000000004,0.24284066057068074,0.10119047619047619,4,1375.3000000000002,1,0,45-54,A,Under 15K,Homeowner,2 Adults Kids,4,2,101.0,1
22,0,111,5204.300000000001,3.8154692082111445,340832.0,628,137,740.1500000000001,51.0,2240.7100000000005,2963.5900000000006,0.450819514632131,722.8800000000001,0.12451109858775833,0.4594594594594595,7,1051.7400000000002,1,0,45-54,A,75-99K,Homeowner,2 Adults No Kids,2,None/Unknown,22.0,1
2221,0,102,2012.78,1.9297986577181208,1116.0,566,111,561.3800000000001,0.0,755.1400000000001,1257.6399999999999,0.7423911207384811,502.4999999999998,0.21808279205643788,0.0,4,288.62,1,1,65+,B,35-49K,Homeowner,Single Male,1,None/Unknown,2221.0,1
788,0,257,6447.73,2.8291926283457656,200776.0,1316,150,1832.4599999999998,54.0,2767.63,3680.1000000000004,0.5149812414601729,912.4700000000003,0.22130651591328218,0.21011673151750973,10,1066.4700000000003,1,0,25-34,U,Under 15K,Unknown,1 Adult Kids,2,1,788.0,1
1159,1,202,3871.500000000001,3.1424512987012996,236847.0,686,146,542.31,3.0,2633.830000000001,1237.67,0.36810280253131855,-1396.1600000000008,0.12286663902614743,0.01485148514851485,4,597.13,1,0,45-54,A,15-24K,Homeowner,2 Adults No Kids,2,None/Unknown,1159.0,1
1499,0,80,1785.4500000000003,3.592454728370222,14557.0,307,101,514.38,7.0,666.4699999999999,1118.9800000000002,0.5597580441905401,452.51000000000033,0.22366000965288735,0.0875,1,320.64,1,0,55-64,A,15-24K,Homeowner,2 Adults No Kids,2,None/Unknown,1499.0,1
2235,0,78,3413.790000000001,4.607004048582997,168280.0,560,151,412.83000000000004,1.0,1278.1800000000003,2135.61,0.42283503086012897,857.4299999999998,0.10788371983630461,0.01282051282051282,4,411.0799999999999,1,1,45-54,U,175-199K,Homeowner,2 Adults Kids,3,1,2235.0,1
882,0,194,4009.460000000001,2.9180931586608447,112326.0,869,145,849.5,19.0,2825.1900000000005,1184.27,0.6999720660637592,-1640.9200000000005,0.17483165121754446,0.0979381443298969,3,600.3399999999999,1,0,45-54,U,50-74K,Unknown,2 Adults No Kids,2,None/Unknown,882.0,1
2182,2,77,1436.64,2.626398537477148,691.0,382,85,208.41,1.0,979.28,457.35999999999996,0.658808052121617,-521.9200000000001,0.12668915838424363,0.012987012987012988,4,93.88,1,1,45-54,A,75-99K,Homeowner,2 Adults No Kids,2,None/Unknown,2182.0,1
301,0,63,5980.730000000001,3.0251542741527575,2419.0,1091,154,994.3499999999997,5.0,1905.0700000000006,4075.660000000001,0.5983266256794739,2170.5900000000006,0.1425575047167917,0.07936507936507936,6,1230.9500000000005,1,0,35-44,A,35-49K,Homeowner,2 Adults Kids,4,2,301.0,1
354,0,135,7424.550000000004,2.74576553254438,3344.0,1405,175,1247.61,118.0,3792.8100000000018,3631.7400000000016,0.60275033503714,-161.07000000000016,0.1438638124757845,0.8740740740740741,6,1305.3200000000006,1,0,25-34,A,35-49K,Homeowner,2 Adults Kids,5+,3+,354.0,1
949,0,113,4599.000000000001,2.9575562700964637,427037.0,762,148,712.2299999999998,39.0,1873.8300000000004,2725.170000000001,0.4912959338986735,851.3400000000006,0.13409888105015216,0.34513274336283184,7,1200.9700000000003,1,0,25-34,U,50-74K,Homeowner,2 Adults No Kids,2,None/Unknown,949.0,1
1070,0,159,4604.520000000001,3.3126043165467634,521862.0,857,166,697.7599999999999,5.0,2332.3500000000004,2272.17,0.38361870509846835,-60.18000000000029,0.13159621898504034,0.031446540880503145,7,582.61,1,1,35-44,U,50-74K,Homeowner,2 Adults No Kids,2,None/Unknown,1070.0,1
1158,0,170,2528.04,2.5928615384615386,110654.0,557,135,624.46,4.0,847.1200000000002,1680.92,0.5180179111090015,833.7999999999998,0.1980840602696273,0.023529411764705882,4,375.1600000000001,1,0,45-54,U,15-24K,Homeowner,2 Adults No Kids,2,None/Unknown,1158.0,1
1556,0,121,3213.59,2.065289203084833,2135.0,796,123,976.5100000000001,58.0,1639.75,1573.8400000000004,0.6418460351196013,-65.90999999999963,0.23305171714278897,0.4793388429752066,4,586.21,1,0,45-54,A,35-49K,Homeowner,2 Adults No Kids,2,None/Unknown,1556.0,1
2447,0,117,6925.350000000004,4.124687313877311,2082.0,807,148,908.2499999999999,2.0,4156.970000000002,2768.3800000000006,0.40250817648205495,-1388.5900000000015,0.11594286151960777,0.017094017094017096,3,595.5899999999999,1,1,35-44,A,25-34K,Homeowner,2 Adults No Kids,2,None/Unknown,2447.0,1
377,0,116,2526.5800000000004,2.436432015429123,1244.0,524,121,492.46,0.0,1482.5800000000004,1043.9999999999998,0.6650610706963561,-438.5800000000006,0.1631180772695956,0.0,4,639.8699999999999,1,0,45-54,A,50-74K,Homeowner,2 Adults No Kids,2,None/Unknown,377.0,1
1021,3,86,1898.27,2.8892998477929983,817.0,430,125,261.6,2.0,1140.9699999999998,757.3,0.5844163369805138,-383.66999999999985,0.12111840064448325,0.023255813953488372,1,187.85000000000002,1,1,35-44,A,50-74K,Homeowner,2 Adults Kids,5+,3+,1021.0,1
1677,0,173,10902.290000000012,3.2867922821826987,3868.0,1396,187,1603.46,17.0,4647.100000000003,6255.190000000005,0.6389180621685897,1608.090000000002,0.12821781980289057,0.09826589595375723,9,1657.3200000000002,1,0,45-54,A,75-99K,Homeowner,2 Adults No Kids,2,None/Unknown,1677.0,1
1864,0,144,14623.30000000001,4.116920045045048,434819.0,1461,172,1300.6399999999999,38.0,6149.190000000006,8474.110000000004,0.5325241224620981,2324.9199999999983,0.08167827811458717,0.2638888888888889,4,2318.2800000000016,1,0,45-54,U,125-149K,Homeowner,1 Adult Kids,5+,3+,1864.0,1
2360,0,299,8326.500000000002,3.377890466531441,925900.0,1197,179,1251.2999999999997,5.0,3912.2100000000014,4414.290000000002,0.3782885966492523,502.0800000000004,0.13064586857107055,0.016722408026755852,8,1068.0800000000002,1,1,25-34,B,50-74K,Homeowner,Unknown,1,None/Unknown,2360.0,1
1536,0,145,6172.9000000000015,3.9168147208121837,388153.0,1011,159,899.7500000000001,11.0,2889.560000000001,3283.34,0.5462910463477456,393.7799999999993,0.12721540016825375,0.07586206896551724,7,787.29,1,1,45-54,U,50-74K,Unknown,Unknown,1,None/Unknown,1536.0,1
158,0,159,1698.5599999999997,3.3045914396887155,556.0,230,72,490.99,114.0,648.95,1049.6100000000001,0.5091783628485306,400.6600000000001,0.22424242424242427,0.7169811320754716,4,171.22999999999996,1,1,45-54,U,50-74K,Homeowner,Unknown,1,None/Unknown,158.0,1
1633,0,188,8707.030000000002,2.8251232965606756,211390.0,1397,189,1746.7099999999998,165.0,3164.8500000000004,5542.180000000002,0.5087877266990005,2377.3300000000017,0.1670894818505147,0.8776595744680851,10,1455.7500000000007,1,0,45-54,A,50-74K,Homeowner,2 Adults No Kids,2,None/Unknown,1633.0,1
2380,0,145,3943.5699999999997,2.812817403708987,461103.0,718,134,1275.1399999999999,99.0,819.1099999999998,3124.46,0.4759139561361914,2305.3500000000004,0.24434007637902855,0.6827586206896552,6,1075.21,1,0,45-54,U,50-74K,Homeowner,Unknown,1,None/Unknown,2380.0,1
1923,0,142,4069.9900000000007,3.905940499040308,420090.0,637,156,412.61,22.0,1551.6499999999999,2518.34,0.3686962375828932,966.6900000000003,0.09204702627939142,0.15492957746478872,6,800.3199999999999,1,0,19-24,B,35-49K,Renter,Single Female,1,None/Unknown,1923.0,1
1299,0,163,5096.890000000002,2.768544269418795,318605.0,1124,174,1428.7,123.0,2186.88,2910.010000000001,0.5380300536209334,723.130000000001,0.21893805770819186,0.754601226993865,8,862.6799999999998,1,0,35-44,U,15-24K,Renter,2 Adults Kids,4,2,1299.0,1
779,1,63,2629.8600000000006,3.483258278145696,888.0,567,141,297.15,0.0,1163.7400000000002,1466.1200000000001,0.588407747940955,302.3799999999999,0.1015199811411645,0.0,1,1288.4200000000005,1,0,65+,U,125-149K,Homeowner,2 Adults Kids,3,1,779.0,1
253,0,357,9679.260000000007,2.283382873319181,103381.0,1605,170,3027.5600000000013,72.0,5369.740000000002,4309.520000000002,0.6173395486845067,-1060.2199999999993,0.23826260228759039,0.20168067226890757,6,1314.4500000000003,1,1,45-54,U,Under 15K,Unknown,Single Female,1,None/Unknown,253.0,1
1270,0,66,3061.190000000001,3.894643765903309,1099.0,541,144,321.63,0.0,912.8500000000001,2148.340000000001,0.459177640068078,1235.490000000001,0.09507747973584166,0.0,4,394.13,1,1,45-54,U,15-24K,Unknown,Single Female,1,None/Unknown,1270.0,1
1847,1,87,2150.0099999999998,3.180488165680473,22544.0,360,120,426.51,1.0,674.35,1475.6599999999996,0.5093278635913322,801.3099999999996,0.16553723627218112,0.011494252873563218,2,528.6999999999999,1,0,45-54,U,175-199K,Unknown,Single Female,1,None/Unknown,1847.0,1
306,0,145,4472.24,2.4928874024526197,275817.0,919,156,1705.4400000000005,93.0,1492.53,2979.7099999999996,0.5146280163855249,1487.1799999999996,0.2760648010256278,0.6413793103448275,4,1244.49,1,0,19-24,U,35-49K,Homeowner,2 Adults Kids,4,2,306.0,1
353,0,107,3129.7100000000005,3.2703343782654133,1272.0,752,180,468.59000000000003,5.0,823.52,2306.19,0.4337973805879777,1482.67,0.1302253842092099,0.04672897196261682,3,669.49,1,0,45-54,A,150-174K,Homeowner,2 Adults No Kids,2,None/Unknown,353.0,1
1003,0,62,2542.1700000000005,3.1619029850746276,1049.0,552,126,594.49,2.0,1137.74,1404.4300000000005,0.42459788291105627,266.6900000000005,0.18952962705553036,0.03225806451612903,2,46.56,1,1,35-44,U,25-34K,Unknown,Single Female,1,None/Unknown,1003.0,1
432,0,202,2858.129999999999,3.0276800847457617,50361.0,593,142,388.15999999999997,3.0,1126.77,1731.36,0.43324481391679187,604.5899999999999,0.11957034029615347,0.01485148514851485,2,628.4200000000001,1,0,19-24,U,25-34K,Unknown,Single Female,1,None/Unknown,432.0,1
946,0,111,2144.28,2.0153007518796993,1288.0,667,129,480.67999999999995,2.0,829.5300000000001,1314.7499999999998,0.5538315891581322,485.2199999999997,0.18311898086066072,0.018018018018018018,3,386.1699999999999,1,0,19-24,U,Under 15K,Unknown,Single Female,1,None/Unknown,946.0,1
1527,0,264,14581.030000000013,4.565131496556047,1405232.0,1438,189,1557.6099999999997,6.0,6061.510000000003,8519.520000000006,0.4155783233420406,2458.010000000003,0.09651432834489142,0.022727272727272728,12,2714.1500000000015,1,0,25-34,A,50-74K,Homeowner,2 Adults No Kids,2,None/Unknown,1527.0,1
947,0,193,1991.6999999999998,2.3598341232227487,16635.0,329,100,294.52,33.0,1011.0000000000001,980.6999999999999,0.6274941005171462,-30.300000000000182,0.12882399769051098,0.17098445595854922,7,313.80999999999995,1,0,65+,B,35-49K,Homeowner,Single Male,1,None/Unknown,947.0,1
722,0,108,5455.200000000001,3.268544038346316,131129.0,948,160,1083.31,34.0,1986.0000000000005,3469.200000000001,0.4773115559466197,1483.2000000000007,0.1656814778902227,0.3148148148148148,4,982.4200000000003,1,0,35-44,A,50-74K,Homeowner,2 Adults No Kids,2,None/Unknown,722.0,1
412,0,89,2069.5299999999997,1.7871588946459411,8948.0,636,133,632.48,15.0,772.04,1297.49,0.5184655453170527,525.45,0.23407759408736462,0.16853932584269662,3,356.77,1,0,65+,A,15-24K,Homeowner,Single Female,2,None/Unknown,412.0,1
1894,0,38,2172.1000000000004,3.1074391988555083,37267.0,542,115,369.72,11.0,399.4599999999999,1772.64,0.6753004005340452,1373.1800000000003,0.14545483157737366,0.2894736842105263,2,163.37,1,1,35-44,A,100-124K,Homeowner,2 Adults No Kids,2,None/Unknown,1894.0,1
675,0,178,3782.3000000000006,3.544798500468604,210023.0,422,114,527.7900000000001,25.0,1248.83,2533.4700000000007,0.42590487269650734,1284.6400000000008,0.12245451951119349,0.1404494382022472,3,1050.0799999999997,1,0,35-44,U,50-74K,Unknown,2 Adults No Kids,2,None/Unknown,675.0,1
2407,0,150,5707.600000000001,3.2447981807845374,385727.0,811,122,2387.210000000001,27.0,1927.3700000000003,3780.2299999999996,0.6009618753942111,1852.8599999999992,0.29490624239481844,0.18,5,957.62,1,0,45-54,A,100-124K,Homeowner,2 Adults No Kids,2,None/Unknown,2407.0,1
624,1,136,4846.510000000001,3.0102546583850938,238068.0,838,131,1266.75,3.0,2116.44,2730.07,0.5788350792632222,613.6300000000001,0.20721349983478532,0.022058823529411766,5,1156.9600000000003,1,0,45-54,U,50-74K,Unknown,Unknown,1,None/Unknown,624.0,1
1130,0,322,5524.120000000003,2.733359722909452,6786.0,1363,187,1499.56,40.0,3186.1000000000013,2338.02,0.48386711367602414,-848.0800000000013,0.21350061506218954,0.12422360248447205,6,1039.0300000000002,1,0,55-64,U,25-34K,Renter,2 Adults Kids,3,1,1130.0,1
2011,0,91,1192.42,2.832351543942993,624.0,215,60,294.24,1.0,381.90000000000003,810.52,0.4956475067509771,428.61999999999995,0.19792017004560558,0.01098901098901099,3,174.92000000000002,1,0,45-54,U,75-99K,Homeowner,Single Male,1,None/Unknown,2011.0,1
220,0,86,2446.97,2.944608904933814,211411.0,477,126,491.3899999999999,3.0,999.01,1447.96,0.44961319509434133,448.95000000000005,0.16723274207380986,0.03488372093023256,3,78.27,1,1,45-54,A,35-49K,Homeowner,2 Adults No Kids,2,None/Unknown,220.0,1
864,0,94,6693.470000000003,2.988156250000001,2848.0,995,157,1148.14,39.0,2657.9100000000003,4035.5600000000018,0.48080890778624513,1377.6500000000015,0.14641636092588126,0.4148936170212766,6,1199.5000000000002,1,0,35-44,U,15-24K,Homeowner,Single Female,1,None/Unknown,864.0,1
418,0,230,6044.480000000003,3.254970382337105,275767.0,945,171,804.8900000000001,8.0,1497.73,4546.750000000002,0.6020203557626129,3049.020000000002,0.11751299754575964,0.034782608695652174,9,916.4800000000002,1,0,35-44,U,35-49K,Unknown,2 Adults Kids,3,1,418.0,1
1167,1,126,5815.230000000003,3.6097020484171343,190247.0,929,181,684.75,5.0,2541.0600000000004,3274.1700000000014,0.5373183863750872,733.110000000001,0.105346477989163,0.03968253968253968,9,983.56,1,0,35-44,U,50-74K,Homeowner,2 Adults Kids,4,2,1167.0,1
2185,0,93,7741.320000000006,3.78548655256724,165895.0,1066,161,737.7099999999999,30.0,4827.630000000004,2913.690000000001,0.48977435372778777,-1913.9400000000028,0.0870040558884683,0.3225806451612903,10,809.4100000000001,1,1,25-34,U,125-149K,Homeowner,2 Adults Kids,4,2,2185.0,1
2024,2,84,3910.6500000000005,4.023302469135803,199956.0,647,156,499.0899999999999,41.0,1847.6400000000003,2063.01,0.4295986600692979,215.3699999999999,0.11317900828620278,0.4880952380952381,5,1046.3400000000001,1,0,25-34,B,125-149K,Homeowner,2 Adults No Kids,2,None/Unknown,2024.0,1
2030,0,76,2310.1200000000003,2.616217440543602,18814.0,637,146,422.28000000000003,28.0,868.8499999999999,1441.2700000000002,0.5415952418056204,572.4200000000003,0.1545454545454545,0.3684210526315789,3,317.98000000000013,1,1,35-44,B,75-99K,Homeowner,Single Female,1,None/Unknown,2030.0,1
543,0,88,2992.8200000000006,2.9838683948155538,1606.0,319,72,381.73,3.0,1046.3600000000001,1946.4600000000003,0.6941446528692004,900.1000000000001,0.11312026788757018,0.03409090909090909,4,704.7299999999998,1,0,35-44,A,35-49K,Probable Owner,1 Adult Kids,3,1,543.0,1
699,0,137,9016.740000000005,4.387708029197083,759184.0,1038,164,1086.8000000000002,18.0,3847.1600000000017,5169.580000000003,0.45636338632366,1322.420000000001,0.10756625895478215,0.13138686131386862,5,1336.2600000000002,1,0,45-54,A,50-74K,Homeowner,2 Adults No Kids,2,None/Unknown,699.0,1
1053,0,78,3843.480000000001,3.347979094076656,35549.0,404,111,412.39000000000004,1.0,1126.74,2716.7400000000007,0.27257069114448357,1590.0000000000007,0.09689910641067513,0.01282051282051282,5,772.94,1,0,55-64,A,100-124K,Homeowner,2 Adults No Kids,2,None/Unknown,1053.0,1
852,0,82,1627.67,2.997550644567219,605.0,371,129,174.74999999999994,3.0,541.8,1085.87,0.4276972605012072,544.0699999999999,0.09695298543069869,0.036585365853658534,1,316.06,1,0,25-34,U,35-49K,Unknown,2 Adults Kids,4,2,852.0,1
1364,0,127,2123.23,2.6842351453855877,871.0,548,143,423.25,33.0,1103.27,1019.9599999999998,0.4763779712984463,-83.31000000000017,0.16620982689830668,0.25984251968503935,5,342.81999999999994,1,0,65+,B,100-124K,Homeowner,Single Female,1,None/Unknown,1364.0,1
784,1,113,2611.3600000000006,3.6168421052631587,223733.0,397,118,368.56,4.0,1435.3000000000002,1176.06,0.4363818087127013,-259.24000000000024,0.12368117264893015,0.035398230088495575,4,506.30000000000007,1,0,45-54,A,100-124K,Homeowner,Single Female,2,None/Unknown,784.0,1
1946,0,40,2915.160000000001,3.0653627760252378,20409.0,441,110,517.8700000000001,0.0,582.9100000000002,2332.25,0.6069752603630673,1749.3399999999997,0.15084924978808803,0.0,2,397.3,1,1,25-34,U,75-99K,Unknown,Single Male,1,None/Unknown,1946.0,1
134,1,77,4886.75,3.47316986496091,41179.0,1000,158,1119.0199999999998,7.0,2354.8600000000006,2531.89,0.598704660561723,177.0299999999993,0.1863241516075374,0.09090909090909091,5,648.3399999999999,1,1,55-64,A,25-34K,Homeowner,Single Female,2,None/Unknown,134.0,1
1990,1,109,3909.84,3.4206824146981627,385189.0,548,125,742.1200000000001,83.0,1323.06,2586.7799999999997,0.5044784441307061,1263.7199999999998,0.15952845682250064,0.7614678899082569,3,683.42,1,0,35-44,A,125-149K,Homeowner,2 Adults Kids,5+,3+,1990.0,1
332,0,99,4228.760000000001,2.735291073738681,2203.0,1168,178,891.6299999999999,3.0,1768.3600000000006,2460.400000000001,0.5572248129475307,692.0400000000004,0.17413322032110828,0.030303030303030304,6,1290.2600000000004,1,0,35-44,A,125-149K,Homeowner,2 Adults Kids,5+,3+,332.0,1
1494,0,71,2243.38,2.2102266009852216,1204.0,536,120,327.65000000000003,2.0,918.84,1324.54,0.6630931897404808,405.69999999999993,0.12743919752006005,0.028169014084507043,4,351.71000000000004,1,0,65+,B,25-34K,Unknown,Single Female,1,None/Unknown,1494.0,1
708,2,58,2257.11,2.908646907216495,1049.0,532,125,350.62000000000006,0.0,1016.67,1240.44,0.5535264120933406,223.7700000000001,0.13445410376074213,0.0,4,570.95,1,0,35-44,A,100-124K,Homeowner,2 Adults Kids,4,2,708.0,1
939,0,129,4048.8900000000012,2.214928884026259,25897.0,796,164,1088.1399999999999,5.0,1516.7499999999998,2532.1400000000003,0.5620528095354528,1015.3900000000006,0.21182278476084426,0.03875968992248062,2,1205.7699999999998,1,0,45-54,U,75-99K,Homeowner,2 Adults No Kids,2,None/Unknown,939.0,1
149,0,196,10965.870000000006,3.863942917547571,1150590.0,1163,168,1183.31,1.0,5543.640000000001,5422.230000000002,0.4157654613815409,-121.40999999999894,0.0973983429334325,0.00510204081632653,5,955.0600000000003,1,1,45-54,U,35-49K,Homeowner,2 Adults No Kids,2,None/Unknown,149.0,1
248,0,41,4811.29,2.8966225165562913,29737.0,1257,162,1791.3800000000003,110.0,2569.72,2241.57,0.6174331624159011,-328.14999999999964,0.2713114543056067,2.682926829268293,1,1227.7200000000005,1,0,35-44,A,125-149K,Homeowner,2 Adults Kids,4,2,248.0,1
731,0,218,2914.290000000001,3.469392857142858,199568.0,632,157,592.46,12.0,1054.78,1859.5100000000002,0.36929406476363014,804.7300000000002,0.1689484565480858,0.05504587155963303,4,237.02000000000004,1,1,45-54,U,35-49K,Homeowner,2 Adults No Kids,2,None/Unknown,731.0,1
1804,0,267,8690.530000000004,3.814982440737491,648276.0,1199,185,1456.2799999999997,29.0,3440.3,5250.230000000003,0.35905290011081015,1809.930000000003,0.14352096865911543,0.10861423220973783,6,1560.6600000000003,1,0,65+,A,35-49K,Homeowner,2 Adults No Kids,2,None/Unknown,1804.0,1
1797,0,94,4354.34,3.1213906810035845,1647.0,854,161,1083.37,33.0,1834.79,2519.55,0.42412168089767893,684.7600000000002,0.19923276526331854,0.35106382978723405,5,1197.1500000000003,1,0,65+,U,Under 15K,Homeowner,Single Female,1,None/Unknown,1797.0,1
1081,0,129,8922.760000000007,3.54218340611354,14986.0,1357,198,1062.85,28.0,4125.670000000002,4797.090000000004,0.4274630271351013,671.4200000000019,0.10643816451874238,0.21705426356589147,7,1278.7900000000009,1,1,55-64,A,75-99K,Homeowner,2 Adults No Kids,2,None/Unknown,1081.0,1
2322,0,285,21427.289999999968,4.181750585480088,977564.0,2592,242,2211.37,34.0,10755.36000000001,10671.930000000002,0.32240707994338125,-83.43000000000757,0.09354887290565553,0.11929824561403508,8,2219.6300000000006,1,1,45-54,U,175-199K,Homeowner,Single Male,1,None/Unknown,2322.0,1
1382,1,109,2991.100000000001,3.498362573099416,1107.0,473,113,609.5899999999999,4.0,1858.5300000000002,1132.57,0.7291598408612213,-725.9600000000003,0.16929810675176143,0.03669724770642202,5,91.37,1,1,45-54,U,50-74K,Homeowner,2 Adults No Kids,2,None/Unknown,1382.0,1
222,3,113,5228.650000000002,2.624824297188756,199565.0,829,141,598.5699999999999,3.0,3499.6000000000013,1729.0499999999997,0.5006072313120975,-1770.5500000000015,0.10271965019340264,0.02654867256637168,3,669.2500000000001,1,1,35-44,A,35-49K,Unknown,2 Adults No Kids,2,None/Unknown,222.0,1
606,1,84,2881.140000000001,2.8301964636542247,29118.0,693,144,387.4,0.0,1204.3,1676.8400000000004,0.5709163733799814,472.5400000000004,0.11852386692529382,0.0,3,441.98,1,0,45-54,U,35-49K,Probable Renter,Unknown,1,None/Unknown,606.0,1
1692,0,125,1644.9600000000005,2.0981632653061233,84109.0,558,116,559.6099999999999,1.0,486.35,1158.6100000000001,0.5621717245404143,672.2600000000001,0.25384088507055785,0.008,3,372.22,1,0,35-44,U,50-74K,Unknown,Unknown,1,None/Unknown,1692.0,1
264,1,59,1688.5200000000002,2.7059615384615388,26388.0,416,85,356.63,1.0,735.13,953.39,0.4991116480704996,218.26,0.17437840745177613,0.01694915254237288,1,94.54999999999998,1,1,45-54,U,75-99K,Homeowner,2 Adults No Kids,2,None/Unknown,264.0,1
1911,1,113,1452.25,3.1298491379310347,207513.0,260,88,189.42999999999998,0.0,477.9000000000001,974.3500000000001,0.41515579273541053,496.45000000000005,0.11538789532673845,0.0,3,149.01999999999998,1,1,35-44,A,50-74K,Unknown,Single Male,2,None/Unknown,1911.0,1
1291,0,92,2892.8100000000004,2.464063032367973,1481.0,587,131,540.49,13.0,971.6299999999999,1921.1800000000003,0.5787694317981475,949.5500000000004,0.15742580025048786,0.14130434782608695,4,397.2,1,1,55-64,A,35-49K,Homeowner,Single Male,2,None/Unknown,1291.0,1
1812,0,90,1682.35,2.956678383128295,41957.0,425,128,320.51,2.0,377.39,1304.9599999999998,0.4613843730496033,927.5699999999998,0.16002616258749988,0.022222222222222223,2,266.64,1,0,45-54,U,50-74K,Unknown,Single Female,1,None/Unknown,1812.0,1
1389,0,37,2384.38,4.007361344537816,837.0,402,119,229.63,3.0,890.73,1493.65,0.5617728717737944,602.9200000000001,0.08784587664163487,0.08108108108108109,1,456.78,1,0,65+,A,100-124K,Homeowner,Single Female,2,None/Unknown,1389.0,1
715,0,151,3097.2800000000007,2.5618527708850296,30083.0,715,150,997.5699999999999,27.0,1179.04,1918.24,0.3932159830561008,739.2,0.24361576126109621,0.17880794701986755,3,614.8600000000002,1,0,55-64,A,15-24K,Homeowner,2 Adults No Kids,2,None/Unknown,715.0,1
1004,0,215,3290.3600000000006,4.538427586206898,413698.0,351,109,386.7300000000001,0.0,1179.76,2110.6000000000004,0.4835094032263946,930.8400000000004,0.10517284047983597,0.0,5,418.3599999999999,1,1,25-34,U,15-24K,Unknown,Single Male,1,None/Unknown,1004.0,1
1305,0,359,7238.460000000006,3.415979235488441,297460.0,782,132,1296.35,16.0,3489.040000000001,3749.4200000000037,0.4651486642186317,260.38000000000284,0.15188973158160507,0.04456824512534819,7,314.47,1,1,19-24,B,Under 15K,Renter,1 Adult Kids,2,1,1305.0,1
1834,0,132,3720.8300000000004,2.9838251804330396,75850.0,679,147,761.5400000000001,10.0,1631.5800000000004,2089.2499999999995,0.5998124074467256,457.66999999999916,0.16989672873948378,0.07575757575757576,4,48.67,1,1,45-54,U,125-149K,Homeowner,Unknown,5+,3+,1834.0,1
1113,0,151,3896.260000000001,3.196275635767023,35944.0,738,140,1000.1999999999999,51.0,1912.3500000000006,1983.91,0.6458090579170793,71.55999999999949,0.20427002364973873,0.33774834437086093,6,495.03999999999996,1,1,45-54,A,50-74K,Homeowner,2 Adults Kids,3,1,1113.0,1
2489,1,123,8951.710000000008,2.8508630573248435,189867.0,2022,199,2100.46,461.0,3344.6800000000007,5607.030000000003,0.5689829094106036,2262.3500000000026,0.19004955587907155,3.747967479674797,12,451.7100000000001,1,1,35-44,A,50-74K,Homeowner,2 Adults No Kids,2,None/Unknown,2489.0,1
1190,1,219,2859.7800000000007,2.7954838709677428,200404.0,718,151,475.45,12.0,1004.8899999999999,1854.89,0.43802320458217053,850.0000000000002,0.14255388683838893,0.0547945205479452,6,467.2400000000001,1,0,25-34,U,35-49K,Homeowner,2 Adults No Kids,2,None/Unknown,1190.0,1
2400,0,331,12353.700000000013,3.842519440124421,784337.0,1563,163,3407.170000000001,122.0,3806.9599999999996,8546.740000000009,0.4565684774601938,4739.78000000001,0.21617905610540522,0.3685800604229607,4,2327.6200000000003,1,0,35-44,A,25-34K,Homeowner,2 Adults Kids,3,1,2400.0,1
2186,0,91,4701.08,3.516140613313388,1710.0,701,154,632.2199999999999,4.0,1475.2800000000002,3225.8000000000006,0.545412968934798,1750.5200000000004,0.11854199088744302,0.04395604395604396,3,768.4499999999998,1,0,35-44,U,25-34K,Unknown,Single Female,1,None/Unknown,2186.0,1
484,0,120,2439.3700000000003,2.514814432989691,14897.0,665,131,414.5799999999999,10.0,783.9300000000001,1655.4400000000003,0.6014298773863742,871.5100000000002,0.14526533401075697,0.08333333333333333,3,525.1399999999999,1,0,25-34,U,15-24K,Unknown,2 Adults No Kids,2,None/Unknown,484.0,1
1764,0,96,8693.940000000004,3.7668717504332774,369543.0,1396,199,1230.4900000000002,48.0,1392.3800000000003,7301.560000000005,0.43389878467070153,5909.180000000005,0.12398596191418547,0.5,10,2718.260000000001,1,0,45-54,A,75-99K,Homeowner,2 Adults Kids,4,2,1764.0,1
922,0,124,2789.6400000000003,3.452524752475248,130815.0,507,147,305.06,16.0,1357.89,1431.7500000000002,0.4370563943734675,73.86000000000013,0.09857498303551232,0.12903225806451613,4,547.3500000000001,1,0,45-54,U,35-49K,Unknown,Unknown,1,None/Unknown,922.0,1
2498,0,146,2381.5700000000006,3.022296954314722,31266.0,589,131,255.60999999999999,0.0,395.68999999999994,1985.8800000000003,0.6819241088861548,1590.1900000000005,0.09692550375780186,0.0,6,220.02999999999997,1,1,25-34,U,50-74K,Homeowner,2 Adults No Kids,2,None/Unknown,2498.0,1
290,0,249,4584.789999999999,2.1069806985294113,3235.0,835,137,960.3200000000002,4.0,752.75,3832.04,0.6796559929680531,3079.29,0.17318321908853032,0.01606425702811245,8,939.5499999999998,1,0,25-34,U,35-49K,Unknown,2 Adults No Kids,2,None/Unknown,290.0,1
208,0,114,3630.340000000001,3.089651063829788,174232.0,439,119,1121.53,136.0,1614.8200000000004,2015.5200000000002,0.49031495672581604,400.6999999999998,0.23601866212669956,1.1929824561403508,7,665.99,1,0,45-54,U,50-74K,Homeowner,2 Adults No Kids,2,None/Unknown,208.0,1
871,0,112,8805.070000000007,4.070767452612116,25068.0,1014,173,1093.3599999999997,0.0,4006.930000000002,4798.140000000003,0.5492937591637542,791.210000000001,0.11045792110465992,0.0,6,1630.890000000001,1,0,35-44,A,200-249K,Homeowner,2 Adults Kids,3,1,871.0,1
389,0,221,12850.360000000008,3.2466801414856006,349238.0,1506,173,2958.31,95.0,5167.7800000000025,7682.580000000005,0.5127280480858124,2514.800000000003,0.18713212433430507,0.4298642533936652,7,2030.5600000000009,1,0,35-44,U,150-174K,Probable Owner,Single Female,1,None/Unknown,389.0,1
553,0,234,6327.090000000004,2.692378723404257,75480.0,1318,197,979.5000000000003,8.0,2509.0400000000004,3818.050000000002,0.5502324133211315,1309.0100000000016,0.13405706355495517,0.03418803418803419,7,932.0000000000002,1,0,45-54,U,75-99K,Homeowner,2 Adults No Kids,2,None/Unknown,553.0,1
2082,0,149,3984.840000000002,3.4441140881590337,375268.0,650,142,808.2600000000001,8.0,1814.4600000000003,2170.38,0.353165999136728,355.91999999999985,0.16862990548914059,0.053691275167785234,4,1097.5700000000002,1,0,45-54,A,Under 15K,Homeowner,2 Adults Kids,3,1,2082.0,1
856,0,162,4243.300000000001,2.946736111111112,161792.0,627,146,1030.77,9.0,1400.9400000000003,2842.3600000000006,0.5125091320434565,1441.4200000000003,0.19544109198398954,0.05555555555555555,5,836.7399999999999,1,0,55-64,B,35-49K,Homeowner,Single Female,1,None/Unknown,856.0,1
1378,0,106,5913.729999999998,2.6412371594461805,45859.0,733,142,847.54,8.0,2331.629999999999,3582.1,0.5187774889959469,1250.4700000000007,0.12535218975133375,0.07547169811320754,12,1019.9900000000002,1,0,25-34,U,100-124K,Unknown,Single Female,1,None/Unknown,1378.0,1
1975,0,301,15243.860000000006,4.396844534179407,471231.0,1467,209,1551.6699999999996,195.0,6185.140000000003,9058.720000000003,0.5219924612270122,2873.58,0.09238589076974642,0.6478405315614618,11,2304.4100000000017,1,0,35-44,B,75-99K,Renter,Single Male,1,None/Unknown,1975.0,1
888,0,69,7288.430000000004,2.676617701065003,3208.0,1167,161,1201.05,49.0,2811.8300000000004,4476.600000000003,0.5595896509947956,1664.7700000000027,0.14147509623675414,0.7101449275362319,9,1400.5800000000002,1,0,25-34,U,150-174K,Homeowner,2 Adults Kids,3,1,888.0,1
1749,0,107,3494.4000000000005,4.462835249042146,334002.0,426,133,422.94,17.0,1418.1299999999999,2076.27,0.4654647435897435,658.1400000000001,0.10796611986705262,0.1588785046728972,5,714.9499999999999,1,0,55-64,B,35-49K,Homeowner,Single Male,1,None/Unknown,1749.0,1
1557,0,177,6011.9900000000025,3.538546203649207,635353.0,696,152,531.01,12.0,2496.92,3515.070000000002,0.3664510420010677,1018.1500000000019,0.08115696163839214,0.06779661016949153,7,516.3700000000001,1,1,25-34,A,100-124K,Renter,1 Adult Kids,4,2,1557.0,1
693,4,202,5942.730000000002,2.9173932253313706,2396.0,1214,196,1054.3199999999997,11.0,2741.9300000000017,3200.800000000001,0.5271684899027886,458.86999999999944,0.1506806439856796,0.054455445544554455,7,436.07,1,1,45-54,U,15-24K,Unknown,2 Adults No Kids,2,None/Unknown,693.0,1
2296,0,191,10920.750000000007,2.654533300923677,21833.0,1808,187,1802.0299999999997,3.0,3992.1800000000017,6928.570000000003,0.518279422200856,2936.3900000000017,0.14163806966716386,0.015706806282722512,7,2484.080000000001,1,0,35-44,U,125-149K,Homeowner,2 Adults No Kids,2,None/Unknown,2296.0,1
598,0,188,2826.3399999999997,2.962620545073375,57053.0,494,130,475.26,23.0,998.7900000000001,1827.5499999999997,0.6116249283525692,828.7599999999996,0.14394838866004364,0.12234042553191489,6,528.56,1,0,35-44,B,25-34K,Unknown,Single Female,1,None/Unknown,598.0,1
1567,0,126,1909.7600000000004,2.0826172300981467,1267.0,433,103,221.85000000000002,3.0,828.6300000000001,1081.1299999999999,0.4479882288873993,252.49999999999977,0.10407626160507784,0.023809523809523808,2,214.47000000000003,1,1,45-54,U,15-24K,Renter,Single Male,1,None/Unknown,1567.0,1
1492,0,82,1062.4900000000002,2.4709069767441867,531.0,326,108,206.57000000000005,1.0,483.21,579.2800000000001,0.41339683197018323,96.0700000000001,0.16277402171686128,0.012195121951219513,3,163.8,1,0,65+,A,15-24K,Homeowner,2 Adults No Kids,2,None/Unknown,1492.0,1
2086,0,476,4806.670000000001,3.394540960451978,19399.0,703,161,790.0900000000001,9.0,1575.8300000000002,3230.84,0.4961168542878957,1655.01,0.14116917645209012,0.018907563025210083,5,1462.8700000000006,1,0,45-54,A,25-34K,Homeowner,2 Adults No Kids,2,None/Unknown,2086.0,1
2302,0,61,1600.06,2.153512786002692,17131.0,490,142,431.31,4.0,641.77,958.2900000000002,0.5111933302501157,316.5200000000002,0.212324687280013,0.06557377049180328,2,360.17999999999995,1,0,35-44,A,35-49K,Homeowner,1 Adult Kids,3,1,2302.0,1
386,0,212,4033.6100000000006,1.8007187500000004,114826.0,1047,152,1116.2099999999998,42.0,1715.0900000000006,2318.5200000000004,0.6056262256390677,603.4299999999998,0.21674738146187628,0.19811320754716982,4,642.8199999999998,1,0,35-44,B,25-34K,Probable Owner,Single Female,1,None/Unknown,386.0,1
1428,0,137,4151.87,2.9445886524822695,233687.0,968,168,897.18,12.0,641.8099999999997,3510.060000000001,0.5252235739558322,2868.250000000001,0.17769283330527524,0.08759124087591241,4,759.6599999999999,1,0,55-64,U,35-49K,Unknown,2 Adults No Kids,2,None/Unknown,1428.0,1
2124,0,214,6886.380000000001,2.9940782608695655,978908.0,900,164,1027.7200000000003,119.0,3087.8899999999994,3798.4900000000007,0.3536299187671897,710.6000000000013,0.12985936493094605,0.5560747663551402,8,973.0300000000002,1,1,25-34,A,50-74K,Homeowner,2 Adults Kids,4,2,2124.0,1
993,0,107,2635.09,2.404279197080292,10507.0,600,138,535.9499999999999,14.0,851.8900000000001,1783.1999999999998,0.6049053353016405,931.3099999999997,0.16901395125889296,0.1308411214953271,7,429.7800000000001,1,0,55-64,A,50-74K,Homeowner,1 Adult Kids,5+,3+,993.0,1
596,0,102,2691.7100000000005,3.83434472934473,5464.0,401,115,296.63999999999993,0.0,1062.41,1629.3000000000002,0.4901456694814819,566.8900000000001,0.09926548095102646,0.0,4,304.65999999999997,1,1,45-54,A,15-24K,Homeowner,1 Adult Kids,3,1,596.0,1
1791,0,111,2416.4700000000007,2.8939760479041925,73391.0,468,133,599.1299999999999,44.0,791.9200000000002,1624.55,0.3435672696122856,832.6299999999998,0.19867688022284116,0.3963963963963964,3,553.6300000000001,1,0,45-54,B,100-124K,Homeowner,2 Adults No Kids,2,None/Unknown,1791.0,1
2280,0,200,10529.990000000009,3.4890622929092143,203300.0,1319,170,2761.9100000000008,89.0,4224.510000000001,6305.480000000005,0.3569993893631425,2080.970000000004,0.20778895417509904,0.445,10,1802.9200000000005,1,0,35-44,U,15-24K,Homeowner,2 Adults Kids,3,1,2280.0,1
1060,4,61,5988.9400000000005,3.009517587939699,4625.0,592,133,901.61,0.0,3104.3899999999994,2884.55,0.6338801190193926,-219.83999999999924,0.13084731988012568,0.0,8,107.99000000000001,1,1,35-44,B,35-49K,Renter,2 Adults No Kids,2,None/Unknown,1060.0,1
43,7,95,838.6899999999999,2.342709497206704,42997.0,229,65,91.13,7.0,352.9199999999999,485.77,0.5054787823868175,132.85000000000008,0.09800821664408166,0.07368421052631578,5,46.15,1,1,35-44,B,15-24K,Homeowner,2 Adults Kids,5+,3+,43.0,1
2097,0,197,8683.360000000002,6.220171919770776,692187.0,720,150,1857.9100000000003,8.0,4258.690000000001,4424.670000000001,0.47435900388789587,165.97999999999956,0.17625105893312665,0.04060913705583756,6,140.46999999999997,1,1,35-44,A,15-24K,Homeowner,2 Adults Kids,5+,3+,2097.0,1
2088,0,92,4053.0500000000015,2.280838491840181,2743.0,865,160,851.6200000000003,7.0,1404.3700000000001,2648.6800000000017,0.6240041450265846,1244.3100000000015,0.17363451567587626,0.07608695652173914,8,852.6599999999999,1,0,25-34,U,35-49K,Unknown,Single Female,1,None/Unknown,2088.0,1
647,0,110,4950.660000000001,3.67259643916914,351947.0,846,153,1022.3299999999999,56.0,1992.2100000000003,2958.4500000000007,0.4771182024214953,966.2400000000005,0.1711588333481221,0.509090909090909,9,1376.0800000000002,1,0,35-44,A,50-74K,Renter,2 Adults Kids,4,2,647.0,1
392,0,89,9509.47000000001,3.6987436795021433,2801.0,1119,172,736.54,5.0,3742.370000000002,5767.100000000005,0.5260408834561754,2024.7300000000027,0.07188554373848935,0.056179775280898875,5,1934.5000000000014,1,0,35-44,A,250K+,Homeowner,2 Adults Kids,3,1,392.0,1
1421,0,193,4741.240000000001,3.0392564102564106,518083.0,670,128,1097.7,28.0,1906.41,2834.8300000000004,0.5141376517535495,928.4200000000003,0.18799645141070126,0.14507772020725387,6,793.96,1,0,35-44,A,50-74K,Homeowner,2 Adults No Kids,2,None/Unknown,1421.0,1
1352,0,121,4747.4000000000015,3.475402635431919,458218.0,710,169,460.27,5.0,2058.6700000000005,2688.7300000000005,0.45759784302986883,630.06,0.08838309647116653,0.04132231404958678,5,651.55,1,1,35-44,U,75-99K,Homeowner,2 Adults No Kids,2,None/Unknown,1352.0,1
2250,2,59,2180.14,3.527734627831715,100113.0,382,91,770.5199999999999,7.0,664.29,1515.85,0.52990633629033,851.56,0.2611347969606799,0.11864406779661017,1,153.02,1,1,35-44,U,75-99K,Unknown,Unknown,1,None/Unknown,2250.0,1
680,1,84,3034.9000000000005,2.4010284810126588,1751.0,677,132,826.29,10.0,1102.81,1932.0900000000004,0.6119377903720056,829.2800000000004,0.21399879311818373,0.11904761904761904,3,478.12,1,0,45-54,U,50-74K,Homeowner,Unknown,1,None/Unknown,680.0,1
1803,0,189,13039.530000000006,4.628871139510119,5556.0,1213,177,1174.5400000000002,10.0,7146.580000000001,5892.950000000002,0.4272439267366231,-1253.6299999999992,0.08263220879030422,0.05291005291005291,11,1381.3700000000003,1,1,19-24,A,50-74K,Homeowner,2 Adults Kids,3,1,1803.0,1
2445,0,198,5675.570000000001,2.5868596171376486,176721.0,1460,176,1894.4199999999998,32.0,2683.9500000000007,2991.6200000000003,0.6036310009391127,307.6699999999996,0.2502539633473756,0.16161616161616163,8,870.4800000000001,1,0,45-54,U,35-49K,Unknown,Unknown,1,None/Unknown,2445.0,1
358,0,307,10761.920000000007,3.4771954765751234,3980.0,1538,197,1300.7999999999997,6.0,4124.350000000002,6637.570000000004,0.6026991466206773,2513.220000000002,0.10783637521222403,0.019543973941368076,6,1967.4200000000005,1,0,35-44,U,50-74K,Homeowner,2 Adults No Kids,2,None/Unknown,358.0,1
644,1,195,3446.7100000000005,2.266081525312295,145830.0,741,146,533.25,18.0,1729.6900000000005,1717.02,0.5671553452422745,-12.670000000000528,0.13398375863074,0.09230769230769231,5,325.32,1,1,65+,A,75-99K,Homeowner,2 Adults No Kids,2,None/Unknown,644.0,1
2087,1,203,6865.190000000001,3.056629563668745,470158.0,1169,159,1593.3000000000002,10.0,2982.61,3882.58,0.4792962758496122,899.9699999999998,0.1883669543854754,0.04926108374384237,5,967.5500000000002,1,1,45-54,B,100-124K,Homeowner,Unknown,1,None/Unknown,2087.0,1
131,0,328,5510.110000000001,3.0765549972082638,132035.0,1209,193,1153.3600000000004,22.0,3187.71,2322.4,0.4464575117375152,-865.31,0.17308699521420523,0.06707317073170732,7,646.1100000000001,1,1,45-54,U,50-74K,Unknown,2 Adults No Kids,2,None/Unknown,131.0,1
2479,0,114,12114.850000000006,3.081874841007379,324601.0,1597,188,1559.97,44.0,5032.990000000001,7081.860000000004,0.47488495524088215,2048.8700000000035,0.11407609021544704,0.38596491228070173,9,2164.8500000000004,1,0,25-34,U,150-174K,Homeowner,2 Adults No Kids,2,None/Unknown,2479.0,1
491,0,100,3884.4500000000016,4.106183932346725,236753.0,685,153,421.9200000000001,1.0,1790.5800000000004,2093.8700000000003,0.30842719046454453,303.28999999999996,0.09797578935391058,0.01,5,951.26,1,0,45-54,A,75-99K,Unknown,Single Female,2,None/Unknown,491.0,1
1164,0,92,4099.640000000001,3.3222366288492715,1676.0,487,109,295.49999999999994,1.0,1612.0600000000002,2487.58,0.4247446117220047,875.5199999999998,0.06723335320376594,0.010869565217391304,3,589.71,1,1,25-34,U,15-24K,Unknown,Single Male,1,None/Unknown,1164.0,1
2094,1,64,2426.6600000000003,2.9485540704738766,1283.0,554,132,568.4400000000002,2.0,922.74,1503.9200000000003,0.48368951563053736,581.1800000000003,0.18978999031751864,0.03125,1,628.8599999999999,1,0,45-54,A,50-74K,Homeowner,2 Adults No Kids,2,None/Unknown,2094.0,1
218,0,146,8056.870000000004,4.638382268278644,827297.0,974,160,848.8999999999999,2.0,3053.060000000001,5003.810000000002,0.3403679096224711,1950.7500000000014,0.0953202249777391,0.0136986301369863,4,1154.8500000000004,1,1,45-54,A,15-24K,Homeowner,2 Adults No Kids,2,None/Unknown,218.0,1
915,0,96,821.0699999999999,1.9228805620608898,496.0,158,58,68.42,0.0,333.07000000000005,488.0000000000001,0.47909435249126153,154.93000000000006,0.07692048252369336,0.0,2,149.04000000000002,1,0,45-54,U,15-24K,Unknown,Single Female,1,None/Unknown,915.0,1
1247,0,103,5649.360000000002,2.468047182175624,22585.0,742,139,1037.27,6.0,2147.1800000000007,3502.180000000001,0.4812191115453784,1355.0000000000005,0.1551259752670627,0.05825242718446602,5,990.5899999999999,1,0,35-44,A,35-49K,Homeowner,2 Adults No Kids,2,None/Unknown,1247.0,1
71,1,78,3022.2200000000007,5.246909722222224,12381.0,360,106,462.32,13.0,1740.72,1281.5000000000002,0.5188437638557086,-459.2199999999998,0.13267748397205942,0.16666666666666666,2,353.80999999999995,1,1,35-44,A,25-34K,Homeowner,Single Female,2,None/Unknown,71.0,1
817,0,126,4085.4899999999993,2.525024721878862,1825.0,779,138,1060.1599999999999,5.0,1609.4799999999996,2476.0099999999998,0.6770130388276558,866.5300000000002,0.2060303363034796,0.03968253968253968,6,716.3600000000001,1,0,35-44,A,150-174K,Homeowner,2 Adults Kids,3,1,817.0,1
823,0,100,2118.76,4.130136452241715,99224.0,402,128,250.34,1.0,963.5299999999999,1155.23,0.42144933829220865,191.70000000000016,0.105668819382888,0.01,2,471.39000000000004,1,0,35-44,A,50-74K,Homeowner,2 Adults Kids,3,1,823.0,1
889,0,185,11261.980000000003,3.038850512682138,840664.0,1253,165,1875.8999999999996,265.0,5461.060000000003,5800.920000000002,0.5527065400577873,339.85999999999876,0.14278559402277988,1.4324324324324325,10,1721.0300000000002,1,0,25-34,A,50-74K,Homeowner,2 Adults Kids,4,2,889.0,1
1175,0,118,6350.480000000001,4.305410169491527,590691.0,629,155,520.68,9.0,2877.770000000001,3472.71,0.4929343923608925,594.9399999999991,0.07577759796016972,0.07627118644067797,4,1053.0300000000007,1,0,25-34,A,50-74K,Homeowner,Single Female,2,None/Unknown,1175.0,1
1831,0,136,4688.1500000000015,3.3922937771345887,387805.0,741,156,967.89,97.0,1547.11,3141.0400000000004,0.4251229162889411,1593.9300000000005,0.1711250274043323,0.7132352941176471,6,873.9100000000001,1,0,55-64,U,75-99K,Homeowner,Single Male,1,None/Unknown,1831.0,1
527,0,111,3055.740000000001,2.9074595623215997,1201.0,362,102,596.28,4.0,1025.4899999999998,2030.2500000000005,0.6377865917911862,1004.7600000000007,0.16327402369099833,0.036036036036036036,2,525.78,1,0,45-54,U,50-74K,Homeowner,Single Female,1,None/Unknown,527.0,1
996,0,109,1901.34,2.4128680203045683,7674.0,376,111,451.56000000000006,19.0,988.88,912.4599999999998,0.4005438269851788,-76.42000000000019,0.1919163585362744,0.1743119266055046,5,319.51,1,0,55-64,A,25-34K,Homeowner,2 Adults No Kids,2,None/Unknown,996.0,1
1429,0,70,664.5200000000001,2.4981954887218047,434.0,139,43,333.73,40.0,276.79999999999995,387.71999999999997,0.766207187142599,110.92000000000002,0.3343150513398447,0.5714285714285714,1,154.04000000000002,1,0,45-54,B,35-49K,Renter,Single Female,1,None/Unknown,1429.0,1
2012,0,255,7100.140000000001,2.8480304853590055,415054.0,1197,150,1647.5199999999998,34.0,2585.500000000001,4514.64,0.4138031081077274,1929.1399999999994,0.1883383670604481,0.13333333333333333,6,1434.9200000000005,1,0,45-54,A,25-34K,Renter,Single Male,2,None/Unknown,2012.0,1
1018,0,150,1775.7400000000005,3.572917505030182,37718.0,339,115,262.49,13.0,1053.72,722.0199999999999,0.5847308727629043,-331.70000000000016,0.12878330708506888,0.08666666666666667,5,362.84999999999997,1,0,45-54,A,35-49K,Homeowner,2 Adults Kids,5+,3+,1018.0,1
1001,0,68,3153.900000000001,3.809057971014494,1432.0,500,122,379.2199999999999,21.0,825.5500000000001,2328.350000000001,0.7007260851643996,1502.8000000000006,0.1073328955710533,0.3088235294117647,3,928.1000000000004,1,0,45-54,U,50-74K,Homeowner,Unknown,1,None/Unknown,1001.0,1
2483,0,56,788.2900000000001,2.1247708894878707,486.0,139,67,119.56,2.0,5.0,783.2900000000001,0.6240469877836836,778.2900000000001,0.1316957647188412,0.03571428571428571,1,982.6199999999999,1,0,45-54,B,75-99K,Homeowner,Single Male,1,None/Unknown,2483.0,1
2173,1,70,1922.1300000000003,3.2913184931506856,11025.0,447,102,422.76000000000005,3.0,317.63,1604.5000000000002,0.5615437041199085,1286.8700000000003,0.18028990698924044,0.04285714285714286,1,255.39,1,1,25-34,U,35-49K,Unknown,2 Adults No Kids,2,None/Unknown,2173.0,1
1142,0,238,12565.38000000001,3.5616156462585065,654608.0,1211,184,1614.62,37.0,4803.3600000000015,7762.020000000007,0.5585314570669567,2958.6600000000053,0.11386600846262332,0.15546218487394958,8,2613.5800000000017,1,0,45-54,A,50-74K,Homeowner,2 Adults No Kids,2,None/Unknown,1142.0,1
2330,6,63,4599.420000000002,4.059505736981467,458802.0,823,161,635.03,102.0,1981.7800000000007,2617.640000000001,0.4095298972479137,635.8600000000001,0.12131742589956916,1.619047619047619,6,1083.94,1,0,45-54,U,50-74K,Homeowner,Unknown,1,None/Unknown,2330.0,1
193,1,121,4456.71,5.318269689737471,677163.0,473,111,542.42,3.0,1824.16,2632.55,0.44892757213280654,808.3900000000001,0.10850287950103317,0.024793388429752067,5,357.94999999999993,1,1,45-54,A,75-99K,Homeowner,2 Adults No Kids,2,None/Unknown,193.0,1
1964,1,57,1699.31,1.9921570926143024,996.0,567,120,380.46000000000004,8.0,647.8100000000001,1051.5,0.5872913123561917,403.68999999999994,0.18293368978300487,0.14035087719298245,1,290.80999999999995,1,0,65+,U,Under 15K,Renter,Single Male,1,None/Unknown,1964.0,1
534,0,399,1118.49,1.3097072599531616,20765.0,412,104,151.69999999999996,1.0,436.84,681.6500000000001,0.5823208075172778,244.81000000000012,0.11943095127500607,0.002506265664160401,3,196.95000000000005,1,0,45-54,U,35-49K,Unknown,Single Male,1,None/Unknown,534.0,1
1014,0,145,3874.2500000000014,2.5043632837750494,67347.0,1124,179,633.5699999999999,11.0,1644.0100000000002,2230.2400000000007,0.48076143769761864,586.2300000000005,0.14054909024761408,0.07586206896551724,5,325.51000000000005,1,1,45-54,A,15-24K,Unknown,2 Adults Kids,4,2,1014.0,1
2050,0,138,4625.16,4.078624338624339,376511.0,782,153,879.2599999999999,0.0,2533.74,2091.4200000000005,0.33049018844753486,-442.31999999999925,0.15973708401611794,0.0,5,568.06,1,1,35-44,A,25-34K,Homeowner,2 Adults Kids,5+,3+,2050.0,1
1917,0,260,5914.330000000004,2.5459879466207505,2991.0,1181,169,1064.0999999999997,22.0,3080.2800000000025,2834.05,0.6136045841202634,-246.2300000000023,0.15248415474540825,0.08461538461538462,11,873.6700000000002,1,0,65+,U,15-24K,Unknown,Single Female,1,None/Unknown,1917.0,1
2406,0,122,4137.630000000002,4.068466076696167,155457.0,663,157,533.08,6.0,1562.73,2574.900000000001,0.521257338138016,1012.170000000001,0.1141325408770829,0.04918032786885246,6,723.1799999999998,1,0,25-34,A,125-149K,Homeowner,2 Adults Kids,3,1,2406.0,1
2111,1,117,2460.8,3.881388012618297,122056.0,414,109,1848.96,149.0,1225.2799999999997,1235.52,0.506461313394018,10.240000000000236,0.429016929016929,1.2735042735042734,5,129.57000000000002,1,1,45-54,U,75-99K,Homeowner,2 Adults No Kids,2,None/Unknown,2111.0,1
2361,0,80,4053.9500000000007,3.3365843621399183,1467.0,456,127,498.53999999999996,1.0,1428.5,2625.4500000000007,0.6821791092638042,1196.9500000000007,0.10950930150313343,0.0125,7,474.7600000000001,1,1,25-34,U,35-49K,Unknown,2 Adults No Kids,2,None/Unknown,2361.0,1
1186,0,63,4346.370000000002,4.088777046095957,117601.0,783,172,463.89000000000004,3.0,1596.7200000000005,2749.6500000000005,0.37629332063307985,1152.93,0.09643761459879505,0.047619047619047616,5,1714.010000000001,1,0,45-54,A,50-74K,Homeowner,1 Adult Kids,5+,3+,1186.0,1
109,0,89,2901.1900000000005,2.4628098471986424,1265.0,665,148,385.1500000000001,1.0,920.5899999999999,1980.6000000000004,0.5798482691585176,1060.0100000000004,0.11719724678517744,0.011235955056179775,4,599.88,1,0,25-34,A,15-24K,Homeowner,Single Female,2,None/Unknown,109.0,1
1865,0,143,5974.270000000002,2.8681084973595787,2444.0,765,169,498.8200000000001,6.0,3090.2400000000007,2884.030000000001,0.5572312600535292,-206.20999999999958,0.0770605692181014,0.04195804195804196,8,677.66,1,1,45-54,U,50-74K,Homeowner,Unknown,1,None/Unknown,1865.0,1
1076,0,74,1960.6900000000005,3.9770588235294126,602.0,350,119,229.96,1.0,1249.2600000000002,711.4300000000001,0.5657447123206626,-537.8300000000002,0.10497340971857666,0.013513513513513514,1,280.32,1,1,25-34,B,35-49K,Homeowner,2 Adults No Kids,2,None/Unknown,1076.0,1
1228,0,652,12150.17000000001,3.846207660652108,903102.0,1322,206,2091.4399999999996,45.0,5324.670000000003,6825.500000000004,0.39642161385396224,1500.8300000000008,0.1468541829189255,0.06901840490797546,5,2353.720000000001,1,0,45-54,U,100-124K,Unknown,Single Female,1,None/Unknown,1228.0,1
1248,0,143,8293.840000000004,3.975953978907001,160832.0,1016,145,1232.83,45.0,4634.290000000001,3659.550000000002,0.5458629537102233,-974.7399999999989,0.12940828222243445,0.3146853146853147,7,797.4499999999998,1,1,45-54,U,50-74K,Unknown,1 Adult Kids,2,1,1248.0,1
2058,0,148,5208.800000000002,3.5848589125946333,138506.0,677,169,447.85,13.0,2659.8600000000015,2548.94,0.4027011979726615,-110.92000000000144,0.07917230162728821,0.08783783783783784,7,761.7700000000001,1,0,25-34,B,125-149K,Homeowner,2 Adults No Kids,2,None/Unknown,2058.0,1
1907,5,305,6403.450000000002,2.4562523973916384,375823.0,1185,182,1291.11,47.0,3106.8700000000003,3296.5800000000013,0.4416119435616736,189.71000000000095,0.1677951695743486,0.1540983606557377,9,2536.0500000000015,1,0,25-34,B,50-74K,Unknown,Single Male,1,None/Unknown,1907.0,1
574,0,95,5643.290000000001,2.698847441415591,99952.0,991,145,1866.27,382.0,1912.38,3730.91,0.5499894565049819,1818.5299999999997,0.24851922083317793,4.021052631578947,8,1110.2500000000002,1,0,35-44,A,75-99K,Homeowner,2 Adults Kids,3,1,574.0,1
1474,1,54,1923.2300000000002,2.6095386702849392,886.0,418,101,395.83,0.0,151.75,1771.48,0.5935795510677349,1619.73,0.1706855363811199,0.0,1,522.64,1,0,35-44,U,50-74K,Homeowner,Unknown,1,None/Unknown,1474.0,1
411,0,148,6258.720000000003,5.168224607762182,171455.0,760,150,1008.11,8.0,2040.88,4217.840000000002,0.4775049850448651,2176.960000000002,0.13872761575542564,0.05405405405405406,5,438.49,1,1,35-44,U,Under 15K,Unknown,2 Adults No Kids,2,None/Unknown,411.0,1
1545,0,160,3564.1600000000008,3.080518582541055,32723.0,726,174,548.8900000000001,8.0,1159.82,2404.340000000001,0.5146373900161608,1244.5200000000011,0.1334508454796319,0.05,4,384.37,1,1,45-54,A,35-49K,Homeowner,2 Adults No Kids,2,None/Unknown,1545.0,1
1443,1,165,1963.8,3.596703296703297,11768.0,225,83,157.19,2.0,1271.2499999999998,692.55,0.7128220796415113,-578.6999999999998,0.07411161768796648,0.012121212121212121,2,257.67999999999995,1,1,35-44,U,150-174K,Unknown,2 Adults No Kids,2,None/Unknown,1443.0,1
1901,0,756,10282.870000000006,2.7761528077753796,14432.0,2406,234,1736.2800000000002,24.0,5431.7400000000025,4851.130000000001,0.4608168731103281,-580.6100000000015,0.14445946676761662,0.031746031746031744,8,1179.3700000000003,1,1,45-54,U,35-49K,Homeowner,2 Adults Kids,3,1,1901.0,1
427,0,40,706.1800000000001,3.796666666666667,270.0,142,65,77.22000000000003,0.0,361.90000000000003,344.28,0.4235464045993939,-17.62000000000006,0.09857033443962218,0.0,0,366.83000000000004,1,0,,,,,,,,,1
1384,0,27,662.7100000000002,1.6444416873449135,2721.0,272,72,195.82999999999998,0.0,220.75999999999996,441.95000000000005,0.6313923133799098,221.19000000000008,0.22809653597968638,0.0,0,164.75,1,0,,,,,,,,,1
1225,0,60,1086.01,2.2438223140495865,554.0,392,106,185.42,0.0,422.0300000000001,663.9799999999999,0.5812101177705546,241.94999999999982,0.14583579119574022,0.0,0,329.36999999999995,1,0,,,,,,,,,1
429,1,40,501.49,2.9499411764705883,222.0,129,58,227.79999999999995,2.0,251.14000000000001,250.35,0.4275060320245668,-0.7900000000000205,0.31235859534615856,0.05,0,41.4,1,1,,,,,,,,,1
2458,15,40,716.6500000000001,2.8781124497991972,291.0,173,79,89.38000000000001,0.0,492.00000000000006,224.64999999999998,0.6518663224726156,-267.3500000000001,0.11088917285957098,0.0,0,401.68000000000006,1,0,,,,,,,,,1
2153,1,32,680.5299999999999,2.5974427480916025,361.0,219,82,164.67000000000002,1.0,121.74,558.79,0.6518448856038677,437.04999999999995,0.19482962612399438,0.03125,0,252.90000000000003,1,0,,,,,,,,,1
35,4,53,949.9300000000001,3.6818992248062017,43826.0,199,78,125.74999999999999,1.0,404.91999999999996,545.01,0.5502300169486172,140.09000000000003,0.11690279637066783,0.018867924528301886,0,169.58,1,0,,,,,,,,,1
721,0,39,455.40999999999997,2.8286335403726706,10246.0,125,45,45.71,0.0,184.22000000000003,271.19,0.7293647482488308,86.96999999999997,0.09121567688378035,0.0,0,98.16,1,0,,,,,,,,,1
1782,1,33,1612.2200000000003,3.8942512077294693,36361.0,305,112,151.98,5.0,641.21,971.0100000000002,0.3843830246492413,329.8000000000002,0.08614669538601064,0.15151515151515152,0,130.63,1,1,,,,,,,,,1
1101,16,14,184.70000000000005,2.9317460317460324,19368.0,61,29,41.73,0.0,69.16,115.54,0.46621548456957224,46.38000000000001,0.18429536722165787,0.0,0,6.08,1,1,,,,,,,,,1
521,3,42,610.14,2.736053811659193,295.0,196,85,85.66999999999999,0.0,238.37000000000003,371.7700000000001,0.3508047333398892,133.40000000000006,0.123122691539357,0.0,0,248.65999999999997,1,0,,,,,,,,,1
516,0,15,282.37999999999994,3.322117647058823,100.0,78,44,30.570000000000004,0.0,124.3,158.07999999999998,0.5441249380267725,33.77999999999999,0.09768333599616555,0.0,0,12.85,1,1,,,,,,,,,1
1500,0,50,861.21,3.2376315789473686,4227.0,225,89,137.42,1.0,499.80999999999995,361.4,0.5294179120075243,-138.40999999999997,0.1376085236774381,0.02,0,189.91,1,0,,,,,,,,,1
848,3,22,1943.17,3.1544967532467534,791.0,351,97,305.03,1.0,494.03,1449.1400000000003,0.7316704148376106,955.1100000000004,0.13567743083355574,0.045454545454545456,0,740.96,1,0,,,,,,,,,1
2126,0,114,4303.690000000001,3.2382919488337105,68958.0,796,169,590.48,0.0,1754.4600000000003,2549.2300000000005,0.33214055845100354,794.7700000000002,0.12064967093501039,0.0,0,410.15999999999985,1,1,,,,,,,,,1
1736,3,21,363.31999999999994,2.5406993006993,183.0,128,53,94.14000000000003,0.0,140.99,222.32999999999996,0.6934658152592756,81.33999999999995,0.20578848423905924,0.0,0,11.16,1,1,,,,,,,,,1
1332,0,50,1804.1700000000003,2.3339844760672706,15107.0,502,135,266.26000000000005,1.0,602.6600000000001,1201.5100000000002,0.4272712660115177,598.8500000000001,0.12860130504291378,0.02,0,243.08999999999997,1,1,,,,,,,,,1
1144,17,21,164.38,3.424583333333333,16621.0,35,22,8.04,0.0,64.59,99.78999999999999,0.34833921401630374,35.19999999999999,0.04663032130843289,0.0,0,22.71,1,1,,,,,,,,,1
94,0,29,343.88999999999993,3.213925233644859,17928.0,90,48,97.94,1.0,116.53,227.36,0.28616708831312343,110.83000000000001,0.22166896770251004,0.034482758620689655,0,98.75,1,0,,,,,,,,,1
2487,8,24,545.58,2.5980000000000003,18363.0,173,80,134.62,12.0,213.75000000000003,331.83,0.5390043623299975,118.07999999999996,0.19791237871214348,0.5,0,55.67000000000001,1,1,,,,,,,,,1
1574,3,26,3292.41,3.0914647887323943,2034.0,681,107,1230.19,15.0,1046.02,2246.3900000000003,0.6429697394917402,1200.3700000000003,0.2720094635828948,0.5769230769230769,0,323.61999999999995,1,1,,,,,,,,,1
1486,1,11,456.90999999999997,3.5977165354330705,172.0,104,47,63.96,1.0,199.88,257.03,0.6617714648399029,57.14999999999998,0.12279455526330946,0.09090909090909091,0,91.41,1,0,,,,,,,,,1
847,0,42,1180.3,3.795176848874598,124233.0,201,98,108.2,0.0,317.66999999999996,862.6299999999999,0.45108870626112,544.9599999999999,0.08397361272797828,0.0,0,283.02,1,0,,,,,,,,,1
1878,10,28,400.90999999999997,2.8233098591549295,212.0,133,63,74.13999999999999,1.0,305.33000000000004,95.58,0.6979870793943778,-209.75000000000006,0.15606778233870117,0.03571428571428571,0,224.73000000000002,1,0,,,,,,,,,1
1346,2,67,1037.4300000000003,3.43519867549669,14700.0,211,81,152.03999999999996,6.0,207.89000000000001,829.5400000000001,0.5407111805133838,621.6500000000001,0.12782163484577158,0.08955223880597014,0,136.88,1,1,,,,,,,,,1
182,3,32,1047.56,2.2576724137931032,649.0,271,69,265.7,1.0,270.15000000000003,777.4100000000001,0.6543109702546871,507.26000000000005,0.20232094177847493,0.03125,0,114.77999999999999,1,1,,,,,,,,,1
1904,1,26,294.3,2.335714285714286,4051.0,102,56,51.06,0.0,187.09000000000003,107.21000000000001,0.545973496432212,-79.88000000000002,0.14784572619874914,0.0,0,9.96,1,1,,,,,,,,,1
453,2,32,731.27,3.9315591397849463,285.0,172,85,82.99000000000001,0.0,487.1000000000001,244.16999999999996,0.5624871798378163,-242.93000000000012,0.10192076241004103,0.0,0,11.68,1,1,,,,,,,,,1
2120,0,55,1332.6400000000003,3.829425287356323,27603.0,261,88,196.51,2.0,236.14,1096.5000000000005,0.48030225717373026,860.3600000000005,0.12850930255370627,0.03636363636363636,0,310.55999999999995,1,0,,,,,,,,,1
1310,1,29,757.8300000000002,2.390630914826499,9116.0,252,77,161.38,5.0,314.51,443.32,0.6842035812781231,128.81,0.17556379934944133,0.1724137931034483,0,100.14999999999999,1,1,,,,,,,,,1
268,9,27,718.38,2.4771724137931033,348.0,261,89,177.01999999999998,3.0,257.78999999999996,460.5899999999999,0.6869901723321918,202.79999999999995,0.19769935224480678,0.1111111111111111,0,90.83,1,1,,,,,,,,,1
1715,1,47,898.24,2.634134897360704,381.0,309,115,122.81,0.0,457.01000000000005,441.23,0.3815572675454222,-15.78000000000003,0.1202781450467656,0.0,0,85.29,1,1,,,,,,,,,1
1189,0,43,858.08,3.68274678111588,339.0,183,76,114.22000000000001,0.0,420.34,437.74,0.27315634905836284,17.400000000000034,0.11747403064897666,0.0,0,96.13000000000002,1,1,,,,,,,,,1
1801,0,50,566.22,3.350414201183432,19002.0,140,53,94.00999999999999,2.0,238.17,328.04999999999995,0.4332591572180425,89.87999999999997,0.14238977326083332,0.04,0,192.51999999999998,1,0,,,,,,,,,1
2103,8,28,321.66,2.436818181818182,151.0,112,57,49.4,0.0,198.73000000000002,122.93,0.3463595100416589,-75.80000000000001,0.1331321080148763,0.0,0,39.35,1,1,,,,,,,,,1
455,8,24,1070.75,3.6296610169491523,414.0,242,89,119.74,1.0,430.63,640.1200000000001,0.5960588372636004,209.49000000000012,0.10058043326697409,0.041666666666666664,0,182.65000000000003,1,0,,,,,,,,,1
2216,0,29,394.57000000000005,2.666013513513514,218.0,121,62,68.09,0.0,83.67,310.90000000000003,0.6375801505436297,227.23000000000002,0.14717070851165,0.0,0,60.0,1,0,,,,,,,,,1
1416,2,5,79.89000000000001,6.145384615384616,18365.0,13,9,16.74,0.0,38.14,41.75,0.4690199023657528,3.6099999999999994,0.17323812480596085,0.0,0,11.76,1,0,,,,,,,,,1
2118,4,26,1099.4,3.0882022471910116,24217.0,288,89,258.34,5.0,378.32000000000005,721.0799999999999,0.4760323812988903,342.7599999999999,0.19027206976298847,0.19230769230769232,0,8.39,1,1,,,,,,,,,1
2132,1,34,451.5799999999999,2.720361445783132,212.0,144,56,69.44000000000001,0.0,89.89999999999999,361.67999999999995,0.4245759333894327,271.78,0.1332770335111896,0.0,0,124.29,1,0,,,,,,,,,1
213,14,8,523.8700000000001,2.258060344827587,341.0,203,72,79.86,1.0,312.35,211.52000000000004,0.6387271651363886,-100.82999999999998,0.13227767379457703,0.125,0,82.63,1,0,,,,,,,,,1
1780,2,42,1373.5,2.413884007029877,679.0,358,116,192.76,1.0,1105.3100000000002,268.19,0.6137968693119766,-837.1200000000001,0.12307024376540293,0.023809523809523808,0,40.17999999999999,1,1,,,,,,,,,1
547,2,53,1472.2000000000003,2.3442675159235673,6623.0,491,115,302.75,2.0,854.2000000000002,618.0,0.6289159081646514,-236.20000000000016,0.1705681850192963,0.03773584905660377,0,204.56000000000006,1,1,,,,,,,,,1
1698,0,27,1069.77,2.9389285714285713,548.0,322,95,147.16999999999996,0.0,277.18,792.5899999999999,0.5037905344139395,515.4099999999999,0.12093447499465869,0.0,0,687.7399999999998,1,0,,,,,,,,,1
590,0,95,2546.4400000000014,2.5695660948536845,1189.0,454,114,446.93,1.0,2259.2000000000007,287.24,0.5354887607797549,-1971.9600000000007,0.14930663432853267,0.010526315789473684,0,791.97,1,0,,,,,,,,,1
1033,6,22,1251.0900000000001,3.2751047120418852,542.0,288,89,449.86999999999995,5.0,726.9500000000002,524.14,0.48812635381946934,-202.81000000000017,0.2644800583200075,0.22727272727272727,0,115.88,1,1,,,,,,,,,1
1843,0,33,601.49,4.39043795620438,182.0,118,51,78.85000000000001,0.0,207.2,394.2900000000001,0.42976608089910057,187.0900000000001,0.11589793338624806,0.0,0,168.66000000000003,1,0,,,,,,,,,1
1156,3,27,881.6799999999998,4.119999999999999,319.0,188,82,110.62999999999998,2.0,376.37999999999994,505.29999999999995,0.36738952908084566,128.92000000000002,0.1114873376263466,0.07407407407407407,0,117.64999999999999,1,1,,,,,,,,,1
1718,1,27,674.91,3.081780821917808,246.0,198,92,103.88999999999999,0.0,412.40999999999997,262.5,0.4577202886310767,-149.90999999999997,0.1333975346687211,0.0,0,193.78000000000003,1,0,,,,,,,,,1
229,2,39,991.13,3.0780434782608697,535.0,224,90,342.81,6.0,427.2099999999999,563.92,0.527034798664151,136.71000000000004,0.2569905692909726,0.15384615384615385,0,13.760000000000002,1,1,,,,,,,,,1
1507,0,16,799.2,4.1625000000000005,20426.0,180,81,127.43999999999998,1.0,496.56000000000006,302.64,0.43328328328328325,-193.92000000000007,0.1375291375291375,0.0625,0,700.17,1,0,,,,,,,,,1
767,14,9,402.01,2.196775956284153,218.0,166,67,95.25999999999999,6.0,110.32000000000002,291.69,0.637397079674635,181.36999999999998,0.19156595008747762,0.6666666666666666,0,160.76,1,0,,,,,,,,,1
30,1,24,492.9599999999999,4.362477876106194,64767.0,103,63,81.63999999999999,1.0,337.12000000000006,155.84,0.34739126906848433,-181.28000000000006,0.1420814479638009,0.041666666666666664,0,129.84,1,0,,,,,,,,,1
2471,0,41,730.24,2.3108860759493672,5528.0,269,88,156.77999999999997,0.0,416.31,313.93,0.6167287467134093,-102.38,0.1767491150143176,0.0,0,217.36999999999998,1,0,,,,,,,,,1
1002,3,22,607.22,2.14565371024735,314.0,238,90,97.21999999999998,0.0,356.95,250.27000000000004,0.5546424689568856,-106.67999999999995,0.13801033445005959,0.0,0,366.71,1,0,,,,,,,,,1
2348,51,54,169.96999999999994,1.8678021978021973,105.0,46,26,58.120000000000005,0.0,169.96999999999994,0.0,0.4316055774548452,-169.96999999999994,0.25481169713709506,0.0,0,108.89999999999999,1,0,,,,,,,,,1
1360,5,21,554.62,2.2637551020408164,264.0,133,38,73.32000000000001,0.0,314.71999999999997,239.9,0.4125166780858967,-74.81999999999996,0.11676274803325158,0.0,0,75.57000000000001,1,1,,,,,,,,,1
1013,4,33,904.3000000000001,2.7403030303030307,2832.0,291,90,182.77,1.0,728.98,175.32000000000002,0.5858232887316157,-553.66,0.16813084713955861,0.030303030303030304,0,42.73,1,1,,,,,,,,,1
736,0,45,1970.3700000000003,3.224828150572832,734.0,452,133,251.48999999999998,5.0,400.41999999999996,1569.95,0.556900480620391,1169.5300000000002,0.11318894979881719,0.1111111111111111,0,1091.2500000000002,1,0,,,,,,,,,1
1106,0,23,432.83,3.6372268907563026,172.0,115,57,81.28000000000002,0.0,107.18,325.65,0.3956287688006839,218.46999999999997,0.15809846141876255,0.0,0,250.42999999999998,1,0,,,,,,,,,1
1714,13,7,162.58,3.067547169811321,84.0,48,31,36.51,0.0,115.70000000000002,46.88,0.5295239266822487,-68.82000000000002,0.18338439901552062,0.0,0,102.13999999999999,1,0,,,,,,,,,1
1550,0,248,2029.000000000001,1.7476313522825158,21413.0,561,118,368.88000000000005,0.0,1540.1300000000006,488.8699999999998,0.6425776244455395,-1051.2600000000007,0.15383588836805842,0.0,0,513.4499999999998,1,0,,,,,,,,,1
2122,4,5,113.31,3.777,28614.0,29,13,8.53,0.0,63.769999999999996,49.540000000000006,0.4951019327508604,-14.22999999999999,0.07000984898227182,0.0,0,328.53,1,0,,,,,,,,,1
1176,4,5,115.56,3.501818181818182,49.0,33,16,40.31,0.0,79.6,35.96,0.39295604015230184,-43.63999999999999,0.2586129466863412,0.0,0,125.29,1,0,,,,,,,,,1
1210,2,31,703.1899999999998,2.290521172638436,437.0,246,88,158.46,0.0,172.72999999999993,530.46,0.6407372118488603,357.73000000000013,0.18390297684674756,0.0,0,218.14,1,0,,,,,,,,,1
1415,0,20,214.77,3.3041538461538464,12697.0,50,33,26.59,1.0,93.96,120.81,0.30418587325976626,26.85000000000001,0.11016738481935696,0.05,0,56.64000000000001,1,0,,,,,,,,,1
2339,60,5,228.20000000000005,2.507692307692308,144.0,89,49,49.64,0.0,228.20000000000005,0.0,0.6326029798422436,-228.20000000000005,0.1786639792686438,0.0,0,34.22,1,0,,,,,,,,,1
406,0,33,1382.5100000000002,4.114613095238096,14703.0,289,101,143.89999999999998,0.0,379.24,1003.2700000000002,0.2813433537551265,624.0300000000002,0.09427349139484145,0.0,0,394.14000000000004,1,0,,,,,,,,,1
1737,0,21,255.22000000000003,1.3721505376344088,212.0,140,51,76.57999999999998,1.0,54.370000000000005,200.84999999999997,0.643248961680119,146.47999999999996,0.23080168776371301,0.047619047619047616,0,95.72,1,0,,,,,,,,,1
1625,0,37,420.17000000000013,2.373841807909605,223.0,150,61,65.08,3.0,71.08999999999999,349.0800000000001,0.4965133160387462,277.9900000000001,0.1341164348274085,0.08108108108108109,0,44.47,1,1,,,,,,,,,1
1099,3,26,647.62,3.026261682242991,8077.0,149,51,176.11999999999998,0.0,505.13999999999993,142.48000000000002,0.7442327290695161,-362.6599999999999,0.21380532692354381,0.0,0,35.510000000000005,1,1,,,,,,,,,1
50,6,14,244.4,2.9445783132530123,99.0,76,40,20.990000000000002,0.0,135.19,109.20999999999998,0.7773731587561373,-25.980000000000018,0.07909114887524023,0.0,0,106.98999999999997,1,0,,,,,,,,,1
1893,0,11,243.73000000000002,13.540555555555557,73791.0,14,10,10.41,0.0,34.78,208.95000000000002,0.7795511426578591,174.17000000000002,0.040961674667506096,0.0,0,129.98,1,0,,,,,,,,,1
2315,71,2,141.79,6.164782608695652,31.0,23,16,20.18,0.0,141.79,0.0,0.42175047605613936,-141.79,0.12459097363709329,0.0,0,124.31,1,0,,,,,,,,,1
1522,2,33,1018.8599999999999,2.466973365617433,563.0,348,121,214.71,1.0,313.75,705.1099999999999,0.5578784131283985,391.3599999999999,0.17405578929448676,0.030303030303030304,0,67.7,1,1,,,,,,,,,1
838,1,28,333.33,2.008012048192771,6783.0,147,58,49.16,0.0,187.40999999999997,145.92000000000002,0.5930759307593076,-41.48999999999995,0.1285262359800256,0.0,0,51.36,1,0,,,,,,,,,1
89,13,10,163.36,3.88952380952381,45.0,41,21,9.93,0.0,22.43,140.93,0.7851983349657199,118.5,0.057302787235270346,0.0,0,14.2,1,1,,,,,,,,,1
532,24,22,378.90999999999997,3.3831249999999997,152.0,99,52,36.099999999999994,0.0,346.3399999999999,32.57,0.6597081101053021,-313.7699999999999,0.08698585576251174,0.0,0,22.97,1,1,,,,,,,,,1
1641,6,43,476.68,2.85437125748503,40017.0,134,60,101.01,1.0,226.14,250.54000000000002,0.47161617856843163,24.400000000000034,0.1748515639876058,0.023255813953488372,0,100.94,1,0,,,,,,,,,1
488,5,17,358.56000000000006,2.1216568047337283,193.0,129,61,48.27,0.0,207.0,151.55999999999997,0.3247155287817938,-55.440000000000026,0.11864906717793673,0.0,0,48.400000000000006,1,1,,,,,,,,,1
366,0,47,590.66,1.5963783783783783,418.0,249,76,182.93999999999997,0.0,388.84000000000003,201.82000000000002,0.5887312497883723,-187.02,0.23647880041365046,0.0,0,25.12,1,1,,,,,,,,,1
315,16,10,165.23000000000002,2.9505357142857145,75.0,50,33,30.790000000000006,1.0,90.02000000000001,75.21000000000001,0.3450947164558494,-14.810000000000002,0.1570758085909601,0.1,0,16.96,1,1,,,,,,,,,1
872,7,8,167.08,3.554893617021277,56.0,46,32,17.16,0.0,98.38,68.70000000000002,0.3479770169978453,-29.67999999999998,0.09313938341293965,0.0,0,4.99,1,1,,,,,,,,,1
2155,5,10,259.94000000000005,2.280175438596492,138.0,106,59,58.980000000000004,0.0,165.84000000000003,94.10000000000002,0.5677464030160805,-71.74000000000001,0.1849366612316568,0.0,0,53.89,1,0,,,,,,,,,1
1885,1,8,162.39,5.412999999999999,39131.0,27,19,3.5100000000000002,0.0,18.5,143.89,0.3623375823634461,125.38999999999999,0.021157323688969262,0.0,0,102.95999999999998,1,0,,,,,,,,,1
61,20,9,167.55,4.654166666666667,60.0,36,22,51.41,0.0,138.67000000000002,28.88,0.7758281110116382,-109.79000000000002,0.2347917427840701,0.0,0,16.25,1,1,,,,,,,,,1
146,2,39,791.7500000000001,2.2686246418338114,27812.0,270,90,211.22999999999996,2.0,380.18000000000006,411.56999999999994,0.5277928639090621,31.389999999999873,0.21060240483359585,0.05128205128205128,0,51.269999999999996,1,1,,,,,,,,,1
846,0,28,869.9399999999999,2.8244805194805194,352.0,266,86,130.35,1.0,135.92,734.0199999999999,0.7526381129733084,598.0999999999999,0.1303122094592568,0.03571428571428571,0,250.95999999999998,1,0,,,,,,,,,1
2323,2,25,589.02,5.949696969696969,145768.0,79,45,29.56,0.0,237.1,351.91999999999996,0.6055651760551425,114.81999999999996,0.04778686669468784,0.0,0,192.32,1,0,,,,,,,,,1
2276,1,26,683.0899999999999,2.095368098159509,410.0,264,92,175.60999999999996,0.0,191.82,491.2700000000001,0.5947678929570044,299.4500000000001,0.20450681262373355,0.0,0,324.88,1,0,,,,,,,,,1
199,0,47,463.19999999999993,2.8770186335403722,251.0,122,53,111.28,1.0,212.07,251.13,0.7100388601036272,39.06,0.1937056120317505,0.02127659574468085,0,204.77000000000004,1,0,,,,,,,,,1
858,2,33,455.73999999999995,2.463459459459459,220.0,157,76,73.42999999999999,0.0,277.84,177.89999999999998,0.6088998112959144,-99.94,0.13876448022374663,0.0,0,138.49,1,0,,,,,,,,,1
2418,0,91,1297.84,2.159467554076539,713.0,286,91,207.49,0.0,349.28000000000003,948.56,0.6600197250816742,599.28,0.13783688626414142,0.0,0,274.77,1,0,,,,,,,,,1
2320,2,22,344.42,2.589624060150376,148.0,108,62,35.56,0.0,47.68,296.73999999999995,0.6269670750827476,249.05999999999995,0.09358387283541239,0.0,0,25.17,1,1,,,,,,,,,1
1838,2,32,1107.34,3.4071999999999996,505.0,263,86,391.93,2.0,461.14,646.1999999999998,0.5593133093720087,185.05999999999983,0.2614138880922049,0.0625,0,72.27000000000001,1,1,,,,,,,,,1
1992,2,28,494.37999999999994,3.5312857142857137,194.0,106,53,100.02000000000002,1.0,202.65999999999997,291.72,0.6428253570128243,89.06000000000006,0.16827052489905792,0.03571428571428571,0,34.269999999999996,1,1,,,,,,,,,1
869,0,97,999.0999999999998,2.5950649350649346,481.0,257,95,176.67000000000002,0.0,263.51,735.5899999999998,0.6218596737063358,472.0799999999998,0.15025897922212683,0.0,0,429.57000000000005,1,0,,,,,,,,,1
1168,0,54,718.9399999999999,4.06180790960452,190.0,112,61,63.31999999999999,5.0,259.03000000000003,459.91,0.3788911452972432,200.88,0.0809449543629995,0.09259259259259259,0,155.29,1,0,,,,,,,,,1
238,1,25,640.0900000000001,3.333802083333334,241.0,155,79,84.16999999999999,1.0,410.62000000000006,229.47000000000003,0.398490837226015,-181.15000000000003,0.11621517134730618,0.04,0,53.309999999999995,1,1,,,,,,,,,1
1241,5,75,1138.2899999999995,3.0354399999999986,504.0,286,89,247.23999999999995,3.0,403.97,734.3199999999999,0.6413655571075916,330.3499999999999,0.17844434981559407,0.04,0,903.1600000000002,1,0,,,,,,,,,1
677,7,42,1518.68,2.8927238095238095,641.0,424,132,225.90000000000003,1.0,959.0500000000001,559.63,0.4341928516869913,-399.4200000000001,0.129486753258664,0.023809523809523808,0,82.31,1,1,,,,,,,,,1
15,0,39,795.6000000000001,2.968656716417911,388.0,211,85,144.53,1.0,265.27,530.33,0.4768099547511311,265.06000000000006,0.1537340580558008,0.02564102564102564,0,176.93,1,0,,,,,,,,,1
497,0,53,625.7700000000001,2.2838321167883215,345.0,239,69,134.29999999999998,4.0,362.9500000000001,262.81999999999994,0.7594323793086916,-100.13000000000017,0.17669425184522475,0.07547169811320754,0,140.63,1,0,,,,,,,,,1
2214,0,10,259.59000000000003,3.4612000000000003,118.0,74,40,42.15,0.0,104.24000000000001,155.35,0.4225124234369583,51.109999999999985,0.1396897991648439,0.0,0,191.28,1,0,,,,,,,,,1
375,0,20,174.99,2.499857142857143,7639.0,51,30,61.330000000000005,1.0,63.36,111.63000000000001,0.6365506600377164,48.27000000000001,0.2595209884901828,0.05,0,28.95,1,0,,,,,,,,,1
1571,2,45,510.48999999999995,3.358486842105263,25349.0,130,52,52.29,0.0,387.62,122.87000000000002,0.44982271934807744,-264.75,0.09291374960019902,0.0,0,57.379999999999995,1,1,,,,,,,,,1
1208,0,41,769.7799999999999,2.5074267100977194,14435.0,256,96,116.75999999999998,0.0,286.38,483.39999999999986,0.5166541089661982,197.01999999999987,0.13170302524420782,0.0,0,308.2800000000001,1,0,,,,,,,,,1
551,0,43,707.8600000000001,2.70175572519084,317.0,195,86,203.13,0.0,388.53,319.33000000000004,0.44041194586500154,-69.19999999999993,0.2229772006278883,0.0,0,145.79,1,0,,,,,,,,,1
1298,0,38,1133.3600000000001,2.5074336283185845,10041.0,358,120,225.85999999999996,2.0,277.72,855.6400000000001,0.655246347144773,577.9200000000001,0.16616883212430655,0.05263157894736842,0,354.63,1,0,,,,,,,,,1
1690,0,49,1100.25,2.8503886010362693,534.0,285,105,232.5,3.0,543.6600000000001,556.5899999999999,0.5217814133151556,12.929999999999836,0.17445132245357345,0.061224489795918366,0,407.7899999999999,1,0,,,,,,,,,1
1513,2,53,794.64,3.3248535564853556,295.0,206,66,144.15,1.0,288.33000000000004,506.31,0.7140088593576968,217.97999999999996,0.15354871696545555,0.018867924528301886,0,137.25000000000003,1,0,,,,,,,,,1
1283,2,40,270.96000000000004,1.5938823529411767,193.0,142,67,64.67999999999999,3.0,113.91000000000001,157.05,0.760333628579864,43.14,0.19270647121916334,0.075,0,61.50000000000001,1,0,,,,,,,,,1
424,1,19,2072.15,4.211686991869919,752.0,403,123,236.55999999999992,2.0,366.41,1705.7400000000002,0.38699901068938053,1339.3300000000002,0.102464146644663,0.10526315789473684,0,369.63999999999993,1,0,,,,,,,,,1
2242,4,96,843.97,2.0685539215686277,5065.0,341,112,240.57999999999998,0.0,478.95000000000005,365.02,0.5598066281976849,-113.93000000000006,0.22182471992992484,0.0,0,395.1,1,0,,,,,,,,,1
773,2,14,498.80999999999995,3.6409489051094885,167.0,126,77,55.58999999999999,0.0,132.07,366.74,0.5960385718008862,234.67000000000002,0.10027056277056276,0.0,0,400.82000000000005,1,0,,,,,,,,,1
1373,1,31,515.26,3.9635384615384615,13161.0,112,54,58.33999999999999,0.0,225.64,289.62,0.5719830765050654,63.98000000000002,0.10170850767085074,0.0,0,142.26000000000002,1,0,,,,,,,,,1
2389,0,50,1345.9199999999998,2.5063687150837985,4413.0,394,117,380.36999999999995,1.0,601.43,744.4899999999999,0.5774563124108417,143.05999999999995,0.2203395721460473,0.02,0,139.52000000000004,1,1,,,,,,,,,1
190,3,22,656.8600000000001,2.999360730593608,267.0,195,74,131.08999999999997,0.0,273.28,383.5800000000001,0.6161891422829826,110.30000000000013,0.16636842439241065,0.0,0,39.42,1,1,,,,,,,,,1
225,2,41,672.57,2.647913385826772,299.0,191,81,106.03999999999999,0.0,396.9,275.67,0.6706959870348068,-121.22999999999996,0.13619141803984022,0.0,0,57.25000000000001,1,1,,,,,,,,,1
945,1,41,1424.6200000000001,3.3130697674418608,23620.0,299,87,244.02,7.0,457.34000000000003,967.28,0.4471578385815164,509.93999999999994,0.1462388531978138,0.17073170731707318,0,501.41,1,0,,,,,,,,,1
1244,1,32,594.6200000000001,2.778598130841122,255.0,198,74,104.17,0.0,272.46999999999997,322.15,0.5865763008307825,49.68000000000001,0.1490719672576883,0.0,0,8.83,1,1,,,,,,,,,1
824,1,39,698.5,2.2459807073954985,359.0,238,92,193.78,1.0,87.69999999999999,610.8000000000001,0.5717680744452398,523.1000000000001,0.21717398126148743,0.02564102564102564,0,468.5300000000001,1,0,,,,,,,,,1
1372,3,24,1207.3600000000001,3.095794871794872,16932.0,249,82,218.07,2.0,648.8,558.56,0.5668400477073947,-90.24000000000001,0.1529854149274254,0.08333333333333333,0,129.71,1,1,,,,,,,,,1
959,0,46,757.4300000000001,3.5393925233644863,56507.0,143,82,102.97999999999999,9.0,73.92000000000002,683.51,0.4715023170457996,609.5899999999999,0.11968712590509173,0.1956521739130435,0,317.26,1,0,,,,,,,,,1
1842,5,17,847.11,3.220950570342205,328.0,169,75,85.41,1.0,658.7600000000001,188.35,0.4014472736716601,-470.4100000000001,0.09159052888946081,0.058823529411764705,0,59.540000000000006,1,1,,,,,,,,,1
63,0,29,514.98,4.858301886792453,138.0,60,33,67.05999999999999,0.0,302.61,212.37000000000003,0.3799953396248398,-90.23999999999998,0.11521544911002679,0.0,0,74.62,1,1,,,,,,,,,1
501,0,17,354.38000000000005,3.508712871287129,125.0,96,55,60.760000000000005,4.0,127.05000000000001,227.32999999999998,0.39406851402449344,100.27999999999997,0.14636026400732283,0.23529411764705882,0,123.75,1,0,,,,,,,,,1
1276,10,17,582.11,2.6949537037037037,5986.0,179,86,59.339999999999996,0.0,483.32,98.79000000000002,0.30258885777602174,-384.53,0.09250915893678384,0.0,0,41.34,1,1,,,,,,,,,1
327,29,26,207.79000000000005,1.960283018867925,119.0,91,47,42.330000000000005,0.0,197.78000000000006,10.01,0.5663410173733094,-187.77000000000007,0.16923876539261154,0.0,0,18.919999999999998,1,1,,,,,,,,,1
610,7,22,555.1300000000001,2.2566260162601632,367.0,204,65,147.89000000000001,2.0,250.21999999999997,304.90999999999997,0.737845189415092,54.69,0.21036385878068903,0.09090909090909091,0,17.93,1,1,,,,,,,,,1
801,2,21,1269.2500000000002,4.273569023569024,575.0,212,78,561.3799999999999,1.0,684.3200000000002,584.9300000000002,0.5165255071892849,-99.38999999999999,0.30665945603426137,0.047619047619047616,0,382.81999999999994,1,0,,,,,,,,,1
1183,52,8,158.77999999999997,1.8679999999999997,137.0,77,48,60.519999999999996,2.0,158.77999999999997,0.0,0.7261619851366671,-158.77999999999997,0.27596899224806204,0.25,0,101.25999999999999,1,0,,,,,,,,,1
1477,3,14,258.46000000000004,3.589722222222223,84.0,52,35,32.440000000000005,0.0,203.23000000000002,55.230000000000004,0.45492532693646986,-148.0,0.11151598487452734,0.0,0,20.74,1,1,,,,,,,,,1
813,2,27,1661.62,3.329899799599198,565.0,375,123,212.25,0.0,731.8599999999999,929.76,0.46635211420180306,197.9000000000001,0.11326826300650526,0.0,0,403.47999999999996,1,0,,,,,,,,,1
789,4,16,231.36,3.453134328358209,75.0,58,39,21.11,1.0,96.5,134.85999999999999,0.469744121715076,38.359999999999985,0.08361389472016476,0.0625,0,138.94,1,0,,,,,,,,,1
2104,1,28,451.3900000000001,2.9696710526315795,15545.0,144,65,110.4,0.0,92.25000000000001,359.1400000000001,0.491747712621015,266.8900000000001,0.19651471190302425,0.0,0,43.18,1,1,,,,,,,,,1
1755,0,26,813.7300000000001,3.0706792452830194,315.0,231,97,89.61,0.0,531.7000000000002,282.03000000000003,0.5620906197387339,-249.67000000000013,0.09919852990014832,0.0,0,388.78,1,0,,,,,,,,,1
814,49,18,481.4699999999999,3.297739726027397,5234.0,121,66,76.8,0.0,481.4699999999999,0.0,0.4118013583400836,-481.4699999999999,0.13756784351657803,0.0,0,292.28999999999996,1,0,,,,,,,,,1
1254,19,5,215.45,2.59578313253012,102.0,75,48,54.22,0.0,134.76,80.69,0.48354606637270825,-54.06999999999999,0.20106055549375165,0.0,0,36.86,1,0,,,,,,,,,1
1553,0,12,77.47000000000001,1.5190196078431375,62.0,49,27,11.0,0.0,66.43,11.040000000000001,0.6062992125984251,-55.39000000000001,0.12433593308466145,0.0,0,63.37000000000001,1,0,,,,,,,,,1
613,11,6,230.36,2.326868686868687,138.0,83,43,81.58000000000001,0.0,178.77,51.589999999999996,0.6940006945650287,-127.18,0.2615246521767006,0.0,0,116.95000000000002,1,0,,,,,,,,,1
1355,2,4,128.07,4.0021875,55.0,31,20,55.28,1.0,75.66,52.41,0.48668696806433986,-23.25,0.3014998636487592,0.25,0,419.75,1,0,,,,,,,,,1
1202,2,18,382.64,3.7885148514851483,215.0,71,38,103.84,3.0,200.76999999999998,181.87,0.7480399330963831,-18.899999999999977,0.21345173491202105,0.16666666666666666,0,204.82999999999998,1,0,,,,,,,,,1
711,3,22,256.68999999999994,2.8521111111111104,113.0,75,40,56.059999999999995,0.0,12.98,243.70999999999998,0.6480190112587169,230.73,0.17924860111910473,0.0,0,173.09999999999997,1,0,,,,,,,,,1
76,3,14,270.37000000000006,2.9072043010752693,148.0,90,53,67.74,0.0,134.07000000000002,136.3,0.4903650552945961,2.2299999999999898,0.20034899884652918,0.0,0,45.57,1,0,,,,,,,,,1
206,48,14,363.77000000000004,2.6170503597122305,162.0,116,62,74.94000000000001,1.0,363.77000000000004,0.0,0.5399565659620089,-363.77000000000004,0.17081899204485881,0.07142857142857142,0,22.83,1,1,,,,,,,,,1
163,6,15,263.84999999999997,2.5616504854368927,13570.0,97,55,35.9,1.0,241.57,22.280000000000005,0.4954330111805951,-219.29,0.11976647206005006,0.06666666666666667,0,8.67,1,1,,,,,,,,,1
724,2,24,623.4200000000001,3.388152173913044,12887.0,118,65,60.209999999999994,0.0,394.51000000000005,228.91,0.40234512848480963,-165.60000000000005,0.08807395813524857,0.0,0,15.879999999999999,1,1,,,,,,,,,1
1867,0,70,937.4399999999998,4.300183486238532,62220.0,165,69,354.33000000000004,9.0,682.04,255.4,0.43210232121522457,-426.64,0.2742980561555076,0.12857142857142856,0,156.07,1,0,,,,,,,,,1
860,9,51,254.26999999999998,1.7297278911564624,192.0,86,29,76.45999999999998,12.0,245.99999999999997,8.27,0.7132575608605027,-237.72999999999996,0.23118555921748854,0.23529411764705882,0,6.79,1,1,,,,,,,,,1
274,0,13,102.88000000000001,1.9411320754716983,56.0,51,26,9.41,1.0,20.310000000000002,82.57000000000001,0.4640357698289268,62.260000000000005,0.0838008727402262,0.07692307692307693,0,17.189999999999998,1,0,,,,,,,,,1
10,17,7,163.94,3.2788,75.0,46,29,15.629999999999999,0.0,133.98,29.96,0.4252165426375504,-104.01999999999998,0.08704126524475135,0.0,0,70.4,1,0,,,,,,,,,1
1721,1,12,292.85,2.5245689655172416,144.0,110,48,70.05000000000001,0.0,2.3899999999999997,290.46,0.6944852313471059,288.07,0.1930283824745109,0.0,0,46.74,1,0,,,,,,,,,1
487,2,7,106.91999999999999,3.144705882352941,35.0,34,23,19.459999999999997,0.0,17.080000000000002,89.84,0.47100635989524886,72.76,0.1539800601360975,0.0,0,26.76,1,0,,,,,,,,,1
1984,1,1,6.0,2.0,4.0,3,2,2.5600000000000005,0.0,0.0,6.0,1.0,6.0,0.2990654205607477,0.0,0,32.94,1,0,,,,,,,,,1
2000,1,57,530.12,2.6243564356435645,247.0,154,63,154.58999999999997,1.0,241.37,288.75,0.5499132271938428,47.379999999999995,0.22577441544595517,0.017543859649122806,0,22.17,1,1,,,,,,,,,1
1399,0,24,731.3499999999999,2.708703703703703,400.0,200,67,133.8,0.0,287.15999999999997,444.18999999999994,0.5964312572639641,157.02999999999997,0.15465526209327865,0.0,0,301.28,1,0,,,,,,,,,1
2353,1,12,363.89,2.842890625,170.0,104,67,84.69999999999999,8.0,116.15,247.74,0.5787463244387041,131.59,0.18881383891749703,0.6666666666666666,0,48.86,1,1,,,,,,,,,1
1255,0,21,417.84999999999997,2.6115625,241.0,132,52,160.42,0.0,294.61000000000007,123.24,0.5457939451956444,-171.37000000000006,0.2774136648970204,0.0,0,104.45,1,0,,,,,,,,,1
974,8,34,1766.7500000000002,3.0200854700854705,826.0,445,101,326.30999999999995,2.0,894.9900000000002,871.7600000000002,0.5551945662940427,-23.230000000000018,0.15590092973923342,0.058823529411764705,0,226.31000000000003,1,1,,,,,,,,,1
66,1,28,363.6799999999999,2.177724550898203,227.0,151,69,75.23999999999998,0.0,292.2199999999999,71.46,0.5323911130664322,-220.75999999999993,0.17142076004738907,0.0,0,32.269999999999996,1,1,,,,,,,,,1
781,1,46,1392.3600000000001,3.007257019438445,728.0,286,90,523.01,14.0,483.37,908.99,0.5182567726737337,425.62,0.2730595133055232,0.30434782608695654,0,273.15,1,0,,,,,,,,,1
2321,1,12,258.53999999999996,2.971724137931034,108.0,84,52,27.169999999999995,3.0,98.39999999999998,160.14,0.6125551171965653,61.74000000000001,0.09509642644639668,0.25,0,77.55,1,0,,,,,,,,,1
169,2,23,247.53,6.69,66923.0,26,17,23.96,0.0,188.66,58.870000000000005,0.678826808871652,-129.79,0.08825371100224685,0.0,0,8.05,1,1,,,,,,,,,1
1273,0,12,168.82000000000002,3.6700000000000004,50.0,41,24,11.420000000000002,0.0,123.58000000000001,45.24,0.5672313706906764,-78.34,0.06335996449178873,0.0,0,96.22000000000001,1,0,,,,,,,,,1
263,0,283,5110.960000000002,2.6236960985626294,2348.0,753,149,947.1200000000001,12.0,1745.7800000000002,3365.1800000000003,0.4950713760232908,1619.4,0.15633996249636847,0.04240282685512368,5,759.3699999999999,1,0,45-54,U,35-49K,Unknown,2 Adults No Kids,2,None/Unknown,263.0,1
1285,1,119,4137.110000000001,2.2206709608158888,37101.0,779,146,1163.7199999999998,43.0,1423.51,2713.600000000001,0.5119008196542998,1290.0900000000008,0.21953543124378633,0.36134453781512604,2,911.4799999999996,1,0,25-34,B,25-34K,Renter,1 Adult Kids,3,2,1285.0,1
1394,2,131,3659.230000000001,2.9018477398889777,1526.0,548,135,645.36,15.0,1546.3500000000001,2112.88,0.5063114371056204,566.53,0.14992368611180157,0.11450381679389313,5,732.3500000000001,1,0,45-54,A,50-74K,Homeowner,2 Adults No Kids,2,None/Unknown,1394.0,1
1800,1,73,3192.02,4.895736196319018,538543.0,505,144,379.80000000000007,4.0,1243.8700000000001,1948.15,0.40783892331501687,704.28,0.10633234597488117,0.0547945205479452,1,475.2900000000001,1,0,35-44,A,175-199K,Homeowner,2 Adults No Kids,2,None/Unknown,1800.0,1
1953,1,96,2508.26,3.2574805194805196,1013.0,508,113,385.12,2.0,604.4499999999998,1903.8100000000004,0.42578121885291,1299.3600000000006,0.13310384394721744,0.020833333333333332,2,214.55,1,1,45-54,U,50-74K,Homeowner,Unknown,1,None/Unknown,1953.0,1
2328,0,133,11802.63000000001,4.685442635966657,87160.0,1360,200,1109.49,13.0,6366.300000000005,5436.330000000004,0.46996559241457175,-929.9700000000012,0.08592624603860552,0.09774436090225563,9,2390.9800000000005,1,0,45-54,U,250K+,Homeowner,2 Adults No Kids,2,None/Unknown,2328.0,1
329,0,123,2392.91,2.128923487544484,1249.0,506,131,202.45999999999998,0.0,830.4399999999999,1562.4700000000003,0.5130489654855385,732.0300000000003,0.07800814527408423,0.0,6,633.7999999999997,1,0,25-34,U,75-99K,Unknown,Single Female,1,None/Unknown,329.0,1
1982,0,139,3676.989999999999,2.5731210636808948,306549.0,491,107,433.7099999999999,0.0,1689.2699999999995,1987.7199999999998,0.5017827081389944,298.4500000000003,0.10550757778480552,0.0,2,536.8599999999999,1,1,25-34,U,100-124K,Unknown,Single Male,1,None/Unknown,1982.0,1
165,0,155,2676.4800000000005,3.15622641509434,273275.0,453,115,934.9399999999999,17.0,1212.73,1463.7499999999998,0.3342487147297943,251.01999999999975,0.25888431697227127,0.10967741935483871,7,318.99,1,1,55-64,A,35-49K,Homeowner,2 Adults No Kids,2,None/Unknown,165.0,1
762,0,779,7482.040000000007,3.2125547445255505,320167.0,1433,202,939.5099999999999,2.0,2371.31,5110.730000000003,0.3401973258629995,2739.4200000000033,0.11156022347430095,0.0025673940949935813,8,1500.7500000000005,1,0,35-44,A,125-149K,Renter,Single Female,2,None/Unknown,762.0,1
110,1,162,3113.5200000000004,2.398705701078583,171260.0,784,154,550.1399999999999,2.0,1626.2799999999997,1487.24,0.5207610678588863,-139.03999999999974,0.15016131409574027,0.012345679012345678,4,347.79999999999995,1,1,25-34,U,35-49K,Homeowner,Single Female,1,None/Unknown,110.0,1
2497,0,194,6013.260000000003,3.4598734177215205,7314.0,874,168,1197.99,12.0,2419.2900000000004,3593.970000000001,0.5961757848488173,1174.6800000000007,0.1661279251170046,0.061855670103092786,3,1098.7200000000003,1,0,45-54,U,35-49K,Unknown,Single Male,1,None/Unknown,2497.0,1
1989,0,135,2590.83,2.243142857142857,109666.0,390,107,587.9399999999999,34.0,984.0900000000001,1606.74,0.5038423979960089,622.6499999999999,0.18495833294009945,0.2518518518518518,3,462.03999999999996,1,0,65+,U,15-24K,Homeowner,Single Female,1,None/Unknown,1989.0,1
13,0,229,11120.260000000004,5.630511392405065,1563490.0,905,156,1717.16,259.0,4736.880000000001,6383.380000000003,0.3720056905144302,1646.5000000000018,0.13376207991948535,1.1310043668122272,8,2070.6600000000003,1,0,25-34,U,75-99K,Homeowner,2 Adults Kids,4,2,13.0,1
378,0,298,4250.260000000002,3.0910981818181833,136756.0,660,154,620.8899999999999,26.0,2276.1400000000003,1974.1200000000006,0.4929416082780817,-302.01999999999975,0.12746271414347735,0.087248322147651,5,465.15999999999997,1,1,55-64,A,50-74K,Homeowner,Single Female,2,None/Unknown,378.0,1
740,0,94,5534.080000000001,2.8020658227848108,2845.0,1014,181,1049.77,3.0,1974.7000000000003,3559.38,0.49488803920434815,1584.6799999999998,0.15944622067635197,0.031914893617021274,5,1110.7700000000004,1,0,45-54,A,175-199K,Homeowner,Single Female,2,None/Unknown,740.0,1
2390,3,46,1043.8300000000002,3.134624624624625,15465.0,283,125,130.25,5.0,534.3499999999999,509.4799999999999,0.36631443817479853,-24.870000000000005,0.11093792586535839,0.10869565217391304,2,2.76,1,1,25-34,A,50-74K,Unknown,Single Female,2,None/Unknown,2390.0,1
1765,0,55,2684.0500000000006,2.670696517412936,27862.0,702,142,567.7499999999999,1.0,625.55,2058.5,0.6073210260613622,1432.95,0.17459560858601383,0.01818181818181818,1,264.96,1,1,45-54,U,35-49K,Unknown,Single Male,1,None/Unknown,1765.0,1
1229,0,323,15096.440000000011,4.1067573449401555,1069876.0,1620,204,1407.0399999999997,32.0,6981.690000000004,8114.750000000007,0.36790064412536977,1133.0600000000031,0.08525717000293265,0.09907120743034056,8,3207.8700000000026,1,0,55-64,A,150-174K,Homeowner,2 Adults No Kids,2,None/Unknown,1229.0,1
371,0,139,12979.900000000014,2.7075302461410127,5979.0,1853,195,2349.33,16.0,4795.800000000003,8184.1000000000095,0.5926108829806082,3388.3000000000065,0.15325818713660097,0.11510791366906475,8,2736.6400000000003,1,0,35-44,A,75-99K,Homeowner,2 Adults Kids,3,1,371.0,1
2324,0,120,2192.54,2.927289719626168,14130.0,497,141,507.77,71.0,702.56,1489.98,0.5541837321097903,787.4200000000001,0.1880413730275413,0.5916666666666667,9,479.22999999999996,1,0,35-44,A,50-74K,Homeowner,2 Adults No Kids,2,None/Unknown,2324.0,1
2020,0,228,7637.660000000005,3.0416806053365213,3357.0,1183,177,1144.8099999999997,3.0,2667.5200000000013,4970.140000000004,0.5079553161570427,2302.6200000000026,0.13035171198990705,0.013157894736842105,5,820.5500000000001,1,1,35-44,A,100-124K,Unknown,2 Adults Kids,5+,3+,2020.0,1
808,0,185,2126.12,2.7792418300653594,105718.0,506,131,322.56,0.0,866.3399999999997,1259.7800000000002,0.4794226102007413,393.4400000000005,0.1317281147393698,0.0,2,191.78,1,1,45-54,U,75-99K,Homeowner,2 Adults Kids,3,1,808.0,1
74,0,126,1954.3699999999997,1.9861483739837396,1409.0,386,109,858.5899999999999,10.0,1027.7799999999997,926.5899999999999,0.5352671193274561,-101.18999999999983,0.30522652295091296,0.07936507936507936,5,93.26999999999998,1,1,65+,A,15-24K,Homeowner,2 Adults No Kids,2,None/Unknown,74.0,1
932,0,149,5416.690000000002,3.1695084844938575,4996.0,948,160,773.8499999999999,6.0,2961.970000000001,2454.7200000000007,0.5343669288809215,-507.25000000000045,0.1250052499458851,0.040268456375838924,9,429.27000000000004,1,1,19-24,U,15-24K,Unknown,2 Adults No Kids,2,None/Unknown,932.0,1
2342,0,167,4964.6900000000005,5.667454337899544,903933.0,430,119,900.88,49.0,2154.82,2809.87,0.42641333094312023,655.0499999999997,0.15358780135604894,0.2934131736526946,1,969.6699999999998,1,0,55-64,U,100-124K,Homeowner,Unknown,1,None/Unknown,2342.0,1
725,2,116,4201.130000000001,1.9558333333333338,2884.0,737,105,1414.45,7.0,1402.76,2798.370000000001,0.7041272229138349,1395.6100000000008,0.25187959213473937,0.0603448275862069,5,627.4499999999998,1,0,45-54,U,25-34K,Unknown,Single Female,1,None/Unknown,725.0,1
2064,0,218,4309.380000000001,3.1547437774524165,22023.0,949,170,496.52,4.0,835.3900000000001,3473.9900000000007,0.5204553787319751,2638.6000000000004,0.10331467571110506,0.01834862385321101,3,1115.4700000000003,1,0,19-24,U,50-74K,Unknown,Single Female,1,None/Unknown,2064.0,1
1722,0,231,10283.780000000002,3.8102185994812903,292390.0,1186,180,3035.9400000000005,51.0,5060.730000000001,5223.05,0.7233740900719385,162.3199999999988,0.22792821470721605,0.22077922077922077,6,945.9300000000001,1,1,45-54,U,15-24K,Unknown,2 Adults No Kids,2,None/Unknown,1722.0,1
1094,0,81,5073.350000000002,3.382233333333335,20633.0,937,152,958.2600000000001,12.0,1451.4000000000003,3621.9500000000016,0.5106566666995178,2170.550000000001,0.15887300405695987,0.14814814814814814,7,862.22,1,0,45-54,A,75-99K,Homeowner,2 Adults Kids,5+,3+,1094.0,1
2266,0,122,7347.040000000003,3.1559450171821317,206421.0,1266,188,887.25,1.0,2508.350000000001,4838.690000000002,0.4289918116683724,2330.3400000000015,0.10775063788134735,0.00819672131147541,4,1407.0800000000008,1,0,25-34,B,35-49K,Homeowner,Single Male,1,None/Unknown,2266.0,1
317,2,54,5165.8,3.374134552580013,2155.0,794,153,857.8400000000001,44.0,2310.46,2855.34,0.580022455379612,544.8800000000001,0.14241222915048046,0.8148148148148148,5,917.5,1,0,45-54,A,75-99K,Homeowner,Single Male,2,None/Unknown,317.0,1
2411,5,74,1965.3800000000006,2.946596701649176,714.0,450,130,186.77,0.0,831.4799999999999,1133.9000000000003,0.26842137398365706,302.4200000000004,0.08678298445740304,0.0,2,53.870000000000005,1,1,65+,A,Under 15K,Homeowner,2 Adults No Kids,2,None/Unknown,2411.0,1
816,0,97,3146.8000000000006,2.8555353901996376,20716.0,696,147,434.91999999999996,17.0,1634.6900000000003,1512.11,0.5894082877844159,-122.58000000000038,0.1214276939570932,0.17525773195876287,7,321.85999999999996,1,1,25-34,U,50-74K,Unknown,Single Female,1,None/Unknown,816.0,1
42,0,75,1701.54,2.0649757281553396,1186.0,274,73,488.22000000000014,19.0,754.9599999999999,946.5799999999999,0.42783008333627187,191.62,0.22295594037702765,0.25333333333333335,3,284.32,1,0,65+,U,50-74K,Unknown,Single Male,1,None/Unknown,42.0,1
706,0,109,3294.2100000000005,3.0787009345794396,112643.0,828,167,644.1799999999998,1.0,1014.27,2279.9400000000005,0.5035198120338411,1265.6700000000005,0.16356429911715187,0.009174311926605505,5,730.39,1,0,45-54,B,50-74K,Homeowner,2 Adults No Kids,2,None/Unknown,706.0,1
117,0,86,2343.52,1.8763170536429143,26555.0,666,132,512.99,18.0,1020.0799999999999,1323.44,0.5910596026490066,303.3600000000001,0.17958627836065688,0.20930232558139536,6,224.69000000000005,1,1,65+,B,35-49K,Probable Owner,2 Adults No Kids,2,None/Unknown,117.0,1
895,0,182,7347.470000000002,4.5750124533001255,338927.0,621,145,730.2499999999998,4.0,3440.9900000000007,3906.480000000001,0.5457538445206308,465.49000000000024,0.09040298500071797,0.02197802197802198,9,1352.6799999999998,1,0,45-54,U,150-174K,Unknown,Single Male,1,None/Unknown,895.0,1
211,0,85,2012.6899999999998,2.4545,1241.0,310,85,352.50000000000006,0.0,1112.28,900.4099999999999,0.7999791324048906,-211.87000000000012,0.1490366524465265,0.0,2,231.37,1,1,65+,A,35-49K,Homeowner,Single Female,2,None/Unknown,211.0,1
1689,0,112,2352.9500000000003,4.743850806451613,115498.0,325,104,572.33,1.0,589.52,1763.43,0.3736415988440042,1173.91,0.19564964721325823,0.008928571428571428,2,358.8399999999999,1,0,45-54,U,50-74K,Unknown,Unknown,1,None/Unknown,1689.0,1
1357,0,76,2835.6099999999997,5.957163865546218,94775.0,200,71,1010.2500000000001,29.0,851.63,1983.9800000000005,0.5779215054256405,1132.3500000000004,0.2626850691392823,0.3815789473684211,4,226.29000000000002,1,1,55-64,A,25-34K,Homeowner,2 Adults No Kids,2,None/Unknown,1357.0,1
741,0,73,2702.0900000000006,2.8654188759278902,46814.0,577,149,519.6999999999999,2.0,805.73,1896.3600000000008,0.40520115910276844,1090.6300000000008,0.16130784439705873,0.0273972602739726,2,712.51,1,0,65+,U,50-74K,Homeowner,2 Adults Kids,3,1,741.0,1
1160,0,125,3808.880000000001,2.367234307022996,36118.0,843,142,860.15,0.0,1871.5500000000004,1937.3300000000004,0.5706611917414042,65.77999999999997,0.18422456056182973,0.0,4,569.08,1,0,65+,U,35-49K,Homeowner,Single Female,1,None/Unknown,1160.0,1
1041,0,234,5741.960000000003,2.675657036346693,2882.0,1298,159,899.2399999999996,4.0,1592.8100000000006,4149.150000000003,0.5656744386934075,2556.340000000003,0.13540324037824478,0.017094017094017096,7,1414.740000000001,1,0,25-34,U,35-49K,Unknown,Single Male,1,None/Unknown,1041.0,1
2298,1,71,2149.24,2.980915395284327,985.0,444,106,450.6299999999999,18.0,859.47,1289.7699999999995,0.6306322234836499,430.2999999999995,0.17332789716408895,0.2535211267605634,2,560.2899999999998,1,0,65+,A,50-74K,Probable Renter,Single Female,2,None/Unknown,2298.0,1
2494,4,27,1569.2400000000005,3.6241108545034653,37829.0,354,122,303.39,2.0,455.68000000000006,1113.5600000000004,0.5091063189824373,657.8800000000003,0.16201278415917714,0.07407407407407407,2,551.6899999999999,1,0,35-44,U,50-74K,Homeowner,2 Adults No Kids,2,None/Unknown,2494.0,1
857,0,38,3390.9800000000005,2.73907915993538,1526.0,579,127,461.15999999999997,2.0,1079.03,2311.9500000000007,0.7191195465617608,1232.9200000000008,0.11971527514576312,0.05263157894736842,4,649.83,1,0,65+,A,35-49K,Homeowner,1 Adult Kids,3,1,857.0,1
1929,0,52,3729.08,2.405858064516129,1865.0,704,136,645.9899999999999,1.0,1932.3200000000002,1796.7600000000002,0.5877160050200049,-135.55999999999995,0.1476524947029419,0.019230769230769232,5,666.75,1,0,35-44,B,25-34K,Homeowner,Single Male,1,None/Unknown,1929.0,1
1131,0,77,2155.4800000000005,2.6000965018094093,948.0,588,131,458.56,5.0,490.77,1664.71,0.47682650732087517,1173.94,0.17542195222720383,0.06493506493506493,4,879.2899999999998,1,0,45-54,B,50-74K,Homeowner,2 Adults Kids,3,1,1131.0,1
434,0,97,3257.7500000000005,2.3437050359712233,5054.0,686,136,582.12,0.0,1548.2900000000002,1709.46,0.5652428823574551,161.16999999999985,0.15159888225382628,0.0,8,521.0,1,0,35-44,A,15-24K,Homeowner,2 Adults Kids,3,1,434.0,1
1445,0,149,4121.100000000002,3.030220588235296,1611.0,788,158,747.1500000000001,10.0,808.52,3312.5800000000017,0.5835820533352742,2504.0600000000018,0.15347404097981818,0.06711409395973154,8,1009.4900000000002,1,0,35-44,A,Under 15K,Homeowner,2 Adults No Kids,2,None/Unknown,1445.0,1
672,0,95,1936.9200000000005,2.3506310679611655,58362.0,483,122,583.6899999999999,7.0,1164.2800000000007,772.64,0.5984707680234598,-391.64000000000067,0.23156696196555587,0.07368421052631578,1,794.23,1,0,35-44,U,25-34K,Unknown,2 Adults No Kids,2,None/Unknown,672.0,1
1648,1,106,4977.920000000002,3.849899458623358,454306.0,793,144,1305.5000000000005,116.0,715.7599999999999,4262.160000000001,0.44155591090254553,3546.400000000001,0.20776901750957283,1.0943396226415094,6,272.44,1,1,35-44,U,15-24K,Probable Renter,Single Female,1,None/Unknown,1648.0,1
7,1,42,2420.1200000000003,2.6980156075808255,1081.0,642,139,349.44,14.0,696.2200000000001,1723.9,0.5147719947771184,1027.6799999999998,0.12617166625745604,0.3333333333333333,4,979.9300000000001,1,0,45-54,A,50-74K,Homeowner,2 Adults No Kids,2,None/Unknown,7.0,1
2208,0,175,8325.360000000008,2.8307922475348546,63454.0,1425,184,1360.9599999999998,7.0,4932.970000000005,3392.390000000002,0.5769336100781224,-1540.5800000000027,0.14050330775774483,0.04,9,1131.47,1,1,35-44,U,50-74K,Unknown,1 Adult Kids,3,2,2208.0,1
216,0,104,2370.8700000000003,3.893054187192119,911.0,335,118,280.06999999999994,6.0,803.9700000000001,1566.9,0.43902871097951374,762.93,0.10564931684609984,0.057692307692307696,2,253.62999999999997,1,1,35-44,U,50-74K,Homeowner,Unknown,1,None/Unknown,216.0,1
630,0,182,6603.77,4.313370346178968,796464.0,720,139,2416.0099999999993,80.0,3173.22,3430.550000000001,0.4020536754005666,257.3300000000013,0.2678568656885201,0.43956043956043955,6,1142.5000000000002,1,0,35-44,A,35-49K,Homeowner,2 Adults Kids,3,1,630.0,1
1454,0,121,3752.800000000001,3.661268292682928,196504.0,525,136,673.56,26.0,227.61000000000004,3525.190000000001,0.43272223406523114,3297.580000000001,0.15217018046430925,0.21487603305785125,3,1181.2000000000003,1,0,65+,A,75-99K,Homeowner,2 Adults No Kids,2,None/Unknown,1454.0,1
1024,0,131,8257.240000000003,3.748179754879711,109879.0,1053,165,1949.63,40.0,3444.23,4813.010000000002,0.5017197029515913,1368.780000000002,0.19101154418543584,0.3053435114503817,5,1191.51,1,1,25-34,A,Under 15K,Homeowner,2 Adults Kids,4,2,1024.0,1
2006,1,83,3408.3600000000006,2.8835532994923865,54048.0,671,138,887.11,41.0,1920.1400000000003,1488.2200000000003,0.5990652395873675,-431.9200000000001,0.20652221992005532,0.4939759036144578,4,1464.88,1,0,45-54,U,Under 15K,Unknown,Single Male,1,None/Unknown,2006.0,1
39,0,55,4477.800000000002,2.7056193353474334,13544.0,1129,164,755.64,21.0,2792.2300000000005,1685.5700000000002,0.6572691946938227,-1106.6600000000003,0.14438686600018336,0.38181818181818183,4,555.8600000000001,1,1,35-44,A,125-149K,Homeowner,2 Adults No Kids,2,None/Unknown,39.0,1
1949,0,44,1347.7300000000002,2.9108639308855295,648.0,333,109,313.28000000000003,0.0,101.91000000000001,1245.8200000000004,0.5440036209032966,1143.9100000000003,0.18860813601363025,0.0,1,311.23,1,0,45-54,U,Under 15K,Unknown,Single Female,1,None/Unknown,1949.0,1
1012,1,117,2220.7900000000004,2.6126941176470595,120136.0,647,158,398.5,2.0,1330.2000000000003,890.5899999999999,0.46417265927890505,-439.61000000000035,0.15214046554600671,0.017094017094017096,4,121.71999999999998,1,1,35-44,A,35-49K,Unknown,Unknown,5+,3+,1012.0,1
77,0,75,5238.880000000001,2.5211164581328207,2472.0,1148,169,1058.6,26.0,2945.8400000000015,2293.0400000000004,0.6378500748251533,-652.8000000000011,0.16809898562599637,0.3466666666666667,2,988.22,1,0,35-44,A,100-124K,Homeowner,2 Adults Kids,5+,3+,77.0,1
2018,0,115,2769.25,2.8315439672801634,1287.0,627,143,414.7699999999999,1.0,773.1600000000003,1996.0900000000001,0.5110120068610634,1222.9299999999998,0.13026614154433702,0.008695652173913044,3,1268.9000000000005,1,0,45-54,U,50-74K,Unknown,Unknown,1,None/Unknown,2018.0,1
609,0,154,1610.54,2.1388313413014606,46311.0,418,102,377.82000000000005,7.0,410.10999999999996,1200.4299999999998,0.6086592074707862,790.3199999999999,0.19001589249431694,0.045454545454545456,4,55.349999999999994,1,1,45-54,U,50-74K,Unknown,Unknown,1,None/Unknown,609.0,1
2110,0,200,10698.890000000001,3.733039078855548,268708.0,1621,209,888.4,11.0,5721.559999999997,4977.330000000002,0.3010817009988887,-744.229999999995,0.07667021365651502,0.055,10,1771.1400000000012,1,0,35-44,A,125-149K,Homeowner,2 Adults No Kids,2,None/Unknown,2110.0,1
489,0,146,4585.889999999999,3.3819247787610616,376289.0,763,149,639.9999999999999,1.0,1577.4999999999998,3008.39,0.39270675921140713,1430.89,0.12246717783956416,0.00684931506849315,6,1280.6700000000005,1,0,55-64,U,150-174K,Unknown,Single Female,1,None/Unknown,489.0,1
2284,0,222,14561.160000000018,3.663184905660382,184121.0,2123,221,1852.3200000000002,21.0,5754.770000000005,8806.390000000009,0.4934627460998982,3051.6200000000035,0.11285358132461844,0.0945945945945946,8,2591.4700000000016,1,0,45-54,A,250K+,Homeowner,2 Adults No Kids,2,None/Unknown,2284.0,1
903,4,66,2605.61,3.80937134502924,789.0,418,123,330.43,2.0,880.64,1724.9700000000003,0.5604522549422207,844.3300000000003,0.11254274464925547,0.030303030303030304,3,343.95000000000005,1,1,35-44,U,35-49K,Unknown,Single Male,1,None/Unknown,903.0,1
560,0,279,6106.310000000003,3.0902378542510136,345176.0,1218,190,859.8599999999999,14.0,3297.1900000000014,2809.120000000001,0.48302329884987794,-488.0700000000006,0.12343368020016732,0.05017921146953405,7,1184.5900000000001,1,0,19-24,U,35-49K,Unknown,2 Adults No Kids,2,None/Unknown,560.0,1
1146,0,291,7067.980000000003,2.982270042194094,308791.0,917,146,1787.44,76.0,2354.5900000000006,4713.390000000001,0.4721829999518954,2358.8000000000006,0.20184700443344294,0.2611683848797251,9,1786.6600000000003,1,0,35-44,B,35-49K,Homeowner,1 Adult Kids,4,3+,1146.0,1
437,0,80,5390.030000000001,3.4618047527296087,184882.0,888,164,1007.4299999999998,120.0,3298.0200000000004,2092.0099999999998,0.40026307831310765,-1206.0100000000007,0.15747343476942408,1.5,8,525.7,1,1,25-34,A,50-74K,Homeowner,2 Adults Kids,5+,3+,437.0,1
1948,0,65,1202.54,1.8192738275340392,729.0,411,115,216.57000000000002,10.0,133.10000000000002,1069.44,0.6524024148884862,936.34,0.1526097342700707,0.15384615384615385,1,399.78,1,0,35-44,U,50-74K,Homeowner,Single Female,1,None/Unknown,1948.0,1
2188,0,109,3260.2300000000005,2.982827081427265,73604.0,601,132,524.01,1.0,914.48,2345.7500000000005,0.41264266631495317,1431.2700000000004,0.13847166141682343,0.009174311926605505,5,657.11,1,0,65+,B,35-49K,Homeowner,2 Adults No Kids,2,None/Unknown,2188.0,1
2112,0,116,4489.970000000001,2.9212556929082636,81705.0,898,158,1432.86,33.0,1554.4000000000003,2935.5700000000015,0.4441610968447449,1381.1700000000012,0.24192151387090288,0.28448275862068967,5,626.1800000000001,1,1,45-54,A,35-49K,Homeowner,2 Adults Kids,5+,3+,2112.0,1
900,0,1056,14123.630000000008,3.9874731789949203,1119370.0,1484,210,1301.74,8.0,5461.780000000003,8661.850000000004,0.34159702569381933,3200.0700000000006,0.08438954786821964,0.007575757575757576,6,2326.9000000000015,1,0,35-44,A,35-49K,Homeowner,2 Adults No Kids,2,None/Unknown,900.0,1
955,0,218,3323.2400000000016,2.1820354563361795,56098.0,779,120,543.71,9.0,1237.2600000000002,2085.9800000000014,0.6197114863807606,848.7200000000012,0.1406043522672907,0.04128440366972477,5,730.45,1,0,19-24,U,Under 15K,Unknown,Single Female,1,None/Unknown,955.0,1
692,0,107,3298.4300000000003,2.841024978466839,160787.0,426,135,324.91,10.0,1054.2399999999998,2244.1900000000005,0.48241132902623374,1189.9500000000007,0.08967140814828307,0.09345794392523364,4,592.71,1,0,65+,U,35-49K,Homeowner,Single Female,1,None/Unknown,692.0,1
219,0,186,9785.160000000005,3.3591349124613816,117414.0,1202,184,1219.7199999999998,5.0,3868.790000000002,5916.370000000004,0.441961092102735,2047.5800000000027,0.11083446616410168,0.026881720430107527,6,2099.63,1,0,55-64,A,150-174K,Homeowner,2 Adults No Kids,2,None/Unknown,219.0,1
542,0,107,2108.7599999999998,2.5654014598540145,91118.0,558,132,522.76,6.0,1078.6699999999998,1030.09,0.5791365541835012,-48.57999999999993,0.19865324983279628,0.056074766355140186,2,204.75999999999996,1,1,25-34,U,35-49K,Unknown,Single Female,1,None/Unknown,542.0,1
1154,0,108,3228.14,2.763818493150685,1607.0,580,126,720.33,11.0,1272.1100000000001,1956.0299999999997,0.5435142218119412,683.9199999999996,0.18243268911755695,0.10185185185185185,5,575.4100000000001,1,0,45-54,A,35-49K,Homeowner,Unknown,2,None/Unknown,1154.0,1
1418,0,67,2431.7000000000003,3.3680055401662052,11201.0,516,134,312.79,4.0,1044.01,1387.69,0.47771517868158075,343.68000000000006,0.11397017296474025,0.05970149253731343,4,303.50000000000006,1,1,25-34,A,35-49K,Homeowner,2 Adults Kids,3,1,1418.0,1
1138,0,182,3923.110000000002,3.6191051660516624,2062.0,358,97,763.03,2.0,1716.5700000000002,2206.540000000001,0.658105431660086,489.9700000000007,0.1628269748663078,0.01098901098901099,6,623.2600000000001,1,0,35-44,U,15-24K,Unknown,2 Adults No Kids,2,None/Unknown,1138.0,1
1057,0,149,6631.830000000002,3.9079728933411912,2989.0,400,92,616.04,2.0,2986.2599999999998,3645.5700000000006,0.585998133245273,659.3100000000009,0.08499600572306068,0.013422818791946308,5,1587.5100000000007,1,0,35-44,U,50-74K,Unknown,Single Male,1,None/Unknown,1057.0,1
1585,0,126,7535.450000000004,4.591986593540526,341937.0,1207,196,811.8900000000001,4.0,2696.360000000001,4839.090000000001,0.3893702433165901,2142.73,0.09726331981205985,0.031746031746031744,6,1818.4000000000003,1,0,45-54,B,150-174K,Homeowner,Single Female,1,None/Unknown,1585.0,1
1588,1,213,4543.230000000001,2.685124113475178,18341.0,904,183,482.32,6.0,2271.250000000001,2271.9800000000005,0.3974793263823314,0.7299999999995634,0.09597357503158856,0.028169014084507043,4,656.7500000000001,1,1,35-44,U,50-74K,Homeowner,Unknown,1,None/Unknown,1588.0,1
2190,0,200,8330.330000000004,3.340148356054532,845747.0,1286,181,1957.5199999999995,14.0,3446.510000000001,4883.8200000000015,0.4061903910169222,1437.3100000000004,0.19027493596815653,0.07,6,1190.52,1,1,35-44,A,50-74K,Homeowner,2 Adults Kids,4,2,2190.0,1
294,0,232,4735.650000000001,2.3112005856515374,16814.0,923,147,1394.88,42.0,2563.09,2172.5600000000004,0.6431598618985778,-390.52999999999975,0.22753008304339103,0.1810344827586207,9,675.7100000000003,1,1,25-34,A,50-74K,Homeowner,2 Adults Kids,4,2,294.0,1
462,0,86,1372.7000000000003,2.629693486590039,617.0,405,122,250.43,4.0,595.15,777.5500000000001,0.5605230567494718,182.4000000000001,0.1542883194814956,0.046511627906976744,1,137.93,1,1,65+,U,100-124K,Unknown,Single Male,1,None/Unknown,462.0,1
623,0,116,3860.4600000000005,4.038138075313808,113984.0,568,133,943.42,6.0,2410.71,1449.75,0.6036120047869944,-960.96,0.19638708710459044,0.05172413793103448,5,38.7,1,1,45-54,A,35-49K,Homeowner,2 Adults Kids,3,1,623.0,1
883,0,291,8779.120000000003,4.839647188533629,473283.0,982,168,1051.37,7.0,3947.830000000001,4831.290000000001,0.465756248917887,883.46,0.10694990788861997,0.024054982817869417,7,1386.0100000000002,1,0,35-44,A,35-49K,Homeowner,2 Adults No Kids,2,None/Unknown,883.0,1
2437,0,66,4303.780000000002,3.5075631621841903,1611.0,822,163,553.99,8.0,1885.8899999999999,2417.8900000000003,0.6611769188945528,532.0000000000005,0.11404203986602904,0.12121212121212122,3,538.1600000000001,1,1,35-44,A,125-149K,Homeowner,2 Adults Kids,5+,3+,2437.0,1
2294,0,180,8148.910000000007,3.0832046916382927,297248.0,1513,177,1100.0500000000002,6.0,5363.100000000005,2785.810000000001,0.5291321170561457,-2577.290000000004,0.11893769677888102,0.03333333333333333,6,232.75000000000009,1,1,45-54,B,25-34K,Renter,2 Adults Kids,4,2,2294.0,1
976,0,62,4588.570000000002,3.421752423564506,19324.0,810,167,460.13999999999993,5.0,1339.6900000000003,3248.880000000002,0.49705681726550943,1909.1900000000016,0.09114011301896914,0.08064516129032258,2,1601.9400000000005,1,0,25-34,A,200-249K,Homeowner,2 Adults Kids,5+,3+,976.0,1
1537,1,136,2669.2400000000002,3.4486304909560728,133079.0,567,122,367.8,1.0,1614.7399999999998,1054.5000000000005,0.35654718196939944,-560.2399999999993,0.1211047598977952,0.007352941176470588,4,209.34000000000003,1,1,19-24,A,35-49K,Renter,2 Adults Kids,3,1,1537.0,1
2217,1,169,3965.0800000000017,2.836251788268957,176598.0,990,175,975.3199999999999,19.0,2070.8000000000006,1894.2800000000004,0.4363190654413024,-176.5200000000002,0.19741721318111888,0.11242603550295859,7,464.92999999999995,1,1,35-44,B,15-24K,Unknown,Single Female,1,None/Unknown,2217.0,1
1694,0,208,6530.040000000001,2.4942857142857147,223605.0,896,141,1362.88,55.0,2241.7400000000002,4288.300000000001,0.5463335599781931,2046.5600000000009,0.17267120406642913,0.2644230769230769,7,1525.4300000000005,1,0,35-44,U,15-24K,Probable Renter,Single Female,1,None/Unknown,1694.0,1
1745,5,117,2383.28,2.6658612975391502,1197.0,401,99,487.71,0.0,1212.44,1170.8400000000001,0.578563995837669,-41.59999999999991,0.16987519984395624,0.0,6,208.2,1,1,45-54,A,Under 15K,Unknown,Single Male,2,None/Unknown,1745.0,1
1452,0,340,1697.8100000000002,1.7667117585848078,34855.0,355,100,216.18999999999997,1.0,605.41,1092.4000000000003,0.6251818519151143,486.99000000000035,0.11295193312434688,0.0029411764705882353,6,186.24,1,1,45-54,A,25-34K,Unknown,2 Adults Kids,3,1,1452.0,1
2129,0,149,6238.690000000001,3.0945882936507942,377012.0,1121,178,1082.09,6.0,2330.95,3907.7400000000002,0.5150456265658333,1576.7900000000004,0.14781075240616431,0.040268456375838924,7,926.3000000000004,1,0,25-34,U,35-49K,Unknown,1 Adult Kids,2,1,2129.0,1
2467,0,332,10769.700000000006,2.8348775993682565,47008.0,1792,183,4538.950000000001,227.0,3730.8700000000013,7038.830000000002,0.5907471888724847,3307.9600000000005,0.29649577199818394,0.6837349397590361,9,2080.860000000001,1,0,35-44,A,75-99K,Homeowner,2 Adults Kids,3,1,2467.0,1
983,0,154,3012.520000000001,2.449203252032521,1420.0,854,144,705.03,53.0,1209.77,1802.75,0.5894334311473448,592.98,0.1896490968514209,0.34415584415584416,6,794.6300000000001,1,0,45-54,A,35-49K,Homeowner,2 Adults Kids,3,1,983.0,1
198,0,443,7704.710000000005,2.525306456899379,3882.0,1638,192,1648.9399999999996,18.0,3934.9200000000005,3769.790000000003,0.5375776635330854,-165.12999999999738,0.17628840078472027,0.040632054176072234,7,954.46,1,1,35-44,A,Under 15K,Homeowner,2 Adults Kids,3,1,198.0,1
956,0,528,8913.790000000005,4.144021385402141,965805.0,889,164,1010.85,5.0,4051.660000000001,4862.130000000002,0.32533075156583213,810.4700000000007,0.10185256089893432,0.00946969696969697,3,1318.1400000000003,1,0,45-54,U,50-74K,Homeowner,2 Adults No Kids,2,None/Unknown,956.0,1
57,0,159,2581.1400000000003,3.5213369713506144,123709.0,445,134,433.90999999999997,3.0,1549.25,1031.89,0.3460796392291777,-517.3599999999999,0.14391469461534634,0.018867924528301886,4,524.73,1,0,45-54,B,35-49K,Homeowner,2 Adults No Kids,2,None/Unknown,57.0,1
1726,0,148,6426.920000000002,3.8763088057901096,535019.0,817,166,881.37,161.0,2419.1800000000007,4007.740000000001,0.3873503949014458,1588.5600000000004,0.12059866261464718,1.087837837837838,6,1704.9900000000002,1,0,55-64,U,75-99K,Homeowner,Single Female,1,None/Unknown,1726.0,1
1174,3,111,1747.8300000000004,2.1551541307028366,1021.0,578,144,364.7399999999999,0.0,826.9900000000001,920.84,0.565964653312965,93.84999999999991,0.17265226714381054,0.0,2,408.82,1,0,25-34,U,Under 15K,Unknown,2 Adults Kids,5+,3+,1174.0,1
2194,0,341,6250.920000000003,3.1778952719878,325294.0,970,161,940.3500000000001,4.0,3125.720000000001,3125.2000000000007,0.5402660728340787,-0.5200000000004366,0.13076271646037482,0.011730205278592375,10,918.8600000000002,1,0,55-64,B,25-34K,Homeowner,Single Male,1,None/Unknown,2194.0,1
1091,8,112,5429.590000000002,4.713185763888891,695246.0,691,144,445.66999999999996,2.0,3175.4300000000007,2254.1600000000003,0.37049758821568474,-921.2700000000004,0.07585536640080606,0.017857142857142856,5,187.81,1,1,45-54,A,75-99K,Homeowner,2 Adults No Kids,2,None/Unknown,1091.0,1
2115,0,283,12618.780000000013,3.922530307740135,1633520.0,1392,186,1499.0399999999995,190.0,5489.850000000005,7128.930000000008,0.39475765486045356,1639.0800000000027,0.10618069928643362,0.6713780918727915,8,2156.0800000000004,1,0,35-44,A,150-174K,Homeowner,2 Adults Kids,5+,3+,2115.0,1
1928,0,101,2108.6000000000004,2.689540816326531,81812.0,419,116,553.5299999999999,28.0,1079.5900000000001,1029.0100000000002,0.58434980555819,-50.57999999999993,0.2079274866366405,0.27722772277227725,5,219.77,1,1,35-44,B,75-99K,Homeowner,2 Adults Kids,3,1,1928.0,1
867,0,150,4843.860000000001,3.384947589098533,371226.0,796,170,750.27,92.0,2235.3500000000004,2608.51,0.45845049196302107,373.15999999999985,0.13411736945691285,0.6133333333333333,3,1244.98,1,0,45-54,U,75-99K,Homeowner,Unknown,1,None/Unknown,867.0,1
670,0,173,4734.280000000001,3.0742077922077926,214888.0,911,171,823.39,62.0,1789.9,2944.3800000000006,0.5350845323892968,1154.4800000000005,0.14815381265890198,0.3583815028901734,3,951.3900000000003,1,0,55-64,A,35-49K,Unknown,2 Adults Kids,3,1,670.0,1
1479,0,614,7376.400000000003,2.703958944281526,142979.0,1377,188,915.8299999999999,32.0,2725.0699999999997,4651.330000000002,0.45295265983406524,1926.260000000002,0.11044435574025317,0.05211726384364821,1,1752.8300000000017,1,0,45-54,U,15-24K,Probable Renter,Unknown,1,None/Unknown,1479.0,1
1845,0,128,11260.460000000014,2.8755005107252334,15413.0,1458,194,1361.95,13.0,6638.140000000006,4622.320000000003,0.5359727755349245,-2015.8200000000024,0.107899363116869,0.1015625,9,1387.1500000000008,1,1,45-54,U,175-199K,Unknown,2 Adults Kids,3,1,1845.0,1
1631,0,290,8864.570000000002,2.1860838471023434,14103.0,1597,158,2196.730000000001,12.0,3497.94,5366.63,0.6779110549073445,1868.69,0.19859600589442475,0.041379310344827586,6,1562.6400000000003,1,0,19-24,B,Under 15K,Renter,1 Adult Kids,4,3+,1631.0,1
911,1,66,3151.790000000001,2.74307223672759,75897.0,598,150,405.60999999999996,7.0,864.7499999999999,2287.040000000001,0.39106031810494984,1422.2900000000009,0.11401866531736657,0.10606060606060606,3,544.97,1,0,25-34,A,125-149K,Homeowner,2 Adults No Kids,2,None/Unknown,911.0,1
1425,0,107,3334.9300000000003,2.4999475262368818,1594.0,684,151,1134.44,49.0,1676.03,1658.9,0.6850278716494799,-17.12999999999988,0.25382548323365484,0.45794392523364486,4,493.67,1,0,19-24,B,50-74K,Unknown,2 Adults Kids,3,1,1425.0,1
2307,0,158,5331.119999999999,2.937256198347107,270417.0,804,146,1098.3400000000001,16.0,2211.209999999999,3119.9100000000003,0.5579109080268312,908.7000000000012,0.17082927648667234,0.10126582278481013,8,678.1200000000001,1,1,45-54,A,75-99K,Homeowner,2 Adults Kids,3,1,2307.0,1
2374,0,75,5729.790000000001,3.8898778004073327,33138.0,1017,156,1219.69,71.0,2108.51,3621.2800000000016,0.49848074711289586,1512.7700000000013,0.17550809556974045,0.9466666666666667,4,519.5600000000001,1,1,45-54,U,150-174K,Homeowner,2 Adults No Kids,2,None/Unknown,2374.0,1
2453,1,87,3347.7000000000007,3.2596884128529706,1268.0,742,182,529.12,12.0,1791.3000000000002,1556.4,0.4585267497087551,-234.9000000000001,0.1364829937938826,0.13793103448275862,5,1203.9800000000007,1,0,45-54,B,50-74K,Homeowner,Single Female,1,None/Unknown,2453.0,1
607,3,215,3181.440000000001,2.3070630891950694,152773.0,737,141,1127.3100000000002,16.0,2742.760000000001,438.68000000000006,0.5764087960168977,-2304.080000000001,0.26163272410791993,0.07441860465116279,3,21.57,1,1,45-54,U,125-149K,Unknown,Unknown,1,None/Unknown,607.0,1
586,1,176,4644.27,2.8918244084682443,182500.0,914,148,652.3199999999999,7.0,1483.15,3161.12,0.4548055991576716,1677.9699999999998,0.12315848498751082,0.03977272727272727,8,1178.3700000000001,1,0,19-24,A,35-49K,Renter,2 Adults Kids,3,1,586.0,1
1693,0,147,6803.7800000000025,2.7623954526999603,97974.0,1302,188,1047.7899999999995,12.0,2639.9800000000014,4163.800000000002,0.5128193445408287,1523.8200000000006,0.13344974317238453,0.08163265306122448,6,1550.7700000000007,1,0,25-34,A,35-49K,Homeowner,2 Adults Kids,3,1,1693.0,1
1297,0,100,1685.6699999999998,3.14490671641791,43776.0,351,103,163.68,0.0,310.07000000000005,1375.6,0.40817597750449375,1065.5299999999997,0.08850677264984995,0.0,4,1047.6100000000001,1,0,35-44,U,75-99K,Homeowner,Unknown,1,None/Unknown,1297.0,1
1084,0,203,2171.11,2.6770776818742297,1070.0,366,119,299.38999999999993,1.0,910.2199999999998,1260.89,0.5619061217533888,350.6700000000003,0.12118599473790728,0.0049261083743842365,6,192.05,1,1,25-34,U,35-49K,Unknown,2 Adults Kids,3,1,1084.0,1
235,0,184,11187.310000000005,4.444700039729839,436718.0,1333,187,1090.0600000000002,9.0,6020.130000000004,5167.180000000002,0.5007924156924229,-852.9500000000016,0.08878611624476576,0.04891304347826087,7,969.3300000000002,1,1,35-44,A,250K+,Homeowner,2 Adults Kids,5+,3+,235.0,1
2300,0,104,3917.400000000001,2.6558644067796617,14257.0,868,156,818.0099999999999,6.0,1159.95,2757.4500000000003,0.5487951192117217,1597.5000000000002,0.17274322603533795,0.057692307692307696,5,697.95,1,0,45-54,U,50-74K,Homeowner,2 Adults No Kids,2,None/Unknown,2300.0,1
660,0,144,6784.470000000003,3.6222477309129752,194001.0,1079,159,1183.88,16.0,2495.630000000001,4288.840000000003,0.5482358975719547,1793.2100000000019,0.14857279110480837,0.1111111111111111,8,1169.8100000000002,1,0,55-64,A,50-74K,Homeowner,Unknown,2,None/Unknown,660.0,1
1430,0,298,17881.730000000018,3.8216990810002174,1538547.0,1690,185,2132.56,36.0,6530.930000000004,11350.800000000014,0.4522062462636443,4819.87000000001,0.10655186868982101,0.12080536912751678,9,2471.260000000001,1,1,35-44,A,35-49K,Homeowner,2 Adults Kids,3,1,1430.0,1
1178,0,180,4101.320000000001,3.0290398818316104,241570.0,758,155,1099.6499999999999,7.0,1982.14,2119.1800000000003,0.5226731881443047,137.0400000000002,0.21143171369955985,0.03888888888888889,7,920.9600000000002,1,0,45-54,U,15-24K,Unknown,Single Female,1,None/Unknown,1178.0,1
383,0,137,5402.4500000000035,3.053957037874507,164606.0,599,143,867.8299999999999,30.0,2388.510000000001,3013.9400000000005,0.5048950013419836,625.4299999999994,0.1384037076494191,0.21897810218978103,3,360.99,1,1,45-54,U,50-74K,Homeowner,Unknown,1,None/Unknown,383.0,1
390,1,93,1575.2600000000002,3.107021696252466,12063.0,331,113,223.75,1.0,820.73,754.53,0.47905742544087954,-66.20000000000005,0.12437396123423437,0.010752688172043012,3,230.76,1,0,45-54,B,25-34K,Renter,Single Female,1,None/Unknown,390.0,1
1151,0,113,2185.93,3.9600181159420287,10880.0,349,88,341.42,0.0,682.29,1503.64,0.4160746227006354,821.3500000000001,0.13509011415118605,0.0,2,622.98,1,0,45-54,U,Under 15K,Probable Renter,Single Male,1,None/Unknown,1151.0,1
1226,1,65,5138.670000000002,2.61111280487805,2632.0,1166,163,1184.79,24.0,1791.4800000000005,3347.1900000000014,0.5677908875253711,1555.710000000001,0.1873641961837348,0.36923076923076925,5,1098.79,1,0,25-34,B,35-49K,Homeowner,1 Adult Kids,3,2,1226.0,1
986,1,75,1591.7899999999997,2.7683304347826083,706.0,317,82,374.2300000000001,0.0,692.3999999999999,899.3900000000001,0.5798252282022126,206.99000000000024,0.19034903002004055,0.0,2,236.08000000000004,1,0,25-34,U,35-49K,Unknown,Single Male,1,None/Unknown,986.0,1
2426,0,97,2167.98,3.491111111111111,191372.0,265,87,352.58000000000004,2.0,873.62,1294.3600000000001,0.6440972702700208,420.7400000000001,0.13988161360967405,0.020618556701030927,3,269.0799999999999,1,1,19-24,U,Under 15K,Probable Renter,Single Female,1,None/Unknown,2426.0,1
1082,0,108,1543.5900000000001,1.7641028571428574,30691.0,393,86,424.13999999999993,2.0,523.23,1020.36,0.7455801087076231,497.13,0.21554786479852414,0.018518518518518517,6,488.95,1,0,45-54,U,35-49K,Unknown,Single Male,1,None/Unknown,1082.0,1
282,0,88,3303.640000000001,3.287203980099503,128045.0,600,143,501.8999999999999,38.0,1328.5600000000002,1975.0800000000002,0.5901641825380489,646.52,0.13188667048566033,0.4318181818181818,5,858.92,1,0,45-54,U,35-49K,Unknown,Single Female,1,None/Unknown,282.0,1
1578,1,84,2269.8799999999997,2.3449173553719005,31555.0,577,126,397.8100000000001,3.0,1164.31,1105.57,0.5748850159479797,-58.74000000000001,0.14912152461492909,0.03571428571428571,2,576.9299999999998,1,0,45-54,U,15-24K,Unknown,2 Adults No Kids,2,None/Unknown,1578.0,1
2305,0,113,5534.9000000000015,2.7292406311637087,46211.0,928,150,1520.71,56.0,3020.1600000000008,2514.7400000000002,0.47201575457551154,-505.4200000000005,0.21553203762679624,0.49557522123893805,9,785.74,1,1,45-54,B,50-74K,Homeowner,Single Female,1,None/Unknown,2305.0,1
114,0,77,2712.21,3.037189249720045,67899.0,588,137,438.30999999999995,1.0,1559.1599999999999,1153.0500000000002,0.5445190453541576,-406.1099999999997,0.13912306539872782,0.012987012987012988,4,603.42,1,0,25-34,U,35-49K,Homeowner,2 Adults No Kids,2,None/Unknown,114.0,1
622,0,122,2047.3100000000004,3.3952072968490885,4558.0,457,125,313.51,6.0,688.04,1359.27,0.5685265055121108,671.23,0.13279707898103196,0.04918032786885246,5,337.06000000000006,1,0,35-44,U,15-24K,Unknown,Single Female,1,None/Unknown,622.0,1
1462,0,102,3827.200000000001,2.4377070063694277,32224.0,816,152,767.1199999999999,7.0,1469.61,2357.5899999999997,0.6165081521739129,887.9799999999998,0.1669713907607654,0.06862745098039216,5,1002.8000000000002,1,0,25-34,A,50-74K,Renter,2 Adults No Kids,2,None/Unknown,1462.0,1
1540,0,122,3262.0599999999995,2.4508339594290005,2167.0,754,125,648.4499999999999,1.0,1086.45,2175.6099999999997,0.7202657216605458,1089.1599999999996,0.16582236076624277,0.00819672131147541,5,336.62999999999994,1,1,45-54,U,15-24K,Unknown,2 Adults Kids,4,2,1540.0,1
2123,0,48,3391.5199999999995,3.009334516415261,1433.0,515,125,699.2,11.0,820.8,2570.7200000000003,0.5621432278152568,1749.9200000000003,0.17092345601752262,0.22916666666666666,3,940.9299999999998,1,0,45-54,U,75-99K,Homeowner,2 Adults No Kids,2,None/Unknown,2123.0,1
1927,1,83,4322.790000000001,3.1808609271523185,2113.0,932,149,734.8700000000001,3.0,1639.6000000000004,2683.1900000000005,0.5657480469789186,1043.5900000000001,0.14529841863628634,0.03614457831325301,4,774.49,1,0,19-24,U,Under 15K,Unknown,Unknown,1,None/Unknown,1927.0,1
52,0,121,4594.8600000000015,3.3032782171099937,152374.0,899,176,480.16999999999996,1.0,1661.7500000000005,2933.11,0.5517164832007937,1271.3599999999997,0.09461421902924708,0.008264462809917356,5,892.4199999999998,1,0,45-54,B,50-74K,Homeowner,2 Adults No Kids,2,None/Unknown,52.0,1
1696,2,57,2491.99,2.9317529411764705,973.0,556,137,260.36,2.0,1056.56,1435.43,0.5571932471639132,378.8700000000001,0.09459552745835378,0.03508771929824561,4,148.02,1,1,45-54,A,50-74K,Homeowner,2 Adults Kids,3,1,1696.0,1
1997,0,54,3430.070000000002,3.4893896236012227,102308.0,613,144,381.10999999999996,4.0,1192.8700000000006,2237.2000000000007,0.5408781744978962,1044.3300000000002,0.0999979009125782,0.07407407407407407,3,865.6100000000006,1,0,25-34,U,50-74K,Unknown,Single Male,1,None/Unknown,1997.0,1
350,1,91,2542.3,4.9079150579150586,297141.0,363,126,233.55999999999997,0.0,1350.1900000000003,1192.1100000000004,0.27628918695669274,-158.07999999999993,0.08413969004200499,0.0,5,540.95,1,0,45-54,A,50-74K,Homeowner,1 Adult Kids,4,2,350.0,1
139,0,71,2499.370000000001,2.913018648018649,90834.0,483,120,433.22999999999996,16.0,572.08,1927.2900000000002,0.47492768177580735,1355.21,0.14772897769897014,0.22535211267605634,2,573.9599999999999,1,0,35-44,B,75-99K,Homeowner,Single Male,1,None/Unknown,139.0,1
2084,0,112,2434.5000000000005,3.09732824427481,86557.0,569,133,684.2900000000001,6.0,573.6899999999999,1860.8100000000004,0.4379544054220579,1287.1200000000003,0.21940880918561365,0.05357142857142857,3,503.44999999999993,1,0,55-64,A,125-149K,Homeowner,2 Adults No Kids,2,None/Unknown,2084.0,1
764,0,85,2345.580000000001,2.870966952264383,108831.0,588,157,645.54,24.0,537.18,1808.4000000000005,0.3810145038753739,1271.2200000000007,0.21581882371820582,0.2823529411764706,1,851.2000000000002,1,0,35-44,A,50-74K,Homeowner,2 Adults Kids,5+,3+,764.0,1
1485,0,56,1948.8000000000002,4.730097087378641,525.0,299,112,196.79000000000005,6.0,1162.28,786.5200000000001,0.3929443760262725,-375.7599999999999,0.09171836184918836,0.10714285714285714,3,239.07999999999998,1,1,35-44,U,50-74K,Homeowner,Single Male,1,None/Unknown,1485.0,1
1572,0,37,1630.6700000000005,3.314369918699188,55915.0,377,121,257.08,4.0,875.5300000000003,755.14,0.5581877387822182,-120.39000000000033,0.13618328698185667,0.10810810810810811,1,913.74,1,0,35-44,A,75-99K,Homeowner,2 Adults No Kids,2,None/Unknown,1572.0,1
1481,0,137,2766.010000000001,2.616849574266794,87088.0,739,150,409.07000000000016,4.0,290.05,2475.9600000000005,0.49304955513537524,2185.9100000000003,0.12883769857767363,0.029197080291970802,4,532.76,1,0,19-24,U,35-49K,Unknown,Single Male,1,None/Unknown,1481.0,1
2237,0,136,4330.020000000001,2.707954971857412,195896.0,737,129,1041.7199999999998,46.0,1651.7300000000002,2678.2900000000004,0.569045870457873,1026.5600000000002,0.19392599046119124,0.3382352941176471,5,611.5,1,1,45-54,U,50-74K,Homeowner,Single Female,1,None/Unknown,2237.0,1
1762,0,289,12837.80000000001,3.3819283456269784,1360912.0,1804,200,2267.7300000000005,41.0,4819.120000000002,8018.680000000006,0.45427643365685694,3199.560000000004,0.15012581485058776,0.14186851211072665,7,2522.34,1,0,45-54,A,125-149K,Homeowner,2 Adults Kids,5+,3+,1762.0,1
1337,0,204,10016.950000000006,2.7443698630137003,608420.0,1829,203,2533.01,50.0,3837.9700000000025,6178.980000000002,0.42050025207273645,2341.0099999999998,0.2018341094314244,0.24509803921568626,9,1483.8100000000004,1,0,45-54,U,50-74K,Homeowner,2 Adults Kids,4,2,1337.0,1
1914,0,140,3621.5300000000016,3.557495088408646,1189.0,333,100,253.61,0.0,2165.6400000000012,1455.8899999999999,0.47106885763751766,-709.7500000000014,0.06544537745733055,0.0,6,454.42,1,1,55-64,B,75-99K,Homeowner,Single Female,1,None/Unknown,1914.0,1
346,0,108,4546.430000000001,3.2826209386281597,1972.0,484,121,757.0999999999999,3.0,845.3800000000001,3701.050000000001,0.3926905286125596,2855.670000000001,0.14275397706810367,0.027777777777777776,3,804.9799999999999,1,0,65+,A,50-74K,Homeowner,2 Adults No Kids,2,None/Unknown,346.0,1
2351,0,277,13811.130000000006,3.3167939481268025,943321.0,1554,195,2949.7400000000007,36.0,5477.180000000002,8333.950000000006,0.4719135943257356,2856.770000000004,0.17598967118055325,0.1299638989169675,8,2805.650000000001,1,0,45-54,A,75-99K,Homeowner,2 Adults No Kids,2,None/Unknown,2351.0,1
493,0,156,3986.610000000001,2.859835007173602,136838.0,605,139,652.1800000000001,32.0,1506.8900000000003,2479.7200000000003,0.61300954946684,972.8299999999999,0.1405926976646927,0.20512820512820512,5,938.95,1,0,55-64,U,50-74K,Unknown,Unknown,1,None/Unknown,493.0,1
1179,0,162,7511.810000000004,3.4873769730733537,367636.0,1160,178,1226.56,12.0,2193.51,5318.300000000003,0.40423413265244973,3124.7900000000027,0.1403648506529249,0.07407407407407407,4,1916.5900000000006,1,0,35-44,A,50-74K,Homeowner,2 Adults No Kids,2,None/Unknown,1179.0,1
334,2,443,4337.57,2.303542219861922,41328.0,930,151,1301.7599999999998,58.0,2090.61,2246.96,0.637260032691115,156.3499999999999,0.23083593263738775,0.1309255079006772,7,490.22999999999996,1,1,45-54,A,Under 15K,Homeowner,2 Adults No Kids,2,None/Unknown,334.0,1
1475,0,291,12327.750000000011,3.672252010723864,643009.0,987,162,2131.0,29.0,4192.51,8135.240000000007,0.5120196305084054,3942.730000000007,0.14738480159073214,0.09965635738831616,6,2527.460000000001,1,0,25-34,B,50-74K,Homeowner,Single Male,1,None/Unknown,1475.0,1
426,0,196,6819.570000000001,3.4012817955112222,889544.0,829,148,1133.5499999999997,72.0,2559.6000000000004,4259.97,0.35695505728367033,1700.37,0.14252896976281001,0.3673469387755102,3,1041.2800000000002,1,0,45-54,U,50-74K,Homeowner,2 Adults No Kids,2,None/Unknown,426.0,1
755,0,279,9639.480000000001,9.376926070038913,2863364.0,605,141,480.94,13.0,4692.710000000001,4946.77,0.7293795930900834,254.0599999999995,0.04752174316876176,0.04659498207885305,6,977.5700000000002,1,1,35-44,U,50-74K,Homeowner,Unknown,1,None/Unknown,755.0,1
2200,0,175,7550.860000000003,2.465989549314175,458636.0,1433,157,1890.0399999999997,52.0,3783.7200000000007,3767.140000000001,0.5311818786204483,-16.579999999999927,0.20019701511508428,0.29714285714285715,10,1122.2500000000002,1,0,45-54,U,Under 15K,Unknown,Single Male,1,None/Unknown,2200.0,1
25,0,79,2803.66,3.1395968645016796,15102.0,415,112,501.5999999999999,6.0,1119.72,1683.94,0.47002489602876235,564.22,0.15175810677526122,0.0759493670886076,4,345.98999999999995,1,1,35-44,U,50-74K,Unknown,Unknown,1,None/Unknown,25.0,1
46,0,114,6842.870000000001,4.075562835020846,94441.0,1102,190,1281.02,10.0,1885.9200000000008,4956.950000000001,0.4767487910774281,3071.0299999999997,0.15768554227100562,0.08771929824561403,7,1590.5600000000004,1,0,45-54,A,150-174K,Homeowner,2 Adults Kids,5+,3+,46.0,1
979,0,175,10744.340000000006,2.75707980497819,263761.0,1841,187,2847.7500000000005,220.0,4254.420000000002,6489.9200000000055,0.43602678247337645,2235.5000000000036,0.20951524011391914,1.2571428571428571,10,2110.3200000000006,1,0,35-44,B,35-49K,Homeowner,1 Adult Kids,2,1,979.0,1
1695,0,147,1108.7,2.6910194174757285,32954.0,313,92,263.47,1.0,709.5200000000001,399.17999999999995,0.5958329575178135,-310.34000000000015,0.19200973640292385,0.006802721088435374,1,65.86,1,1,35-44,U,25-34K,Homeowner,Single Male,1,None/Unknown,1695.0,1
840,0,178,9828.350000000006,3.8755323343848604,14965.0,1396,193,1038.03,6.0,3926.630000000003,5901.720000000004,0.4159782669522349,1975.090000000001,0.09552675315974588,0.033707865168539325,4,2116.2200000000007,1,0,35-44,A,75-99K,Homeowner,2 Adults Kids,5+,3+,840.0,1
438,0,54,3114.1100000000006,3.023407766990292,1255.0,534,143,692.75,57.0,111.03000000000002,3003.080000000001,0.5491360292346769,2892.0500000000006,0.18197412040369226,1.0555555555555556,2,1342.4099999999999,1,0,35-44,A,50-74K,Probable Owner,2 Adults No Kids,2,None/Unknown,438.0,1
121,0,106,2107.36,2.54512077294686,11134.0,602,114,387.79,3.0,584.8499999999999,1522.5100000000002,0.5082235593349024,937.6600000000003,0.15541750996934053,0.02830188679245283,3,118.21999999999998,1,1,45-54,U,25-34K,Unknown,2 Adults Kids,3,1,121.0,1
127,0,160,3860.9900000000002,3.1212530315278904,253570.0,789,151,1168.98,76.0,509.60999999999996,3351.3800000000006,0.4610268350863379,2841.7700000000004,0.2324029765585083,0.475,4,797.2399999999999,1,0,45-54,U,25-34K,Unknown,Single Female,1,None/Unknown,127.0,1
1423,1,178,1545.39,3.288063829787234,48730.0,207,79,210.34,1.0,458.14000000000004,1087.25,0.49265881104446124,629.1099999999999,0.11980201967272873,0.0056179775280898875,3,150.37,1,1,45-54,U,15-24K,Unknown,Single Male,1,None/Unknown,1423.0,1
695,0,174,6636.940000000004,3.3168115942029006,333477.0,977,174,821.5699999999999,4.0,1512.7000000000003,5124.2400000000025,0.4852010113094285,3611.5400000000022,0.11015202768381346,0.022988505747126436,8,1886.9900000000011,1,0,35-44,B,35-49K,Unknown,1 Adult Kids,3,2,695.0,1
1074,0,111,6469.600000000004,3.264177598385471,135155.0,971,147,1436.6,10.0,1772.1900000000005,4697.410000000003,0.6089031779399032,2925.220000000002,0.18170549695175928,0.09009009009009009,4,1299.6200000000003,1,0,45-54,A,35-49K,Homeowner,2 Adults Kids,4,2,1074.0,1
2040,0,416,2916.45,2.0409027291812456,139728.0,571,124,667.5799999999999,40.0,1750.6000000000001,1165.8499999999997,0.42342574019784324,-584.7500000000005,0.18626518193207087,0.09615384615384616,0,52.06,1,1,25-34,U,25-34K,Homeowner,Single Male,1,None/Unknown,2040.0,1
250,0,100,4769.920000000003,2.755586366262278,1994.0,446,116,657.8,38.0,1120.5999999999997,3649.3200000000015,0.6536545686300816,2528.720000000002,0.12119269232753341,0.38,0,1221.9200000000003,1,0,45-54,A,75-99K,Homeowner,1 Adult Kids,4,2,250.0,1
865,1,25,1419.2800000000002,4.4214330218068545,26136.0,247,87,354.96,2.0,657.47,761.8100000000002,0.5483343667211544,104.34000000000015,0.20006312561998374,0.08,0,468.45000000000005,1,0,35-44,A,75-99K,Homeowner,2 Adults Kids,5+,3+,865.0,1
1649,0,40,909.5400000000002,3.041939799331104,13497.0,224,85,127.91,0.0,247.66000000000003,661.88,0.44544495019460373,414.21999999999997,0.12329268880427968,0.0,0,222.86,1,0,35-44,B,150-174K,Homeowner,Single Male,1,None/Unknown,1649.0,1
1468,7,81,4131.730000000001,3.3866639344262306,185850.0,652,153,485.32,3.0,2352.5600000000004,1779.17,0.46684318675228037,-573.3900000000003,0.10511473776545627,0.037037037037037035,2,0.0,0,1,65+,A,75-99K,Homeowner,2 Adults No Kids,2,None/Unknown,1468.0,1
682,7,217,4438.290000000001,3.3983843797856057,498949.0,736,160,1038.3799999999999,38.0,1840.7400000000005,2597.5500000000006,0.3809597840609784,756.8100000000002,0.18960061497223674,0.17511520737327188,3,0.0,0,1,65+,A,125-149K,Homeowner,2 Adults No Kids,2,None/Unknown,682.0,1
2443,24,153,4029.1900000000005,4.136745379876797,352598.0,454,138,804.8899999999999,12.0,2679.5300000000007,1349.66,0.3677265157513048,-1329.8700000000006,0.16650324363684504,0.0784313725490196,6,0.0,0,1,,,,,,,,,1
181,4,39,1670.8200000000002,2.9729893238434166,150333.0,364,106,358.70000000000005,2.0,1017.8600000000002,652.96,0.3843142887923295,-364.9000000000002,0.17674129843509795,0.05128205128205128,2,0.0,0,1,,,,,,,,,1
93,10,106,3346.7200000000007,2.629002356637864,23269.0,485,107,738.3699999999999,107.0,1745.9199999999998,1600.7999999999997,0.6916443562652386,-145.12000000000012,0.18074754778964472,1.009433962264151,12,0.0,0,1,,,,,,,,,1
2391,2,54,633.9199999999998,2.4957480314960625,44890.0,134,61,245.24,4.0,343.36999999999995,290.54999999999995,0.5077139071176175,-52.81999999999999,0.278948086810137,0.07407407407407407,2,0.0,0,1,,,,,,,,,1
12,16,7,266.21,3.025113636363636,103.0,75,48,32.7,0.0,83.85,182.36,0.5396867134968635,98.51000000000002,0.10939747750158912,0.0,0,0.0,0,1,,,,,,,,,1
828,17,37,1123.1599999999996,2.535349887133182,60363.0,321,96,217.67,1.0,584.9799999999998,538.1800000000001,0.5298265607749565,-46.79999999999973,0.16233974478494667,0.02702702702702703,0,0.0,0,1,,,,,,,,,1
1469,10,44,1159.9999999999998,2.516268980477223,611.0,346,91,207.85999999999999,0.0,383.01,776.9899999999998,0.624646551724138,393.9799999999998,0.1519599959060138,0.0,0,0.0,0,1,,,,,,,,,1
1435,0,13,511.78000000000003,3.6296453900709222,215.0,134,59,127.68,0.0,204.34,307.44,0.564852084880222,103.1,0.19966847027179183,0.0,0,0.0,0,1,,,,,,,,,1
1232,10,22,488.48999999999995,2.728994413407821,250.0,154,62,162.14000000000001,1.0,208.05,280.43999999999994,0.6432680300517922,72.38999999999993,0.2492046170634616,0.045454545454545456,0,0.0,0,1,,,,,,,,,1
1286,1,30,595.0,3.287292817679558,13135.0,173,76,99.63000000000001,0.0,490.05000000000007,104.95,0.478436974789916,-385.1000000000001,0.14342887580438507,0.0,0,0.0,0,1,,,,,,,,,1
2382,2,36,822.6400000000001,3.2774501992031877,14472.0,206,78,139.33,0.0,304.6600000000001,517.98,0.47790041816590484,213.31999999999994,0.1448381966173581,0.0,0,0.0,0,1,,,,,,,,,1
509,7,16,277.14,4.075588235294117,87.0,51,34,19.41,0.0,117.11,160.03,0.3369416179548243,42.92,0.06545270612038442,0.0,0,0.0,0,1,,,,,,,,,1
2476,20,14,403.26,6.400952380952381,77229.0,47,34,42.59,0.0,48.79,354.46999999999997,0.4599018003273322,305.67999999999995,0.09552540091959179,0.0,0,0.0,0,1,,,,,,,,,1
746,4,39,569.0500000000001,4.822457627118645,45754.0,101,54,37.8,0.0,262.79,306.26,0.35155083033125384,43.46999999999997,0.06228886874845513,0.0,0,0.0,0,1,,,,,,,,,1
2463,18,12,158.42,2.597049180327869,15096.0,56,32,22.87,0.0,56.38999999999999,102.02999999999999,0.35980305516980177,45.63999999999999,0.1261514700204093,0.0,0,0.0,0,1,,,,,,,,,1
2157,3,12,390.7,2.1467032967032966,272.0,157,55,231.98000000000002,3.0,243.50999999999996,147.19,0.7143076529306372,-96.31999999999996,0.3725509089741119,0.25,0,0.0,0,1,,,,,,,,,1
678,11,57,459.16999999999996,3.256524822695035,52780.0,99,55,107.4,0.0,235.43999999999997,223.73000000000002,0.4142910033320993,-11.709999999999951,0.18956174876890766,0.0,0,0.0,0,1,,,,,,,,,1
1757,23,10,253.10999999999993,4.082419354838708,95.0,61,34,51.040000000000006,0.0,218.68999999999994,34.42,0.44407569831298666,-184.26999999999992,0.16781193490054255,0.0,0,0.0,0,1,,,,,,,,,1
359,81,2,172.85000000000005,2.469285714285715,96.0,70,45,29.680000000000003,0.0,172.85000000000005,0.0,0.5261787677176741,-172.85000000000005,0.1465461906877993,0.0,0,0.0,0,1,,,,,,,,,1
313,76,4,92.53999999999999,2.435263157894737,44.0,37,26,17.33,0.0,92.53999999999999,0.0,0.6484763345580291,-92.53999999999999,0.1577318649312824,0.0,0,0.0,0,1,,,,,,,,,1
2246,24,5,321.35,3.871686746987952,103.0,80,39,35.81,0.0,134.0,187.35000000000002,0.6268865722732223,53.35000000000002,0.10026318736700639,0.0,0,0.0,0,1,,,,,,,,,1
739,47,6,160.06,2.5406349206349206,69.0,61,32,39.410000000000004,1.0,160.06,0.0,0.8095714107209795,-160.06,0.19757356996039507,0.16666666666666666,0,0.0,0,1,,,,,,,,,1
122,1,126,2279.4000000000005,3.1526970954356854,1045.0,523,132,682.9099999999997,3.0,1866.8600000000006,412.5399999999999,0.4702728788277616,-1454.3200000000006,0.23053292869416087,0.023809523809523808,5,74.82,1,1,,,,,,,,,1
2055,0,98,1640.2900000000002,3.0488661710037177,31739.0,331,107,219.84999999999997,1.0,133.36,1506.9300000000003,0.5893774881270994,1373.5700000000002,0.11819002870751662,0.01020408163265306,3,768.4500000000002,1,0,,,,,,,,,1
728,1,448,10344.290000000008,3.9168080272624035,809666.0,1109,177,1493.37,11.0,6291.2900000000045,4053.000000000002,0.45393642289610964,-2238.2900000000027,0.12615415546653638,0.024553571428571428,4,388.62,1,1,,,,,,,,,1
1075,0,57,1237.74,3.2744444444444443,23586.0,288,91,319.03000000000003,9.0,718.6200000000001,519.1200000000001,0.41494174867096495,-199.5,0.20493072194351128,0.15789473684210525,1,231.28000000000003,1,0,,,,,,,,,1
533,0,58,2429.9799999999996,2.7613409090909085,1185.0,501,116,460.78999999999996,3.0,1390.55,1039.4299999999998,0.5769389048469535,-351.1200000000001,0.1594004365618849,0.05172413793103448,2,362.89,1,0,,,,,,,,,1
1933,1,79,2064.4700000000003,3.040456553755523,104556.0,486,126,370.7699999999999,1.0,866.3400000000001,1198.1299999999999,0.51191346931658,331.78999999999974,0.152251934100951,0.012658227848101266,2,115.75000000000001,1,1,,,,,,,,,1
2019,0,256,9873.160000000009,3.442524407252444,26210.0,1326,180,1883.45,44.0,1424.6400000000006,8448.520000000006,0.5665805071527247,7023.880000000006,0.16020349403441966,0.171875,8,3287.3400000000006,1,0,,,,,,,,,1
2176,5,191,2550.660000000001,2.710584484590862,214944.0,625,122,486.55,4.0,1565.9000000000003,984.7600000000002,0.5561540934503224,-581.1400000000001,0.16019636442656246,0.020942408376963352,3,50.9,1,1,,,,,,,,,1
517,0,97,3506.0700000000006,2.9241618015012514,110701.0,865,156,521.89,2.0,1444.3000000000002,2061.7700000000004,0.5310447309951027,617.4700000000003,0.12956682787316653,0.020618556701030927,6,236.82,1,1,,,,,,,,,1
1047,0,68,954.9699999999999,2.66008356545961,447.0,273,95,190.66,5.0,461.9,493.07000000000005,0.49740829554855126,31.170000000000073,0.16642371446278467,0.07352941176470588,2,97.97,1,1,,,,,,,,,1
1078,0,226,6219.900000000002,3.548146035367942,777680.0,877,161,794.0699999999998,20.0,2935.3600000000015,3284.5400000000013,0.4304892361613529,349.17999999999984,0.11321263136283725,0.08849557522123894,8,665.7900000000002,1,1,,,,,,,,,1
1744,0,49,914.51,3.1318835616438356,483.0,162,70,79.83999999999999,1.0,533.53,380.97999999999996,0.47521623601710206,-152.55,0.08029365917433498,0.02040816326530612,1,174.11,1,0,,,,,,,,,1
1511,0,131,3099.6100000000006,2.787419064748202,1492.0,610,139,648.1,4.0,1000.9699999999998,2098.640000000001,0.7182451985894999,1097.670000000001,0.17293227063993744,0.030534351145038167,4,640.5499999999997,1,0,,,,,,,,,1
2080,1,122,5266.85,2.4985056925996205,77629.0,608,124,821.72,13.0,3408.7199999999993,1858.1299999999997,0.5547490435459524,-1550.5899999999997,0.1349610828158336,0.10655737704918032,8,437.28999999999996,1,1,,,,,,,,,1
972,0,150,3715.0500000000006,3.2531085814360776,83821.0,615,145,503.3299999999999,20.0,2531.290000000001,1183.76,0.6111950041049246,-1347.5300000000009,0.11931831651012943,0.13333333333333333,6,504.1299999999999,1,1,,,,,,,,,1
1117,0,174,3492.940000000001,3.431178781925345,168126.0,709,147,449.44999999999993,1.0,1774.4200000000005,1718.52,0.5734825104353352,-55.900000000000546,0.1140044490778436,0.005747126436781609,6,174.5,1,1,,,,,,,,,1
745,0,159,5994.810000000002,2.5305234276065858,3039.0,1086,138,742.7099999999998,4.0,2484.1600000000008,3510.650000000002,0.5816397850807613,1026.4900000000011,0.11023492323584932,0.025157232704402517,7,718.6999999999999,1,1,,,,,,,,,1
1289,0,445,1303.73,1.8492624113475178,810.0,314,72,179.39999999999998,1.0,570.0,733.73,0.76356300767797,163.73000000000002,0.12096040131343845,0.0022471910112359553,3,208.35,1,0,,,,,,,,,1
1293,0,140,2314.5300000000007,1.6276582278481018,1744.0,621,99,305.53999999999996,0.0,402.74000000000007,1911.7900000000002,0.5816126816243469,1509.0500000000002,0.11661520493727262,0.0,2,448.2700000000001,1,0,,,,,,,,,1
2071,0,190,1582.5999999999995,2.723924268502581,679.0,343,98,337.52000000000004,1.0,331.71000000000004,1250.8899999999996,0.45487804878048804,919.1799999999996,0.17578068037414335,0.005263157894736842,2,150.37,1,1,,,,,,,,,1
279,1,49,1757.37,3.1778842676311028,141743.0,353,116,419.66999999999996,29.0,444.4200000000001,1312.95,0.4037852017503429,868.53,0.1927709183111013,0.5918367346938775,1,59.25,1,1,,,,,,,,,1
2098,1,12,663.4399999999999,3.057327188940092,271.0,153,76,103.83000000000001,2.0,80.35,583.09,0.574882430965875,502.74,0.1353239407249078,0.16666666666666666,1,19.020000000000003,1,1,,,,,,,,,1
215,0,119,1422.7499999999998,2.038323782234957,47287.0,428,122,261.77,7.0,534.3199999999999,888.43,0.4245861887190301,354.11,0.15539738323083135,0.058823529411764705,1,249.91,1,0,,,,,,,,,1
1191,0,81,2049.9700000000003,3.0688173652694615,821.0,381,115,273.21999999999997,0.0,709.99,1339.98,0.5147441182066078,629.99,0.11760553377037607,0.0,2,435.90000000000003,1,0,,,,,,,,,1
1776,2,219,3484.480000000002,2.271499348109519,2087.0,623,143,669.16,9.0,2452.430000000001,1032.05,0.47955792542933195,-1420.3800000000012,0.16110206951011632,0.0410958904109589,5,239.78000000000003,1,1,,,,,,,,,1
79,0,131,3295.3400000000006,3.085524344569289,166648.0,662,163,748.48,44.0,885.6300000000001,2409.710000000001,0.42707277549509304,1524.0800000000008,0.18509231370337945,0.33587786259541985,1,654.78,1,0,,,,,,,,,1
520,1,99,1906.5499999999997,2.183906071019473,4771.0,466,111,560.06,4.0,1120.04,786.51,0.6276782670268287,-333.53,0.22705656751574024,0.04040404040404041,1,164.60000000000002,1,1,,,,,,,,,1
1102,0,70,1759.2999999999997,2.893585526315789,712.0,448,114,543.7499999999999,3.0,1161.3699999999997,597.9300000000001,0.39592451543227425,-563.4399999999996,0.23609995440828466,0.04285714285714286,2,504.10000000000014,1,0,,,,,,,,,1
1282,1,181,4854.540000000002,2.61137170521786,2467.0,964,156,945.3000000000002,3.0,1588.41,3266.1300000000015,0.48104454799012875,1677.7200000000014,0.16298725482082263,0.016574585635359115,5,1102.9399999999998,1,0,,,,,,,,,1
891,0,95,5873.850000000004,2.8376086956521758,2786.0,948,154,1214.3600000000001,13.0,2144.2900000000013,3729.5600000000013,0.47008350570749985,1585.27,0.17132110927864713,0.1368421052631579,7,1161.3600000000004,1,0,,,,,,,,,1
1055,0,74,1112.2299999999998,2.2606300813008127,8922.0,271,81,225.04999999999998,0.0,737.1399999999999,375.0899999999999,0.6952788541938268,-362.04999999999995,0.16828936348408713,0.0,5,92.17999999999999,1,1,,,,,,,,,1
26,0,92,1590.0000000000005,2.3766816143497764,856.0,408,105,258.89,0.0,747.1600000000001,842.8399999999997,0.5844528301886789,95.67999999999961,0.14002455527370472,0.0,1,347.39,1,0,,,,,,,,,1
228,0,75,2258.32,3.360595238095238,84008.0,524,126,509.78999999999996,4.0,693.9300000000001,1564.3900000000003,0.44202327393814866,870.4600000000003,0.1841653691507924,0.05333333333333334,2,146.49,1,1,,,,,,,,,1
2410,2,55,2203.42,3.0308390646492436,26407.0,513,132,392.72,7.0,844.51,1358.91,0.4423714044530774,514.4000000000001,0.151270732703167,0.12727272727272726,4,433.15,1,0,,,,,,,,,1
88,0,191,10090.200000000004,2.2937485792225516,246514.0,1788,183,2039.7099999999991,92.0,4029.2300000000014,6060.970000000001,0.596085310499296,2031.7399999999998,0.16815541088103692,0.4816753926701571,9,1525.4600000000005,1,0,,,,,,,,,1
2222,3,35,2746.890000000001,2.9409957173447547,45979.0,597,130,576.5500000000001,49.0,1059.72,1687.1700000000005,0.6787821863998921,627.4500000000005,0.17347988830849959,1.4,2,329.37999999999994,1,1,,,,,,,,,1
2215,0,121,2144.4100000000003,2.766980645161291,932.0,436,105,424.62000000000006,0.0,785.1099999999999,1359.3000000000002,0.4612270974300623,574.1900000000003,0.16528417340396961,0.0,5,257.7,1,1,,,,,,,,,1
303,0,168,3796.3900000000012,2.6905669737774636,68367.0,812,150,1034.6200000000001,11.0,893.59,2902.800000000001,0.5376765822267996,2009.210000000001,0.21416225592577948,0.06547619047619048,4,1083.2800000000002,1,0,,,,,,,,,1
2395,0,210,4516.310000000002,2.4320463112547133,2672.0,905,166,888.6399999999998,4.0,2186.81,2329.500000000001,0.5149757213300235,142.69000000000096,0.16441225173220833,0.01904761904761905,10,745.99,1,0,,,,,,,,,1
1279,0,187,4169.660000000002,2.226193272824347,14371.0,953,156,703.5999999999999,0.0,1546.5000000000002,2623.1600000000008,0.5221480888129966,1076.6600000000005,0.14437973758839046,0.0,5,623.8,1,0,,,,,,,,,1
2027,2,124,1816.34,2.710955223880597,978.0,470,123,490.97999999999996,1.0,596.25,1220.09,0.6005813889470033,623.8399999999999,0.2127923304959867,0.008064516129032258,4,98.94000000000003,1,1,,,,,,,,,1
142,0,152,1998.22,2.711289009497965,1070.0,240,70,313.18000000000006,0.0,1158.8400000000001,839.3800000000001,0.7457937564432345,-319.46000000000004,0.1354936402180497,0.0,7,325.96999999999997,1,0,,,,,,,,,1
2074,3,28,669.72,2.3498947368421055,3936.0,200,88,151.08,5.0,396.85,272.86999999999995,0.7247207788329451,-123.98000000000008,0.18406432748538012,0.17857142857142858,1,9.0,1,1,,,,,,,,,1
2438,0,135,2093.79,3.8347802197802197,207485.0,399,115,247.54999999999995,0.0,850.53,1243.2600000000002,0.42140806862197255,392.73000000000025,0.10573005202149194,0.0,3,967.7899999999996,1,0,,,,,,,,,1
227,1,110,1159.7500000000002,1.125970873786408,17911.0,260,36,567.88,8.0,524.1800000000001,635.5699999999999,0.851321405475318,111.38999999999987,0.32870464161886515,0.07272727272727272,1,230.50000000000006,1,0,,,,,,,,,1
943,1,140,3262.16,2.4182060785767234,103284.0,742,141,666.5200000000001,10.0,453.44999999999993,2808.71,0.5850785982293939,2355.26,0.16965494771780856,0.07142857142857142,3,171.98000000000002,1,1,,,,,,,,,1
96,30,57,1155.0,3.564814814814815,408.0,251,83,163.53,0.0,897.6500000000001,257.34999999999997,0.42962770562770564,-640.3000000000002,0.12402448180928762,0.0,2,27.429999999999996,1,1,,,,,,,,,1
450,1,55,1308.27,2.0733280507131537,709.0,251,95,327.49,0.0,611.1299999999999,697.14,0.36491702783064667,86.0100000000001,0.2002066317797232,0.0,1,232.17999999999995,1,0,,,,,,,,,1
1029,0,234,12013.28000000001,3.631584038694078,1264558.0,893,165,1222.7999999999997,38.0,4821.120000000001,7192.160000000004,0.4559720575896006,2371.0400000000036,0.09238384778574917,0.1623931623931624,11,1772.270000000001,1,0,,,,,,,,,1
335,0,135,2506.670000000001,3.6275976845151967,963.0,426,124,224.11999999999998,0.0,1159.0700000000002,1347.6000000000004,0.39662979171570234,188.5300000000002,0.08207148847036934,0.0,3,315.51,1,1,,,,,,,,,1
2015,0,107,5555.720000000003,3.293254297569652,2015.0,659,156,851.6600000000001,42.0,2239.11,3316.610000000001,0.5487173579662039,1077.500000000001,0.13291860323564386,0.3925233644859813,5,1072.9800000000002,1,0,,,,,,,,,1
1773,5,79,2873.6000000000004,4.469051321928461,200729.0,417,118,346.21999999999997,21.0,1400.6900000000003,1472.91,0.3476092706013363,72.2199999999998,0.10752774999844711,0.26582278481012656,2,483.30000000000007,1,0,,,,,,,,,1
563,0,66,2304.75,2.9624035989717226,146815.0,571,146,392.77,11.0,955.74,1349.0100000000004,0.45710814621976353,393.27000000000044,0.14560411044218394,0.16666666666666666,1,184.01999999999998,1,1,,,,,,,,,1
754,0,27,1356.98,3.452875318066158,622.0,198,84,87.92999999999999,1.0,668.32,688.66,0.5424766761485064,20.339999999999918,0.060855001349565015,0.037037037037037035,4,178.15,1,1,,,,,,,,,1
246,1,41,747.84,2.476291390728477,3876.0,211,85,130.48,0.0,427.25999999999993,320.58,0.6250668592212238,-106.67999999999995,0.14855633482102193,0.0,2,99.41000000000003,1,1,,,,,,,,,1
893,1,75,3599.7900000000013,3.0846529562982017,12529.0,610,113,475.5,2.0,574.1400000000001,3025.6500000000005,0.7576136385733611,2451.51,0.11667881304152584,0.02666666666666667,2,1129.22,1,0,,,,,,,,,1
2016,8,117,1585.96,1.9924120603015076,1098.0,441,117,356.29999999999995,3.0,859.01,726.9499999999998,0.5968498574995585,-132.06000000000017,0.18344608857722444,0.02564102564102564,2,142.57,1,1,,,,,,,,,1
2,0,43,1740.67,2.807532258064516,722.0,489,137,315.09,6.0,822.7400000000001,917.9300000000001,0.5636680128915876,95.18999999999994,0.15327178269836944,0.13953488372093023,1,213.66999999999996,1,1,,,,,,,,,1
1473,0,98,3563.220000000001,3.0585579399141642,1438.0,807,165,430.0899999999999,4.0,1347.8500000000001,2215.370000000001,0.5818388985243683,867.5200000000007,0.10770263265311228,0.04081632653061224,5,775.9300000000002,1,0,,,,,,,,,1
1446,4,39,1865.4899999999998,2.7636888888888884,31226.0,392,114,418.82000000000005,46.0,695.42,1170.07,0.6945735436802128,474.65,0.18334639344047002,1.1794871794871795,4,230.34000000000003,1,1,,,,,,,,,1
1319,3,43,934.8999999999999,2.876615384615384,444.0,267,89,330.5,8.0,602.6199999999999,332.28,0.46853139373195,-270.3399999999999,0.26118223486644543,0.18604651162790697,1,124.88999999999999,1,1,,,,,,,,,1
1458,1,103,2692.140000000001,3.212577565632459,141600.0,582,147,640.1999999999998,16.0,1157.67,1534.4700000000003,0.4267868684392341,376.8000000000002,0.19211725094078028,0.1553398058252427,3,788.49,1,0,,,,,,,,,1
1233,6,33,1710.8200000000002,2.9194880546075086,125563.0,406,104,319.0999999999999,3.0,1156.6700000000003,554.15,0.5472697303047661,-602.5200000000003,0.15719831323401903,0.09090909090909091,1,67.69999999999999,1,1,,,,,,,,,1
1056,3,60,4684.390000000001,3.441873622336518,1963.0,733,122,752.1100000000001,0.0,2287.850000000001,2396.540000000001,0.531761872943969,108.69000000000005,0.13834452313069068,0.0,8,186.70000000000002,1,1,,,,,,,,,1
2281,0,77,3084.750000000001,3.4738175675675684,1216.0,477,124,568.76,18.0,263.52,2821.230000000001,0.5475808412351081,2557.710000000001,0.1556749536746854,0.23376623376623376,2,1924.0400000000013,1,0,,,,,,,,,1
1016,1,38,2581.750000000001,3.929604261796044,18896.0,505,150,257.08,0.0,1274.8300000000004,1306.9200000000005,0.5528033310738838,32.090000000000146,0.09055843428454677,0.0,3,508.0900000000003,1,0,,,,,,,,,1
1957,0,39,1707.4100000000003,2.995456140350878,674.0,397,112,280.27,8.0,405.7200000000001,1301.69,0.5726334038104497,895.97,0.1410035820655236,0.20512820512820512,2,286.82,1,0,,,,,,,,,1
2468,3,84,2463.11,2.47548743718593,1318.0,625,140,660.16,17.0,816.3400000000001,1646.7700000000004,0.6935784435124699,830.4300000000003,0.21136821344296203,0.20238095238095238,2,43.78,1,1,,,,,,,,,1
820,0,182,4021.41,2.852063829787234,16052.0,1055,162,682.75,25.0,2835.4000000000005,1186.0100000000002,0.4237767350257746,-1649.3900000000003,0.14513749532328832,0.13736263736263737,2,582.5700000000002,1,1,,,,,,,,,1
261,12,43,1175.23,4.55515503875969,132966.0,207,84,120.48,1.0,736.6099999999999,438.61999999999995,0.3103732886328633,-297.98999999999995,0.09298376951632696,0.023255813953488372,1,66.64000000000001,1,1,,,,,,,,,1
1127,6,20,1238.1900000000005,3.027359413202935,538.0,332,100,247.16,2.0,59.660000000000004,1178.5300000000002,0.5441895024188531,1118.8700000000001,0.16639849193792702,0.1,2,325.34000000000003,1,0,,,,,,,,,1
1581,0,19,946.6899999999999,3.0440192926045015,403.0,285,105,276.15999999999997,3.0,0.0,946.6899999999999,0.6131046065765985,946.6899999999999,0.22583309481947908,0.15789473684210525,2,302.57,1,0,,,,,,,,,1
1555,0,84,1326.6299999999999,2.2523429541595923,694.0,430,114,319.5499999999999,6.0,552.68,773.95,0.6551412224960992,221.2700000000001,0.19411607479133505,0.07142857142857142,3,119.91,1,1,,,,,,,,,1
1265,1,44,1301.58,2.2794746059544657,702.0,350,102,348.53,20.0,461.08000000000004,840.4999999999999,0.6246254552159684,379.41999999999985,0.21121622194883977,0.45454545454545453,1,108.29,1,1,,,,,,,,,1
1809,0,53,1290.45,2.0914910858995137,717.0,435,118,290.31999999999994,7.0,514.1600000000001,776.2900000000001,0.7144871943895541,262.13,0.18365733155360991,0.1320754716981132,1,218.96,1,0,,,,,,,,,1
744,0,133,3854.260000000001,2.9023042168674706,243253.0,900,168,986.9799999999999,105.0,1090.7600000000004,2763.500000000001,0.4063322142252986,1672.7400000000005,0.2038692566367294,0.7894736842105263,4,876.0500000000001,1,0,,,,,,,,,1
1460,3,54,2388.06,3.222753036437247,62172.0,548,142,385.23,24.0,1202.87,1185.1900000000003,0.5008123748984532,-17.67999999999961,0.1389072185022122,0.4444444444444444,2,67.62,1,1,,,,,,,,,1
877,2,54,2776.6400000000003,3.2898578199052135,71922.0,454,125,451.52,74.0,1090.6700000000003,1685.9700000000003,0.5099184626022818,595.3,0.1398691514670896,1.3703703703703705,4,578.43,1,0,,,,,,,,,1
2373,5,121,2536.9699999999993,2.4092782526115855,80173.0,694,124,710.0399999999997,12.0,579.93,1957.0399999999997,0.5405739918091267,1377.1099999999997,0.21867502717885065,0.09917355371900827,2,48.629999999999995,1,1,,,,,,,,,1
405,1,89,3330.9700000000003,3.6563885839736554,507456.0,492,113,725.7,3.0,1623.5,1707.4700000000005,0.3650107926519902,83.97000000000048,0.17889056787956625,0.033707865168539325,3,322.0,1,1,,,,,,,,,1
1607,1,116,3289.8600000000006,7.722676056338029,1636.0,134,45,2095.7699999999995,20.0,1417.3300000000002,1872.5300000000002,0.9154249724912306,455.20000000000005,0.38914110326925533,0.1724137931034483,5,593.02,1,0,,,,,,,,,1
1671,0,36,1297.49,2.5591518737672585,651.0,394,105,202.7,1.0,738.34,559.15,0.6942095892839252,-179.19000000000005,0.1351162186123091,0.027777777777777776,2,122.92000000000002,1,1,,,,,,,,,1
2477,0,35,1418.2400000000002,3.9950422535211274,85670.0,290,89,291.40999999999997,5.0,790.55,627.69,0.3944818930505415,-162.8599999999999,0.17045009212411893,0.14285714285714285,1,452.98,1,0,,,,,,,,,1
2230,0,35,1092.85,2.898806366047745,455.0,304,106,106.39999999999999,0.0,407.79999999999995,685.05,0.5258635677357368,277.25,0.08872211799041066,0.0,1,102.79999999999998,1,1,,,,,,,,,1
1900,0,46,6851.130000000004,3.9060034207525676,2215.0,1013,168,718.5500000000001,5.0,2250.410000000001,4600.720000000003,0.5434738502991475,2350.3100000000018,0.09492475243339213,0.10869565217391304,2,1690.0100000000002,1,0,,,,,,,,,1
1818,0,43,1004.8000000000008,2.6031088082901572,514.0,279,110,201.79999999999998,2.0,960.4800000000007,44.32,0.4427448248407642,-916.1600000000007,0.16724680921597865,0.046511627906976744,1,328.63,1,0,,,,,,,,,1
896,0,105,4774.420000000001,2.5422896698615554,119017.0,1227,165,1413.2099999999998,24.0,2230.1800000000003,2544.2400000000007,0.5575839578419995,314.0600000000004,0.2283927772022567,0.22857142857142856,6,500.03999999999996,1,1,,,,,,,,,1
1768,0,58,1107.9299999999998,2.749205955334987,7114.0,260,89,264.79999999999995,0.0,159.54,948.39,0.5256740046753857,788.85,0.1929002790060682,0.0,1,414.53999999999996,1,0,,,,,,,,,1
747,1,120,1051.74,2.423364055299539,634.0,310,101,277.28,2.0,450.71999999999997,601.02,0.5423678855991024,150.3,0.20863493401152727,0.016666666666666666,3,114.99,1,1,,,,,,,,,1
2482,1,66,2364.1299999999997,2.618084163898117,1367.0,621,113,544.61,3.0,1936.7599999999998,427.36999999999995,0.7217877189494655,-1509.3899999999999,0.18723227239285742,0.045454545454545456,3,364.64,1,0,,,,,,,,,1
2416,0,90,3535.9100000000008,3.7857708779443264,89617.0,604,142,488.4199999999999,2.0,1192.15,2343.76,0.6027868356377849,1151.6100000000001,0.12136678652098605,0.022222222222222223,3,887.0700000000002,1,0,,,,,,,,,1
1385,1,101,5023.400000000001,3.189460317460318,2614.0,812,130,1084.3300000000002,3.0,2816.5700000000006,2206.83,0.6137536329975715,-609.7400000000007,0.17753404292593158,0.0297029702970297,4,614.1100000000001,1,1,,,,,,,,,1
1681,0,87,2535.5099999999998,3.1263995067817505,95407.0,443,113,407.0400000000001,2.0,1264.1200000000001,1271.3899999999999,0.5635868129094345,7.269999999999754,0.1383290003568334,0.022988505747126436,2,66.77,1,1,,,,,,,,,1
436,5,26,2013.7500000000002,3.1913629160063395,798.0,445,126,275.07,0.0,971.52,1042.23,0.4743438857852265,70.71000000000004,0.12017983065509738,0.0,1,304.98999999999995,1,0,,,,,,,,,1
1642,1,112,1804.9599999999998,1.9576572668112797,5296.0,339,96,447.75999999999993,7.0,980.3200000000002,824.6399999999999,0.5266100079780162,-155.6800000000003,0.19876416065911431,0.0625,6,291.15999999999997,1,0,,,,,,,,,1
2046,11,44,611.61,3.6623353293413174,16357.0,151,74,74.72,1.0,401.99,209.62,0.42765814816631514,-192.37,0.10886891145658793,0.022727272727272728,1,27.189999999999998,1,1,,,,,,,,,1
465,5,40,315.97,2.240921985815603,160.0,127,60,59.260000000000005,0.0,192.97000000000003,123.0,0.530208564104187,-69.97000000000003,0.15792980305412682,0.0,0,66.58000000000001,1,0,,,,,,,,,1
2256,0,27,1213.67,3.418788732394366,60082.0,337,97,163.85999999999996,5.0,187.59,1026.0800000000002,0.5935798034061978,838.4900000000001,0.11895203734219942,0.18518518518518517,0,283.89,1,0,,,,,,,,,1
765,1,25,1182.6799999999998,3.8776393442622945,99602.0,240,82,185.57000000000002,13.0,731.95,450.73,0.47191970778232506,-281.22,0.13562579937876854,0.52,0,403.9,1,0,,,,,,,,,1
585,1,38,730.29,2.9328915662650603,14191.0,218,76,276.14000000000004,2.0,409.97999999999996,320.30999999999995,0.48865519177313127,-89.67000000000002,0.27437576383851836,0.05263157894736842,0,74.78,1,1,,,,,,,,,1
1322,22,15,256.99,3.337532467532468,98.0,70,45,51.489999999999995,0.0,188.58,68.41,0.36783532433168603,-120.17000000000002,0.16691519709543565,0.0,0,3.66,1,1,,,,,,,,,1
592,0,29,552.6800000000001,2.594741784037559,252.0,185,84,127.91999999999999,6.0,299.17,253.51,0.6574690598538032,-45.660000000000025,0.18795180722891563,0.20689655172413793,0,108.11,1,0,,,,,,,,,1
2229,0,37,1315.8700000000001,2.817708779443255,570.0,380,122,245.52999999999997,1.0,137.33,1178.5400000000002,0.5890399507550137,1041.2100000000003,0.15724990393236837,0.02702702702702703,0,1099.6200000000003,1,0,,,,,,,,,1
1734,0,17,146.45000000000002,2.569298245614035,7418.0,53,29,28.259999999999998,0.0,34.5,111.95,0.4055308979173779,77.45,0.16175376337931427,0.0,0,15.33,1,1,,,,,,,,,1
2163,4,10,258.56,8.915862068965517,31.0,16,9,16.41,0.0,63.62,194.93999999999997,0.7749458539603961,131.31999999999996,0.059679237735025634,0.0,0,97.53999999999999,1,0,,,,,,,,,1
1665,0,89,1111.0200000000002,2.791507537688443,68148.0,299,97,216.87999999999994,2.0,726.1400000000001,384.88,0.5577487353963024,-341.2600000000001,0.1633255516228631,0.02247191011235955,0,445.82000000000005,1,0,,,,,,,,,1
244,2,38,1531.2599999999998,2.0416799999999995,826.0,401,91,230.17999999999998,2.0,720.61,810.65,0.5862100492404948,90.03999999999996,0.13067717322190936,0.05263157894736842,0,167.69,1,1,,,,,,,,,1
884,4,65,611.4999999999998,2.5479166666666657,324.0,174,70,68.92,0.0,436.8699999999998,174.63,0.43355682747342617,-262.2399999999998,0.10129037947150293,0.0,0,62.849999999999994,1,1,,,,,,,,,1
966,2,15,191.09,4.065744680851064,54.0,31,15,31.3,0.0,75.95,115.14000000000001,0.5888848186718301,39.19000000000001,0.14074373847744953,0.0,0,10.97,1,1,,,,,,,,,1
1637,0,42,628.08,7.389176470588236,251.0,40,22,370.47999999999996,0.0,417.96000000000004,210.12,0.7912049420455993,-207.84000000000003,0.3710142605351706,0.0,0,542.0500000000001,1,0,,,,,,,,,1
1623,0,123,3322.3700000000003,3.6997438752783967,90683.0,626,134,641.3299999999999,2.0,406.31,2916.0600000000004,0.3996845625261484,2509.7500000000005,0.1618008426470217,0.016260162601626018,0,1411.25,1,0,,,,,,,,,1
1597,1,47,479.32,2.408643216080402,9498.0,178,73,89.96999999999998,1.0,284.89000000000004,194.43,0.47602854043227905,-90.46000000000004,0.15803896081083454,0.02127659574468085,0,322.31,1,0,,,,,,,,,1
1538,40,31,499.41999999999996,2.1072573839662447,270.0,223,92,96.38999999999999,2.0,388.26,111.16,0.49983981418445406,-277.1,0.1617797620046659,0.06451612903225806,0,5.5,1,1,,,,,,,,,1
1614,1,68,457.36999999999995,3.0090131578947363,6700.0,99,49,66.91,3.0,135.25,322.11999999999995,0.4666025318669787,186.86999999999995,0.1276226443884947,0.04411764705882353,0,60.79,1,1,,,,,,,,,1
1107,0,17,635.4,2.8493273542600894,381.0,192,59,181.43999999999997,0.0,368.2300000000001,267.17,0.6319326408561536,-101.06000000000006,0.22212428382547375,0.0,0,241.92000000000002,1,0,,,,,,,,,1
2417,28,8,188.38000000000002,2.9901587301587305,82.0,58,44,33.4,0.0,103.03999999999999,85.34000000000002,0.4449516933857097,-17.699999999999974,0.15059969338984577,0.0,0,7.7299999999999995,1,1,,,,,,,,,1
1252,3,33,710.78,2.5846545454545455,412.0,229,87,366.05000000000007,32.0,465.02,245.76,0.5601170545035032,-219.26,0.339932951347938,0.9696969696969697,0,441.99999999999994,1,0,,,,,,,,,1
1661,1,39,1178.18,3.966936026936027,71598.0,243,89,109.74000000000001,2.0,576.28,601.9,0.42992581778675587,25.620000000000005,0.08520715572395801,0.05128205128205128,0,247.21999999999997,1,0,,,,,,,,,1
985,0,95,1629.3799999999999,2.5659527559055118,68944.0,502,139,414.9,13.0,324.77000000000004,1304.61,0.5135511667014447,979.8399999999999,0.20295654215665174,0.1368421052631579,0,428.0899999999999,1,0,,,,,,,,,1
1043,11,18,950.0300000000001,2.714371428571429,674.0,291,73,389.83000000000004,0.0,493.52,456.51,0.687894066503163,-37.00999999999999,0.29094830803218247,0.0,0,38.7,1,1,,,,,,,,,1
2195,0,70,954.4300000000001,2.7269428571428573,32494.0,275,85,265.32,32.0,367.99000000000007,586.4399999999999,0.5819913456198986,218.44999999999987,0.21751998360319738,0.45714285714285713,0,226.29000000000002,1,0,,,,,,,,,1
2326,0,36,901.0300000000002,2.334274611398964,547.0,309,99,257.5,15.0,145.04000000000002,755.99,0.6598226474146253,610.95,0.22226442129249993,0.4166666666666667,0,421.84000000000015,1,0,,,,,,,,,1
2442,0,31,517.73,3.6204895104895107,206.0,127,54,156.17,0.0,230.67,287.06000000000006,0.46939524462557697,56.39000000000007,0.231740614334471,0.0,0,106.60000000000001,1,0,,,,,,,,,1
120,20,17,226.21000000000004,7.800344827586208,18879.0,22,15,4.66,0.0,94.84,131.37,0.3400822244816763,36.53,0.020184519426517087,0.0,0,16.11,1,1,,,,,,,,,1
2333,3,10,68.09,1.8402702702702705,41.0,37,21,48.11,8.0,61.370000000000005,6.720000000000001,0.842120722573065,-54.650000000000006,0.4140275387263339,0.8,0,202.50999999999993,1,0,,,,,,,,,1
2349,0,59,1745.0900000000001,2.9577796610169496,81667.0,425,126,300.85999999999996,4.0,695.1700000000001,1049.92,0.5032462509096952,354.75,0.14705149197194456,0.06779661016949153,0,355.19000000000005,1,0,,,,,,,,,1
1846,2,16,425.87,3.154592592592593,214.0,123,48,219.83999999999997,1.0,49.73,376.14,0.7724892572850869,326.40999999999997,0.34046243669758863,0.0625,0,264.52000000000004,1,0,,,,,,,,,1
668,1,47,948.2400000000002,2.225915492957747,623.0,316,93,320.80999999999995,3.0,373.86000000000007,574.38,0.6449843921370114,200.51999999999992,0.2527953981324612,0.06382978723404255,0,202.8,1,0,,,,,,,,,1
552,2,39,1987.6600000000003,2.901693430656935,1083.0,465,87,580.77,1.0,707.03,1280.6300000000006,0.5603121258162864,573.6000000000006,0.22611867950460005,0.02564102564102564,0,301.80999999999995,1,0,,,,,,,,,1
1171,0,30,708.96,3.7710638297872343,12735.0,157,80,57.55999999999998,0.0,165.7,543.26,0.5896383434890544,377.56,0.07509262641548815,0.0,0,287.64,1,0,,,,,,,,,1
1195,1,31,876.18,3.2094505494505494,365.0,218,88,132.99,0.0,360.31,515.87,0.5607067041018969,155.56,0.13178156306667857,0.0,0,394.90999999999997,1,0,,,,,,,,,1
241,2,15,198.23,3.09734375,84.0,55,37,40.14,0.0,99.05,99.18,0.5215154113908086,0.13000000000000966,0.16839367370054956,0.0,0,1.5,1,1,,,,,,,,,1
1711,21,10,539.1500000000001,3.6184563758389268,14025.0,136,75,129.27000000000004,1.0,484.6,54.55,0.5188722989891495,-430.05,0.19339636755333475,0.1,0,125.82999999999998,1,0,,,,,,,,,1
2049,1,25,723.62,3.4622966507177035,291.0,184,78,164.92000000000002,9.0,538.5699999999999,185.05,0.7438019955225118,-353.5199999999999,0.18560785108154954,0.36,0,274.49999999999994,1,0,,,,,,,,,1
1704,0,37,336.21,2.127911392405063,10986.0,130,41,69.81,0.0,62.13999999999999,274.07,0.5333868713006753,211.93,0.17193734298803015,0.0,0,64.62,1,0,,,,,,,,,1
1958,6,28,693.3000000000001,2.100909090909091,411.0,290,101,132.66,4.0,254.64999999999998,438.65000000000003,0.6017885475263234,184.00000000000006,0.16061310475083537,0.14285714285714285,0,324.56,1,0,,,,,,,,,1
2127,3,22,1331.2500000000002,3.8254310344827593,65483.0,297,79,395.72999999999996,5.0,160.27999999999997,1170.97,0.5348732394366197,1010.69,0.22914567626724103,0.22727272727272727,0,130.57,1,1,,,,,,,,,1
1645,42,6,243.40999999999997,4.125593220338983,81.0,55,34,60.6,0.0,106.93999999999998,136.47,0.5398299166016187,29.530000000000015,0.19933554817275748,0.0,0,53.11000000000001,1,0,,,,,,,,,1
1608,4,30,1037.89,1.907886029411765,793.0,387,97,349.05,9.0,383.16999999999996,654.72,0.5125976741273159,271.55000000000007,0.2516691421402512,0.3,0,362.0,1,0,,,,,,,,,1
435,1,60,835.6200000000001,5.126503067484664,764.0,125,50,396.42999999999995,5.0,272.37,563.25,0.7173116967042434,290.88,0.32176453877683525,0.08333333333333333,0,981.5999999999999,1,0,,,,,,,,,1
1903,0,39,1142.5600000000002,2.2535700197238664,31247.0,412,91,283.34,4.0,551.03,591.5299999999999,0.7000070018204732,40.499999999999886,0.1987095869275545,0.10256410256410256,0,9.76,1,1,,,,,,,,,1
1129,0,61,1897.9600000000007,3.5946212121212135,111974.0,295,115,257.41,17.0,1279.2900000000004,618.6700000000001,0.5453697654323588,-660.6200000000003,0.11942729090596971,0.2786885245901639,0,503.45000000000005,1,0,,,,,,,,,1
1407,2,27,1098.47,3.0769467787114846,407.0,290,106,86.93000000000002,1.0,174.90999999999997,923.5600000000002,0.5137236337815325,748.6500000000002,0.0733338957313987,0.037037037037037035,0,517.4700000000001,1,0,,,,,,,,,1
1323,8,10,288.39,3.134673913043478,154.0,83,44,66.99000000000001,0.0,237.72999999999996,50.66,0.6906966260966052,-187.06999999999996,0.18850244808374136,0.0,0,8.66,1,1,,,,,,,,,1
1874,1,31,729.9999999999999,3.348623853211009,70396.0,182,92,147.10999999999999,3.0,446.5799999999999,283.41999999999996,0.3699863013698631,-163.15999999999997,0.16772126643180446,0.0967741935483871,0,104.28999999999999,1,1,,,,,,,,,1
1313,0,21,831.51,2.7624916943521596,364.0,257,98,119.38999999999999,2.0,227.28000000000003,604.23,0.6057173094731272,376.95,0.12555473761699443,0.09523809523809523,0,199.45999999999998,1,0,,,,,,,,,1
1750,4,18,655.76,3.3119191919191917,11947.0,142,71,193.24,0.0,276.43,379.33,0.49795656947663786,102.89999999999998,0.22760895170789164,0.0,0,80.66000000000001,1,1,,,,,,,,,1
1657,1,31,351.11,2.950504201680672,29881.0,76,47,34.38999999999999,0.0,147.22,203.89,0.39403605707612993,56.66999999999999,0.08920881971465627,0.0,0,296.78999999999996,1,0,,,,,,,,,1
1635,2,18,116.69999999999999,2.9174999999999995,52.0,37,28,22.45,0.0,38.92,77.78,0.6022279348757499,38.86,0.16133668702838666,0.0,0,12.28,1,1,,,,,,,,,1
62,0,31,340.46000000000004,1.4867248908296944,253.0,175,82,71.86999999999999,3.0,79.75,260.71000000000004,0.610732538330494,180.96000000000004,0.1743021366381296,0.0967741935483871,0,18.83,1,1,,,,,,,,,1
628,3,16,973.3299999999998,3.877808764940238,302.0,223,90,129.88,1.0,436.2899999999999,537.04,0.5577964308096948,100.75000000000006,0.11772917214310967,0.0625,0,174.66,1,0,,,,,,,,,1
1999,8,43,499.8399999999999,2.241434977578475,277.0,176,65,107.83,0.0,323.48999999999995,176.35,0.46586907810499373,-147.13999999999996,0.17744828607632432,0.0,0,283.49000000000007,1,0,,,,,,,,,1
154,7,29,846.1700000000001,3.169176029962547,24023.0,213,87,134.17000000000004,0.0,544.85,301.32,0.5767989883829491,-243.53000000000003,0.1368606809882286,0.0,0,21.009999999999998,1,1,,,,,,,,,1
341,5,29,392.8100000000001,2.045885416666667,299.0,139,47,102.32999999999998,4.0,236.28000000000014,156.53,0.46974364196430846,-79.75000000000014,0.20666882093953218,0.13793103448275862,0,0.69,1,1,,,,,,,,,1
9,0,14,622.38,3.6396491228070174,285.0,154,66,155.09000000000003,1.0,109.72999999999999,512.6500000000001,0.7801182557280117,402.9200000000001,0.19948036580189593,0.07142857142857142,0,175.04,1,0,,,,,,,,,1
1196,0,23,1463.2,3.5514563106796118,537.0,297,91,166.23000000000002,0.0,489.38,973.8200000000003,0.619662383816293,484.4400000000003,0.10201726984282848,0.0,0,452.75,1,0,,,,,,,,,1
579,3,20,291.59000000000003,3.3905813953488377,13472.0,68,35,122.39,1.0,141.84,149.75,0.3012106039301759,7.909999999999997,0.29564230156046184,0.05,0,143.67,1,0,,,,,,,,,1
851,35,20,163.4,3.0830188679245283,96.0,27,18,34.08,0.0,155.03,8.370000000000001,0.4664014687882496,-146.66,0.1725744379177638,0.0,0,3.38,1,1,,,,,,,,,1
1956,0,38,1289.64,3.6327887323943666,445.0,278,93,176.25,1.0,746.69,542.95,0.5625833565956391,-203.74,0.12023412397928902,0.02631578947368421,0,884.9100000000004,1,0,,,,,,,,,1
2355,2,15,104.25,3.2578125,40.0,25,19,13.14,0.0,39.44,64.81,0.5354436450839329,25.370000000000005,0.11193457705085612,0.0,0,7.09,1,1,,,,,,,,,1
2192,0,27,479.6,5.70952380952381,125.0,76,46,28.240000000000002,1.0,389.19999999999993,90.4,0.39555879899916596,-298.79999999999995,0.055608065532451165,0.037037037037037035,0,12.43,1,1,,,,,,,,,1
827,4,18,277.53000000000003,2.33218487394958,130.0,115,59,65.55,5.0,213.47000000000003,64.06,0.6166540554174322,-149.41000000000003,0.19106330884924796,0.2777777777777778,0,49.35000000000001,1,0,,,,,,,,,1
1629,1,7,265.85999999999996,3.6419178082191777,84.0,73,49,33.019999999999996,0.0,117.08000000000001,148.77999999999997,0.5571353343865193,31.69999999999996,0.11047912205567453,0.0,0,324.85,1,0,,,,,,,,,1
128,0,22,654.92,2.936860986547085,28818.0,150,65,92.94,0.0,196.87,458.04999999999995,0.3069229829597508,261.17999999999995,0.12427459684967776,0.0,0,726.1600000000001,1,0,,,,,,,,,1
826,0,19,138.39,2.3455932203389827,3998.0,40,24,13.540000000000001,0.0,82.25,56.14,0.46809740588192794,-26.11,0.08911998946883436,0.0,0,64.62,1,0,,,,,,,,,1
2409,17,7,837.4200000000001,2.406379310344828,468.0,295,98,276.4,3.0,759.6400000000001,77.78000000000002,0.6412791669652026,-681.8600000000001,0.24815499811459657,0.42857142857142855,0,69.13,1,1,,,,,,,,,1
2309,0,8,156.21,3.323617021276596,63.0,44,33,67.97,1.0,35.45,120.76,0.5790922476153896,85.31,0.30319386207511817,0.125,0,118.80000000000001,1,0,,,,,,,,,1
1433,5,2,26.36,2.636,10.0,10,9,4.49,0.0,11.52,14.840000000000002,0.4503034901365706,3.320000000000002,0.14554294975688817,0.0,0,43.68,1,0,,,,,,,,,1
1422,1,7,306.6699999999999,2.948749999999999,137.0,104,44,77.65999999999998,0.0,66.86,239.80999999999992,0.5724720383474093,172.94999999999993,0.20206593292222833,0.0,0,175.09999999999997,1,0,,,,,,,,,1
1342,9,9,127.65999999999998,4.728148148148147,12586.0,27,23,10.32,0.0,30.11,97.55,0.31912893623687927,67.44,0.07479344832584434,0.0,0,32.36,1,0,,,,,,,,,1
1295,1,56,1217.6,2.831627906976744,650.0,331,84,246.60999999999999,2.0,341.01999999999987,876.5799999999999,0.4727086070959265,535.5600000000001,0.1684252941859433,0.03571428571428571,0,419.81000000000006,1,0,,,,,,,,,1
2125,0,84,3596.220000000001,4.439777777777779,354728.0,538,121,682.9499999999999,1.0,197.77,3398.4500000000007,0.4715256574959262,3200.6800000000007,0.15959870722593394,0.011904761904761904,0,1237.0700000000002,1,0,,,,,,,,,1
735,3,78,835.5699999999999,2.603021806853582,433.0,213,64,94.36,4.0,423.5200000000001,412.04999999999995,0.4566702969230586,-11.470000000000141,0.1014700031185143,0.05128205128205128,0,226.67999999999998,1,0,,,,,,,,,1
1105,79,1,57.230000000000004,3.5768750000000002,19.0,16,8,28.29,0.0,57.230000000000004,0.0,0.578892189411148,-57.230000000000004,0.3307998129092609,0.0,0,442.90999999999997,1,0,,,,,,,,,1
1882,0,22,344.90999999999997,2.8271311475409835,140.0,107,49,56.160000000000004,0.0,318.40999999999997,26.5,0.6327157809283582,-291.90999999999997,0.14002543196948164,0.0,0,60.63000000000001,1,0,,,,,,,,,1
2495,15,19,206.51,3.177076923076923,89.0,59,35,33.58,0.0,35.71,170.79999999999998,0.6058302261391699,135.08999999999997,0.13986421758507228,0.0,0,2.49,1,1,,,,,,,,,1
1986,2,11,222.43999999999997,2.391827956989247,126.0,91,58,54.15000000000001,1.0,136.32,86.12,0.5935533177486064,-50.19999999999999,0.1957771430637406,0.09090909090909091,0,7.62,1,1,,,,,,,,,1
1358,0,64,1609.4000000000003,2.5186228482003137,5835.0,494,99,419.72999999999996,2.0,813.26,796.1400000000001,0.6709084130731948,-17.11999999999989,0.20685219773991803,0.03125,0,857.28,1,0,,,,,,,,,1
777,0,28,1866.7400000000002,4.64363184079602,266743.0,290,110,195.49,1.0,90.63999999999999,1776.1000000000004,0.3935577530882715,1685.4600000000005,0.09479543988788834,0.03571428571428571,0,879.0100000000001,1,0,,,,,,,,,1
1212,46,5,174.55999999999997,2.2096202531645566,93.0,73,41,41.21,0.0,174.55999999999997,0.0,0.6890467461044913,-174.55999999999997,0.19099040645131393,0.0,0,20.71,1,1,,,,,,,,,1
1386,28,7,103.06,2.6425641025641027,14541.0,32,20,1.1,0.0,59.08,43.980000000000004,0.2910925674364448,-15.099999999999994,0.010560675883256529,0.0,0,8.09,1,1,,,,,,,,,1
407,1,44,582.1800000000001,4.65744,284.0,101,49,294.21,5.0,247.10000000000002,335.08,0.7004534679995877,87.97999999999996,0.3357067059185978,0.11363636363636363,0,114.2,1,0,,,,,,,,,1
2072,66,11,240.96000000000004,2.0594871794871796,146.0,100,48,57.86000000000001,3.0,240.96000000000004,0.0,0.5123671978751658,-240.96000000000004,0.19362827120005352,0.2727272727272727,0,37.32,1,0,,,,,,,,,1
1487,1,25,797.9399999999999,3.6105882352941174,25645.0,192,87,111.45,1.0,161.26999999999998,636.6699999999998,0.42745068551520166,475.39999999999986,0.12255467951044106,0.04,0,673.3399999999999,1,0,,,,,,,,,1
2022,0,73,6880.750000000004,4.090814506539836,57446.0,1210,204,949.4200000000002,17.0,2631.880000000001,4248.870000000002,0.43731279293681624,1616.9900000000007,0.12125151816627222,0.2328767123287671,0,995.0300000000002,1,1,,,,,,,,,1
531,3,35,943.28,2.8326726726726728,409.0,214,82,300.78,4.0,438.05,505.2299999999999,0.571431600373166,67.1799999999999,0.2417729048438178,0.11428571428571428,0,117.35999999999999,1,1,,,,,,,,,1
1027,1,38,986.4000000000001,3.0825000000000005,453.0,229,87,196.64999999999998,4.0,449.69,536.71,0.570265612327656,87.02000000000004,0.1662228984404716,0.10526315789473684,0,78.59,1,1,,,,,,,,,1
1559,3,39,1833.5300000000002,3.9601079913606916,547.0,392,115,200.46000000000004,2.0,526.62,1306.9100000000003,0.5471031289370776,780.2900000000003,0.09855505680952217,0.05128205128205128,0,891.8900000000001,1,0,,,,,,,,,1
87,0,37,970.2499999999999,3.4284452296819783,325.0,167,68,76.54,1.0,170.39999999999998,799.8499999999999,0.3978871424890493,629.4499999999999,0.07311877262870299,0.02702702702702703,0,232.05,1,0,,,,,,,,,1
2189,1,81,1159.0900000000001,5.366157407407408,116263.0,129,53,95.1,1.0,364.56,794.5300000000001,0.4063014951384275,429.9700000000001,0.07582583181176696,0.012345679012345678,0,176.38,1,0,,,,,,,,,1
1514,0,48,2193.2400000000007,2.648840579710146,999.0,474,101,397.6699999999999,68.0,714.9099999999997,1478.3300000000006,0.6598046725392568,763.4200000000009,0.15348661281171472,1.4166666666666667,0,162.07,1,1,,,,,,,,,1
1652,0,25,644.3399999999998,3.37350785340314,214.0,170,64,103.65,0.0,441.78999999999985,202.55,0.6391811776391348,-239.23999999999984,0.1385713712750171,0.0,0,301.66,1,0,,,,,,,,,1
2048,1,32,1097.41,4.771347826086957,32968.0,196,90,155.49,2.0,183.72000000000003,913.69,0.42136484996491735,729.97,0.12410407853779232,0.0625,0,441.0499999999998,1,0,,,,,,,,,1
1870,1,32,252.38999999999996,3.505416666666666,149.0,41,28,72.61,0.0,94.65,157.73999999999998,0.8436942826577917,63.089999999999975,0.22341538461538465,0.0,0,51.209999999999994,1,0,,,,,,,,,1
1290,0,25,745.44,2.03672131147541,473.0,276,84,251.23999999999998,3.0,367.71,377.7300000000001,0.5045208199184373,10.020000000000095,0.25207689529237065,0.12,0,314.80000000000007,1,0,,,,,,,,,1
2101,2,5,231.61,3.129864864864865,96.0,65,29,33.23,0.0,41.69,189.92000000000002,0.7643020594965675,148.23000000000002,0.12547198308412624,0.0,0,188.40999999999997,1,0,,,,,,,,,1
1152,0,65,1060.14,3.5103973509933777,44111.0,231,97,161.16,1.0,789.0600000000001,271.08,0.5743675363631218,-517.98,0.13195774993859,0.015384615384615385,0,245.51999999999998,1,0,,,,,,,,,1
60,55,5,296.78000000000003,2.938415841584159,11175.0,95,56,36.37,0.0,296.78000000000003,0.0,0.5027966844126962,-296.78000000000003,0.10917004352393815,0.0,0,104.16,1,0,,,,,,,,,1
349,1,19,306.62,2.81302752293578,133.0,91,45,29.81,0.0,107.52000000000001,199.1,0.47935555410605957,91.57999999999998,0.08860684243379008,0.0,0,562.54,1,0,,,,,,,,,1
141,5,46,373.5799999999999,2.277926829268292,14672.0,142,61,52.92000000000001,0.0,191.97,181.60999999999999,0.31961025750843197,-10.360000000000014,0.12407971864009383,0.0,0,74.76,1,0,,,,,,,,,1
1177,1,12,224.88,2.121509433962264,112.0,76,33,24.77,0.0,14.950000000000001,209.93,0.2835289932408396,194.98000000000002,0.09921890646905668,0.0,0,113.1,1,0,,,,,,,,,1
1023,0,524,31548.36999999993,8.86937587854932,3909115.0,1345,186,1793.2700000000002,27.0,9978.130000000005,21570.239999999958,0.3146657022217005,11592.109999999953,0.05378469685354422,0.05152671755725191,0,6771.420000000004,1,0,,,,,,,,,1
1080,1,72,1846.6000000000001,3.5926070038910507,824.0,368,90,358.18,2.0,1282.6699999999998,563.93,0.4019062060002166,-718.7399999999999,0.1624561180707372,0.027777777777777776,0,359.51,1,0,,,,,,,,,1
1274,0,240,11014.690000000008,4.448582390953153,3211.0,838,148,871.77,5.0,4996.000000000002,6018.690000000003,0.4257260077224141,1022.6900000000014,0.07334143218418263,0.020833333333333332,0,1488.5500000000002,1,1,,,,,,,,,1
843,0,57,1921.2800000000002,2.902235649546828,907.0,473,110,321.72999999999996,1.0,776.58,1144.7000000000003,0.5684075199866755,368.12000000000023,0.14343672119161302,0.017543859649122806,0,697.95,1,0,,,,,,,,,1
2026,11,15,1015.19,3.0304179104477615,603.0,253,82,559.5799999999999,2.0,216.95000000000005,798.2400000000001,0.5024675183955712,581.2900000000001,0.35534077992341734,0.13333333333333333,0,166.44,1,0,,,,,,,,,1
1612,2,134,7374.150000000003,3.7037418382722267,619315.0,1083,187,852.73,31.0,3166.8500000000017,4207.300000000002,0.4705193140904373,1040.4500000000003,0.10365168812478118,0.23134328358208955,0,1054.9,1,1,,,,,,,,,1
1730,1,150,3097.0500000000006,17.49745762711865,1132208.0,33,21,41.349999999999994,0.0,1434.15,1662.9,0.9570914257115641,228.75,0.013175503441243942,0.0,0,412.73,1,1,,,,,,,,,1
1991,0,39,274.87,2.7764646464646465,13627.0,73,35,32.910000000000004,0.0,114.81,160.06,0.601702623058173,45.25,0.10692702579764768,0.0,0,45.27,1,0,,,,,,,,,1
2357,0,28,226.52999999999997,2.8674683544303794,7291.0,76,38,32.22,0.0,117.54,108.98999999999998,0.6286143115702114,-8.550000000000026,0.12452173913043478,0.0,0,7.84,1,1,,,,,,,,,1
980,2,24,1052.86,3.746832740213523,32414.0,238,77,233.15,0.0,231.49,821.3700000000001,0.495982371825314,589.8800000000001,0.18129719053506582,0.0,0,277.36,1,0,,,,,,,,,1
1242,4,30,776.2299999999999,3.5283181818181815,368.0,153,75,261.3500000000001,1.0,643.04,133.19,0.5147443412390658,-509.84999999999997,0.2518841920622989,0.03333333333333333,0,53.879999999999995,1,1,,,,,,,,,1
626,0,24,600.4300000000001,1.8474769230769232,601.0,247,68,122.42999999999998,0.0,175.16,425.27000000000004,0.6421064903485835,250.11000000000004,0.1693688957751155,0.0,0,48.900000000000006,1,1,,,,,,,,,1
1359,0,73,1046.1299999999999,2.971960227272727,464.0,237,83,191.06999999999996,1.0,389.21,656.9200000000001,0.6461434047393728,267.7100000000001,0.15443743937924345,0.0136986301369863,0,146.55,1,1,,,,,,,,,1
124,3,52,579.99,2.9441116751269036,256.0,138,58,139.59,7.0,336.60999999999996,243.38,0.44728357385472156,-93.22999999999996,0.19398815975985992,0.1346153846153846,0,103.41999999999999,1,0,,,,,,,,,1
1915,14,27,471.12,3.3893525179856114,56566.0,110,66,38.50999999999999,0.0,266.27,204.84999999999994,0.41732467311937504,-61.420000000000044,0.07556462531640601,0.0,0,14.68,1,1,,,,,,,,,1
1278,9,15,645.49,3.4518181818181817,217.0,155,74,195.68,1.0,239.95,405.54,0.4703713457993153,165.59000000000003,0.2326283628755186,0.06666666666666667,0,92.85,1,1,,,,,,,,,1
1712,0,30,618.0699999999998,2.5227346938775503,285.0,212,90,124.76,3.0,203.56999999999996,414.4999999999999,0.4695422848544663,210.92999999999992,0.16795229056446298,0.1,0,110.86000000000001,1,0,,,,,,,,,1
1983,2,30,1987.3700000000006,3.990702811244981,22593.0,380,128,273.48999999999995,2.0,1551.0500000000002,436.31999999999994,0.5011749196173837,-1114.7300000000002,0.12096724255371845,0.06666666666666667,0,510.53,1,0,,,,,,,,,1
277,2,29,691.7,3.4412935323383085,334.0,160,60,240.82000000000005,4.0,160.90000000000003,530.8,0.46126933641752205,369.8999999999999,0.2582464719255351,0.13793103448275862,0,62.350000000000016,1,1,,,,,,,,,1
897,1,50,607.65,2.8262790697674416,238.0,169,65,71.77000000000001,1.0,334.34000000000003,273.31,0.4417180942977043,-61.03000000000003,0.10563421742074124,0.02,0,232.58,1,0,,,,,,,,,1
401,0,68,1746.4800000000002,2.527467438494935,875.0,502,132,356.03,1.0,412.81,1333.6700000000003,0.530306673995694,920.8600000000004,0.16933569876005342,0.014705882352941176,0,792.4,1,0,,,,,,,,,1
2434,5,20,703.3899999999999,2.225917721518987,402.0,262,82,182.46999999999997,0.0,202.59999999999997,500.78999999999996,0.43722543681314785,298.19,0.20598062899329464,0.0,0,68.12,1,1,,,,,,,,,1
2196,1,57,1054.84,2.0846640316205534,10322.0,252,84,423.69000000000005,2.0,515.44,539.4,0.6136949679572259,23.959999999999923,0.28656165245209775,0.03508771929824561,0,98.21,1,1,,,,,,,,,1
1092,0,37,771.4499999999999,2.933269961977186,4795.0,187,64,154.26999999999998,1.0,186.78000000000003,584.67,0.793972389655843,397.88999999999993,0.16664866266257616,0.02702702702702703,0,173.24,1,0,,,,,,,,,1
1875,0,28,543.8,3.9985294117647054,46697.0,112,54,77.18,0.0,143.65,400.15,0.2931960279514528,256.5,0.12428741666398274,0.0,0,365.25,1,0,,,,,,,,,1
796,0,43,396.8500000000001,1.9171497584541066,10165.0,139,60,185.44000000000003,0.0,246.93000000000004,149.92000000000002,0.3791104951493006,-97.01000000000002,0.3184667433752941,0.0,0,48.8,1,1,,,,,,,,,1
1377,13,32,729.45,3.1173076923076923,303.0,208,88,71.33999999999999,2.0,336.22999999999996,393.21999999999997,0.3956268421413393,56.99000000000001,0.08908702656127072,0.0625,0,61.89,1,1,,,,,,,,,1
751,3,21,468.26000000000005,2.477566137566138,218.0,152,54,98.15999999999998,0.0,281.1,187.16000000000003,0.6571349250416435,-93.94,0.17329896543201154,0.0,0,52.780000000000015,1,1,,,,,,,,,1
2160,1,45,642.1400000000001,5.016718750000001,201.0,79,48,216.44999999999996,6.0,222.76000000000002,419.38,0.3454075435263338,196.61999999999998,0.2520993722265574,0.13333333333333333,0,105.93,1,0,,,,,,,,,1
1114,0,31,564.87,2.555972850678733,281.0,177,66,153.20000000000002,1.0,182.83,382.03999999999996,0.49416679944057923,199.20999999999995,0.21334967343016698,0.03225806451612903,0,406.0799999999999,1,0,,,,,,,,,1
323,9,9,73.46,2.4486666666666665,1086.0,28,18,15.169999999999998,0.0,37.81999999999999,35.64,0.6829567111353119,-2.1799999999999926,0.17116100643123094,0.0,0,83.52999999999999,1,0,,,,,,,,,1
1471,1,29,391.96,6.876491228070175,110917.0,48,28,29.99,2.0,176.93,215.03000000000003,0.6107255842432903,38.10000000000002,0.07107477189240431,0.06896551724137931,0,94.75999999999999,1,0,,,,,,,,,1
1100,1,20,249.73000000000002,8.055806451612904,51064.0,28,18,8.209999999999999,0.0,143.9,105.83,0.5411844792375766,-38.07000000000001,0.03182910754439017,0.0,0,63.68000000000001,1,0,,,,,,,,,1
782,2,66,1484.8700000000001,2.9058121330724074,36487.0,374,105,285.59,1.0,712.5799999999999,772.2900000000002,0.6153198596510131,59.710000000000264,0.1613083605390689,0.015151515151515152,0,72.17999999999999,1,1,,,,,,,,,1
2043,0,50,1324.01,2.2327318718381113,10100.0,386,111,243.30000000000004,1.0,470.36,853.65,0.5052680870990399,383.28999999999996,0.15523412726263475,0.02,0,316.78,1,0,,,,,,,,,1
347,19,13,485.89,5.009175257731958,162.0,92,52,45.31999999999998,0.0,449.19,36.7,0.46872748976105705,-412.49,0.08531465898608834,0.0,0,54.870000000000005,1,1,,,,,,,,,1
1030,5,28,1137.42,3.8819795221843005,405.0,209,95,104.89000000000001,1.0,636.75,500.67,0.4562342846090275,-136.07999999999998,0.08443142210881342,0.03571428571428571,0,122.87,1,1,,,,,,,,,1
1938,0,24,824.7699999999999,4.434247311827956,244.0,156,71,97.86999999999998,0.0,370.80999999999995,453.96000000000004,0.5846963395855815,83.15000000000009,0.10607604266019248,0.0,0,208.17999999999995,1,0,,,,,,,,,1
1589,1,16,321.61,2.6800833333333336,139.0,108,52,62.95,0.0,231.53,90.08,0.5784024128602966,-141.45,0.1636935718743499,0.0,0,19.93,1,1,,,,,,,,,1
100,0,30,2041.5,3.5381282495667246,123011.0,396,95,347.85,2.0,704.6300000000001,1336.87,0.5013617438158217,632.2399999999998,0.1455835269006215,0.06666666666666667,0,253.12,1,1,,,,,,,,,1
673,0,40,458.07000000000005,3.3931111111111116,200.0,115,49,74.72999999999999,1.0,71.35000000000001,386.72,0.520029689785404,315.37,0.14025900900900898,0.025,0,246.54000000000002,1,0,,,,,,,,,1
667,0,51,774.4200000000001,2.2777058823529415,45759.0,270,99,199.57999999999998,4.0,103.14000000000001,671.28,0.47439373983109934,568.14,0.20490759753593427,0.0784313725490196,0,346.78000000000003,1,0,,,,,,,,,1
2202,0,15,281.02000000000004,3.427073170731708,9205.0,82,45,60.650000000000006,0.0,111.28000000000002,169.74,0.5774322112305174,58.459999999999994,0.17751046331255302,0.0,0,38.879999999999995,1,1,,,,,,,,,1
1044,15,18,418.22999999999996,2.389885714285714,7770.0,141,63,102.37,8.0,310.88,107.34999999999998,0.6810606604021712,-203.53000000000003,0.19663849404533235,0.4444444444444444,0,5.28,1,1,,,,,,,,,1
2001,17,26,746.06,3.6571568627450977,57246.0,167,85,125.75999999999998,0.0,618.77,127.28999999999999,0.3868455620191406,-491.48,0.1442499598540983,0.0,0,468.2200000000002,1,0,,,,,,,,,1
107,1,40,1217.39,4.682269230769231,116911.0,196,77,173.28,0.0,1045.38,172.01,0.310294975316045,-873.3700000000001,0.12460181063803777,0.0,0,5.4399999999999995,1,1,,,,,,,,,1
270,0,30,692.1999999999999,5.2839694656488545,14598.0,115,58,229.0,4.0,101.58999999999997,590.6099999999999,0.4367234903207166,489.0199999999999,0.2485887972210161,0.13333333333333333,0,231.26000000000005,1,0,,,,,,,,,1
991,1,30,1418.6799999999998,16.690352941176467,21555.0,66,40,40.92,1.0,436.59000000000003,982.0899999999999,0.8517777088561199,545.4999999999999,0.028035078103590027,0.03333333333333333,0,1.2,1,1,,,,,,,,,1
550,8,25,477.26,2.4104040404040403,268.0,131,64,129.16000000000003,0.0,213.07999999999998,264.18,0.3914009135481708,51.10000000000002,0.21298769829491113,0.0,0,377.65,1,0,,,,,,,,,1
234,12,18,255.37000000000003,2.1280833333333335,133.0,110,47,48.230000000000004,0.0,200.38000000000002,54.989999999999995,0.5703489055096524,-145.39000000000004,0.15886034255599474,0.0,0,5.27,1,1,,,,,,,,,1
2480,11,28,1591.2100000000003,3.08374031007752,15454.0,364,107,228.74,4.0,808.6400000000001,782.5699999999999,0.5223509153411554,-26.070000000000164,0.1256847715596582,0.14285714285714285,0,124.83999999999999,1,1,,,,,,,,,1
1741,1,14,153.20000000000002,2.1577464788732397,8871.0,63,43,29.159999999999993,3.0,94.29,58.91,0.5280678851174935,-35.38000000000001,0.1599034876069313,0.21428571428571427,0,8.79,1,1,,,,,,,,,1
1817,3,33,612.05,2.7081858407079644,293.0,151,68,88.43999999999998,0.0,129.64000000000001,482.40999999999997,0.5823707213462953,352.77,0.12625447900755185,0.0,0,412.66999999999996,1,0,,,,,,,,,1
2061,16,17,217.51,3.063521126760563,91.0,68,44,55.919999999999995,1.0,147.56,69.95,0.46425451703369963,-77.61,0.20451303807190138,0.058823529411764705,0,9.2,1,1,,,,,,,,,1
2401,2,54,602.0600000000001,2.894519230769231,15964.0,126,55,88.17999999999999,2.0,116.92000000000002,485.14,0.44746370793608603,368.21999999999997,0.12775266573945293,0.037037037037037035,0,125.39000000000001,1,0,,,,,,,,,1
1230,1,17,228.54000000000005,4.009473684210527,69.0,53,32,23.99,0.0,109.35000000000002,119.19,0.5219217642425833,9.839999999999975,0.09499861402605628,0.0,0,29.990000000000002,1,1,,,,,,,,,1
415,2,10,305.40000000000003,6.940909090909091,73.0,37,20,32.08,4.0,237.67000000000002,67.73,0.834413883431565,-169.94,0.09505748488799336,0.4,0,209.23000000000002,1,0,,,,,,,,,1
556,30,14,613.8600000000001,3.9099363057324847,72820.0,147,69,129.12000000000003,19.0,478.1800000000001,135.67999999999998,0.40357736291662577,-342.5000000000001,0.17378664297827667,1.3571428571428572,0,80.0,1,1,,,,,,,,,1
1606,2,16,933.1500000000003,3.904393305439332,359.0,189,67,188.03000000000003,0.0,674.2200000000001,258.93,0.4560895890264158,-415.29000000000013,0.16770723701814158,0.0,0,198.76,1,0,,,,,,,,,1
1281,1,21,348.72,2.6619847328244277,7358.0,121,61,41.56,0.0,145.44000000000003,203.28000000000003,0.430230557467309,57.84,0.10648764989238495,0.0,0,439.68,1,0,,,,,,,,,1
1432,3,7,265.44999999999993,2.2688034188034183,138.0,110,67,111.72999999999999,6.0,57.14,208.30999999999997,0.5244678847240537,151.16999999999996,0.2962246142425367,0.8571428571428571,0,71.5,1,0,,,,,,,,,1
2165,0,8,93.16999999999999,3.4507407407407404,28.0,27,19,12.46,0.0,2.79,90.38,0.32381667918858004,87.58999999999999,0.11795891318754143,0.0,0,88.93,1,0,,,,,,,,,1
2444,84,2,13.86,4.62,5.0,3,3,0.34,0.0,13.86,0.0,0.6580086580086579,-13.86,0.02394366197183099,0.0,0,56.08000000000001,1,0,,,,,,,,,1
1148,2,23,409.28999999999996,3.7549541284403665,58075.0,98,49,48.79,0.0,106.79,302.5,0.3051137335385668,195.70999999999998,0.10650977995110025,0.0,0,69.30000000000001,1,0,,,,,,,,,1
1339,1,5,317.26,10.94,103.0,18,8,62.41,0.0,7.99,309.27,0.9691420286200592,301.28,0.1643795928042774,0.0,0,72.9,1,0,,,,,,,,,1
2283,3,13,1143.14,3.594779874213837,29881.0,289,116,152.51999999999998,2.0,385.5,757.64,0.4817170250363034,372.14,0.11771606748684066,0.15384615384615385,0,246.22999999999996,1,0,,,,,,,,,1
933,0,73,1940.88,2.901165919282511,67776.0,478,99,411.55999999999995,3.0,321.94,1618.9399999999998,0.624222002390668,1296.9999999999998,0.17495026440631853,0.0410958904109589,0,234.30999999999997,1,1,,,,,,,,,1
1170,21,6,66.45,3.3225000000000002,33.0,18,15,6.05,0.0,52.46,13.99,0.870729872084274,-38.47,0.08344827586206896,0.0,0,2.0,1,1,,,,,,,,,1
1315,9,4,526.15,2.31784140969163,258.0,213,73,112.52999999999999,0.0,187.27999999999997,338.87,0.7066045804428395,151.59000000000003,0.17619152001002067,0.0,0,119.21000000000004,1,0,,,,,,,,,1
1628,57,11,161.10000000000002,2.9290909090909096,58.0,53,31,21.939999999999998,0.0,161.10000000000002,0.0,0.5487274984481688,-161.10000000000002,0.11986451048951047,0.0,0,385.68000000000006,1,0,,,,,,,,,1
930,1,39,906.8600000000002,7.254880000000002,316.0,63,42,435.80000000000007,6.0,412.26,494.6,0.9269126436274617,82.34000000000003,0.32457956593627574,0.15384615384615385,0,60.019999999999996,1,1,,,,,,,,,1
1636,67,3,16.3,2.716666666666667,9.0,5,3,1.31,0.0,16.3,0.0,0.6331288343558282,-16.3,0.07438955139125497,0.0,0,1181.4700000000007,1,0,,,,,,,,,1
1140,0,19,948.9699999999999,3.9376348547717837,19481.0,190,88,155.05,3.0,21.990000000000002,926.9799999999999,0.6622337903200312,904.9899999999999,0.14044129635332694,0.15789473684210525,0,215.21,1,0,,,,,,,,,1
1221,46,7,400.25,2.779513888888889,167.0,131,69,50.230000000000004,1.0,400.25,0.0,0.6115427857589008,-400.25,0.11150328538447878,0.14285714285714285,0,252.09000000000003,1,0,,,,,,,,,1
1077,0,22,820.4399999999999,4.273124999999999,51589.0,115,64,107.78999999999999,1.0,6.0,814.4399999999999,0.5668909365706207,808.4399999999999,0.11612423645001778,0.045454545454545456,0,672.3699999999999,1,0,,,,,,,,,1
292,0,70,872.75,2.72734375,7010.0,255,99,200.85,3.0,636.38,236.37,0.5435691778859926,-400.01,0.18708084947839046,0.04285714285714286,0,104.32000000000001,1,1,,,,,,,,,1
1738,0,53,1222.9399999999998,3.87006329113924,584.0,210,75,566.99,2.0,489.76,733.1799999999998,0.538734524997138,243.41999999999985,0.3167665774639232,0.03773584905660377,0,156.42000000000002,1,1,,,,,,,,,1
1560,0,38,867.11,2.871225165562914,420.0,201,75,338.54,0.0,220.53000000000003,646.58,0.45206490526000154,426.05,0.28079459212872726,0.0,0,341.92999999999995,1,0,,,,,,,,,1
2151,1,36,410.59,1.993155339805825,246.0,168,66,89.21,0.0,319.47999999999996,91.11000000000001,0.5725663070216033,-228.36999999999995,0.17849139655862345,0.0,0,423.68000000000023,1,0,,,,,,,,,1
1679,0,42,243.43000000000006,2.2965094339622647,126.0,75,44,45.71,0.0,181.65000000000006,61.780000000000015,0.41453395226553824,-119.87000000000005,0.1580895068133084,0.0,0,32.7,1,1,,,,,,,,,1
1786,0,38,349.22999999999996,3.7152127659574465,28499.0,87,64,24.870000000000005,0.0,126.47,222.76000000000002,0.2827649400108811,96.29000000000002,0.06647955092221333,0.0,0,60.49999999999999,1,0,,,,,,,,,1
1049,2,50,608.27,2.0074917491749176,367.0,244,80,164.64,2.0,184.74,423.5300000000001,0.5757476120801619,238.79000000000008,0.21301315806497523,0.04,0,89.78999999999999,1,0,,,,,,,,,1
951,0,11,399.75,4.491573033707865,45341.0,79,51,43.06,0.0,148.89999999999998,250.85000000000002,0.2723952470293934,101.95000000000005,0.09724260969716131,0.0,0,290.46999999999997,1,0,,,,,,,,,1
1775,0,182,8131.550000000004,3.721533180778034,503746.0,1085,169,1583.3399999999997,116.0,2510.6100000000006,5620.9400000000005,0.5657629849167747,3110.33,0.16298074399195453,0.6373626373626373,0,1353.5900000000001,1,0,45-54,A,75-99K,Homeowner,2 Adults Kids,5+,3+,1775.0,1
325,1,60,2153.3500000000004,2.7431210191082807,16140.0,600,129,867.5600000000002,24.0,1014.65,1138.7,0.6670629484291916,124.05000000000007,0.28718498730514974,0.4,0,697.23,1,0,35-44,A,75-99K,Homeowner,2 Adults Kids,4,2,325.0,1
1268,0,66,2784.2000000000007,3.5243037974683555,4479.0,497,131,414.36,0.0,1556.2100000000005,1227.9900000000002,0.586477264564327,-328.22000000000025,0.12954579560802357,0.0,0,229.36,1,1,35-44,U,Under 15K,Homeowner,2 Adults Kids,4,2,1268.0,1
159,0,68,1758.3700000000001,2.260115681233933,7013.0,536,114,354.65999999999997,0.0,596.5400000000001,1161.8300000000002,0.5311111995768808,565.2900000000001,0.16784428048820885,0.0,0,385.5,1,0,45-54,U,Under 15K,Homeowner,2 Adults No Kids,2,None/Unknown,159.0,1
309,3,21,2242.84,3.3879758308157104,995.0,282,75,463.55,5.0,1252.95,989.89,0.8339382211838563,-263.06000000000006,0.17127982293756627,0.23809523809523808,0,82.75000000000001,1,1,25-34,A,75-99K,Homeowner,Single Male,2,None/Unknown,309.0,1
2009,43,33,1506.8800000000012,3.7391563275434274,31504.0,339,111,300.48,6.0,1486.4000000000015,20.48,0.5350591951582071,-1465.9200000000014,0.16625354107648715,0.18181818181818182,1,0.0,0,1,,,,,,,,,1
572,15,45,903.1499999999999,2.4542119565217386,3356.0,282,95,175.88999999999996,0.0,749.0099999999999,154.14,0.4272933621214638,-594.8699999999999,0.1630060053380783,0.0,2,0.0,0,1,,,,,,,,,1
1825,4,43,1831.8400000000001,4.191853546910756,99678.0,287,91,360.08,0.0,1005.6100000000001,826.2299999999999,0.43139684688619095,-179.38000000000022,0.16427606846965218,0.0,1,0.0,0,1,,,,,,,,,1
2106,18,52,2807.030000000001,4.413569182389939,134928.0,473,141,239.09999999999997,2.0,2475.7700000000013,331.26,0.40571351214628965,-2144.510000000001,0.07849303870813126,0.038461538461538464,0,0.0,0,1,,,,,,,,,1
555,2,21,561.03,4.2826717557251905,187.0,108,55,63.14,0.0,425.03,136.0,0.3377894230255067,-289.03,0.10115833827322686,0.0,0,0.0,0,1,,,,,,,,,1
1910,1,26,741.8300000000002,3.9043684210526326,225.0,116,62,85.70000000000002,1.0,495.56000000000023,246.27,0.4649313184961514,-249.29000000000022,0.10356120019818012,0.038461538461538464,0,0.0,0,1,,,,,,,,,1
444,7,44,1261.6200000000001,3.0547699757869253,518.0,354,102,165.29000000000002,1.0,669.1800000000001,592.4399999999999,0.5342496155736275,-76.74000000000012,0.11583771926750812,0.022727272727272728,0,0.0,0,1,,,,,,,,,1
130,40,20,511.62000000000006,3.388211920529802,32624.0,121,54,55.72999999999999,0.0,463.55,48.07,0.34265665923927907,-415.48,0.09822860668017976,0.0,0,0.0,0,1,,,,,,,,,1
1026,27,26,412.54,1.9368075117370893,257.0,133,47,132.83,0.0,149.46,263.08000000000004,0.718306103650555,113.62000000000003,0.24355941837651504,0.0,0,0.0,0,1,,,,,,,,,1
835,4,17,273.80999999999995,3.9682608695652166,91.0,66,34,16.02,0.0,105.42,168.39000000000001,0.4686461414849714,62.97000000000001,0.05527378118207226,0.0,0,0.0,0,1,,,,,,,,,1
2304,6,88,240.09,1.9054761904761905,4761.0,75,36,44.61,1.0,201.32999999999998,38.76,0.38277312674413755,-162.57,0.15669125395152791,0.011363636363636364,0,0.0,0,1,,,,,,,,,1
892,2,22,443.31000000000006,2.162487804878049,253.0,192,88,158.10999999999999,16.0,227.39999999999998,215.91000000000005,0.6236268074259548,-11.489999999999924,0.2628944830567656,0.7272727272727273,0,0.0,0,1,,,,,,,,,1
1455,51,14,820.1800000000001,3.505042735042735,70931.0,203,93,139.14000000000001,1.0,820.1800000000001,0.0,0.3829525226169865,-820.1800000000001,0.14504023683442438,0.07142857142857142,0,0.0,0,1,,,,,,,,,1
917,7,44,488.4799999999999,2.6839560439560435,241.0,164,66,114.21000000000001,0.0,278.3299999999999,210.15000000000003,0.4900302980674747,-68.1799999999999,0.1895004065108099,0.0,0,0.0,0,1,,,,,,,,,1
2473,2,9,330.68,3.1796153846153845,136.0,102,62,53.359999999999985,0.0,203.48,127.2,0.4173218821821701,-76.27999999999999,0.13894386001458178,0.0,0,0.0,0,1,,,,,,,,,1
231,24,9,325.68000000000006,3.131538461538462,19363.0,91,47,111.17000000000002,1.0,318.18000000000006,7.5,0.5404998771800539,-310.68000000000006,0.25448094311548586,0.1111111111111111,0,0.0,0,1,,,,,,,,,1
102,63,8,304.84000000000003,2.8758490566037738,139.0,92,45,55.66,1.0,304.84000000000003,0.0,0.6057603988977824,-304.84000000000003,0.15439667128987516,0.125,0,0.0,0,1,,,,,,,,,1
948,35,4,304.85000000000014,2.849065420560749,146.0,100,46,74.48,0.0,290.5000000000001,14.350000000000001,0.6884041331802522,-276.1500000000001,0.19634618933382536,0.0,0,0.0,0,1,,,,,,,,,1
1897,78,1,19.58,3.9159999999999995,5.0,5,5,0.98,0.0,19.58,0.0,0.9744637385086823,-19.58,0.04766536964980545,0.0,0,0.0,0,1,,,,,,,,,1
355,35,7,340.34000000000003,5.079701492537314,102.0,66,36,69.52,0.0,228.84,111.50000000000001,0.4652406417112298,-117.33999999999999,0.1696188942565754,0.0,0,0.0,0,1,,,,,,,,,1
2365,56,7,313.65,2.61375,132.0,106,58,37.06,2.0,313.65,0.0,0.5460226366969552,-313.65,0.10567135239941834,0.2857142857142857,0,0.0,0,1,,,,,,,,,1
2166,16,30,84.21,2.10525,54.0,19,11,21.569999999999997,0.0,65.08,19.130000000000003,0.8237738985868661,-45.949999999999996,0.20391378332387974,0.0,0,0.0,0,1,,,,,,,,,1
11,29,5,33.39,1.855,20.0,17,14,10.98,0.0,23.34,10.05,0.29410002994908657,-13.29,0.24746450304259635,0.0,0,0.0,0,1,,,,,,,,,1
2403,2,10,118.69,2.197962962962963,57.0,48,25,16.950000000000003,0.0,37.89,80.80000000000001,0.5710674867301374,42.91000000000001,0.1249631377174875,0.0,0,0.0,0,1,,,,,,,,,1
1119,2,58,1921.77,2.221699421965318,18570.0,589,136,561.18,11.0,923.3199999999999,998.45,0.6301950805767601,75.13000000000011,0.22601341146619947,0.1896551724137931,2,310.98,1,0,,,,,,,,,1
944,1,87,2419.2100000000005,4.513451492537314,287781.0,388,141,302.78000000000003,2.0,940.52,1478.69,0.3767469545843477,538.1700000000001,0.11123479513150304,0.022988505747126436,1,440.5499999999999,1,0,,,,,,,,,1
1932,4,69,2619.670000000001,5.782935982339958,238406.0,325,108,343.87,1.0,542.47,2077.2000000000003,0.33735165116216914,1534.7300000000002,0.11603352747052509,0.014492753623188406,1,59.11,1,1,,,,,,,,,1
1058,0,507,3060.38,2.684543859649123,26208.0,636,137,515.0999999999999,6.0,1087.6399999999996,1972.7400000000002,0.5631980342310431,885.1000000000006,0.14406457314822063,0.011834319526627219,4,219.8,1,1,,,,,,,,,1
1872,0,145,3320.7800000000007,3.893059788980071,160575.0,562,152,448.0199999999999,16.0,1161.4399999999998,2159.34,0.4852474418660675,997.9000000000003,0.11887603481214176,0.1103448275862069,6,442.18999999999994,1,1,,,,,,,,,1
1266,0,101,1459.4799999999998,3.8206282722513083,750.0,270,91,457.8500000000001,0.0,728.3799999999999,731.1,0.3174966426398444,2.720000000000141,0.23879561682130884,0.0,5,197.62999999999994,1,1,,,,,,,,,1
2462,0,156,9463.550000000005,3.9662824811399853,25552.0,1115,167,1943.6499999999994,114.0,4248.830000000002,5214.720000000003,0.514481352135298,965.8900000000012,0.17038800056104905,0.7307692307692307,8,2129.510000000001,1,0,,,,,,,,,1
936,0,444,6345.250000000001,2.9958687440982064,51716.0,1134,187,1667.4700000000003,163.0,1922.5599999999997,4422.690000000001,0.5742768212442378,2500.130000000002,0.20810286644235665,0.36711711711711714,9,744.2399999999999,1,1,,,,,,,,,1
1288,1,48,1705.5700000000004,3.311786407766991,15917.0,402,125,307.09,0.0,707.56,998.0100000000002,0.5291134342184723,290.4500000000003,0.15257917382965822,0.0,2,190.93000000000004,1,1,,,,,,,,,1
2117,1,59,937.85,1.5977001703577514,623.0,327,104,280.57,20.0,391.81000000000006,546.0400000000001,0.4365836754278403,154.23000000000002,0.2302736330657737,0.3389830508474576,4,112.54000000000002,1,1,,,,,,,,,1
679,0,247,6013.910000000002,3.3207675317504153,2113.0,1060,192,995.6700000000003,80.0,2683.540000000001,3330.3700000000013,0.45284515398467884,646.8300000000004,0.14204417383067175,0.32388663967611336,6,480.3999999999999,1,1,,,,,,,,,1
83,0,97,1084.97,3.2484131736526947,42100.0,266,87,174.29999999999995,0.0,584.8000000000001,500.17,0.4987972017659475,-84.63000000000005,0.13841352529640186,0.0,1,98.77,1,1,,,,,,,,,1
37,0,52,2309.87,8.279103942652329,69469.0,155,63,462.36999999999995,1.0,742.7900000000001,1567.08,0.7015719499365766,824.2899999999998,0.16678570397945344,0.019230769230769232,2,666.7900000000001,1,0,,,,,,,,,1
2014,1,40,1167.6499999999999,2.077669039145907,654.0,378,101,215.47,2.0,750.0799999999999,417.57,0.5623945531623347,-332.50999999999993,0.15578547053039507,0.05,1,322.24,1,0,,,,,,,,,1
1849,1,144,2380.2799999999997,2.6359689922480616,1312.0,522,137,702.27,18.0,1114.9900000000002,1265.29,0.5791293461273466,150.29999999999973,0.22782112212291772,0.125,3,286.22,1,1,,,,,,,,,1
1206,0,348,5598.210000000002,2.470525154457194,2600.0,1243,182,1179.6999999999998,10.0,2946.33,2651.8800000000015,0.5574156739386339,-294.44999999999845,0.17405070294530312,0.028735632183908046,5,573.9200000000001,1,1,,,,,,,,,1
95,0,258,5385.510000000001,3.001956521739131,324737.0,1051,150,1726.97,21.0,1876.5099999999998,3509.0000000000005,0.49949958314068654,1632.4900000000007,0.24280841562999117,0.08139534883720931,5,1114.6700000000005,1,0,,,,,,,,,1
2275,0,106,1852.79,2.262258852258852,960.0,558,135,473.33,33.0,455.76,1397.0299999999997,0.5836549204173165,941.2699999999998,0.2034847729265902,0.3113207547169811,1,936.72,1,0,,,,,,,,,1
738,1,98,2549.3,2.6750262329485834,2297.0,645,128,521.72,1.0,1526.75,1022.5500000000002,0.6370376181696936,-504.1999999999998,0.16988492422712972,0.01020408163265306,5,43.82000000000001,1,1,,,,,,,,,1
143,1,392,6354.070000000003,2.591382544861339,309919.0,1200,171,1525.3,62.0,2626.1200000000013,3727.9500000000007,0.5047064322552314,1101.8299999999995,0.19358146653856834,0.15816326530612246,5,220.16000000000003,1,1,,,,,,,,,1
1271,0,109,3472.350000000001,2.293494055482167,1728.0,700,122,579.28,1.0,1153.77,2318.5800000000004,0.5955736028914135,1164.8100000000004,0.1429745559194694,0.009174311926605505,4,683.1700000000002,1,0,,,,,,,,,1
709,0,134,4491.0700000000015,2.440798913043479,2494.0,1004,149,1170.7699999999998,7.0,2378.9300000000007,2112.140000000001,0.3898981757131373,-266.78999999999996,0.20678260070930995,0.05223880597014925,8,1045.33,1,0,,,,,,,,,1
1464,6,71,2257.5,2.6219512195121952,21306.0,561,115,739.2199999999999,3.0,1076.37,1181.13,0.48025249169435197,104.76000000000022,0.24667636616033528,0.04225352112676056,2,216.9,1,1,,,,,,,,,1
99,1,234,6279.730000000006,2.4539781164517414,51046.0,1252,189,1120.6100000000004,42.0,3350.1600000000035,2929.5699999999997,0.5681964033485511,-420.5900000000038,0.15142682633500615,0.1794871794871795,3,646.4200000000003,1,1,,,,,,,,,1
975,0,154,4095.0999999999995,4.08285144566301,447885.0,334,100,417.94000000000005,0.0,1395.68,2699.419999999999,0.4717906766623525,1303.739999999999,0.09260720046797727,0.0,4,674.21,1,0,,,,,,,,,1
999,1,50,1795.93,2.9684793388429753,833.0,459,115,351.49,3.0,1191.13,604.8,0.6114380850033129,-586.3300000000002,0.16368013709474624,0.06,3,358.31999999999994,1,0,,,,,,,,,1
907,0,74,1577.1200000000001,2.515342902711324,814.0,370,96,385.34,1.0,842.6200000000001,734.5,0.5426663792228873,-108.12000000000012,0.19635559450893264,0.013513513513513514,3,375.93999999999994,1,0,,,,,,,,,1
2492,0,116,2155.4900000000002,2.5034727061556334,50175.0,457,113,317.34,5.0,788.1700000000002,1367.3199999999997,0.5382163684359472,579.1499999999995,0.12833069802614816,0.04310344827586207,1,703.3600000000001,1,0,,,,,,,,,1
1705,0,150,1577.0299999999997,1.8023199999999997,7703.0,588,126,317.9699999999999,1.0,522.82,1054.21,0.5439338503389283,531.39,0.16779419525065964,0.006666666666666667,7,228.89999999999995,1,1,,,,,,,,,1
2108,0,117,1667.4699999999998,2.6981715210355985,4245.0,396,111,461.7299999999999,3.0,481.19,1186.2799999999997,0.5074753968587142,705.0899999999997,0.21685609618636104,0.02564102564102564,2,163.52,1,1,,,,,,,,,1
1619,0,149,3555.9900000000007,3.5138241106719375,345900.0,613,139,496.3299999999999,4.0,1207.46,2348.5300000000007,0.26318690435012465,1141.0700000000006,0.1224804556402258,0.026845637583892617,3,898.7400000000001,1,0,,,,,,,,,1
1331,1,101,1756.98,2.7324727838258167,797.0,397,114,304.76000000000005,0.0,1108.9899999999998,647.9899999999999,0.5142574189802956,-460.9999999999999,0.1478168925276708,0.0,4,64.05000000000001,1,1,,,,,,,,,1
1153,3,64,1134.93,2.7347710843373494,609.0,262,75,283.71,0.0,671.5200000000001,463.41,0.424264051527407,-208.11000000000007,0.199987311791575,0.0,1,7.93,1,1,,,,,,,,,1
2141,0,72,4116.340000000001,4.450097297297298,1808.0,585,129,577.15,4.0,2053.0400000000004,2063.3,0.603390390492525,10.259999999999764,0.12296819637412669,0.05555555555555555,6,1130.3300000000002,1,0,,,,,,,,,1
2430,0,55,1810.93,2.583352353780314,43148.0,469,123,374.33,5.0,888.1599999999999,922.77,0.605037190835648,34.61000000000013,0.1712976945535085,0.09090909090909091,4,75.02000000000001,1,1,,,,,,,,,1
2261,0,393,11689.550000000007,3.5019622528460177,852219.0,1273,173,1457.7900000000002,16.0,4382.630000000002,7306.920000000005,0.4285152123050073,2924.2900000000027,0.11088098429035831,0.04071246819338423,7,1690.2300000000007,1,1,,,,,,,,,1
1668,0,84,2014.9899999999998,4.0706868686868685,104960.0,416,135,158.63000000000002,0.0,862.2099999999999,1152.7799999999997,0.37317306785641624,290.5699999999998,0.07297963765515593,0.0,2,268.7,1,1,,,,,,,,,1
885,0,61,1622.3500000000001,3.5039956803455725,36217.0,327,94,339.73999999999995,0.0,414.99000000000007,1207.3600000000001,0.5966098560729804,792.3700000000001,0.17315209801792983,0.0,1,980.45,1,0,,,,,,,,,1
964,1,58,1510.9400000000003,2.3032621951219516,3947.0,382,96,264.34000000000003,2.0,576.76,934.1800000000001,0.6482719366751822,357.4200000000001,0.14890045513947095,0.034482758620689655,1,533.91,1,0,,,,,,,,,1
927,6,39,1370.9300000000005,2.9867755991285416,631.0,390,125,447.06000000000006,6.0,287.77,1083.16,0.358369865711597,795.3900000000001,0.24590894339352795,0.15384615384615385,1,159.95000000000002,1,1,,,,,,,,,1
305,1,123,3470.89,4.171742788461538,183787.0,445,125,621.76,18.0,1567.4499999999998,1903.44,0.5470383676809119,335.99000000000024,0.15192112689822,0.14634146341463414,6,356.13,1,1,,,,,,,,,1
698,0,116,995.5400000000002,2.1455603448275866,17511.0,370,109,162.31,2.0,665.9,329.64000000000004,0.4774795588323924,-336.25999999999993,0.14018223431359847,0.017241379310344827,3,208.95,1,0,,,,,,,,,1
1303,0,177,5227.840000000001,3.8048326055312964,403185.0,996,183,600.34,7.0,2154.16,3073.680000000001,0.3543413723449837,919.5200000000013,0.10300642739242781,0.03954802259887006,3,1116.25,1,0,,,,,,,,,1
2484,0,125,6284.640000000001,3.3482365476824727,283989.0,1079,176,1074.54,2.0,2366.96,3917.6800000000007,0.43312266096387375,1550.7200000000007,0.14601355042273728,0.016,5,1540.0000000000005,1,0,,,,,,,,,1
2345,0,89,3162.2,2.7166666666666663,29739.0,810,134,563.5,3.0,1701.5500000000002,1460.65,0.6636835114793498,-240.9000000000001,0.15124674557801218,0.033707865168539325,5,1116.3100000000004,1,0,,,,,,,,,1
2211,0,56,1527.8,2.9898238747553814,56693.0,353,106,239.80999999999997,1.0,438.13000000000005,1089.6699999999998,0.472097133132609,651.5399999999997,0.13566906727162664,0.017857142857142856,2,764.7199999999998,1,0,,,,,,,,,1
312,2,37,2349.9700000000003,2.9301371571072323,943.0,520,142,434.03999999999996,44.0,818.21,1531.76,0.3946390804988999,713.55,0.1559046124115933,1.1891891891891893,2,228.07999999999998,1,1,,,,,,,,,1
1227,0,73,3152.090000000001,3.0513939980638924,79461.0,740,155,394.75999999999993,5.0,718.62,2433.4700000000003,0.42743068884454416,1714.8500000000004,0.11129875805292015,0.0684931506849315,2,658.2700000000001,1,0,,,,,,,,,1
530,2,50,1420.8500000000001,3.3431764705882356,6238.0,366,129,166.25000000000003,4.0,841.94,578.9100000000001,0.49727979730443034,-263.03,0.10475080335202572,0.08,1,55.370000000000005,1,1,,,,,,,,,1
928,0,112,3204.190000000001,2.972346938775511,123407.0,796,151,479.88,3.0,1917.6100000000006,1286.5800000000002,0.541419204229462,-631.0300000000004,0.13025811127367282,0.026785714285714284,5,367.51000000000005,1,1,,,,,,,,,1
1165,0,49,1175.9299999999998,2.9545979899497485,46094.0,293,104,233.9,2.0,612.2,563.73,0.5805107446871838,-48.47000000000003,0.1659065277373868,0.04081632653061224,1,237.58999999999997,1,0,,,,,,,,,1
1088,1,80,1250.12,2.1628373702422143,23213.0,189,56,382.13,0.0,564.46,685.6599999999999,0.6484257511278917,121.19999999999982,0.2341124215040588,0.0,2,189.48999999999998,1,0,,,,,,,,,1
4,0,29,1175.1599999999999,3.9835932203389826,374.0,158,61,116.78,1.0,883.4200000000001,291.74,0.5843970182783622,-591.6800000000001,0.09039119463752188,0.034482758620689655,1,24.950000000000003,1,1,,,,,,,,,1
1420,1,76,3802.6699999999996,3.2390715502555363,23675.0,916,137,875.4499999999999,11.0,1323.45,2479.2199999999993,0.546124170648518,1155.7699999999993,0.18713714056073807,0.14473684210526316,6,89.30000000000001,1,1,,,,,,,,,1
2066,6,111,2137.65,3.9151098901098904,19029.0,403,112,578.0899999999999,11.0,1229.3500000000001,908.3000000000002,0.4739971463990831,-321.04999999999995,0.21286647469934528,0.0990990990990991,5,4.13,1,1,,,,,,,,,1
2319,0,108,996.4500000000002,2.1521598272138234,554.0,309,98,194.89000000000001,0.0,407.93000000000023,588.52,0.6680515831200762,180.58999999999975,0.16358889989423672,0.0,2,152.23000000000002,1,0,,,,,,,,,1
2457,1,74,1465.7099999999998,2.1303924418604647,14726.0,456,106,366.87000000000006,37.0,729.2400000000001,736.4699999999998,0.562839852358243,7.229999999999677,0.20019317028451694,0.5,1,74.76,1,1,,,,,,,,,1
1918,0,62,2779.230000000001,3.397591687041566,94878.0,583,131,586.9699999999999,22.0,2148.75,630.4800000000002,0.5316472548151825,-1518.2699999999998,0.17437169508644756,0.3548387096774194,2,233.26000000000005,1,1,,,,,,,,,1
1675,0,101,4842.85,3.0343671679198,75275.0,811,148,1547.4599999999994,60.0,2138.1500000000005,2704.7000000000007,0.44187823285875044,566.5500000000002,0.24215726623591022,0.594059405940594,8,19.240000000000002,1,1,,,,,,,,,1
1942,0,129,2621.170000000001,4.405327731092439,25513.0,489,157,238.91000000000003,0.0,996.8900000000001,1624.2800000000002,0.4086457574289342,627.3900000000001,0.08353262845794522,0.0,2,513.89,1,0,,,,,,,,,1
403,0,44,894.54,3.872467532467532,299.0,155,72,248.78999999999996,5.0,407.28,487.25999999999993,0.42506763252621454,79.97999999999996,0.2176012174962609,0.11363636363636363,1,20.02,1,1,,,,,,,,,1
995,19,19,1172.79,3.1526612903225804,405.0,324,99,183.00000000000003,1.0,715.86,456.93,0.5554106020685715,-258.93,0.13497665567676412,0.05263157894736842,3,44.370000000000005,1,1,,,,,,,,,1
2346,2,27,1028.08,2.8878651685393257,428.0,192,78,150.17,1.0,476.90999999999997,551.17,0.7749494202785776,74.25999999999999,0.127451729259495,0.037037037037037035,1,192.29999999999995,1,0,,,,,,,,,1
1048,9,98,1717.4500000000003,3.6386652542372886,160616.0,293,114,229.04000000000002,12.0,614.3200000000002,1103.13,0.3946548662260909,488.80999999999995,0.11766821303988204,0.12244897959183673,1,217.00000000000006,1,1,,,,,,,,,1
187,2,48,560.7799999999999,1.8446710526315784,363.0,231,87,150.68000000000004,3.0,382.0799999999999,178.70000000000002,0.5528192874210922,-203.3799999999999,0.21178984060945105,0.0625,2,140.22,1,0,,,,,,,,,1
1515,1,90,4043.920000000001,3.147019455252919,1561.0,857,174,631.4599999999999,22.0,2469.7600000000007,1574.1599999999996,0.5832954163287105,-895.600000000001,0.13506067955973627,0.24444444444444444,5,114.28,1,1,,,,,,,,,1
1530,1,38,710.6500000000001,3.0764069264069267,34142.0,143,75,85.06,0.0,336.03000000000003,374.62,0.5258706817702103,38.589999999999975,0.10689824182176924,0.0,1,169.28,1,0,,,,,,,,,1
1546,1,84,3186.6900000000005,2.1977172413793107,35093.0,780,122,633.88,12.0,783.6699999999998,2403.0200000000004,0.6833328626254825,1619.3500000000006,0.16591241621014663,0.14285714285714285,4,908.6799999999998,1,0,,,,,,,,,1
1783,0,78,3262.620000000001,2.810180878552972,173423.0,652,135,520.15,5.0,1143.32,2119.3,0.5387326749667444,975.9800000000002,0.137505055818884,0.0641025641025641,4,863.2700000000002,1,0,,,,,,,,,1
1890,0,36,1558.79,2.9027746741154563,601.0,337,107,180.46,7.0,598.74,960.05,0.49250380102515406,361.30999999999995,0.10375736668104069,0.19444444444444445,1,375.66,1,0,,,,,,,,,1
330,1,185,1543.3999999999999,1.9838046272493572,68384.0,293,96,232.8,4.0,82.46,1460.9399999999998,0.586866658027731,1378.4799999999998,0.1310663213602072,0.021621621621621623,2,135.98,1,1,,,,,,,,,1
275,0,263,5295.480000000001,3.0931542056074774,171613.0,641,131,985.25,7.0,1945.04,3350.4400000000014,0.4835104655290926,1405.4000000000015,0.15686870793681623,0.026615969581749048,3,989.5100000000001,1,0,,,,,,,,,1
2075,0,128,3854.0200000000013,3.0180266249021153,153747.0,781,144,829.66,22.0,635.97,3218.050000000001,0.4607059641620955,2582.080000000001,0.17713848939295593,0.171875,3,882.4900000000002,1,0,,,,,,,,,1
923,0,148,2982.9799999999996,4.0419783197831975,267716.0,526,130,569.1800000000001,11.0,1231.1599999999999,1751.82,0.3586178921749393,520.6600000000001,0.1602348993288591,0.07432432432432433,2,322.56000000000006,1,1,,,,,,,,,1
1758,0,56,1637.3600000000004,2.9501981981981986,710.0,393,122,351.3399999999999,1.0,171.31,1466.0500000000002,0.49421629940880435,1294.7400000000002,0.17666817518982242,0.017857142857142856,2,404.57000000000005,1,0,,,,,,,,,1
1615,4,40,854.4100000000001,2.95643598615917,5497.0,245,90,196.51,7.0,585.37,269.04,0.45853864069943007,-316.33,0.18698854337152207,0.175,1,14.870000000000001,1,1,,,,,,,,,1
873,1,105,2794.9700000000007,2.413618307426598,174792.0,596,113,823.7999999999998,7.0,1394.9800000000002,1399.9899999999998,0.6151693935891973,5.009999999999536,0.22764641024436472,0.06666666666666667,4,143.18,1,1,,,,,,,,,1
1663,0,151,1418.15,5.064821428571429,360609.0,184,50,78.66000000000001,0.0,270.14,1148.0100000000002,0.624969149948877,877.8700000000002,0.052551760076429206,0.0,2,415.91,1,0,,,,,,,,,1
1440,0,88,2040.4299999999998,2.957144927536232,142975.0,477,129,501.72999999999996,19.0,720.9699999999998,1319.46,0.4686904230970923,598.4900000000002,0.19736365925040122,0.2159090909090909,1,511.14999999999986,1,0,,,,,,,,,1
421,0,173,5132.18,3.4490456989247313,511919.0,987,168,1375.7199999999998,89.0,2783.3199999999997,2348.8600000000006,0.43931623598548775,-434.4599999999991,0.21139230781050722,0.5144508670520231,7,880.86,1,0,,,,,,,,,1
69,0,150,4725.230000000002,2.771395894428154,2377.0,1033,148,910.2699999999999,2.0,1922.95,2802.280000000001,0.5659195425407861,879.3300000000011,0.16152426581492318,0.013333333333333334,7,979.1099999999999,1,0,,,,,,,,,1
793,1,91,1530.4699999999998,4.158885869565217,64189.0,277,105,356.17999999999995,4.0,810.54,719.93,0.40963886910556896,-90.61000000000001,0.18878965361884822,0.04395604395604396,1,301.56000000000006,1,0,,,,,,,,,1
1950,0,26,701.7600000000001,2.730583657587549,375.0,219,89,179.05000000000004,8.0,120.77999999999999,580.9800000000001,0.4378562471500227,460.20000000000016,0.2032788001952748,0.3076923076923077,1,44.980000000000004,1,1,,,,,,,,,1
328,0,218,14859.510000000013,3.5037750530535283,327203.0,1827,221,1690.3699999999994,11.0,6817.040000000006,8042.470000000009,0.485224613732216,1225.430000000003,0.1021379006977693,0.05045871559633028,4,2472.6200000000013,1,0,,,,,,,,,1
2252,0,247,7464.300000000003,2.8167169811320765,484918.0,1428,189,2154.4399999999996,36.0,2360.8100000000004,5103.490000000001,0.45089559637206406,2742.6800000000003,0.22398359868340337,0.145748987854251,0,2025.5200000000004,1,0,45-54,A,50-74K,Homeowner,2 Adults Kids,4,2,2252.0,1
866,0,118,4714.5700000000015,3.244714384033036,134721.0,783,138,1136.19,7.0,1816.7200000000005,2897.850000000001,0.45209213141389337,1081.1300000000003,0.1941952840314762,0.059322033898305086,0,804.78,1,0,45-54,U,15-24K,Unknown,1 Adult Kids,2,1,866.0,1
31,0,41,3024.4700000000003,3.813959646910467,189336.0,560,128,1014.34,237.0,590.14,2434.33,0.5381207285904638,1844.19,0.2511482342571203,5.780487804878049,0,1372.4300000000003,1,0,35-44,B,35-49K,Homeowner,2 Adults No Kids,2,None/Unknown,31.0,1
178,0,65,1092.4700000000003,3.121342857142858,488.0,229,85,180.73000000000002,14.0,35.27,1057.2000000000003,0.48691497249352367,1021.9300000000003,0.14194941878730755,0.2153846153846154,0,936.0000000000002,1,0,25-34,A,25-34K,Homeowner,1 Adult Kids,5+,3+,178.0,1
1396,0,229,7177.060000000003,2.7980740740740755,114335.0,1368,159,2031.2899999999995,33.0,4004.990000000002,3172.07,0.5213081679684994,-832.9200000000019,0.22059217992365615,0.14410480349344978,3,0.0,0,1,65+,A,125-149K,Homeowner,2 Adults No Kids,2,None/Unknown,1396.0,1
2013,0,94,1182.47,2.269616122840691,622.0,440,128,216.50000000000003,4.0,755.4900000000001,426.98,0.5284277825230239,-328.5100000000001,0.1547567138680601,0.0425531914893617,2,0.0,0,1,19-24,U,25-34K,Unknown,Single Female,1,None/Unknown,2013.0,1
1237,0,20,1051.16,3.0825806451612907,42304.0,230,86,171.72000000000003,2.0,443.69000000000005,607.47,0.4807070284257391,163.77999999999997,0.14042260892319772,0.1,2,0.0,0,1,,,,,,,,,1
38,10,27,706.13,4.869862068965517,275.0,133,68,61.65999999999998,1.0,465.58,240.55,0.5911659326186396,-225.02999999999997,0.08030841766628893,0.037037037037037035,1,0.0,0,1,,,,,,,,,1
45,4,57,807.0899999999999,3.4054430379746834,302.0,158,65,66.5,1.0,541.11,265.97999999999996,0.4326778921805499,-275.13000000000005,0.07612266623931135,0.017543859649122806,1,0.0,0,1,,,,,,,,,1
2073,5,72,1697.2300000000002,2.6602351097178687,114970.0,422,83,500.3299999999999,4.0,1576.8500000000001,120.38,0.562221973450858,-1456.4700000000003,0.22767523981142715,0.05555555555555555,0,0.0,0,1,,,,,,,,,1
950,1,58,2027.0000000000002,2.702666666666667,40210.0,491,118,343.34000000000003,1.0,686.94,1340.0600000000002,0.5006512086827823,653.1200000000001,0.1448484183703604,0.017241379310344827,0,0.0,0,1,,,,,,,,,1
1603,7,11,492.72,2.1422608695652174,284.0,195,76,140.14999999999998,1.0,58.56,434.15999999999997,0.3569167072576717,375.59999999999997,0.22145148292698338,0.09090909090909091,0,0.0,0,1,,,,,,,,,1
775,15,33,1121.0000000000002,3.0297297297297305,479.0,312,105,180.82,0.0,947.19,173.81000000000003,0.5403211418376449,-773.38,0.13889785070132582,0.0,0,0.0,0,1,,,,,,,,,1
2436,3,15,972.6800000000001,3.4370318021201416,20406.0,260,106,170.72,6.0,742.26,230.42,0.5149381091417526,-511.84000000000003,0.14930907818786077,0.4,0,0.0,0,1,,,,,,,,,1
870,29,12,241.41,2.652857142857143,100.0,88,47,37.599999999999994,2.0,230.57999999999998,10.83,0.7164160556729215,-219.74999999999997,0.13476219490340846,0.16666666666666666,0,0.0,0,1,,,,,,,,,1
1308,6,23,320.58000000000004,2.374666666666667,154.0,82,42,59.629999999999995,0.0,290.63000000000005,29.950000000000003,0.46967995508141497,-260.68000000000006,0.15683438099997368,0.0,0,0.0,0,1,,,,,,,,,1
499,11,70,753.3600000000002,2.6809964412811396,355.0,225,81,119.88000000000002,0.0,728.3400000000003,25.02,0.5379234363385366,-703.3200000000003,0.13728184691493747,0.0,0,0.0,0,1,,,,,,,,,1
372,17,10,440.42,2.701963190184049,9460.0,147,57,103.62,1.0,298.01000000000005,142.40999999999997,0.5408019617637709,-155.60000000000008,0.1904639364752592,0.1,0,0.0,0,1,,,,,,,,,1
2265,78,3,77.44000000000001,3.8720000000000008,7170.0,20,17,5.449999999999999,0.0,77.44000000000001,0.0,0.5526859504132231,-77.44000000000001,0.06574978887682469,0.0,0,0.0,0,1,,,,,,,,,1
2177,1,3,133.50000000000003,3.0340909090909096,53.0,43,31,32.26,0.0,91.26000000000002,42.24,0.5589513108614231,-49.02000000000002,0.19461872586872583,0.0,0,0.0,0,1,,,,,,,,,1
173,32,10,234.97000000000003,2.9008641975308644,121.0,51,28,41.85,0.0,5.98,228.99,0.6791930884793802,223.01000000000002,0.15118127302940537,0.0,0,0.0,0,1,,,,,,,,,1
423,4,14,230.84999999999997,1.9900862068965515,149.0,101,48,97.28,11.0,3.0,227.84999999999997,0.6654104396794457,224.84999999999997,0.2964678633468443,0.7857142857142857,0,0.0,0,1,,,,,,,,,1
620,7,19,304.97999999999996,2.8502803738317755,18285.0,99,56,58.080000000000005,11.0,187.76999999999998,117.21000000000001,0.33589087809036666,-70.55999999999997,0.159973558089572,0.5789473684210527,0,0.0,0,1,,,,,,,,,1
1742,0,262,1994.5700000000004,2.438349633251834,3451.0,375,75,236.77,0.0,727.8,1266.77,0.6246208455957925,538.97,0.10611112604981758,0.0,3,145.53000000000003,1,1,,,,,,,,,1
1887,0,76,786.4499999999999,2.711896551724138,369.0,154,59,199.05,2.0,154.39000000000001,632.06,0.4205480322970311,477.66999999999996,0.2019786910197869,0.02631578947368421,1,90.43,1,1,,,,,,,,,1
2226,0,629,8651.050000000001,3.367477617750098,559675.0,1368,203,946.0900000000004,49.0,2033.2099999999996,6617.840000000001,0.39638656579259157,4584.630000000001,0.09858041041393585,0.07790143084260731,9,266.49,1,1,,,,,,,,,1
2419,2,62,1091.1299999999999,3.0736056338028166,24929.0,246,88,160.65999999999997,0.0,680.9999999999999,410.13,0.5874368773656667,-270.8699999999999,0.1283442110897195,0.0,2,108.23999999999998,1,1,,,,,,,,,1
285,0,159,3529.0400000000004,2.744199066874028,153081.0,722,127,771.14,8.0,1745.1000000000004,1783.940000000001,0.4287143245755218,38.8400000000006,0.1793273769935212,0.050314465408805034,6,698.6,1,0,,,,,,,,,1
909,1,694,11393.560000000009,3.5241447571914657,986940.0,1872,230,1980.3900000000003,64.0,5005.510000000002,6388.050000000005,0.43789737360403574,1382.5400000000027,0.14807816688412917,0.09221902017291066,8,1021.0,1,1,,,,,,,,,1
1312,3,129,4771.260000000002,3.2859917355371917,190578.0,982,169,802.5099999999999,74.0,3000.5900000000015,1770.67,0.5790084799403091,-1229.9200000000014,0.14397974799821298,0.5736434108527132,6,284.62,1,1,,,,,,,,,1
1064,1,39,2353.7599999999998,2.372741935483871,1096.0,676,137,650.5000000000001,33.0,797.6200000000002,1556.14,0.5967770715790905,758.5199999999999,0.21652586660275747,0.8461538461538461,5,720.9200000000001,1,0,,,,,,,,,1
568,0,147,6672.430000000004,2.852684908080378,3506.0,1213,150,1011.5300000000001,3.0,1570.2500000000002,5102.180000000003,0.5749344691514184,3531.930000000003,0.13164175763538588,0.02040816326530612,7,1940.4200000000008,1,0,,,,,,,,,1
2244,0,269,4506.760000000001,2.3448283038501567,30925.0,849,146,1225.86,12.0,2185.3100000000004,2321.45,0.6105694556621607,136.13999999999942,0.2138393962969811,0.04460966542750929,9,970.44,1,0,,,,,,,,,1
1646,7,66,1538.1200000000001,6.227206477732794,402.0,152,64,143.60000000000002,0.0,1211.1399999999999,326.98,0.8102488752503055,-884.1599999999999,0.08538876864162881,0.0,1,15.41,1,1,,,,,,,,,1
1502,1,44,1951.65,2.7526798307475318,791.0,498,127,289.53999999999996,5.0,1627.3500000000001,324.30000000000007,0.5330925114646581,-1303.0500000000002,0.1291902962265582,0.11363636363636363,4,209.17000000000002,1,1,,,,,,,,,1
805,0,235,4251.78,2.8728243243243243,79090.0,571,121,1108.9199999999998,13.0,1801.8099999999995,2449.97,0.4236366886339368,648.1600000000003,0.20686104426660695,0.05531914893617021,7,1313.6900000000005,1,0,,,,,,,,,1
1180,0,134,4702.43,3.783129525341915,418011.0,704,132,685.75,0.0,1004.53,3697.9000000000005,0.42590320323747505,2693.370000000001,0.1272693191393012,0.0,4,727.6099999999999,1,0,,,,,,,,,1
2144,1,47,2071.33,4.333326359832636,47220.0,388,113,311.22999999999996,1.0,406.37,1664.96,0.4300232217946923,1258.5900000000001,0.1306283997045195,0.02127659574468085,1,194.56999999999996,1,1,,,,,,,,,1
1051,0,48,1890.9600000000007,2.900245398773007,25842.0,500,127,260.54999999999995,6.0,1260.4700000000007,630.49,0.6098278123281294,-629.9800000000007,0.12110099418547898,0.125,1,384.7100000000001,1,0,,,,,,,,,1
1602,0,143,5816.940000000002,3.007724922440539,2456.0,1196,180,633.2099999999998,6.0,2481.6000000000004,3335.3400000000015,0.5168387502707608,853.7400000000011,0.09816981000441843,0.04195804195804196,7,608.2,1,1,,,,,,,,,1
1259,3,30,1035.6299999999999,2.7325329815303427,602.0,166,65,234.32,0.0,489.0899999999999,546.54,0.6389057868157548,57.450000000000045,0.18451120122839484,0.0,1,127.98999999999998,1,1,,,,,,,,,1
841,0,124,1807.89,3.6745731707317075,91543.0,352,110,367.59999999999997,4.0,418.44000000000005,1389.4499999999998,0.31348146181460146,971.0099999999998,0.16897342667628898,0.03225806451612903,1,742.4799999999998,1,0,,,,,,,,,1
1187,0,108,2425.1500000000005,2.447174571140263,1358.0,536,125,351.6700000000001,1.0,338.63999999999993,2086.51,0.5216007257283053,1747.8700000000003,0.12664486715019338,0.009259259259259259,6,571.03,1,0,,,,,,,,,1
1000,0,118,3605.030000000001,2.2239543491671814,59355.0,513,122,481.2299999999999,3.0,1508.6000000000004,2096.4300000000003,0.6427935412465359,587.8299999999999,0.1177678366036424,0.025423728813559324,3,545.73,1,0,,,,,,,,,1
41,0,61,2488.11,2.958513674197384,1189.0,313,84,508.86999999999995,0.0,652.65,1835.46,0.5416963076391317,1182.81,0.1697942595546183,0.0,1,619.0200000000001,1,0,,,,,,,,,1
573,0,99,3079.41,3.648590047393365,100069.0,528,145,485.4199999999999,8.0,1396.7999999999997,1682.6100000000004,0.5210478630646781,285.8100000000006,0.13616918618840165,0.08080808080808081,3,32.14,1,1,,,,,,,,,1
470,0,134,1933.76,3.3747993019197207,82182.0,297,78,142.70000000000002,3.0,839.28,1094.48,0.490939930498097,255.20000000000005,0.06872273003091801,0.022388059701492536,5,371.24,1,0,,,,,,,,,1
374,0,150,6747.950000000004,4.150030750307506,127763.0,837,165,702.0800000000002,10.0,3011.190000000002,3736.760000000001,0.395779458946791,725.5699999999993,0.09423854669041598,0.06666666666666667,8,351.61,1,1,,,,,,,,,1
2386,3,39,822.0099999999999,3.9710628019323666,18016.0,196,78,178.01,1.0,328.62,493.39,0.5860877604895319,164.76999999999998,0.1780064398712026,0.02564102564102564,1,234.95,1,0,,,,,,,,,1
2236,1,211,2843.2200000000007,3.2907638888888897,204137.0,594,124,382.38,7.0,1258.6600000000003,1584.5600000000004,0.37976660265473644,325.9000000000001,0.11854538690476188,0.03317535545023697,5,37.28,1,1,,,,,,,,,1
1924,0,194,5283.260000000004,2.841990317374935,51871.0,1084,169,1005.9799999999998,8.0,1651.62,3631.6400000000017,0.6852038324822171,1980.0200000000018,0.159952553885684,0.041237113402061855,7,942.1899999999999,1,0,,,,,,,,,1
952,0,99,1904.6399999999999,2.536138482023968,37296.0,486,124,286.26,1.0,751.26,1153.3799999999999,0.6550424227150538,402.1199999999999,0.13065863343831305,0.010101010101010102,4,296.83,1,0,,,,,,,,,1
2245,0,129,3145.140000000001,2.402704354469061,98228.0,702,149,396.7300000000001,2.0,1152.46,1992.68,0.500375182026873,840.22,0.11201145157783882,0.015503875968992248,5,1468.8800000000003,1,0,,,,,,,,,1
2131,1,127,3685.6200000000003,2.927418586179508,1640.0,734,142,654.6300000000001,6.0,1593.1800000000003,2092.4400000000005,0.5332617035939679,499.2600000000002,0.15082771729739072,0.047244094488188976,5,297.25,1,1,,,,,,,,,1
1769,1,140,6381.3700000000035,4.459378057302588,25119.0,767,135,1008.76,3.0,2841.330000000001,3540.040000000001,0.3765304315530989,698.71,0.13650098171480063,0.02142857142857143,5,1065.9100000000003,1,0,,,,,,,,,1
137,0,37,1031.8,2.8268493150684932,489.0,293,104,285.96,13.0,857.54,174.26,0.4988854429152938,-683.28,0.21700461389023795,0.35135135135135137,1,30.370000000000005,1,1,,,,,,,,,1
730,0,75,937.6899999999998,3.3851624548736456,373.0,128,43,161.87000000000003,0.0,382.91,554.78,0.692478324392923,171.86999999999995,0.14721343082687624,0.0,1,174.0,1,0,,,,,,,,,1
447,8,119,1289.21,2.7844708423326137,11824.0,274,97,282.55,0.0,976.75,312.46,0.5661141319102395,-664.29,0.17976663103781748,0.0,4,381.23,1,0,,,,,,,,,1
1141,1,54,862.7200000000003,2.319139784946237,463.0,276,96,203.02999999999997,1.0,240.31,622.4100000000001,0.6375417284866468,382.1000000000001,0.19050433966690117,0.018518518518518517,1,274.56,1,0,,,,,,,,,1
2475,0,106,4365.830000000001,3.1184500000000006,17070.0,733,156,695.6499999999999,32.0,1429.43,2936.400000000001,0.6431995748803777,1506.970000000001,0.13744003730134266,0.3018867924528302,3,713.1900000000003,1,0,,,,,,,,,1
710,0,183,3033.9900000000002,2.392736593059937,60433.0,814,141,629.23,31.0,1220.79,1813.1999999999998,0.6108062320574557,592.4099999999999,0.17176964528474947,0.16939890710382513,6,690.4900000000001,1,0,,,,,,,,,1
1506,0,117,2021.38,1.956805421103582,1244.0,338,81,383.69999999999993,0.0,826.73,1194.65,0.5285844324174572,367.9200000000001,0.15953731268814342,0.0,2,367.81999999999994,1,0,,,,,,,,,1
2081,5,34,896.3499999999999,3.571115537848605,471.0,186,77,185.25,0.0,580.4099999999999,315.94,0.521436938695822,-264.46999999999986,0.17127403846153846,0.0,1,25.490000000000002,1,1,,,,,,,,,1
112,1,65,1092.1900000000003,5.544111675126905,139657.0,169,64,75.11,1.0,337.08000000000004,755.11,0.3213085635283238,418.03,0.06434506981924097,0.015384615384615385,1,250.45999999999998,1,0,,,,,,,,,1
780,26,63,534.68,2.1050393700787398,299.0,153,60,185.14000000000001,0.0,455.28,79.4,0.4705244258247924,-375.88,0.2572031896863105,0.0,2,45.04,1,1,,,,,,,,,1
2047,2,103,3952.2000000000003,3.4851851851851854,295766.0,853,162,692.5999999999999,25.0,1657.35,2294.8500000000004,0.39756085218359394,637.5000000000005,0.14911298656562175,0.24271844660194175,5,864.1500000000001,1,0,,,,,,,,,1
1854,0,243,6675.360000000002,3.5375516693163767,422763.0,1044,186,708.1899999999999,5.0,3434.300000000002,3241.0600000000013,0.4637592579276622,-193.2400000000007,0.09591456684115361,0.0205761316872428,3,956.3600000000001,1,1,,,,,,,,,1
538,0,57,3439.5200000000013,3.300882917466412,27819.0,655,158,455.0999999999999,2.0,990.6199999999999,2448.9000000000005,0.5709255942689675,1458.2800000000007,0.11685350560516809,0.03508771929824561,2,942.6900000000004,1,0,,,,,,,,,1
266,0,50,2499.9100000000003,2.979630512514899,44381.0,419,100,389.16999999999996,2.0,1298.8700000000001,1201.04,0.6045017620634341,-97.83000000000015,0.13470378113447876,0.04,2,630.3100000000003,1,0,,,,,,,,,1
73,15,160,2748.86,3.8935694050991505,215939.0,493,115,227.59000000000003,1.0,891.7499999999998,1857.1100000000001,0.4359698202163806,965.3600000000004,0.07646357237648878,0.00625,4,115.32000000000001,1,1,,,,,,,,,1
2095,0,139,3131.250000000001,2.110006738544475,68304.0,846,151,439.32,7.0,1109.12,2022.13,0.49171417165668635,913.0100000000002,0.12303917861853986,0.050359712230215826,8,659.24,1,0,,,,,,,,,1
2146,1,51,1596.7800000000002,3.082586872586873,589.0,374,92,214.55999999999997,2.0,836.97,759.8100000000001,0.7400643795638722,-77.15999999999997,0.1184537414289973,0.0392156862745098,2,95.76,1,1,,,,,,,,,1
913,0,62,1461.1699999999998,3.3513073394495407,19129.0,244,86,242.56999999999996,1.0,856.19,604.98,0.6702916156230966,-251.21000000000004,0.1423750102715203,0.016129032258064516,2,369.46,1,0,,,,,,,,,1
1083,1,46,1228.91,3.646617210682493,5460.0,255,91,317.15999999999997,4.0,380.17999999999995,848.73,0.43742829011074846,468.55000000000007,0.20513948268836465,0.08695652173913043,1,168.01999999999998,1,1,,,,,,,,,1
1993,1,69,1161.42,2.304404761904762,50802.0,389,109,296.49,5.0,596.4199999999998,564.9999999999999,0.48499250916980924,-31.41999999999996,0.20336646295038788,0.07246376811594203,1,197.91000000000003,1,0,,,,,,,,,1
1356,0,78,1996.7300000000002,2.4409902200489,929.0,392,120,390.02000000000004,2.0,927.5000000000001,1069.23,0.6483650769007326,141.7299999999999,0.16341049544359484,0.02564102564102564,4,242.61,1,1,,,,,,,,,1
1806,0,121,3591.730000000001,2.7821301316808684,15472.0,743,147,689.4200000000001,0.0,1459.2999999999997,2132.4300000000007,0.5713569783920281,673.130000000001,0.16103617018791677,0.0,5,387.8700000000001,1,1,,,,,,,,,1
1207,1,96,666.1599999999999,2.265850340136054,359.0,180,75,221.20000000000002,16.0,276.75,389.40999999999997,0.5587246307193469,112.65999999999997,0.24927875946628206,0.16666666666666666,3,99.21000000000001,1,0,,,,,,,,,1
1245,0,202,3527.5600000000004,3.0305498281786947,149068.0,686,150,551.5600000000001,2.0,1622.88,1904.68,0.3840898524759323,281.79999999999995,0.13521543862401694,0.009900990099009901,5,941.71,1,0,,,,,,,,,1
1599,0,158,5191.050000000001,2.0764200000000006,2814.0,1269,160,942.18,2.0,1824.5000000000007,3366.5499999999997,0.5159880948940965,1542.049999999999,0.15361889249221042,0.012658227848101266,6,970.1600000000002,1,0,,,,,,,,,1
2500,0,86,4347.940000000001,3.6878201865988136,204804.0,867,156,864.4199999999998,69.0,1225.4800000000002,3122.4600000000005,0.5160213802398375,1896.9800000000002,0.1658404254502758,0.8023255813953488,8,1138.22,1,0,,,,,,,,,1
901,0,70,2427.1200000000003,2.7425084745762716,5206.0,643,145,455.15999999999997,1.0,1142.28,1284.8400000000004,0.497445532153334,142.5600000000004,0.15791664931928887,0.014285714285714285,3,339.58,1,1,,,,,,,,,1
1672,0,64,1474.5300000000002,2.5335567010309283,937.0,436,117,288.19000000000005,3.0,849.6800000000001,624.8500000000001,0.5345567740229089,-224.82999999999993,0.16349164926931106,0.046875,2,243.55,1,0,,,,,,,,,1
536,2,81,1465.55,2.2238998482549315,4374.0,476,109,433.93,6.0,901.04,564.51,0.6453072225444374,-336.53,0.22844673279002675,0.07407407407407407,4,91.58000000000001,1,1,,,,,,,,,1
1621,0,62,2488.97,2.5819190871369293,1175.0,654,112,516.04,8.0,795.2,1693.7700000000002,0.5486647086947612,898.5700000000002,0.17172654999484194,0.12903225806451613,2,742.5099999999998,1,0,,,,,,,,,1
293,1,101,3673.4800000000005,3.126365957446809,1494.0,725,150,693.5400000000002,1.0,1571.1000000000004,2102.38,0.45477857508411634,531.2799999999997,0.1588131036725273,0.009900990099009901,5,284.18,1,1,,,,,,,,,1
1217,2,40,1955.0800000000004,2.663596730245232,48361.0,533,127,481.40000000000003,5.0,830.8900000000002,1124.1899999999998,0.5361673179614133,293.2999999999996,0.19758011557656946,0.125,1,701.8200000000003,1,0,,,,,,,,,1
836,9,68,1449.57,2.9107831325301206,660.0,312,85,284.96000000000004,0.0,554.1400000000001,895.43,0.5209337941596472,341.28999999999985,0.16428657907329366,0.0,2,114.78,1,1,,,,,,,,,1
291,1,49,2024.5600000000002,2.747028493894166,1195.0,455,105,417.25,2.0,189.93,1834.6299999999999,0.6785227407436676,1644.6999999999998,0.1708773409888566,0.04081632653061224,4,449.93000000000006,1,0,,,,,,,,,1
508,0,50,968.3799999999999,3.0548264984227127,405.0,245,89,199.22000000000003,0.0,546.8199999999999,421.56,0.4671926309919662,-125.25999999999993,0.1706235011990408,0.0,1,222.13,1,0,,,,,,,,,1
1409,0,77,3757.430000000001,3.013175621491581,1461.0,619,123,506.4700000000001,8.0,1075.63,2681.8,0.5507727356198251,1606.17,0.11878092825816738,0.1038961038961039,3,566.5999999999999,1,0,,,,,,,,,1
2065,1,69,2491.230000000001,2.710805223068554,1011.0,582,115,484.15,20.0,582.58,1908.6500000000005,0.513987066629737,1326.0700000000006,0.16271871155953183,0.2898550724637681,3,777.1000000000001,1,0,,,,,,,,,1
162,1,61,2487.86,3.3215754339118826,873.0,392,113,244.88000000000002,0.0,1062.51,1425.3500000000001,0.7080663702941483,362.84000000000015,0.08960969576322665,0.0,4,549.6800000000001,1,0,,,,,,,,,1
2032,16,53,1129.9199999999998,5.6495999999999995,54856.0,134,72,127.24999999999999,1.0,777.53,352.39,0.35941482582837725,-425.14,0.10121940549010874,0.018867924528301886,1,144.86,1,1,,,,,,,,,1
541,1,42,1678.6299999999997,2.7745950413223133,25869.0,451,109,371.30999999999995,0.0,641.7399999999999,1036.8899999999999,0.5670159594431174,395.15,0.1811321306965082,0.0,1,105.56,1,1,,,,,,,,,1
1204,1,74,1875.86,3.234241379310345,8784.0,446,121,543.09,4.0,768.82,1107.04,0.46418176196517874,338.2199999999999,0.22451476880464669,0.05405405405405406,2,167.26999999999998,1,1,,,,,,,,,1
2377,0,70,976.4699999999998,1.7344049733570157,42990.0,319,91,208.29000000000002,0.0,339.78,636.69,0.5922148145872378,296.9100000000001,0.1758077585333739,0.0,2,131.07,1,1,,,,,,,,,1
194,3,58,1494.8100000000002,2.885733590733591,21288.0,408,127,218.69999999999996,0.0,932.21,562.6,0.4353998166991122,-369.61,0.127632753821104,0.0,1,387.99999999999994,1,0,,,,,,,,,1
502,17,49,2067.8500000000004,2.6308524173027994,1131.0,540,114,422.96999999999997,1.0,1213.8600000000001,853.9900000000001,0.5622990062141838,-359.87,0.16981154800427167,0.02040816326530612,1,230.99000000000007,1,1,,,,,,,,,1
2056,0,96,2215.79,3.0817663421418637,825.0,464,135,361.14,6.0,931.08,1284.71,0.5622644745215024,353.63,0.14014350409207857,0.0625,3,235.01,1,1,,,,,,,,,1
2344,0,47,2242.1800000000007,3.03407307171854,31798.0,561,135,569.4000000000001,10.0,1280.6599999999999,961.5200000000001,0.5433908071608877,-319.13999999999976,0.20251957973808318,0.2127659574468085,3,448.65999999999997,1,0,,,,,,,,,1
1424,0,50,499.03999999999996,2.088033472803347,270.0,181,84,112.74999999999999,0.0,173.92999999999995,325.10999999999996,0.5104600833600513,151.18,0.1842952647150166,0.0,1,96.18,1,0,,,,,,,,,1
1895,5,42,790.53,6.034580152671755,204.0,116,61,144.83,3.0,604.1,186.43,0.34212490354572256,-417.67,0.1548387786520698,0.07142857142857142,2,137.03000000000003,1,0,,,,,,,,,1
1547,0,209,1539.98,3.548341013824885,331288.0,209,76,163.21,5.0,535.38,1004.6000000000001,0.4970064546292809,469.22000000000014,0.09582606755558687,0.023923444976076555,2,682.0699999999999,1,0,,,,,,,,,1
1098,0,376,7946.250000000001,2.889545454545455,463277.0,956,156,1680.7900000000002,142.0,2996.960000000001,4949.289999999999,0.5498392323422995,1952.329999999998,0.17459052834516114,0.3776595744680851,6,1554.45,1,0,,,,,,,,,1
1630,0,163,8017.820000000003,4.589479107040643,2460.0,672,153,1330.82,39.0,3258.2900000000004,4759.5300000000025,0.3972413947930982,1501.240000000002,0.1423543959335261,0.2392638036809816,3,1247.5000000000005,1,0,,,,,,,,,1
2187,4,43,2390.1499999999996,4.230353982300884,962.0,361,102,881.06,2.0,1478.7799999999997,911.3699999999999,0.36676359224316474,-567.4099999999999,0.2693376457029662,0.046511627906976744,1,276.98,1,1,,,,,,,,,1
1972,0,108,1971.7600000000002,2.1339393939393942,8231.0,654,145,330.65999999999997,1.0,1106.1200000000003,865.6399999999999,0.6455805980443867,-240.48000000000047,0.1436141103708272,0.009259259259259259,3,463.9699999999999,1,0,,,,,,,,,1
1798,0,40,2346.97,2.540010822510822,1136.0,616,126,498.0199999999999,11.0,941.3799999999999,1405.5900000000001,0.5040328593889142,464.21000000000026,0.17505158190362707,0.275,1,110.53999999999996,1,1,,,,,,,,,1
737,0,47,1423.7900000000002,2.9056938775510206,12664.0,397,119,272.21999999999997,0.0,637.9400000000002,785.8499999999999,0.4093019335716644,147.90999999999974,0.16050612909121995,0.0,1,169.72000000000003,1,1,,,,,,,,,1
1317,0,182,3860.7799999999997,2.55511581733951,1848.0,765,118,782.07,5.0,2341.3,1519.4799999999996,0.6859909137531796,-821.8200000000006,0.16844610530170048,0.027472527472527472,6,204.46,1,1,,,,,,,,,1
804,0,180,3585.82,1.8676145833333335,2321.0,878,144,1060.96,9.0,2201.5,1384.32,0.6125934932595613,-817.1800000000001,0.22832154739410945,0.05,5,331.9200000000001,1,1,,,,,,,,,1
1852,1,310,9344.04000000001,3.737616000000004,900560.0,1615,215,1223.1699999999998,18.0,5798.060000000006,3545.9800000000027,0.39183586542865795,-2252.080000000003,0.11575146136018861,0.05806451612903226,8,455.98000000000013,1,1,,,,,,,,,1
924,2,82,1991.5800000000002,3.063969230769231,740.0,349,80,235.35999999999999,1.0,1001.6400000000001,989.9399999999998,0.7112393175267877,-11.700000000000273,0.10568762517176035,0.012195121951219513,3,344.6000000000001,1,0,,,,,,,,,1
425,0,132,4799.400000000001,2.6013008130081303,2697.0,876,122,1276.1499999999996,2.0,2613.1800000000003,2186.2200000000003,0.625546943367921,-426.96000000000004,0.21004682703623534,0.015151515151515152,7,744.51,1,0,,,,,,,,,1
1417,0,64,3369.620000000001,4.97728212703102,255012.0,424,97,758.74,4.0,140.15,3229.4700000000007,0.3616728295772223,3089.3200000000006,0.18378726661434563,0.0625,1,334.31,1,1,,,,,,,,,1
549,6,87,2070.4500000000007,3.9893063583815045,864.0,306,88,312.65,1.0,1655.7000000000007,414.75,0.4989736530705883,-1240.9500000000007,0.13119466241450206,0.011494252873563218,1,228.89999999999998,1,1,,,,,,,,,1
633,0,147,4710.350000000001,3.1465263861055455,203242.0,761,141,1193.43,99.0,2418.0299999999997,2292.3200000000006,0.46909889923254094,-125.70999999999913,0.20214676021125444,0.673469387755102,2,783.5400000000002,1,0,,,,,,,,,1
1587,3,56,580.88,2.6048430493273544,29795.0,174,74,103.89000000000001,7.0,232.53999999999996,348.34000000000003,0.5380112932103016,115.80000000000007,0.15171517443813254,0.125,1,133.73000000000002,1,0,,,,,,,,,1
650,3,72,1352.5900000000001,2.419660107334526,675.0,360,114,392.40999999999997,2.0,911.04,441.54999999999995,0.5686941349558994,-469.49,0.22487679083094553,0.027777777777777776,4,63.06,1,1,,,,,,,,,1
641,0,314,11354.810000000009,3.0023294553146505,4657.0,1708,192,2091.24,35.0,5381.940000000003,5972.870000000005,0.5130187118939019,590.9300000000021,0.15552820345008375,0.11146496815286625,9,1866.9400000000005,1,0,,,,,,,,,1
524,1,65,1918.6400000000006,2.5581866666666673,7569.0,428,112,651.4899999999998,4.0,1495.52,423.12,0.31774069132302035,-1072.4,0.2534852322645157,0.06153846153846154,5,65.94,1,1,,,,,,,,,1
646,0,40,1610.6599999999999,2.5566031746031745,104913.0,502,137,457.86999999999995,4.0,868.09,742.57,0.5160741559360759,-125.51999999999998,0.22135042759834278,0.1,1,81.06,1,1,,,,,,,,,1
1383,0,111,1148.1600000000003,3.1804986149584495,437.0,227,93,158.13,0.0,535.59,612.5699999999999,0.5305096850613154,76.9799999999999,0.12105275245159952,0.0,4,384.49,1,0,,,,,,,,,1
2034,0,109,2543.5400000000004,2.5460860860860866,181883.0,564,113,516.53,5.0,532.06,2011.4800000000005,0.5027874537062519,1479.4200000000005,0.16879679223024305,0.045871559633027525,2,574.81,1,0,,,,,,,,,1
2274,1,47,4914.670000000001,3.9827147487844416,23303.0,835,155,862.45,3.0,1966.27,2948.4000000000005,0.34230172117354773,982.1300000000006,0.1492871880798737,0.06382978723404255,6,2059.7900000000004,1,0,,,,,,,,,1
1723,0,77,4132.300000000001,7.4455855855855875,20070.0,245,62,245.74999999999997,0.0,1216.13,2916.1700000000014,0.6843089804709241,1700.0400000000013,0.056132296341978714,0.0,3,336.91999999999996,1,1,,,,,,,,,1
1116,2,58,2338.080000000001,3.31172804532578,3599.0,437,94,523.4799999999998,4.0,1766.6800000000005,571.4000000000001,0.7358473619380003,-1195.2800000000004,0.18293518220830585,0.06896551724137931,3,441.06,1,0,,,,,,,,,1
2429,0,61,1423.6000000000001,3.622391857506362,814.0,333,123,541.6899999999999,2.0,593.3499999999999,830.2500000000001,0.5213472885642033,236.9000000000002,0.27562853319357444,0.03278688524590164,1,383.56,1,0,,,,,,,,,1
795,7,37,1115.5400000000002,2.600326340326341,540.0,290,95,201.55,2.0,786.51,329.03000000000003,0.5668644781899347,-457.47999999999996,0.15302674836191907,0.05405405405405406,1,180.37,1,0,,,,,,,,,1
653,0,214,9608.390000000005,3.380855031667841,609028.0,1393,191,1532.4999999999995,2.0,5236.620000000002,4371.770000000001,0.39218016754107593,-864.8500000000004,0.1375563352658539,0.009345794392523364,8,1214.16,1,1,,,,,,,,,1
1613,0,122,5707.430000000003,3.59636420919975,2581.0,784,136,805.72,5.0,2076.73,3630.700000000002,0.7118633080037774,1553.970000000002,0.1237066549979656,0.040983606557377046,6,992.0600000000004,1,0,,,,,,,,,1
1489,0,468,14586.970000000018,3.0282271123105704,687273.0,1808,187,3370.670000000002,15.0,5522.770000000002,9064.20000000001,0.6059298127027063,3541.4300000000076,0.18770116785947363,0.03205128205128205,7,2664.5600000000013,1,0,,,,,,,,,1
1431,0,132,2363.9700000000003,3.42604347826087,9234.0,376,126,270.44,0.0,1049.73,1314.2400000000002,0.47828018122057386,264.5100000000002,0.10265676185559573,0.0,3,354.43000000000006,1,0,,,,,,,,,1
2459,0,942,19561.02000000001,3.116797323135757,485841.0,2998,233,4047.140000000001,95.0,10809.860000000006,8751.160000000005,0.5684458172426591,-2058.7000000000007,0.17142970904975224,0.10084925690021232,13,1110.4800000000005,1,1,,,,,,,,,1
1387,1,57,1629.1,3.1818359375,696.0,251,72,330.0,1.0,749.4200000000001,879.6800000000001,0.5567307102080903,130.26,0.16844469399213927,0.017543859649122806,1,428.84999999999997,1,0,,,,,,,,,1
1732,0,85,2980.7400000000007,2.488096828046745,1399.0,821,157,541.67,24.0,1294.4200000000003,1686.32,0.47321470507323665,391.89999999999964,0.15377823705928606,0.2823529411764706,4,446.56000000000006,1,0,,,,,,,,,1
1731,5,49,2148.94,2.8054046997389035,37564.0,573,129,652.1700000000001,9.0,1395.1900000000003,753.7500000000002,0.5375627053337924,-641.44,0.232825558439333,0.1836734693877551,5,1302.8700000000003,1,0,,,,,,,,,1
1111,0,302,17212.890000000007,2.9051291139240516,10219.0,1579,184,2329.97,6.0,6239.430000000004,10973.46000000001,0.5899265027546217,4734.030000000006,0.1192235936807611,0.019867549668874173,10,1681.8300000000006,1,1,,,,,,,,,1
338,0,108,1686.06,2.2846341463414634,1053.0,379,114,380.21999999999997,0.0,477.50000000000006,1208.56,0.3747909327070211,731.06,0.18401184737789653,0.0,3,1004.9100000000005,1,0,,,,,,,,,1
1476,0,304,8132.880000000003,5.086228893058163,1087295.0,678,129,796.0799999999999,1.0,3547.59,4585.290000000002,0.5152971641042288,1037.7000000000016,0.08915707988388341,0.003289473684210526,6,1348.8699999999997,1,0,,,,,,,,,1
2415,0,115,1565.41,2.6850943396226414,714.0,278,102,196.75,0.0,1303.5500000000002,261.86,0.5100900083684147,-1041.69,0.11165274435919553,0.0,1,110.93000000000002,1,1,,,,,,,,,1
2139,0,347,4424.010000000002,2.9631681178834577,97740.0,833,155,598.39,36.0,1023.1199999999999,3400.8900000000012,0.49300747511872683,2377.7700000000013,0.11914423383243065,0.1037463976945245,7,271.58,1,1,,,,,,,,,1
938,3,25,1640.7400000000002,3.294658634538153,10298.0,357,108,251.77999999999997,0.0,897.1000000000004,743.64,0.615600277923376,-153.46000000000038,0.13303954515672223,0.0,2,6.62,1,1,,,,,,,,,1
1520,0,128,3449.1000000000004,3.4874620829120326,631313.0,616,125,604.55,8.0,1356.7099999999998,2092.3900000000003,0.4170566234669914,735.6800000000005,0.14913719734066824,0.0625,2,390.26,1,1,,,,,,,,,1
1941,0,114,629.2800000000001,1.8030945558739258,7230.0,190,60,141.79999999999998,0.0,283.68000000000006,345.6,0.6995296211543351,61.91999999999996,0.1838979094257405,0.0,2,113.57000000000001,1,0,,,,,,,,,1
2170,0,222,5472.950000000001,2.5174563017479303,137708.0,1062,161,1236.1499999999999,10.0,2563.7100000000005,2909.2400000000002,0.5152833481029426,345.52999999999975,0.18424975033909166,0.04504504504504504,9,725.94,1,1,,,,,,,,,1
376,0,443,4249.430000000002,1.971893271461718,2378.0,684,136,565.99,0.0,2092.190000000001,2157.2400000000007,0.5476640396476701,65.04999999999973,0.11753699573453609,0.0,5,465.19000000000005,1,1,,,,,,,,,1
1366,0,216,3423.5000000000014,2.382393876130829,14275.0,725,137,603.5399999999998,0.0,1188.97,2234.5300000000007,0.5222462392288592,1045.5600000000006,0.14987186618459208,0.0,5,819.1200000000001,1,0,,,,,,,,,1
2238,0,150,2013.2200000000005,2.3274219653179196,1148.0,585,120,330.95,3.0,486.87,1526.3500000000001,0.5627402867048806,1039.48,0.14118003387126357,0.02,3,466.24,1,0,,,,,,,,,1
1349,0,200,5287.690000000001,2.6333117529880483,87120.0,788,143,1343.31,13.0,2442.2700000000004,2845.420000000001,0.5439426290119124,403.15000000000055,0.2025803046297692,0.065,2,92.53000000000003,1,1,,,,,,,,,1
1640,0,136,4161.010000000002,4.334385416666668,261375.0,599,137,683.5100000000001,6.0,2042.2700000000004,2118.7400000000007,0.3881076950067409,76.47000000000025,0.14108931328593954,0.04411764705882353,5,249.08999999999997,1,1,,,,,,,,,1
1353,0,118,3476.310000000001,2.2442285345384123,18176.0,860,133,945.9399999999999,5.0,1043.2900000000002,2433.02,0.6199677243974212,1389.7299999999998,0.2139046865283509,0.0423728813559322,6,543.6,1,0,,,,,,,,,1
331,1,62,1233.0699999999997,3.2534828496042207,530.0,276,95,152.8,1.0,434.09999999999997,798.9699999999999,0.5810781220855264,364.86999999999995,0.11025565168450147,0.016129032258064516,2,40.230000000000004,1,1,,,,,,,,,1
1211,0,136,7528.270000000002,6.299807531380755,397768.0,438,117,822.8899999999999,8.0,3786.100000000001,3742.1700000000014,0.4502163179588404,-43.92999999999938,0.0985360117636352,0.058823529411764705,3,1516.7700000000004,1,0,,,,,,,,,1
125,0,308,9278.820000000005,4.262204869085901,858097.0,1244,187,1842.79,97.0,4580.960000000001,4697.860000000001,0.387876906761851,116.89999999999964,0.16569453523365765,0.31493506493506496,8,1322.6799999999998,1,1,,,,,,,,,1
1988,1,158,6327.470000000003,4.9279361370716535,361231.0,903,151,1084.41,45.0,2485.09,3842.380000000002,0.3690653610368756,1357.2900000000018,0.14630700982746614,0.2848101265822785,1,1580.46,1,0,,,,,,,,,1
2481,0,120,4318.82,3.5371171171171167,373819.0,764,139,966.87,45.0,1825.0600000000004,2493.76,0.5523360547556972,668.6999999999998,0.18292219180466507,0.375,4,1084.68,1,0,,,,,,,,,1
1747,1,78,2607.1700000000005,3.4901874163319953,215233.0,469,118,542.22,2.0,1387.3500000000004,1219.8200000000002,0.48033691704031556,-167.5300000000002,0.17216667354630577,0.02564102564102564,4,459.42999999999995,1,0,,,,,,,,,1
2142,0,79,6144.100000000003,2.9854713313897,2735.0,965,132,800.4699999999998,3.0,2665.4700000000003,3478.6300000000006,0.7233850360508451,813.1600000000003,0.11526559599802427,0.0379746835443038,5,1487.0200000000004,1,0,,,,,,,,,1
2336,0,65,2041.8000000000004,2.2536423841059605,1247.0,574,116,500.9300000000002,3.0,1174.8799999999999,866.9200000000001,0.6541825839945143,-307.9599999999998,0.19700479405992774,0.046153846153846156,2,342.45000000000005,1,0,,,,,,,,,1
1793,4,56,1692.6799999999998,2.2126535947712416,8771.0,532,113,357.5,5.0,629.2199999999999,1063.46,0.4485372309001111,434.2400000000001,0.1743749329327181,0.08928571428571429,2,195.87000000000003,1,1,,,,,,,,,1
580,1,77,1080.5499999999997,3.987269372693726,7462.0,143,59,130.85,10.0,504.1100000000001,576.44,0.764092360372033,72.32999999999993,0.10801551923394423,0.12987012987012986,2,257.15,1,0,,,,,,,,,1
337,0,60,927.46,2.576277777777778,31200.0,170,52,302.93999999999994,11.0,482.79,444.6700000000001,0.6186034977249693,-38.11999999999995,0.24621261378413517,0.18333333333333332,1,6.130000000000001,1,1,,,,,,,,,1
475,0,37,1313.8700000000003,2.5266730769230774,626.0,417,124,262.80999999999995,5.0,650.95,662.9200000000001,0.5955459824792405,11.970000000000027,0.16668569398990277,0.13513513513513514,1,211.15000000000003,1,0,,,,,,,,,1
1392,4,105,2196.94,3.0470735090152568,97700.0,434,128,508.12,23.0,1243.1399999999999,953.8000000000001,0.6055786685116571,-289.3399999999998,0.18784056545880684,0.21904761904761905,4,118.13000000000002,1,1,,,,,,,,,1
51,0,77,2723.3099999999995,3.2614491017964067,1140.0,410,108,317.56,1.0,921.54,1801.77,0.5616877990386699,880.23,0.1044306399155505,0.012987012987012988,4,323.55000000000007,1,1,,,,,,,,,1
108,4,55,2518.96,3.04590084643289,69450.0,604,151,356.29999999999995,1.0,1111.8099999999997,1407.1500000000003,0.43218232921523164,295.3400000000006,0.1239192281741477,0.01818181818181818,4,152.2,1,1,,,,,,,,,1
472,4,95,8292.290000000006,3.6037766188613674,2772.0,1307,175,1373.5100000000004,42.0,4724.710000000002,3567.5800000000027,0.5865858526414293,-1157.1299999999992,0.1420999813776407,0.4421052631578947,6,3.29,1,1,,,,,,,,,1
467,0,126,2354.9199999999996,3.1652150537634403,1085.0,588,145,483.8399999999999,2.0,937.6400000000001,1417.2800000000002,0.4849379172116252,479.6400000000001,0.17044061491637194,0.015873015873015872,7,288.07,1,1,,,,,,,,,1
2466,1,80,2163.7300000000005,3.4955250403877227,902.0,439,107,294.06000000000006,0.0,420.59000000000003,1743.14,0.451396431162853,1322.5500000000002,0.11964407048608709,0.0,4,418.09,1,0,,,,,,,,,1
1284,0,124,1320.55,2.0505434782608694,768.0,344,85,291.83000000000004,2.0,345.80000000000007,974.75,0.5458710385824089,628.9499999999999,0.1809933142311366,0.016129032258064516,2,653.9399999999999,1,0,,,,,,,,,1
414,1,132,2221.05,2.656758373205742,57438.0,524,131,403.44,4.0,785.4100000000002,1435.64,0.578433623736521,650.2299999999999,0.15372129442291643,0.030303030303030304,4,267.6,1,1,,,,,,,,,1
278,4,63,1826.5700000000002,3.2328672566371686,713.0,395,94,334.81,2.0,1064.55,762.02,0.613685760742813,-302.53,0.15490566212327309,0.031746031746031744,3,226.98999999999998,1,1,,,,,,,,,1
2424,1,97,3662.450000000001,2.7331716417910457,1562.0,806,174,446.98999999999995,0.0,1573.4800000000002,2088.97,0.5174405111332576,515.4899999999996,0.10877151144681509,0.0,5,460.38,1,1,,,,,,,,,1
2278,2,42,1022.1,3.8138059701492537,15709.0,225,95,114.89999999999999,0.0,541.9700000000001,480.13,0.3243713922316799,-61.840000000000146,0.10105540897097624,0.0,3,138.47,1,1,,,,,,,,,1
640,21,88,2141.7600000000007,2.4875261324041817,91855.0,554,117,507.66999999999996,3.0,1694.8700000000003,446.89000000000004,0.5710350366054084,-1247.9800000000002,0.19161480016456364,0.03409090909090909,3,111.48999999999998,1,1,,,,,,,,,1
1761,0,22,1341.14,2.9737028824833707,571.0,361,102,256.29,0.0,168.71,1172.43,0.39492521287859583,1003.72,0.16043895507158373,0.0,1,504.32000000000005,1,0,,,,,,,,,1
482,10,53,1318.8000000000002,2.611485148514852,3472.0,394,113,304.12,0.0,815.05,503.74999999999994,0.4542235365483772,-311.3,0.18739062923619154,0.0,1,529.72,1,0,,,,,,,,,1
1784,4,36,1673.0600000000002,3.6135205183585315,622.0,341,113,274.68999999999994,0.0,964.0899999999999,708.97,0.5111472391904652,-255.1199999999999,0.14102939288923114,0.0,2,307.55999999999995,1,0,,,,,,,,,1
297,0,88,2392.53,2.824710743801653,1075.0,597,139,429.38999999999993,6.0,924.3299999999999,1468.1999999999998,0.5176486815212349,543.8699999999999,0.15216235754379995,0.06818181818181818,2,1143.0900000000001,1,0,,,,,,,,,1
2008,0,52,2011.7700000000002,3.0574012158054713,784.0,469,132,288.84,29.0,619.8200000000003,1391.9499999999998,0.6255585877113187,772.1299999999995,0.12554931083495244,0.5576923076923077,3,320.67999999999995,1,0,,,,,,,,,1
1970,2,62,1032.95,2.5888471177944865,9090.0,296,81,217.1,2.0,200.92000000000002,832.0300000000001,0.5747519241008759,631.1100000000001,0.1736730530778769,0.03225806451612903,1,58.129999999999995,1,1,,,,,,,,,1
1666,3,80,1062.51,3.4722549019607842,4147.0,161,72,148.34,0.0,506.26000000000005,556.2499999999999,0.5316655843239123,49.98999999999984,0.12250898129413224,0.0,1,15.96,1,1,,,,,,,,,1
160,0,46,1057.11,2.9861864406779657,31190.0,263,101,163.92,1.0,543.26,513.8500000000001,0.38974184332756295,-29.409999999999854,0.1342473157907668,0.021739130434782608,1,478.9800000000001,1,0,,,,,,,,,1
1781,3,86,2983.7100000000005,3.629817518248176,162722.0,590,155,365.62,2.0,1386.03,1597.6800000000003,0.3771814284900341,211.65000000000032,0.1091621309336494,0.023255813953488372,3,244.86,1,1,,,,,,,,,1
656,0,88,4658.8200000000015,3.0589757058437304,39815.0,845,140,857.1000000000001,3.0,1496.6300000000003,3162.190000000001,0.6066879596120903,1665.5600000000006,0.15538659008832612,0.03409090909090909,5,381.46,1,1,,,,,,,,,1
1639,0,89,1906.26,2.4068939393939393,1114.0,499,125,364.84,1.0,923.5100000000001,982.7500000000001,0.5923431221344413,59.24000000000001,0.1606446215490291,0.011235955056179775,4,671.8399999999999,1,0,,,,,,,,,1
1025,4,73,2778.230000000001,2.4850000000000008,1537.0,765,107,611.1300000000001,2.0,899.6700000000002,1878.5600000000004,0.7155599068471652,978.8900000000002,0.1803083768027002,0.0273972602739726,3,773.9000000000002,1,0,,,,,,,,,1
1493,0,22,879.87,3.2953932584269663,25970.0,218,71,189.24999999999997,3.0,620.8100000000001,259.06,0.6525282143953084,-361.75000000000006,0.17701474109548038,0.13636363636363635,1,63.26,1,1,,,,,,,,,1
2210,8,33,1715.1800000000003,3.3896837944664036,774.0,426,101,273.86,0.0,474.4800000000001,1240.6999999999998,0.5127100362644154,766.2199999999998,0.13768451112094274,0.0,3,12.79,1,1,,,,,,,,,1
1239,0,24,1725.63,2.679549689440994,865.0,397,87,369.97,1.0,923.5899999999998,802.04,0.6412672473241654,-121.54999999999984,0.1765460965833174,0.041666666666666664,2,342.8699999999999,1,0,,,,,,,,,1
1344,0,25,2426.8100000000004,3.517115942028986,851.0,432,97,553.11,65.0,1076.03,1350.7800000000002,0.5122774341625425,274.7500000000002,0.18561236543262905,2.6,2,301.96999999999997,1,1,,,,,,,,,1
1518,8,30,1142.2600000000002,3.720716612377851,4027.0,257,86,285.44,0.0,817.1400000000002,325.12,0.4046189133822421,-492.0200000000002,0.19992995727393706,0.0,1,231.51000000000002,1,0,,,,,,,,,1
1532,7,81,1726.6499999999999,3.9784562211981562,128736.0,280,98,283.53,9.0,1578.0499999999997,148.6,0.3691888917846698,-1429.4499999999998,0.14104707041160494,0.1111111111111111,2,189.37,1,1,,,,,,,,,1
570,6,29,1097.39,3.621749174917492,445.0,254,98,329.53999999999996,1.0,499.3299999999999,598.06,0.38956979742844383,98.73000000000002,0.23094335391364673,0.034482758620689655,1,302.7199999999999,1,0,,,,,,,,,1
368,5,48,1112.43,3.7081000000000004,45719.0,193,87,196.15000000000003,1.0,1058.71,53.72,0.5479805470906034,-1004.99,0.14989530636262208,0.020833333333333332,3,234.02999999999997,1,0,,,,,,,,,1
812,4,89,1029.9099999999999,3.248927444794952,547.0,154,65,182.72999999999996,21.0,625.8299999999999,404.08,0.6539017972444193,-221.74999999999994,0.1506877556405858,0.23595505617977527,3,135.35999999999999,1,1,,,,,,,,,1
1959,4,100,5326.420000000002,3.5628227424749177,457053.0,889,142,1104.25,24.0,1815.7300000000005,3510.6900000000005,0.47582428723232467,1694.96,0.1717161664336686,0.24,3,266.12,1,1,,,,,,,,,1
430,0,84,1351.3400000000006,2.7026800000000013,7991.0,382,123,293.52000000000004,10.0,369.95000000000005,981.3900000000004,0.4992895940325896,611.4400000000004,0.17844679790377294,0.11904761904761904,1,1025.75,1,0,,,,,,,,,1
2161,2,28,1181.14,5.047606837606838,166220.0,185,86,103.05999999999997,0.0,624.3200000000002,556.8199999999999,0.4168853819191628,-67.50000000000023,0.08025229714997661,0.0,1,882.97,1,0,,,,,,,,,1
476,2,28,1497.0600000000002,2.8900772200772202,658.0,391,78,238.12999999999994,1.0,737.3700000000001,759.69,0.7326226069763402,22.319999999999936,0.1372356917686247,0.03571428571428571,1,54.21,1,1,,,,,,,,,1
1010,1,73,2010.6000000000001,2.89294964028777,218474.0,439,103,260.49999999999994,0.0,531.46,1479.1400000000003,0.4892818064259425,947.6800000000003,0.11470212672273346,0.0,1,475.79000000000013,1,0,,,,,,,,,1
2441,0,87,1051.3200000000002,1.9987072243346011,637.0,285,108,383.27,61.0,473.81999999999994,577.5,0.6538256667808087,103.68000000000006,0.2671634404254874,0.7011494252873564,3,172.24,1,0,,,,,,,,,1
439,0,34,511.43000000000006,3.1765838509316775,186.0,109,49,40.260000000000005,0.0,436.74000000000007,74.69,0.35367498973466555,-362.05000000000007,0.07297576537548262,0.0,1,56.78,1,1,,,,,,,,,1
151,0,45,1071.6800000000003,2.912173913043479,55903.0,250,91,333.71999999999997,18.0,896.2100000000002,175.47000000000003,0.4623674977605253,-720.7400000000001,0.23745552867511022,0.4,1,154.45999999999998,1,1,,,,,,,,,1
662,1,34,1248.57,3.6190434782608696,458.0,188,66,209.92999999999998,2.0,477.16999999999985,771.4,0.7464779707985936,294.23000000000013,0.14393555022283167,0.058823529411764705,1,133.16,1,1,,,,,,,,,1
2412,0,246,11156.410000000007,3.0716987885462577,5701.0,1531,191,3062.02,16.0,3924.8300000000013,7231.580000000005,0.5936927739299648,3306.750000000004,0.21535570382946628,0.06504065040650407,7,1607.3700000000001,1,1,,,,,,,,,1
1943,0,187,4567.450000000001,2.8962904248573245,113605.0,888,139,755.6600000000001,5.0,2694.730000000001,1872.7200000000003,0.4383890354574215,-822.0100000000007,0.1419583664436767,0.026737967914438502,10,549.1299999999999,1,1,,,,,,,,,1
1073,0,100,2468.39,2.995618932038835,97110.0,513,132,292.6600000000001,2.0,821.7399999999999,1646.6499999999999,0.6067031546878735,824.91,0.10599590735408633,0.02,5,545.6899999999999,1,0,,,,,,,,,1
2240,0,188,4758.47,3.187186872069659,9673.0,777,130,877.2400000000001,15.0,2345.5400000000004,2412.9300000000003,0.49162861171763184,67.38999999999987,0.15565740607660794,0.0797872340425532,9,654.7299999999999,1,1,,,,,,,,,1
1856,0,399,4112.410000000002,2.267039691289968,11360.0,1200,184,801.8700000000002,114.0,1837.4700000000007,2274.9400000000005,0.5636573201601978,437.4699999999998,0.163171410664431,0.2857142857142857,6,549.12,1,1,,,,,,,,,1
759,0,32,901.9800000000002,3.2799272727272735,295.0,196,81,59.03999999999999,0.0,626.6700000000001,275.31,0.5470631277855382,-351.36000000000007,0.06143472560404568,0.0,1,372.10999999999996,1,0,,,,,,,,,1
511,0,312,4486.160000000001,3.202112776588152,227534.0,565,112,1026.9499999999998,11.0,2012.44,2473.7200000000007,0.4457487026766767,461.28000000000065,0.18627417192836707,0.035256410256410256,5,939.3700000000001,1,0,,,,,,,,,1
1575,0,43,1301.5100000000002,2.126650326797386,8334.0,395,120,280.40999999999997,2.0,83.52,1217.99,0.5000422586073099,1134.47,0.1772592798624456,0.046511627906976744,1,340.97999999999996,1,0,,,,,,,,,1
1501,0,170,7178.150000000003,3.7680577427821538,722724.0,870,164,930.52,1.0,2789.0100000000016,4389.140000000001,0.3949792077345833,1600.1299999999997,0.11475618073000869,0.0058823529411764705,3,1312.5800000000004,1,0,,,,,,,,,1
140,1,137,1685.8399999999997,2.4610802919708026,910.0,405,101,341.82,3.0,983.4399999999998,702.3999999999999,0.7306802543539126,-281.03999999999996,0.1685785585354547,0.021897810218978103,3,34.8,1,1,,,,,,,,,1
2288,1,150,1996.9100000000003,3.159667721518988,12862.0,467,132,405.8300000000001,7.0,1271.8200000000002,725.0899999999999,0.47824388680511387,-546.7300000000002,0.16890300240558698,0.04666666666666667,4,96.14999999999999,1,1,,,,,,,,,1
1981,0,85,1190.3500000000001,2.5326595744680853,634.0,298,96,412.60999999999996,10.0,559.7299999999999,630.6200000000001,0.5098164405426974,70.89000000000021,0.2574050506562858,0.11764705882352941,1,260.33000000000004,1,0,,,,,,,,,1
663,0,88,2692.629999999999,2.502444237918215,32538.0,694,136,746.59,20.0,901.6199999999999,1791.0099999999998,0.5382878449694166,889.3899999999999,0.2170811986438786,0.22727272727272727,5,506.8999999999999,1,0,,,,,,,,,1
2159,0,101,1803.8200000000002,3.719216494845361,41974.0,276,72,346.16,0.0,608.1199999999999,1195.7,0.312664234790611,587.5800000000002,0.16100614889440834,0.0,1,215.13,1,1,,,,,,,,,1
1605,0,54,640.8900000000001,1.841637931034483,393.0,300,102,254.58,81.0,366.19000000000005,274.70000000000005,0.6529357612070712,-91.49000000000001,0.28429763141143755,1.5,1,88.33000000000001,1,1,,,,,,,,,1
1125,0,76,652.9000000000001,2.298943661971831,7862.0,211,97,100.41000000000005,0.0,119.14999999999996,533.7500000000001,0.4147342625210597,414.60000000000014,0.1332917391246632,0.0,1,38.2,1,1,,,,,,,,,1
1703,0,178,3564.9499999999994,3.0469658119658116,1836.0,686,130,561.1200000000001,3.0,627.41,2937.5399999999995,0.5536627442180116,2310.1299999999997,0.13599381493770105,0.016853932584269662,5,1083.9300000000003,1,0,,,,,,,,,1
196,0,175,4966.600000000001,2.4478068013799907,51868.0,1056,149,1224.35,33.0,2241.32,2725.2799999999997,0.5096846937542784,483.9599999999996,0.19776447879566136,0.18857142857142858,5,294.59000000000003,1,1,,,,,,,,,1
1447,0,34,453.77,3.361259259259259,7506.0,119,58,61.56,4.0,37.16,416.61,0.5490005950150958,379.45000000000005,0.11945743504162383,0.11764705882352941,1,151.18,1,0,,,,,,,,,1
495,0,67,2923.38,3.435229142185664,1274.0,595,140,1009.7199999999999,5.0,1222.09,1701.2900000000002,0.5454473930860853,479.2000000000003,0.25672370394853933,0.07462686567164178,6,127.13999999999999,1,1,,,,,,,,,1
2172,0,79,1824.1600000000003,3.576784313725491,643.0,402,122,181.34,1.0,426.69,1397.47,0.6773199719322865,970.78,0.09042134131139366,0.012658227848101266,0,583.9499999999999,1,0,25-34,A,100-124K,Homeowner,2 Adults No Kids,2,None/Unknown,2172.0,1
395,2,62,811.5900000000001,2.5846815286624207,411.0,202,76,213.72,0.0,393.09,418.5,0.5515099988910657,25.410000000000025,0.20844427538988206,0.0,0,61.31999999999999,1,1,35-44,U,25-34K,Unknown,Single Male,1,None/Unknown,395.0,1
593,0,51,586.13,2.035173611111111,14513.0,202,84,112.19,0.0,61.99000000000001,524.14,0.6124750481974989,462.15,0.16065700538435101,0.0,0,60.269999999999996,1,1,35-44,U,35-49K,Unknown,Single Male,1,None/Unknown,593.0,1
1135,4,48,549.6,2.6941176470588237,10318.0,161,67,159.20000000000002,13.0,222.68000000000004,326.91999999999996,0.6834606986899564,104.23999999999992,0.22460496613995484,0.2708333333333333,0,199.28,1,0,45-54,U,50-74K,Unknown,Unknown,2,1,1135.0,1
981,1,32,1206.81,3.634969879518072,448.0,209,84,187.9,0.0,511.9100000000001,694.8999999999999,0.5453799686777538,182.98999999999978,0.13472334750593312,0.0,0,187.3,1,0,45-54,A,25-34K,Homeowner,Single Female,2,None/Unknown,981.0,1
170,0,44,2011.6000000000004,2.6643708609271526,13735.0,574,137,528.48,5.0,752.74,1258.8600000000001,0.5044690793398289,506.1200000000001,0.2080564391672703,0.11363636363636363,0,12.91,1,1,25-34,A,100-124K,Homeowner,2 Adults Kids,4,2,170.0,1
2140,0,46,1427.3900000000003,3.0499786324786333,25134.0,311,110,226.22,9.0,7.07,1420.3200000000004,0.44114782925479357,1413.2500000000005,0.13680372034518415,0.1956521739130435,0,140.5,1,1,65+,A,15-24K,Homeowner,2 Adults No Kids,2,None/Unknown,2140.0,1
1257,5,23,1123.3899999999999,2.8084749999999996,36362.0,295,108,215.87,0.0,56.81,1066.58,0.5081316372764578,1009.77,0.161186028105073,0.0,0,265.73,1,0,45-54,U,50-74K,Homeowner,2 Adults Kids,3,1,1257.0,1
753,0,36,1747.5600000000004,3.1889781021897816,802.0,459,132,418.19999999999993,2.0,716.75,1030.8100000000002,0.6244191901851723,314.0600000000002,0.19309618794326236,0.05555555555555555,0,429.57000000000005,1,0,45-54,A,75-99K,Homeowner,2 Adults Kids,4,2,753.0,1
370,9,133,3386.78,3.0051286601597162,329146.0,646,149,516.8100000000001,8.0,1500.8600000000001,1885.92,0.3984256432363484,385.05999999999995,0.13239351468776178,0.06015037593984962,1,0.0,0,1,65+,U,50-74K,Unknown,2 Adults No Kids,2,None/Unknown,370.0,1
391,1,49,1412.64,3.3395744680851065,596.0,334,96,197.88,3.0,79.05000000000001,1333.5900000000001,0.6082158228564957,1254.5400000000002,0.12286714849862156,0.061224489795918366,2,0.0,0,1,65+,B,25-34K,Unknown,Single Female,1,None/Unknown,391.0,1
2092,8,122,2290.540000000001,3.212538569424966,162402.0,436,111,435.11,62.0,1568.3300000000002,722.2100000000002,0.48353226750024003,-846.12,0.15963531634655947,0.5081967213114754,3,0.0,0,1,35-44,A,Under 15K,Homeowner,1 Adult Kids,3,1,2092.0,1
2493,11,111,2588.73,3.092867383512545,86014.0,478,107,421.75,0.0,1572.58,1016.1500000000001,0.5003998099454172,-556.4299999999998,0.1400939385081449,0.0,2,0.0,0,1,,,,,,,,,1
642,4,64,2208.34,3.1368465909090912,12405.0,456,137,249.81,1.0,1128.3199999999997,1080.02,0.48993361529474627,-48.29999999999973,0.10162520594756219,0.015625,7,0.0,0,1,,,,,,,,,1
1828,7,86,5813.770000000003,3.4980565583634196,10225.0,875,157,635.4899999999999,11.0,5058.010000000003,755.7599999999999,0.5807694490838129,-4302.250000000003,0.09853688640247092,0.12790697674418605,6,0.0,0,1,,,,,,,,,1
763,0,40,2815.58,2.7256340755082284,4994.0,565,97,495.0999999999999,3.0,1577.39,1238.1900000000005,0.7213788988414466,-339.1999999999996,0.14954631676876048,0.075,2,0.0,0,1,,,,,,,,,1
1840,9,37,337.21,3.1514953271028037,209.0,90,51,25.970000000000002,2.0,4.99,332.21999999999997,0.4978203493372083,327.22999999999996,0.07150724158819319,0.05405405405405406,1,0.0,0,1,,,,,,,,,1
1009,5,23,125.51999999999998,1.530731707317073,123.0,58,27,21.279999999999998,0.0,40.17999999999999,85.33999999999999,0.5220681963033781,45.16,0.1449591280653951,0.0,0,0.0,0,1,,,,,,,,,1
176,1,23,788.29,3.5831363636363633,65372.0,177,77,151.19,1.0,247.14000000000001,541.15,0.4318842050514405,294.01,0.16092945033422745,0.043478260869565216,0,0.0,0,1,,,,,,,,,1
651,12,8,370.53000000000003,2.5911188811188812,227.0,113,54,116.04000000000002,1.0,230.90000000000003,139.63000000000002,0.4810406714705961,-91.27000000000001,0.23848572661693077,0.125,0,0.0,0,1,,,,,,,,,1
2096,4,26,1301.65,3.3036802030456855,618.0,303,90,343.74999999999994,0.0,417.81000000000006,883.8400000000001,0.4629431874927975,466.0300000000001,0.20891576516348603,0.0,0,0.0,0,1,,,,,,,,,1
1327,30,9,477.16999999999996,2.422182741116751,7657.0,173,62,126.11,0.0,428.65999999999997,48.51,0.44022046650040875,-380.15,0.20904057817265614,0.0,0,0.0,0,1,,,,,,,,,1
2052,4,6,131.83,2.535192307692308,68.0,51,30,40.38,0.0,48.879999999999995,82.95000000000002,0.5273458241674883,34.07000000000002,0.23448115672725162,0.0,0,0.0,0,1,,,,,,,,,1
1365,33,9,103.65,1.8845454545454547,60.0,55,35,44.07,3.0,94.09,9.559999999999999,0.7248432223830198,-84.53,0.2983346872461414,0.3333333333333333,0,0.0,0,1,,,,,,,,,1
619,2,5,168.98,3.3796,75.0,50,38,37.629999999999995,0.0,22.750000000000004,146.23,0.6996685998343,123.47999999999999,0.18213058419243985,0.0,0,0.0,0,1,,,,,,,,,1
298,47,7,224.86000000000004,2.062935779816514,123.0,109,56,52.25,0.0,224.86000000000004,0.0,0.6475584808325181,-224.86000000000004,0.18855328209014469,0.0,0,0.0,0,1,,,,,,,,,1
150,1,6,230.35000000000002,3.290714285714286,100.0,70,41,52.17999999999999,0.0,206.78000000000003,23.57,0.6263077924896896,-183.21000000000004,0.18468835167946762,0.0,0,0.0,0,1,,,,,,,,,1
440,18,6,83.88,3.1066666666666665,30.0,26,20,10.07,0.0,55.11,28.770000000000003,0.28731521220791606,-26.339999999999996,0.10718467269824376,0.0,0,0.0,0,1,,,,,,,,,1
1150,9,14,845.3900000000002,2.9872438162544177,449.0,187,78,153.99000000000004,0.0,10.48,834.9100000000002,0.6139533233182316,824.4300000000002,0.1540855330304789,0.0,0,0.0,0,1,,,,,,,,,1
2311,1,54,1768.5299999999995,3.5159642147117287,142481.0,256,88,247.72,0.0,827.05,941.4799999999998,0.6226131306791517,114.42999999999984,0.12286174829510232,0.0,0,62.30000000000001,1,1,,,,,,,,,1
1523,27,66,1637.3900000000003,2.8037500000000004,135802.0,432,117,344.54,2.0,1471.5700000000002,165.82,0.5342404680619764,-1305.7500000000002,0.17384065027523674,0.030303030303030304,0,30.910000000000004,1,1,,,,,,,,,1
652,7,38,1378.8799999999997,2.0129635036496345,775.0,281,88,189.78,3.0,728.9899999999999,649.89,0.6955427593409145,-79.09999999999991,0.12098223961852794,0.07894736842105263,0,421.2099999999999,1,0,,,,,,,,,1
772,2,38,230.06000000000006,1.729774436090226,21435.0,67,29,17.529999999999998,0.0,72.64000000000001,157.42000000000002,0.3669477527601495,84.78,0.07080253645139138,0.0,0,41.82,1,0,,,,,,,,,1
224,0,45,1356.83,2.5080036968576707,824.0,396,101,448.56,3.0,341.22,1015.6100000000001,0.6625000921265006,674.3900000000001,0.24845601227435626,0.06666666666666667,0,243.97,1,0,,,,,,,,,1
794,8,28,1364.69,3.361305418719212,559.0,319,114,288.52,1.0,484.92,879.77,0.47548527504414917,394.84999999999997,0.17452108322596643,0.03571428571428571,0,387.80999999999995,1,0,,,,,,,,,1
1898,1,37,504.09000000000003,2.7850276243093925,325.0,121,50,194.67,0.0,406.29,97.80000000000001,0.7423475966593267,-308.49,0.2785935085007728,0.0,0,213.61999999999998,1,0,,,,,,,,,1
448,0,34,268.8,3.8956521739130436,15005.0,60,37,30.89,1.0,107.13,161.67,0.431733630952381,54.53999999999999,0.10307317561480196,0.029411764705882353,0,224.57,1,0,,,,,,,,,1
625,1,28,900.97,2.2925445292620865,3255.0,287,99,211.24999999999997,18.0,562.16,338.81,0.4263626979810649,-223.34999999999997,0.18993544442646235,0.6428571428571429,0,332.95,1,0,,,,,,,,,1
148,1,46,1049.7000000000003,3.270093457943926,392.0,267,94,113.91000000000001,1.0,309.71999999999997,739.98,0.4889587501190815,430.26000000000005,0.09789362415242218,0.021739130434782608,0,182.06000000000003,1,0,,,,,,,,,1
666,0,83,800.3299999999999,2.36784023668639,416.0,264,89,148.82999999999996,0.0,141.54999999999998,658.78,0.6149588294828384,517.23,0.15680180370011376,0.0,0,220.36999999999995,1,0,,,,,,,,,1
2219,7,22,1044.63,18.654107142857146,374446.0,38,18,20.33,0.0,873.6700000000001,170.96,0.8670055426323195,-702.71,0.019089918870192304,0.0,0,32.79,1,1,,,,,,,,,1
1760,0,38,453.3,3.1262068965517242,201.0,110,60,44.58,1.0,192.94,260.36,0.6714979042576661,67.42000000000002,0.08953964810797782,0.02631578947368421,0,110.34,1,0,,,,,,,,,1
1109,0,81,2804.2300000000005,2.9363664921465973,1222.0,497,126,415.7099999999999,5.0,1259.2599999999998,1544.9700000000003,0.4653612578140878,285.7100000000005,0.12910489015323262,0.06172839506172839,0,254.77000000000004,1,1,,,,,,,,,1
1328,0,71,1542.57,2.7545892857142857,19627.0,378,108,262.14,0.0,437.6500000000001,1104.9199999999998,0.42161457826873344,667.2699999999998,0.14525325398540484,0.0,0,1002.3199999999998,1,0,,,,,,,,,1
1691,0,42,1975.5500000000002,3.0439907550077043,838.0,455,120,394.33000000000004,4.0,785.24,1190.31,0.6146288375389131,405.06999999999994,0.16639239117592453,0.09523809523809523,0,308.14000000000004,1,0,,,,,,,,,1
686,3,20,521.99,4.015307692307692,185.0,118,67,91.09000000000002,1.0,163.41000000000003,358.58,0.40675108718557823,195.16999999999996,0.1485776733868337,0.05,0,12.58,1,1,,,,,,,,,1
811,0,36,616.37,2.0077198697068406,375.0,242,82,127.51000000000002,0.0,229.18999999999997,387.18000000000006,0.6694842383633207,157.9900000000001,0.1714120557079099,0.0,0,63.86000000000001,1,1,,,,,,,,,1
1658,1,56,1422.7400000000002,2.9517427385892123,597.0,230,87,235.96,3.0,764.23,658.51,0.5078861914334312,-105.72000000000003,0.1422559836016157,0.05357142857142857,0,355.92999999999995,1,0,,,,,,,,,1
587,1,20,176.83,2.0803529411764705,7962.0,67,40,34.269999999999996,1.0,60.64000000000001,116.19,0.6051009444098852,55.54999999999999,0.16234012316437704,0.05,0,71.1,1,0,,,,,,,,,1
202,2,35,753.88,3.6774634146341465,21314.0,185,91,96.33999999999999,0.0,533.39,220.49,0.38583063617551866,-312.9,0.11331184869798404,0.0,0,210.99999999999994,1,0,,,,,,,,,1
461,0,34,597.75,2.325875486381323,33040.0,199,72,182.53,2.0,279.28000000000003,318.47,0.473224592220828,39.19,0.23392884605526224,0.058823529411764705,0,67.05000000000001,1,1,,,,,,,,,1
2363,0,38,699.87,3.096769911504425,278.0,195,86,98.2,0.0,254.53999999999996,445.33000000000004,0.6834983639818822,190.79000000000008,0.12304685052689614,0.0,0,143.89,1,0,,,,,,,,,1
1960,0,80,2196.7599999999998,4.6839232409381655,252439.0,355,79,542.72,2.0,846.0799999999999,1350.6799999999998,0.2912926309656039,504.5999999999999,0.19811059033101178,0.025,0,441.02,1,0,,,,,,,,,1
977,3,29,821.6500000000001,2.5050304878048784,405.0,287,92,166.82,0.0,228.95999999999998,592.69,0.589521085620398,363.7300000000001,0.16876587048671177,0.0,0,214.87,1,0,,,,,,,,,1
360,1,30,382.0200000000001,2.3727950310559014,188.0,143,66,59.04,0.0,205.17,176.85,0.4625150515679807,-28.319999999999993,0.13385933886546045,0.0,0,65.58,1,0,,,,,,,,,1
59,1,37,1433.7599999999998,3.3265893271461713,28037.0,352,119,322.80000000000007,15.0,543.38,890.38,0.5184898448833837,347.0,0.18376827435442006,0.40540540540540543,0,254.56999999999994,1,0,,,,,,,,,1
1564,25,32,408.43,3.26744,146.0,110,68,88.43,0.0,325.33000000000004,83.1,0.35122297578532424,-242.23000000000005,0.17797769995572194,0.0,0,29.340000000000003,1,1,,,,,,,,,1
452,13,23,633.84,2.193217993079585,379.0,223,81,257.0,5.0,77.21000000000001,556.63,0.4915593840716901,479.41999999999996,0.2884917605855148,0.21739130434782608,0,153.14999999999995,1,0,,,,,,,,,1
340,4,28,1050.5700000000002,2.9930769230769236,486.0,272,90,212.17,0.0,589.16,461.40999999999997,0.5799899102392034,-127.75,0.16802350444271977,0.0,0,6.99,1,1,,,,,,,,,1
774,13,14,740.66,2.6079577464788732,376.0,243,79,161.56000000000003,0.0,323.44,417.2199999999999,0.6430480922420544,93.77999999999992,0.17906940657489306,0.0,0,169.29999999999998,1,0,,,,,,,,,1
2408,0,20,1434.32,4.749403973509933,521.0,236,84,280.07000000000005,1.0,446.4599999999999,987.86,0.5613321992302974,541.4000000000001,0.1633642286760889,0.05,0,673.8500000000001,1,0,,,,,,,,,1
615,2,12,246.97,3.741969696969697,38551.0,60,42,69.43000000000002,0.0,78.42999999999999,168.54,0.35012349678098553,90.11,0.2194374209860936,0.0,0,99.42999999999999,1,0,,,,,,,,,1
2077,0,92,1440.0500000000002,2.671706864564008,58613.0,304,110,159.12,0.0,712.6,727.4499999999999,0.35964723447102526,14.849999999999909,0.09950161646354046,0.0,0,395.1300000000001,1,0,,,,,,,,,1
357,3,17,1078.24,2.461735159817352,521.0,350,95,352.93000000000006,1.0,265.96999999999997,812.27,0.680043404065885,546.3,0.2466024301795035,0.058823529411764705,0,626.03,1,0,,,,,,,,,1
153,0,84,1390.5300000000004,1.4102738336714,5600.0,397,76,294.4099999999999,9.0,554.2,836.3300000000003,0.7966099257117789,282.1300000000002,0.17473025745723875,0.10714285714285714,0,168.12,1,1,,,,,,,,,1
713,1,19,338.91999999999996,4.345128205128205,18735.0,70,37,76.08000000000001,1.0,50.8,288.12,0.512303788504662,237.32,0.1833253012048193,0.05263157894736842,0,201.98000000000002,1,0,,,,,,,,,1
2392,0,29,1177.78,2.5828508771929823,22581.0,280,81,241.97999999999996,0.0,234.18999999999994,943.5899999999999,0.5011632053524427,709.4,0.17043725700118328,0.0,0,251.11999999999992,1,0,,,,,,,,,1
1533,1,15,138.61,2.8877083333333338,65.0,40,25,7.199999999999999,0.0,78.53000000000002,60.08,0.6003895822812206,-18.450000000000017,0.04937932926411082,0.0,0,116.63,1,0,,,,,,,,,1
822,7,37,765.1000000000001,2.143137254901961,10715.0,221,74,193.66000000000003,0.0,589.6400000000001,175.46,0.5207293164292248,-414.18000000000006,0.20199007050773915,0.0,0,101.46,1,1,,,,,,,,,1
1465,2,51,923.38,3.119527027027027,26347.0,248,101,139.72,4.0,574.9799999999998,348.40000000000003,0.44591609088349327,-226.57999999999976,0.13142695889380115,0.0784313725490196,0,115.14,1,1,,,,,,,,,1
478,9,18,255.89000000000001,5.017450980392157,21982.0,38,24,26.88,0.0,190.36,65.53,0.2952440501778108,-124.83000000000001,0.09505958906531808,0.0,0,30.13,1,1,,,,,,,,,1
723,1,18,759.15,2.7909926470588236,342.0,195,76,156.41,9.0,50.07,709.08,0.6324310083646184,659.01,0.17083533575079735,0.5,0,471.68000000000006,1,0,,,,,,,,,1
1450,1,84,1512.8600000000001,3.5264801864801867,69993.0,322,112,307.08,0.0,754.02,758.84,0.3376055947014264,4.82000000000005,0.16873083728034988,0.0,0,134.34,1,1,,,,,,,,,1
2169,1,32,687.4100000000001,3.068794642857143,20548.0,211,89,145.82000000000002,0.0,228.01,459.3999999999999,0.43025268762456176,231.38999999999993,0.17500570070688765,0.0,0,170.54999999999998,1,0,,,,,,,,,1
1068,3,95,796.2200000000001,2.0260050890585246,2416.0,304,97,174.41,0.0,755.94,40.28,0.6712089623470898,-715.6600000000001,0.1796874195110392,0.0,0,525.6300000000001,1,0,,,,,,,,,1
1143,0,10,136.17000000000002,3.890571428571429,60.0,30,21,56.199999999999996,4.0,58.760000000000005,77.41,0.8423294411397517,18.64999999999999,0.29214534490824967,0.4,0,37.14,1,0,,,,,,,,,1
1702,0,23,1467.3800000000006,3.3578489702517174,673.0,317,84,305.26999999999987,0.0,193.94000000000003,1273.4400000000005,0.565252354536657,1079.5000000000005,0.17221109638112417,0.0,0,459.66999999999996,1,0,,,,,,,,,1
1498,1,25,919.48,2.7612012012012013,388.0,235,93,155.98999999999998,7.0,493.88,425.6,0.6510527689563668,-68.27999999999997,0.1450435623494844,0.28,0,40.7,1,1,,,,,,,,,1
2218,2,15,664.2599999999999,1.9710979228486643,418.0,299,89,249.98000000000002,0.0,420.2,244.06000000000006,0.6409086803360131,-176.13999999999993,0.2734292964648233,0.0,0,310.98999999999995,1,0,,,,,,,,,1
832,6,11,396.40000000000003,3.6366972477064223,134.0,91,52,42.919999999999995,1.0,145.25,251.14999999999998,0.789656912209889,105.89999999999998,0.09769643995265408,0.09090909090909091,0,82.84,1,0,,,,,,,,,1
792,22,19,276.42,2.21136,172.0,102,47,92.94000000000001,1.0,149.14,127.28,0.4643658201287895,-21.859999999999985,0.2516244314489929,0.05263157894736842,0,60.69,1,0,,,,,,,,,1
1173,2,40,624.6700000000001,3.187091836734694,51703.0,174,78,57.75,0.0,276.53,348.13999999999993,0.36638545151840174,71.60999999999996,0.08462530406494534,0.0,0,31.1,1,1,,,,,,,,,1
1827,1,31,514.6600000000001,2.652886597938145,240.0,168,68,94.38999999999999,0.0,23.549999999999997,491.11000000000007,0.6282011425018458,467.56000000000006,0.1549790657581479,0.0,0,167.56999999999996,1,0,,,,,,,,,1
659,2,28,601.77,2.539113924050633,263.0,163,65,103.91999999999999,0.0,258.71999999999997,343.05000000000007,0.7349984213237615,84.3300000000001,0.1472601283849849,0.0,0,159.12,1,0,,,,,,,,,1
1576,0,13,328.07,1.5188425925925926,241.0,175,63,116.61000000000001,0.0,186.05,142.01999999999998,0.7466394367055811,-44.03000000000003,0.26223351623639474,0.0,0,143.04000000000002,1,0,,,,,,,,,1
1951,2,13,351.86,3.1138053097345133,123.0,105,67,55.22,1.0,227.22000000000003,124.63999999999999,0.3679872676632751,-102.58000000000004,0.13564901247911956,0.07692307692307693,0,209.62,1,0,,,,,,,,,1
1669,2,7,173.17000000000004,3.0923214285714296,74.0,50,33,29.77,0.0,26.810000000000002,146.36,0.589305306923832,119.55000000000001,0.14669360402089282,0.0,0,124.80000000000001,1,0,,,,,,,,,1
1945,1,16,746.84,3.1916239316239317,316.0,188,74,104.62,0.0,220.74999999999997,526.09,0.762305179154839,305.34000000000003,0.12287130340826345,0.0,0,273.73,1,0,,,,,,,,,1
1338,0,128,1228.3799999999999,1.795877192982456,36903.0,385,103,258.30000000000007,3.0,189.92,1038.46,0.5586219248115407,848.5400000000001,0.17374283638711768,0.0234375,0,555.6000000000001,1,0,,,,,,,,,1
1442,14,26,260.3,1.723841059602649,174.0,120,53,70.88,0.0,33.169999999999995,227.13000000000002,0.778025355359201,193.96000000000004,0.21402258590494594,0.0,0,52.2,1,0,,,,,,,,,1
910,1,32,873.0600000000001,3.0002061855670106,53861.0,237,84,136.28,2.0,291.44,581.62,0.5099878587955008,290.18,0.13501892325678166,0.0625,0,285.04999999999995,1,0,,,,,,,,,1
1404,1,34,1011.1100000000001,2.3137528604118995,517.0,357,98,168.4399999999999,0.0,611.5,399.60999999999996,0.5467258755229402,-211.89000000000004,0.1428002204230426,0.0,0,237.07999999999993,1,0,,,,,,,,,1
21,2,25,789.0699999999999,3.3015481171548116,38752.0,199,80,141.02999999999997,1.0,143.98,645.09,0.42716108836985317,501.11,0.15162885711213847,0.04,0,81.04,1,1,,,,,,,,,1
1876,78,1,35.42,7.0840000000000005,5.0,5,4,0.7999999999999999,0.0,35.42,0.0,0.8283455674760022,-35.42,0.022087244616234125,0.0,0,50.769999999999996,1,0,,,,,,,,,1
1682,4,8,88.91000000000001,1.7782000000000002,66.0,47,25,21.409999999999997,0.0,64.99000000000001,23.92,0.66550444269486,-41.07000000000001,0.19407179115300938,0.0,0,70.02,1,0,,,,,,,,,1
643,1,25,1167.1,2.526190476190476,9719.0,382,95,489.12,9.0,447.9799999999999,719.12,0.6657184474338101,271.1400000000001,0.29532308509739047,0.36,0,248.48999999999998,1,0,,,,,,,,,1
1215,1,13,479.21,4.940309278350515,161.0,91,54,56.18,0.0,309.02,170.19,0.3792491809436364,-138.82999999999998,0.10493285268682642,0.0,0,307.24,1,0,,,,,,,,,1
1413,1,22,310.2,2.8990654205607473,129.0,103,57,32.980000000000004,1.0,233.13,77.07000000000001,0.546615087040619,-156.06,0.09610117139693457,0.045454545454545456,0,33.86000000000001,1,1,,,,,,,,,1
758,7,14,289.33,3.403882352941176,9099.0,82,44,40.45,0.0,184.89999999999995,104.43,0.6275187502160162,-80.46999999999994,0.12265752926193221,0.0,0,55.59000000000001,1,0,,,,,,,,,1
106,1,36,1008.42,5.2521875,103851.0,168,81,68.84,1.0,302.35,706.0699999999999,0.39400249895876716,403.7199999999999,0.06390286467519447,0.027777777777777776,0,1006.2400000000002,1,0,,,,,,,,,1
1249,4,18,249.98000000000002,2.4507843137254905,125.0,82,46,38.18,0.0,66.58,183.39999999999998,0.4950796063685094,116.81999999999998,0.13249583564686285,0.0,0,241.64000000000007,1,0,,,,,,,,,1
90,5,8,364.13,3.5012499999999998,16641.0,76,43,43.83,0.0,216.01000000000002,148.12,0.49899761074341586,-67.89000000000001,0.10743700362780664,0.0,0,126.28000000000003,1,0,,,,,,,,,1
186,33,2,54.15,4.922727272727273,17.0,11,7,2.18,0.0,15.74,38.41,0.558264081255771,22.669999999999995,0.038700514823362335,0.0,0,5.37,1,1,,,,,,,,,1
2285,0,56,1505.91,2.543766891891892,92216.0,380,106,294.81000000000006,0.0,431.57000000000005,1074.34,0.5243341235532003,642.7699999999999,0.1637178461948554,0.0,0,551.99,1,0,,,,,,,,,1
70,1,24,69.91,1.8397368421052631,41.0,19,11,8.92,0.0,26.87,43.040000000000006,0.30996996137891575,16.170000000000005,0.1131548902702017,0.0,0,6.49,1,1,,,,,,,,,1
1110,0,121,4856.590000000001,5.686873536299767,1233.0,657,144,1532.4700000000003,157.0,175.63,4680.960000000002,0.6375749239692868,4505.330000000002,0.2398584455303284,1.2975206611570247,0,651.88,1,1,,,,,,,,,1
1449,1,38,405.03999999999996,2.6473202614379083,23665.0,121,56,62.349999999999994,0.0,241.75,163.29,0.5327621963262887,-78.46000000000001,0.13340037228010868,0.0,0,0.79,1,1,,,,,,,,,1
1724,0,88,2280.1,2.9727509778357235,18329.0,523,143,316.11999999999995,4.0,1318.2500000000002,961.8499999999999,0.5726547081268365,-356.4000000000003,0.121761638073815,0.045454545454545456,0,346.88000000000005,1,0,,,,,,,,,1
810,0,32,478.35,3.466304347826087,213.0,91,50,34.559999999999995,0.0,260.20000000000005,218.15,0.3966551688094491,-42.05000000000004,0.06738024214774521,0.0,0,61.75,1,1,,,,,,,,,1
1441,10,12,302.18999999999994,3.357666666666666,102.0,73,48,50.72999999999999,0.0,193.21999999999997,108.97,0.42820741917336796,-84.24999999999997,0.14374362461747703,0.0,0,99.28,1,0,,,,,,,,,1
1909,3,19,514.4499999999998,2.4152582159624405,272.0,141,52,82.19,0.0,107.24000000000001,407.2099999999998,0.5943823500826126,299.9699999999998,0.13775475998927328,0.0,0,32.54,1,1,,,,,,,,,1
2257,0,66,651.5100000000001,3.787848837209303,186.0,55,27,31.959999999999997,0.0,287.63,363.88,0.726466209267701,76.25,0.04676137943143077,0.0,0,140.03000000000003,1,0,,,,,,,,,1
1611,1,33,421.7099999999999,2.868775510204081,12740.0,119,48,58.39999999999998,0.0,43.58,378.13,0.4906689431125656,334.55,0.12163879111037051,0.0,0,255.75000000000003,1,0,,,,,,,,,1
1149,3,10,223.98000000000002,4.571020408163266,74.0,40,27,41.12,0.0,168.73000000000002,55.25,0.3013661934101259,-113.48000000000002,0.155111278762731,0.0,0,83.92999999999999,1,0,,,,,,,,,1
1380,1,23,324.65,2.898660714285714,168.0,100,57,45.860000000000014,0.0,70.99000000000001,253.66,0.4155552133066379,182.67,0.12377533669806487,0.0,0,25.160000000000004,1,1,,,,,,,,,1
1096,1,42,534.9100000000001,2.257004219409283,269.0,142,78,70.61999999999998,0.0,480.47,54.44,0.3770914733319623,-426.03000000000003,0.11662510527967229,0.0,0,57.45,1,1,,,,,,,,,1
295,25,4,123.38999999999999,3.2471052631578945,70.0,37,23,64.08999999999999,0.0,10.35,113.03999999999999,0.6441364778345084,102.69,0.3418497973117133,0.0,0,25.92,1,0,,,,,,,,,1
147,0,33,1412.3499999999997,2.070894428152492,80663.0,503,113,694.65,2.0,980.4499999999998,431.89999999999986,0.5389740503416294,-548.55,0.3296867584243,0.06060606060606061,0,74.86000000000001,1,1,,,,,,,,,1
1871,6,14,350.12000000000006,2.5744117647058826,148.0,105,39,33.35,0.0,241.84,108.28,0.3058951216725694,-133.56,0.08696899366312878,0.0,0,197.29000000000002,1,0,,,,,,,,,1
1743,1,37,1132.8899999999999,3.3125438596491223,143305.0,293,102,231.28,5.0,602.03,530.86,0.47704543247799885,-71.16999999999996,0.16953898707639078,0.13513513513513514,0,36.05,1,1,,,,,,,,,1
2362,4,39,478.09,2.731942857142857,216.0,159,70,101.37,0.0,354.60999999999996,123.48,0.4658955426802485,-231.12999999999994,0.17493873606461188,0.0,0,42.2,1,1,,,,,,,,,1
400,0,268,15924.380000000017,3.978111416437676,723662.0,2132,207,1593.2199999999996,14.0,5672.350000000006,10252.030000000013,0.523337172310633,4579.680000000008,0.09094967347125166,0.05223880597014925,0,2569.760000000003,1,0,35-44,A,150-174K,Homeowner,2 Adults Kids,3,1,400.0,1
2119,1,32,1617.8800000000003,2.213242134062928,72787.0,531,97,818.4399999999999,177.0,299.65999999999997,1318.2200000000003,0.613061537320444,1018.5600000000003,0.33593288237998287,5.53125,0,677.28,1,0,25-34,U,50-74K,Homeowner,Single Male,1,None/Unknown,2119.0,1
875,0,58,1316.14,2.3757039711191337,804.0,390,110,361.53999999999996,16.0,567.6199999999999,748.5200000000002,0.6094792347318675,180.90000000000032,0.21549997615755087,0.27586206896551724,0,157.13000000000002,1,1,25-34,U,25-34K,Unknown,2 Adults Kids,3,1,875.0,1
1147,0,40,3088.400000000001,3.5095454545454556,1210.0,675,109,457.2699999999999,1.0,907.3800000000001,2181.02,0.5734749384794714,1273.6399999999999,0.12896575259400897,0.025,0,690.9600000000002,1,0,19-24,U,25-34K,Unknown,2 Adults No Kids,2,None/Unknown,1147.0,1
385,0,34,2632.1800000000003,3.3234595959595965,50518.0,518,127,503.34999999999997,6.0,1096.6200000000001,1535.56,0.5232050999551702,438.9399999999998,0.16053107449139378,0.17647058823529413,0,297.53999999999996,1,1,25-34,A,50-74K,Homeowner,2 Adults Kids,5+,3+,385.0,1
2272,0,56,1636.49,4.6491193181818184,552.0,204,88,213.03999999999996,8.0,95.48,1541.0100000000002,0.4719246680395235,1445.5300000000002,0.11518602023216708,0.14285714285714285,0,607.6800000000001,1,0,65+,A,25-34K,Homeowner,2 Adults No Kids,2,None/Unknown,2272.0,1
770,3,36,1795.1,2.957331136738056,31296.0,487,119,786.4100000000001,53.0,365.85,1429.25,0.5870926410784915,1063.4,0.3046317852729604,1.4722222222222223,0,451.25999999999993,1,0,25-34,A,50-74K,Homeowner,2 Adults Kids,5+,3+,770.0,1
1974,15,198,5266.000000000002,3.4350945857795185,237349.0,647,148,828.8000000000001,10.0,3048.9400000000005,2217.060000000001,0.6072996581845801,-831.8799999999997,0.13598477390562444,0.050505050505050504,5,0.0,0,1,,,,,,,,,1
760,10,70,1872.5199999999998,4.061865509761388,6308.0,238,87,226.23000000000002,2.0,892.11,980.4100000000001,0.4906703266186744,88.30000000000007,0.10779273377010126,0.02857142857142857,3,0.0,0,1,,,,,,,,,1
1772,0,97,2452.88,2.327210626185958,1169.0,413,106,394.72999999999996,1.0,1536.3300000000002,916.5500000000001,0.5600273963667199,-619.7800000000001,0.13861799895350835,0.010309278350515464,4,0.0,0,1,,,,,,,,,1
918,2,152,3135.3800000000006,2.1343635125936014,6175.0,770,149,523.4,11.0,2513.6500000000005,621.73,0.5481153799539449,-1891.9200000000005,0.1430531488638289,0.07236842105263158,5,0.0,0,1,,,,,,,,,1
639,0,79,759.8300000000002,2.337938461538462,388.0,216,76,130.66000000000003,0.0,95.80000000000001,664.0300000000001,0.5244989010699761,568.23,0.14672820581926804,0.0,1,0.0,0,1,,,,,,,,,1
783,5,17,387.34000000000003,2.5995973154362417,205.0,124,56,128.29,2.0,270.40999999999997,116.93,0.4772293075850674,-153.47999999999996,0.24880243585516745,0.11764705882352941,0,0.0,0,1,,,,,,,,,1
963,4,43,2036.66,3.123711656441718,150550.0,395,118,269.57,5.0,1006.2400000000002,1030.42,0.49732405016055703,24.179999999999836,0.1168877345277791,0.11627906976744186,0,0.0,0,1,,,,,,,,,1
1243,3,15,249.70000000000005,3.42054794520548,91.0,59,37,16.85,0.0,48.580000000000005,201.12,0.3915498598317981,152.54,0.06321515663102606,0.0,0,0.0,0,1,,,,,,,,,1
2433,0,30,609.7500000000001,3.7872670807453424,314.0,139,63,141.94000000000003,0.0,122.69,487.06,0.33062730627306264,364.37,0.18882784126435098,0.0,0,0.0,0,1,,,,,,,,,1
1444,0,23,323.98999999999995,2.612822580645161,135.0,102,52,34.940000000000005,0.0,82.30000000000001,241.68999999999994,0.5737214111546652,159.38999999999993,0.09734488618950773,0.0,0,0.0,0,1,,,,,,,,,1
874,9,5,222.22000000000003,3.968214285714286,82.0,55,34,30.15,0.0,156.75,65.47,0.31716317163171626,-91.28,0.1194674485873915,0.0,0,0.0,0,1,,,,,,,,,1
1162,17,33,431.75999999999993,2.3986666666666663,51725.0,125,50,98.25,3.0,254.11999999999998,177.63999999999996,0.47361960348341686,-76.48000000000002,0.1853738608705496,0.09090909090909091,0,0.0,0,1,,,,,,,,,1
902,2,10,135.23,4.829642857142857,41.0,24,17,5.319999999999999,0.0,96.12,39.11,0.867189233158323,-57.010000000000005,0.037851298470295267,0.0,0,0.0,0,1,,,,,,,,,1
1311,2,17,685.63,3.249431279620853,289.0,180,79,228.68999999999997,0.0,427.13,258.5,0.49417324212767827,-168.63,0.2501203079884504,0.0,0,0.0,0,1,,,,,,,,,1
1482,3,18,1042.3500000000001,2.961221590909091,512.0,283,108,273.18,1.0,954.5600000000002,87.78999999999999,0.4925888617067204,-866.7700000000002,0.20765775010832133,0.05555555555555555,0,0.0,0,1,,,,,,,,,1
1934,10,15,542.8700000000001,2.4020796460177,14405.0,194,77,136.15999999999997,0.0,474.7300000000001,68.14,0.540718772450126,-406.5900000000001,0.20052133189991597,0.0,0,0.0,0,1,,,,,,,,,1
2413,0,17,301.40999999999997,2.816915887850467,142.0,96,57,33.77,0.0,191.73000000000002,109.68,0.30811850967121207,-82.05000000000001,0.10075183483501404,0.0,0,0.0,0,1,,,,,,,,,1
1309,10,9,158.48000000000002,3.1696000000000004,8212.0,47,33,27.660000000000004,0.0,128.72000000000003,29.759999999999998,0.42068399798081774,-98.96000000000004,0.14859782959063073,0.0,0,0.0,0,1,,,,,,,,,1
2306,40,8,62.06000000000001,1.6331578947368424,45.0,32,15,11.56,0.0,50.46000000000001,11.600000000000001,0.7375120850789557,-38.86000000000001,0.15702254822059222,0.0,0,0.0,0,1,,,,,,,,,1
1052,55,7,231.66000000000003,2.3400000000000003,109.0,88,48,32.050000000000004,1.0,231.66000000000003,0.0,0.7303375636708971,-231.66000000000003,0.1215350195290281,0.14285714285714285,0,0.0,0,1,,,,,,,,,1
2249,45,3,181.51,2.83609375,81.0,64,44,33.510000000000005,0.0,181.51,0.0,0.5930802710594458,-181.51,0.1558459678169473,0.0,0,0.0,0,1,,,,,,,,,1
1472,29,4,269.53999999999996,3.593866666666666,88.0,72,42,60.33000000000001,7.0,84.53,185.01,0.48905542776582317,100.47999999999999,0.18289022948434236,1.75,0,0.0,0,1,,,,,,,,,1
821,0,17,464.56000000000006,8.150175438596492,16684.0,50,30,14.08,0.0,133.82,330.74,0.36623902187015667,196.92000000000002,0.02941668059501922,0.0,0,0.0,0,1,,,,,,,,,1
494,75,1,8.17,2.0425,5.0,4,4,0.25,0.0,8.17,0.0,0.7870257037943696,-8.17,0.02969121140142518,0.0,0,0.0,0,1,,,,,,,,,1
1552,1,30,772.0899999999999,3.0397244094488185,360.0,197,80,101.5,6.0,428.96999999999997,343.12000000000006,0.7561553704878965,-85.84999999999991,0.11618722741789628,0.2,0,312.67,1,0,,,,,,,,,1
1201,0,35,488.07,2.922574850299401,5548.0,154,69,110.75,13.0,175.02,313.05,0.5773761960374536,138.03,0.18494706255636087,0.37142857142857144,0,49.53,1,1,,,,,,,,,1
1466,5,35,1007.54,4.2874042553191485,39063.0,193,82,128.37000000000003,0.0,656.9200000000001,350.62,0.41604303551223776,-306.30000000000007,0.11301071387697971,0.0,0,21.93,1,1,,,,,,,,,1
1562,5,37,975.93,2.008086419753086,16838.0,391,103,317.22,0.0,247.76999999999998,728.1600000000001,0.5253757953951615,480.3900000000001,0.24530796891311912,0.0,0,222.08999999999997,1,0,,,,,,,,,1
172,0,135,1366.44,5.005274725274726,133881.0,137,66,134.56,2.0,441.3,925.1399999999999,0.5682722988202921,483.83999999999986,0.0896469020652898,0.014814814814814815,0,404.43,1,0,,,,,,,,,1
457,0,62,498.91999999999996,1.7946762589928056,14463.0,204,82,98.74999999999999,0.0,288.0400000000001,210.87999999999997,0.5500881904914616,-77.16000000000011,0.16522495691602387,0.0,0,219.07999999999998,1,0,,,,,,,,,1
2290,0,67,896.94,3.1582394366197186,10881.0,203,81,137.82000000000002,2.0,340.78,556.16,0.46727763284054674,215.38,0.13319030499826048,0.029850746268656716,0,20.03,1,1,,,,,,,,,1
905,2,28,767.9499999999999,3.474886877828054,28099.0,206,96,98.07,0.0,573.97,193.98,0.4245588905527704,-379.99,0.11324218840211542,0.0,0,83.98,1,1,,,,,,,,,1
1340,0,47,418.18,2.581358024691358,184.0,137,67,56.72,0.0,131.33,286.84999999999997,0.5264240279305562,155.51999999999995,0.11943567066750896,0.0,0,94.35000000000002,1,0,,,,,,,,,1
1766,0,29,276.07,2.029926470588235,180.0,106,55,62.68999999999999,0.0,47.52000000000001,228.54999999999998,0.4628174013837071,181.02999999999997,0.18505726768213482,0.0,0,184.60999999999996,1,0,,,,,,,,,1
798,0,39,1051.76,2.8580434782608695,505.0,320,108,230.22,2.0,103.92,947.84,0.6791283182475091,843.9200000000001,0.17958158473611133,0.05128205128205128,0,534.8200000000002,1,0,,,,,,,,,1
1155,2,28,1335.29,2.787661795407098,651.0,388,87,385.34000000000003,0.0,251.83000000000004,1083.4599999999998,0.5624770649072487,831.6299999999998,0.22395285447772037,0.0,0,717.7299999999998,1,0,,,,,,,,,1
2340,0,123,2204.8399999999997,2.5054999999999996,161590.0,536,132,346.78000000000003,2.0,485.78999999999996,1719.05,0.4705783639629181,1233.26,0.1359058166968436,0.016260162601626018,0,791.98,1,0,,,,,,,,,1
189,1,33,730.6,3.616831683168317,29284.0,138,58,84.13000000000001,0.0,275.28999999999996,455.31,0.3774979468929646,180.02000000000004,0.10326120309795885,0.0,0,71.39000000000001,1,1,,,,,,,,,1
197,0,44,1620.5000000000002,2.80363321799308,752.0,239,79,177.51000000000002,0.0,341.40999999999997,1279.0900000000001,0.7711940759024991,937.6800000000002,0.09872581353830068,0.0,0,308.73,1,0,,,,,,,,,1
431,0,33,514.4599999999999,3.5236986301369857,176.0,124,54,125.57000000000002,1.0,192.73,321.72999999999996,0.5188935971698482,128.99999999999997,0.19619392840960584,0.030303030303030304,0,17.21,1,1,,,,,,,,,1
2352,3,35,1182.2700000000004,3.161149732620322,459.0,332,117,170.6,0.0,380.1600000000002,802.1100000000001,0.5190861647508604,421.94999999999993,0.1261022862507114,0.0,0,73.58,1,1,,,,,,,,,1
1805,0,60,632.4300000000001,4.582826086956522,154.0,91,37,32.18,0.0,387.03000000000003,245.4,0.47470866340938916,-141.63000000000002,0.04841937376807451,0.0,0,159.76999999999998,1,0,,,,,,,,,1
2368,12,22,1127.26,3.0221447721179624,518.0,254,86,176.01,0.0,418.73,708.53,0.5046573106470557,289.79999999999995,0.13505259846386397,0.0,0,250.42999999999995,1,0,,,,,,,,,1
2460,3,21,757.4099999999999,4.763584905660377,195.0,129,56,77.78999999999999,0.0,91.56,665.8499999999999,0.5051557280733026,574.29,0.09313936781609196,0.0,0,208.64,1,0,,,,,,,,,1
1093,1,26,626.52,2.7969642857142856,288.0,178,88,120.28,1.0,464.27,162.25000000000003,0.546558769073613,-302.02,0.16106052490626674,0.038461538461538464,0,367.24000000000007,1,0,,,,,,,,,1
203,5,35,815.2,2.840418118466899,66300.0,246,84,123.86999999999999,2.0,260.34000000000003,554.86,0.5146467124631992,294.52,0.13190709957724128,0.05714285714285714,0,93.63000000000001,1,1,,,,,,,,,1
1643,1,36,1217.89,3.0677329974811087,30287.0,352,99,267.40999999999997,0.0,455.8499999999999,762.04,0.6486710622470009,306.19000000000005,0.1800377028209789,0.0,0,243.51,1,0,,,,,,,,,1
525,0,33,742.49,2.7808614232209736,330.0,204,82,150.26999999999998,8.0,464.38,278.11,0.471750461285674,-186.26999999999998,0.16832071329360632,0.24242424242424243,0,160.28000000000003,1,0,,,,,,,,,1
2113,0,56,1436.5500000000002,2.2411076443057727,13582.0,443,120,239.39000000000001,19.0,355.8900000000001,1080.66,0.6145557063798683,724.77,0.14283924245498048,0.3392857142857143,0,162.52999999999997,1,1,,,,,,,,,1
887,1,43,1078.5100000000007,2.334437229437231,565.0,365,100,239.04,0.0,794.3900000000006,284.12,0.5599484473950169,-510.27000000000055,0.18142764980456141,0.0,0,55.2,1,1,,,,,,,,,1
1713,0,29,1312.14,3.9761818181818187,510.0,162,49,160.43,0.0,194.43,1117.71,0.6941484902525644,923.28,0.10894558492974867,0.0,0,421.6699999999999,1,0,,,,,,,,,1
1214,11,6,109.97,4.3988,49.0,25,16,20.43,0.0,51.58,58.39,0.4360280076384469,6.810000000000002,0.15667177914110428,0.0,0,12.98,1,1,,,,,,,,,1
2191,1,13,639.26,5.919074074074074,126.0,107,64,38.589999999999996,0.0,49.85,589.41,0.5946876075462254,539.56,0.05692999926237367,0.0,0,141.65999999999997,1,0,,,,,,,,,1
2464,1,45,1011.34,3.073981762917933,17277.0,274,92,158.77000000000004,2.0,384.64000000000004,626.6999999999999,0.5089880752269266,242.0599999999999,0.13568809770021623,0.044444444444444446,0,110.13999999999999,1,1,,,,,,,,,1
1198,0,40,888.4300000000001,3.3525660377358495,334.0,189,70,226.91999999999996,3.0,478.2,410.22999999999996,0.6300102427878392,-67.97000000000003,0.20345183126372884,0.075,0,116.17,1,1,,,,,,,,,1
259,1,47,1034.98,3.6442957746478872,355.0,167,78,112.41,0.0,250.11999999999995,784.8600000000001,0.5450250246381573,534.7400000000002,0.09797017579027183,0.0,0,123.35000000000001,1,1,,,,,,,,,1
1543,4,79,2236.53,3.45676970633694,1036.0,367,123,569.69,0.0,1356.69,879.8400000000001,0.6278028910857444,-476.8499999999999,0.2030097426431285,0.0,0,375.8700000000001,1,0,,,,,,,,,1
2267,0,43,1379.94,2.9485897435897437,23445.0,347,98,255.45999999999998,1.0,572.91,807.03,0.4788686464628896,234.12,0.1562064326770209,0.023255813953488372,0,924.2100000000002,1,0,,,,,,,,,1
1329,2,26,1398.8300000000002,3.9292977528089894,11618.0,277,101,289.37,0.0,472.15999999999997,926.6700000000001,0.37978167468527263,454.5100000000001,0.1714074161829167,0.0,0,147.22,1,1,,,,,,,,,1
1902,2,16,1202.8,2.8102803738317754,633.0,356,110,269.41999999999996,4.0,857.17,345.63,0.5960259394745594,-511.53999999999996,0.183002540381193,0.25,0,443.20000000000005,1,0,,,,,,,,,1
177,2,47,991.52,3.1577070063694266,39255.0,266,102,224.32999999999998,35.0,62.75,928.77,0.4969541713732452,866.02,0.1845046675165522,0.7446808510638298,0,139.06,1,1,,,,,,,,,1
719,0,21,618.86,2.3620610687022903,283.0,165,44,174.21,2.0,340.22,278.64,0.7011925152700126,-61.58000000000004,0.21966535110393787,0.09523809523809523,0,479.65,1,0,,,,,,,,,1
5,4,38,749.09,3.420502283105023,242.0,196,75,118.33000000000001,0.0,469.39,279.7,0.4394131546276149,-189.69,0.13641603836665053,0.0,0,29.97,1,1,,,,,,,,,1
2174,0,34,533.54,1.5600584795321637,403.0,317,110,155.32999999999998,3.0,282.76,250.77999999999997,0.6483862503279978,-31.980000000000018,0.22548521491718324,0.08823529411764706,0,110.78999999999999,1,0,,,,,,,,,1
422,3,17,822.5199999999999,2.896197183098591,442.0,251,83,324.61,11.0,98.64999999999999,723.8699999999999,0.4701040704177406,625.2199999999999,0.28297577432374715,0.6470588235294118,0,160.8,1,0,,,,,,,,,1
1362,0,50,1137.4199999999998,5.146696832579185,265.0,132,65,83.58,0.0,427.22999999999996,710.19,0.6777443688347313,282.9600000000001,0.06845208845208846,0.0,0,281.34,1,0,,,,,,,,,1
890,1,30,1031.64,2.857728531855956,24220.0,299,100,329.38000000000005,2.0,751.8699999999999,279.77,0.45740762281416,-472.0999999999999,0.24200966921867423,0.06666666666666667,0,37.269999999999996,1,1,,,,,,,,,1
1811,10,13,735.21,4.653227848101266,23401.0,136,58,189.01,0.0,322.26,412.95,0.3815780525292093,90.69,0.20450758477418796,0.0,0,117.35000000000001,1,0,,,,,,,,,1
1616,0,36,1137.8200000000002,2.5568988764044946,5659.0,365,112,227.57,4.0,317.69000000000005,820.13,0.5981174526726548,502.43999999999994,0.16667032862405612,0.1111111111111111,0,97.89999999999999,1,1,,,,,,,,,1
506,4,23,832.21,3.2764173228346456,37610.0,235,92,106.18,0.0,208.90000000000003,623.31,0.5205176578027181,414.4099999999999,0.11315124841483817,0.0,0,421.95999999999987,1,0,,,,,,,,,1
2220,29,14,205.51000000000002,5.012439024390244,19967.0,35,24,62.61,2.0,188.85000000000002,16.66,0.24816310641817915,-172.19000000000003,0.23351484409965687,0.14285714285714285,0,10.07,1,1,,,,,,,,,1
1583,4,18,308.53000000000003,4.8207812500000005,85.0,62,25,45.67,0.0,144.54999999999998,163.98,0.5932000129647035,19.430000000000007,0.12893845285149633,0.0,0,29.75,1,1,,,,,,,,,1
44,6,31,819.5800000000002,2.577295597484277,380.0,271,89,126.57000000000001,0.0,392.98,426.59999999999997,0.650333097440152,33.61999999999995,0.1337737145272948,0.0,0,58.18000000000001,1,1,,,,,,,,,1
1348,5,22,294.8,2.5196581196581196,136.0,66,29,25.369999999999997,0.0,147.03000000000003,147.77,0.4830054274084125,0.7399999999999807,0.0792391541993316,0.0,0,29.42,1,1,,,,,,,,,1
204,0,44,801.02,2.6091856677524428,41731.0,273,87,203.64,3.0,589.2599999999999,211.75999999999996,0.4693390926568625,-377.4999999999999,0.20269543925308064,0.06818181818181818,0,128.25,1,0,,,,,,,,,1
1688,13,33,814.43,2.9086785714285712,36294.0,206,87,197.11999999999998,2.0,269.15,545.28,0.524894711638815,276.13,0.19486926004646332,0.06060606060606061,0,156.69,1,0,,,,,,,,,1
34,0,27,290.02,3.1184946236559137,10216.0,88,47,55.49,1.0,114.69000000000001,175.33,0.3170126198193229,60.64,0.16060316633382538,0.037037037037037035,0,117.36000000000001,1,0,,,,,,,,,1
399,13,16,959.1399999999998,3.836559999999999,29140.0,217,97,144.57000000000002,0.0,666.6799999999998,292.46000000000004,0.5561127676877203,-374.2199999999998,0.13098549437805224,0.0,0,19.34,1,1,,,,,,,,,1
1554,13,45,930.77,5.380173410404624,54671.0,124,50,151.01999999999998,2.0,669.31,261.46000000000004,0.35467408704620906,-407.8499999999999,0.13960195601734163,0.044444444444444446,0,51.99000000000001,1,1,,,,,,,,,1
496,0,11,555.1800000000001,4.870000000000001,195.0,107,53,77.25,0.0,423.26000000000005,131.92,0.3361252206491588,-291.34000000000003,0.12214790569707318,0.0,0,93.22,1,0,,,,,,,,,1
1725,7,16,773.8800000000002,4.252087912087913,203.0,164,78,52.51,0.0,476.77000000000027,297.11,0.532369359590634,-179.66000000000025,0.06354142717119034,0.0,0,52.86,1,1,,,,,,,,,1
1819,0,59,1306.5200000000002,2.6994214876033062,14963.0,346,105,235.83999999999997,3.0,311.31,995.21,0.5315724213942381,683.9000000000001,0.15290852978552347,0.05084745762711865,0,139.71,1,1,,,,,,,,,1
1395,0,29,854.2500000000001,4.029481132075472,270.0,188,76,160.64999999999998,2.0,215.3,638.95,0.3963476733977172,423.65000000000003,0.15829145728643212,0.06896551724137931,0,288.16999999999996,1,0,,,,,,,,,1
1400,30,9,227.91000000000003,2.4772826086956523,118.0,83,36,75.30999999999997,0.0,225.91000000000003,2.0,0.5798780220262385,-223.91000000000003,0.24836752193127093,0.0,0,56.4,1,0,,,,,,,,,1
2025,10,25,906.31,4.898972972972973,117939.0,158,76,86.67,1.0,551.78,354.53,0.40539109134843493,-197.25,0.08728272472758768,0.04,0,213.23,1,0,,,,,,,,,1
589,3,16,249.28,2.680430107526882,124.0,82,47,67.62,2.0,27.590000000000003,221.69,0.6552872272143773,194.1,0.21337961502051123,0.125,0,49.69,1,0,,,,,,,,,1
2175,7,14,384.82,3.53045871559633,127.0,101,52,46.83,0.0,274.72999999999996,110.09,0.6534743516449248,-164.63999999999996,0.10849067531564925,0.0,0,225.39999999999998,1,0,,,,,,,,,1
373,8,8,69.63000000000001,2.321,37.0,30,21,10.440000000000001,0.0,49.86000000000001,19.770000000000003,0.2524773804394657,-30.090000000000003,0.13038591232671412,0.0,0,27.28,1,0,,,,,,,,,1
657,6,18,108.86000000000001,2.7912820512820518,44.0,19,15,1.7799999999999998,0.0,44.730000000000004,64.13000000000001,0.5767040235164431,19.400000000000006,0.016088214027476497,0.0,0,10.940000000000001,1,1,,,,,,,,,1
152,1,34,1287.4,3.301025641025641,592.0,299,110,443.4,6.0,679.6399999999999,607.76,0.5680052819636477,-71.87999999999988,0.2561821123180032,0.17647058823529413,0,166.88,1,1,,,,,,,,,1
1684,0,41,1325.4900000000002,3.4339119170984462,4029.0,291,90,182.05,0.0,263.19,1062.3000000000002,0.5914416555387064,799.1100000000001,0.12075964816853947,0.0,0,124.09000000000002,1,1,,,,,,,,,1
617,3,22,991.6099999999999,2.510405063291139,457.0,289,104,177.62,1.0,370.83000000000004,620.78,0.5858553261867065,249.94999999999993,0.1519119420473303,0.045454545454545456,0,323.9299999999999,1,0,,,,,,,,,1
655,0,38,1196.6799999999998,2.54072186836518,29451.0,374,108,248.46,9.0,632.42,564.2599999999999,0.44842397299194453,-68.16000000000008,0.17192797929612358,0.23684210526315788,0,794.6100000000001,1,0,,,,,,,,,1
2003,0,34,1434.76,2.525985915492958,681.0,416,129,184.39999999999998,11.0,357.59999999999997,1077.1599999999999,0.6693453957456299,719.56,0.1138862126040663,0.3235294117647059,0,541.7199999999999,1,0,,,,,,,,,1
296,34,6,72.02,12.003333333333332,31292.0,1,1,0.06,0.0,62.01,10.01,1.0,-52.0,0.000832408435072142,0.0,0,77.22999999999999,1,0,,,,,,,,,1
2054,5,24,184.35999999999999,2.671884057971014,97.0,55,29,137.86,0.0,89.32999999999998,95.03,0.4509112605771317,5.700000000000017,0.4278443299608963,0.0,0,33.24,1,0,,,,,,,,,1
1789,12,19,257.97,2.773870967741936,107.0,89,45,23.480000000000004,0.0,133.04999999999998,124.92000000000002,0.43884947862154505,-8.129999999999967,0.0834251199147273,0.0,0,35.22,1,1,,,,,,,,,1
2287,1,27,503.81000000000006,2.679840425531915,247.0,135,59,93.40999999999998,0.0,231.96,271.85,0.49403544987197556,39.890000000000015,0.1564080238438096,0.0,0,329.70000000000005,1,0,,,,,,,,,1
474,0,25,847.26,2.128793969849246,495.0,303,83,283.5,2.0,161.23000000000002,686.03,0.6118192762552228,524.8,0.2507163323782235,0.08,0,1255.1,1,0,,,,,,,,,1
284,26,18,502.74,3.4671724137931035,14390.0,133,59,60.47999999999999,0.0,453.35,49.39,0.39509488005728616,-403.96000000000004,0.10738255033557044,0.0,0,32.239999999999995,1,1,,,,,,,,,1
2332,0,10,253.27999999999997,4.8707692307692305,20954.0,51,35,18.560000000000002,0.0,114.82999999999998,138.45000000000002,0.616432406822489,23.620000000000033,0.06827545615067689,0.0,0,100.52000000000001,1,0,,,,,,,,,1
791,5,20,257.63,2.5507920792079206,121.0,95,46,57.6,0.0,61.34000000000001,196.29000000000002,0.6683616038504833,134.95000000000002,0.18272372553373725,0.0,0,45.38,1,0,,,,,,,,,1
1213,0,43,599.2199999999999,3.424114285714285,55285.0,134,69,76.53,2.0,400.09,199.13,0.43329661893795274,-200.95999999999998,0.11325194228634852,0.046511627906976744,0,23.0,1,1,,,,,,,,,1
2136,19,9,530.3499999999999,3.1757485029940113,190.0,147,80,61.62999999999999,0.0,33.68,496.67,0.42140096162911295,462.99,0.10410824690023311,0.0,0,1022.0799999999999,1,0,,,,,,,,,1
1006,4,9,139.89000000000001,3.4119512195121953,10953.0,40,23,69.67,2.0,78.55000000000001,61.34,0.4888841232396883,-17.210000000000008,0.3324584844435961,0.2222222222222222,0,21.590000000000003,1,0,,,,,,,,,1
969,1,7,296.57000000000005,2.391693548387097,177.0,91,38,46.51999999999999,0.0,237.93000000000006,58.639999999999986,0.5514043901945578,-179.29000000000008,0.1355912442799265,0.0,0,15.02,1,1,,,,,,,,,1
1855,17,9,221.31,7.377,15942.0,29,22,17.119999999999997,0.0,48.83,172.48000000000002,0.46188604220324436,123.65000000000002,0.0718030449188441,0.0,0,30.64,1,1,,,,,,,,,1
207,0,19,952.3000000000001,2.55994623655914,12783.0,298,97,115.37,0.0,539.56,412.74000000000007,0.5275018376562006,-126.81999999999988,0.10805773319471372,0.0,0,43.42,1,1,,,,,,,,,1
1884,6,24,473.63,4.013813559322034,6957.0,104,59,56.599999999999994,1.0,1.0,472.63,0.43791567257141656,471.63,0.10674612903834184,0.041666666666666664,0,119.1,1,0,,,,,,,,,1
565,4,19,470.22999999999996,3.6171538461538457,161.0,119,56,44.6,0.0,291.13,179.1,0.34372541096910025,-112.03,0.08663053823592255,0.0,0,27.83,1,1,,,,,,,,,1
1664,1,29,1515.72,3.3533628318584072,40133.0,334,105,408.86,5.0,158.48999999999998,1357.2300000000002,0.6077441743857703,1198.7400000000002,0.2124411559924763,0.1724137931034483,0,678.59,1,0,,,,,,,,,1
880,2,10,183.76999999999998,2.4180263157894735,90.0,72,52,39.31,0.0,163.87,19.900000000000002,0.5454100233988137,-143.97,0.17621481083019547,0.0,0,13.620000000000001,1,1,,,,,,,,,1
750,0,35,419.88999999999993,1.8098706896551722,273.0,174,60,90.55000000000001,0.0,108.92,310.9699999999999,0.6496225201838577,202.0499999999999,0.17739597210249985,0.0,0,178.73000000000002,1,0,,,,,,,,,1
815,4,45,1785.6100000000006,2.3935790884718506,1053.0,526,125,465.03000000000003,5.0,1413.0500000000004,372.56000000000006,0.610922877896069,-1040.4900000000002,0.2066212277396651,0.1111111111111111,0,16.759999999999998,1,1,,,,,,,,,1
2268,4,22,654.03,3.3539999999999996,15488.0,169,76,105.09,0.0,429.18000000000006,224.85000000000002,0.49863156124336805,-204.33000000000004,0.13843661081251976,0.0,0,14.93,1,1,,,,,,,,,1
512,56,21,856.1899999999999,2.098504901960784,25162.0,240,90,237.75,2.0,856.1899999999999,0.0,0.47073663555986406,-856.1899999999999,0.21733367460738248,0.09523809523809523,0,258.25,1,0,,,,,,,,,1
1497,3,8,481.48999999999995,3.85192,145.0,121,74,54.07000000000001,0.0,214.56999999999994,266.91999999999996,0.41238655008411396,52.35000000000002,0.10095974307267162,0.0,0,45.81,1,1,,,,,,,,,1
1414,11,7,118.41,3.482647058823529,48.0,33,20,23.92,0.0,25.77,92.63999999999999,0.46001182332573265,66.86999999999999,0.16806014192369848,0.0,0,155.62,1,0,,,,,,,,,1
958,15,10,310.99,2.879537037037037,134.0,97,47,60.470000000000006,0.0,150.95999999999998,160.03000000000003,0.681018682272742,9.07000000000005,0.16279007160932538,0.0,0,2.38,1,1,,,,,,,,,1
233,0,8,158.46999999999997,3.6853488372093017,86.0,38,23,25.46,2.0,6.0,152.46999999999997,0.866977976904146,146.46999999999997,0.13842222584678956,0.25,0,486.9200000000001,1,0,,,,,,,,,1
1813,2,3,203.81,2.7541891891891894,89.0,73,44,31.22,0.0,3.55,200.26,0.6590451891467543,196.70999999999998,0.13283410628430412,0.0,0,29.64,1,1,,,,,,,,,1
1799,3,50,373.01,2.316832298136646,216.0,116,48,20.169999999999998,0.0,151.51,221.5,0.41682528618535697,69.99000000000001,0.05129965918917544,0.0,0,22.459999999999997,1,1,,,,,,,,,1
316,0,38,626.58,1.9954777070063696,9303.0,224,83,116.97999999999999,0.0,186.58999999999997,439.99000000000007,0.5234447317182164,253.4000000000001,0.15732422400344287,0.0,0,411.20000000000005,1,0,,,,,,,,,1
2135,1,42,719.6500000000001,2.685261194029851,4894.0,199,79,84.82000000000001,1.0,366.71000000000004,352.94000000000005,0.5110122976446884,-13.769999999999982,0.10543587703705544,0.023809523809523808,0,59.640000000000015,1,1,,,,,,,,,1
535,5,33,1286.76,3.515737704918033,517.0,302,102,533.06,8.0,360.25000000000006,926.51,0.4663729055923404,566.26,0.29291907990900196,0.24242424242424243,0,22.0,1,1,,,,,,,,,1
2297,2,37,602.8399999999999,2.5872961373390555,255.0,139,59,104.31,0.0,154.15,448.69,0.5140003981155862,294.53999999999996,0.14750760093332393,0.0,0,95.52000000000001,1,0,,,,,,,,,1
629,15,26,372.49999999999994,2.7798507462686564,10173.0,118,69,64.51,1.0,271.0,101.5,0.424778523489933,-169.5,0.14761675934189153,0.038461538461538464,0,4.99,1,1,,,,,,,,,1
756,1,23,682.79,2.557265917602996,11081.0,255,80,151.16000000000003,1.0,351.23999999999995,331.55,0.6705282737005521,-19.68999999999994,0.1812578691768092,0.043478260869565216,0,7.629999999999999,1,1,,,,,,,,,1
1886,32,29,392.6,2.9298507462686567,165.0,120,65,55.779999999999994,2.0,261.00000000000006,131.60000000000002,0.6173204279164544,-129.40000000000003,0.12440340782372093,0.06896551724137931,0,13.65,1,1,,,,,,,,,1
1209,0,12,224.66,4.883913043478261,65.0,42,32,17.47,1.0,93.74000000000001,130.92,0.3916585061871272,37.17999999999998,0.07215132366910337,0.08333333333333333,0,136.76,1,0,,,,,,,,,1
2291,0,47,363.32,2.47156462585034,162.0,86,47,39.98,0.0,76.07000000000001,287.25,0.47965980402950564,211.18,0.09913215968261839,0.0,0,75.71000000000002,1,0,,,,,,,,,1
24,0,54,1317.72,2.9880272108843537,658.0,277,86,333.65000000000003,0.0,1177.0900000000001,140.63000000000002,0.6031478614576693,-1036.46,0.20204436316512955,0.0,0,593.3899999999999,1,0,,,,,,,,,1
466,1,12,261.83,3.272875,89.0,76,46,36.29,0.0,11.82,250.00999999999996,0.3474773708131231,238.18999999999997,0.12172950489735676,0.0,0,161.49,1,0,,,,,,,,,1
1531,0,37,830.3499999999999,2.687216828478964,441.0,240,104,173.25,1.0,352.14,478.21000000000004,0.6069127476365389,126.07000000000005,0.17262853726584299,0.02702702702702703,0,148.56,1,0,,,,,,,,,1
1343,29,10,188.04999999999998,1.979473684210526,114.0,88,40,47.150000000000006,0.0,164.13,23.919999999999998,0.6421164583887264,-140.21,0.20046768707482995,0.0,0,79.14,1,0,,,,,,,,,1
1108,1,21,281.05000000000007,2.402136752136753,151.0,109,51,56.63999999999999,0.0,72.92999999999999,208.12000000000003,0.6926169720690268,135.19000000000005,0.1677277976842666,0.0,0,11.05,1,1,,,,,,,,,1
1699,0,21,745.83,3.824769230769231,300.0,152,67,283.39,3.0,163.28000000000003,582.55,0.5910730327286379,419.2699999999999,0.27534443559200167,0.14285714285714285,0,319.01,1,0,,,,,,,,,1
1853,0,33,234.46000000000004,3.0850000000000004,86.0,66,38,21.45,0.0,83.07000000000001,151.39000000000004,0.680542523244903,68.32000000000004,0.08381852995193621,0.0,0,39.93000000000001,1,0,,,,,,,,,1
2197,1,39,537.18,3.3365217391304345,213.0,135,64,117.33000000000001,1.0,401.9099999999999,135.27,0.7414274544845302,-266.6399999999999,0.17926387679332634,0.02564102564102564,0,133.25,1,0,,,,,,,,,1
1320,2,9,217.94,2.534186046511628,136.0,69,38,69.27,0.0,103.89999999999998,114.03999999999999,0.4271817931540792,10.140000000000015,0.24118241008321437,0.0,0,142.49,1,0,,,,,,,,,1
1632,3,60,2023.8900000000003,3.6400899280575545,108276.0,304,107,275.77,0.0,993.2799999999999,1030.61,0.5153639772912558,37.33000000000004,0.11991772696833443,0.0,0,81.02,1,1,,,,,,,,,1
1770,0,436,8182.5400000000045,3.422225010455878,889098.0,1073,184,1362.3400000000001,161.0,4886.750000000003,3295.790000000002,0.39156667733979894,-1590.960000000001,0.14272992431544446,0.36926605504587157,0,610.65,1,1,,,,,,,,,1
2450,1,70,2563.7000000000003,2.8968361581920905,192325.0,633,157,744.63,73.0,1585.8900000000003,977.81,0.41114795022818584,-608.0800000000004,0.22507730486378322,1.042857142857143,0,497.0699999999999,1,0,,,,,,,,,1
1036,31,25,1026.42,3.0823423423423426,401.0,203,76,115.88999999999999,0.0,730.88,295.53999999999996,0.6625942596597884,-435.34000000000003,0.10145232029834282,0.0,0,204.74999999999997,1,0,,,,,,,,,1
2093,1,17,477.48999999999995,4.5046226415094335,62644.0,90,55,93.57000000000001,2.0,126.38,351.1099999999999,0.36618567928124157,224.7299999999999,0.16385318530452145,0.11764705882352941,0,13.490000000000002,1,1,,,,,,,,,1
1565,1,29,372.9,2.2329341317365268,12802.0,150,66,105.02000000000001,7.0,164.13,208.77,0.6002413515687852,44.640000000000015,0.21974389019082696,0.2413793103448276,0,75.00999999999999,1,0,,,,,,,,,1
75,0,52,810.5700000000002,4.243821989528796,102848.0,120,45,160.24999999999997,7.0,153.14,657.4300000000001,0.5446290881725204,504.2900000000001,0.16506664469211588,0.1346153846153846,0,356.52,1,0,,,,,,,,,1
1095,25,29,555.9200000000001,3.914929577464789,174.0,126,66,32.89,0.0,388.66,167.26,0.6296409555331701,-221.40000000000003,0.05585842631748781,0.0,0,43.62,1,1,,,,,,,,,1
799,2,60,1874.75,2.596606648199446,111828.0,504,127,678.5500000000002,15.0,811.65,1063.1000000000001,0.5638671822909721,251.45000000000016,0.26575412211647675,0.25,0,209.36,1,1,,,,,,,,,1
1573,2,95,334.2900000000001,1.8886440677966105,204.0,138,53,62.529999999999994,5.0,255.04000000000005,79.25000000000001,0.49618594633402124,-175.79000000000002,0.15757774305730554,0.05263157894736842,0,38.58,1,1,,,,,,,,,1
1480,0,26,145.21999999999997,2.2341538461538457,182.0,25,11,108.2,0.0,42.19,103.02999999999999,0.494146811733921,60.83999999999999,0.42695919816904754,0.0,0,6.99,1,1,,,,,,,,,1
175,2,48,1067.1599999999999,2.3148806941431666,686.0,301,99,165.13,3.0,132.47000000000003,934.69,0.702443869710259,802.22,0.13400254810150208,0.0625,0,86.86,1,1,,,,,,,,,1
1205,0,173,4034.3800000000006,2.668240740740741,8409.0,893,150,989.0999999999998,5.0,1916.6100000000004,2117.77,0.514624304106207,201.15999999999963,0.1968953792988127,0.028901734104046242,0,349.34000000000003,1,1,,,,,,,,,1
1638,0,41,482.07,1.8830859375,377.0,188,79,162.48999999999998,0.0,135.21,346.86,0.6382268135333043,211.65,0.2520944520292913,0.0,0,70.11000000000001,1,1,,,,,,,,,1
2090,1,46,983.55,2.458875,19496.0,331,93,271.24,2.0,470.07,513.4799999999999,0.5610797620863199,43.40999999999991,0.21616366085161662,0.043478260869565216,0,217.47999999999996,1,0,,,,,,,,,1
2227,0,170,4873.370000000002,2.159224634470537,7311.0,1145,157,1194.95,10.0,2375.9400000000014,2497.4300000000003,0.5893067836014912,121.48999999999887,0.19691611516861335,0.058823529411764705,0,20.53,1,1,,,,,,,,,1
664,1,28,846.23,1.9059234234234235,548.0,360,99,218.3,6.0,459.72,386.51,0.6052255297023269,-73.21000000000004,0.2050670248842212,0.21428571428571427,0,148.85000000000002,1,0,,,,,,,,,1
611,0,58,1670.2500000000002,4.063868613138687,219246.0,281,88,398.4199999999999,7.0,348.7,1321.5500000000002,0.4590989372848376,972.8500000000001,0.19259717596330003,0.1206896551724138,0,645.99,1,0,,,,,,,,,1
1521,6,40,634.2699999999999,1.7004557640750666,423.0,308,109,176.63999999999996,3.0,511.03999999999985,123.23,0.5186750122187713,-387.80999999999983,0.2178293522092464,0.075,0,119.68,1,0,,,,,,,,,1
1719,0,46,1987.02,2.486883604505632,979.0,555,131,356.53999999999996,2.0,1271.5199999999998,715.5000000000001,0.7017745166128171,-556.0199999999996,0.15213606649712402,0.043478260869565216,0,1415.4300000000003,1,0,,,,,,,,,1
2490,4,25,514.7099999999999,2.474567307692307,310.0,189,89,122.13999999999999,1.0,271.08,243.62999999999997,0.4968817392318005,-27.450000000000017,0.19178770511109366,0.04,0,184.45,1,0,,,,,,,,,1
171,3,19,350.60999999999996,2.276688311688311,178.0,142,72,80.81,5.0,99.50000000000001,251.10999999999993,0.6355779926413966,151.6099999999999,0.18731166844374394,0.2631578947368421,0,389.85,1,0,,,,,,,,,1
1457,1,26,1763.23,3.9270155902004453,940.0,285,84,390.3899999999999,0.0,260.2699999999999,1502.96,0.5735099788456413,1242.69,0.1812715335110186,0.0,0,904.11,1,0,,,,,,,,,1
2089,0,29,135.36,2.4171428571428573,58.0,22,15,22.66,0.0,58.839999999999996,76.51999999999998,0.9676418439716312,17.679999999999986,0.1433995696747247,0.0,0,24.6,1,0,,,,,,,,,1
539,0,35,732.29,4.045801104972376,74970.0,133,68,172.26,12.0,75.42000000000002,656.87,0.44524710155812597,581.45,0.19043723398374882,0.34285714285714286,0,536.8,1,0,,,,,,,,,1
809,4,53,554.2699999999999,1.823256578947368,390.0,168,57,154.54999999999998,3.0,120.60000000000002,433.66999999999996,0.4712865570931136,313.06999999999994,0.21803843006687174,0.05660377358490566,0,65.48,1,1,,,,,,,,,1
717,0,43,561.5,4.286259541984733,37996.0,114,58,54.16,0.0,259.96999999999997,301.53,0.4444879786286732,41.56,0.0879706331416691,0.0,0,55.22,1,1,,,,,,,,,1
2060,0,26,513.8199999999999,4.354406779661017,15884.0,97,43,47.99999999999999,0.0,84.47999999999999,429.34,0.3609045969405628,344.86,0.08543661670997828,0.0,0,116.08000000000001,1,0,,,,,,,,,1
168,4,34,492.69000000000005,3.2846,17174.0,125,60,59.48999999999999,0.0,236.70000000000002,255.99,0.43855162475390197,19.289999999999992,0.10773660762794737,0.0,0,18.11,1,1,,,,,,,,,1
174,19,26,1114.61,2.5623218390804596,596.0,295,76,238.92,1.0,679.13,435.48,0.37479477126528565,-243.64999999999998,0.17651622054923052,0.038461538461538464,0,93.77999999999999,1,1,,,,,,,,,1
1739,2,28,647.5500000000001,2.2562717770034846,368.0,228,75,156.71000000000004,0.0,277.66,369.89000000000004,0.7031117288240288,92.23000000000002,0.1948499241538806,0.0,0,130.85000000000002,1,0,,,,,,,,,1
1427,1,47,1552.4499999999998,2.2696637426900583,840.0,555,134,377.05000000000007,29.0,702.0900000000001,850.3599999999999,0.6234725756062999,148.26999999999975,0.1954133195128272,0.6170212765957447,0,1088.02,1,0,,,,,,,,,1
1410,2,42,2354.61,3.4424122807017548,42849.0,529,143,527.69,4.0,1440.62,913.9900000000001,0.4062158913790394,-526.6299999999998,0.18307948513340042,0.09523809523809523,0,171.32999999999998,1,1,,,,,,,,,1
1008,0,34,435.53000000000003,4.312178217821782,99397.0,84,42,33.160000000000004,0.0,88.97999999999999,346.55,0.5077262186301746,257.57000000000005,0.07075038938317438,0.0,0,75.59,1,0,,,,,,,,,1
557,2,27,682.3199999999999,2.8429999999999995,10377.0,206,98,103.73,0.0,268.97999999999996,413.34000000000003,0.4768876773361474,144.36000000000007,0.13196361554608488,0.0,0,36.13999999999999,1,1,,,,,,,,,1
1115,4,48,1759.5,5.221068249258161,107024.0,278,120,142.81,3.0,1199.6399999999999,559.8599999999999,0.5860812730889458,-639.78,0.07507188628562117,0.0625,0,69.14,1,1,,,,,,,,,1
962,0,48,1377.84,2.4004181184668987,641.0,349,109,462.80999999999995,0.0,487.14,890.6999999999998,0.42564448702316665,403.55999999999983,0.2514383505826746,0.0,0,152.60000000000002,1,1,,,,,,,,,1
2469,6,31,546.69,3.313272727272728,216.0,129,62,101.76999999999998,0.0,391.51,155.18,0.36988055387879776,-236.32999999999998,0.15694106035838754,0.0,0,114.22999999999999,1,0,,,,,,,,,1
2232,2,30,919.7199999999999,3.2384507042253516,33729.0,213,76,256.54,4.0,416.9699999999999,502.74999999999994,0.5180707171747923,85.78000000000003,0.2180980395490793,0.13333333333333333,0,211.93000000000004,1,0,,,,,,,,,1
2005,1,47,1255.0599999999997,2.4512890624999994,32159.0,402,102,287.68,1.0,347.07,907.9899999999998,0.5027329370707379,560.9199999999998,0.18647341742613793,0.02127659574468085,0,184.13,1,0,,,,,,,,,1
564,2,46,743.67,3.319955357142857,26498.0,203,96,108.22,0.0,171.29000000000002,572.3799999999999,0.4789086557209516,401.08999999999986,0.12703518059843408,0.0,0,98.78,1,1,,,,,,,,,1
648,0,51,1273.8700000000003,3.0044103773584916,531.0,238,98,130.89999999999998,0.0,281.78,992.09,0.30816331336792596,710.3100000000001,0.09318251386347938,0.0,0,636.5300000000002,1,0,,,,,,,,,1
2031,38,11,89.50999999999999,1.4673770491803277,88.0,49,30,24.330000000000002,0.0,71.63999999999999,17.869999999999997,0.7857222656686405,-53.76999999999999,0.21372101194659174,0.0,0,216.86,1,0,,,,,,,,,1
1439,13,29,482.14,2.770919540229885,9649.0,147,65,117.49,0.0,278.71,203.43,0.5834819761894885,-75.27999999999997,0.19593749478845288,0.0,0,73.41999999999999,1,0,,,,,,,,,1
129,3,37,449.1,1.87125,297.0,159,67,72.89,1.0,105.96000000000002,343.14000000000004,0.5836116677800044,237.18,0.13963869039636775,0.02702702702702703,0,26.629999999999995,1,1,,,,,,,,,1
1519,0,21,1604.2700000000002,2.794895470383276,8515.0,451,135,349.40999999999997,70.0,416.03999999999996,1188.2300000000005,0.5734757864947919,772.1900000000005,0.17884709880840255,3.3333333333333335,0,821.3900000000002,1,0,,,,,,,,,1
818,0,39,1291.2000000000003,3.820118343195267,140477.0,269,106,158.21000000000004,0.0,103.55999999999999,1187.64,0.4700975836431226,1084.0800000000002,0.10915475952284033,0.0,0,433.39,1,0,,,,,,,,,1
554,0,17,1252.24,2.9744418052256534,511.0,343,106,145.83,6.0,673.8399999999999,578.4000000000001,0.4718823867629208,-95.43999999999983,0.10430808185570109,0.35294117647058826,0,272.09,1,0,,,,,,,,,1
382,3,29,476.36000000000007,3.9696666666666673,39928.0,101,56,54.449999999999996,1.0,377.39000000000004,98.96999999999998,0.2655764547820975,-278.4200000000001,0.10257907725928296,0.034482758620689655,0,218.34000000000003,1,0,,,,,,,,,1
344,4,46,2113.9700000000003,3.2176103500761037,114719.0,459,137,352.52,37.0,1703.6000000000004,410.37000000000006,0.5049977057384919,-1293.2300000000002,0.14292374994425275,0.8043478260869565,0,123.94,1,1,,,,,,,,,1
320,11,14,377.54999999999995,3.0447580645161287,147.0,115,65,48.620000000000005,0.0,113.79,263.76,0.5478214805985961,149.96999999999997,0.114085928150738,0.0,0,119.85999999999999,1,0,,,,,,,,,1
449,1,24,425.68999999999994,3.4055199999999997,15431.0,107,55,76.33000000000001,0.0,207.74,217.95,0.6027390824308771,10.20999999999998,0.15204573522967216,0.0,0,401.7499999999999,1,0,,,,,,,,,1
1913,4,46,804.6300000000001,3.5290789473684216,3714.0,178,67,197.98000000000002,0.0,312.04,492.59,0.4117047587089718,180.54999999999995,0.19746461734871984,0.0,0,91.13,1,1,,,,,,,,,1
1596,3,18,1477.36,2.919683794466403,614.0,411,122,193.48999999999998,5.0,356.32000000000005,1121.04,0.592441923430985,764.7199999999999,0.11580333363258222,0.2777777777777778,0,677.2700000000001,1,0,,,,,,,,,1
471,6,40,1062.1,3.0259259259259257,490.0,242,96,294.05999999999995,11.0,539.37,522.73,0.49157329818284545,-16.639999999999986,0.21683282208588955,0.275,0,468.02000000000004,1,0,,,,,,,,,1
1302,3,31,629.84,4.373888888888889,53668.0,128,59,79.08000000000001,0.0,178.02,451.82,0.4205830052076717,273.79999999999995,0.1115499633244936,0.0,0,128.10999999999999,1,0,,,,,,,,,1
1570,1,49,2343.67,3.3673419540229887,958.0,470,119,693.97,2.0,1217.49,1126.1800000000003,0.3920005802864738,-91.30999999999972,0.22845696000842758,0.04081632653061224,0,46.290000000000006,1,1,,,,,,,,,1
2038,0,43,1142.4099999999999,3.91236301369863,50542.0,217,79,224.61999999999998,1.0,319.67999999999995,822.7299999999999,0.44441137595084074,503.04999999999995,0.16431241450443665,0.023255813953488372,0,347.39000000000004,1,0,,,,,,,,,1
1866,2,13,142.99999999999997,3.4878048780487796,89.0,34,24,36.13999999999999,0.0,59.07,83.93,0.5085314685314687,24.860000000000007,0.20174165457184326,0.0,0,16.05,1,1,,,,,,,,,1
1262,30,26,738.4200000000003,2.0342148760330585,439.0,312,97,171.47999999999993,2.0,525.5500000000003,212.87,0.5869559329378942,-312.6800000000003,0.18846027035938004,0.07692307692307693,0,31.3,1,1,,,,,,,,,1
191,0,20,374.72,2.775703703703704,12553.0,131,54,115.30000000000001,1.0,106.18,268.53999999999996,0.630844363791631,162.35999999999996,0.2352965185094486,0.05,0,178.13000000000002,1,0,,,,,,,,,1
1086,1,25,1025.67,3.1462269938650307,15924.0,246,86,190.57000000000002,3.0,558.6299999999999,467.04,0.4781167432020045,-91.58999999999986,0.1566878247714267,0.12,0,162.94,1,0,,,,,,,,,1
2105,13,31,864.6800000000004,2.1563092269326694,4206.0,301,104,171.63,1.0,791.9900000000004,72.69,0.6536984780496832,-719.3000000000004,0.16561646611535152,0.03225806451612903,0,35.239999999999995,1,1,,,,,,,,,1
528,1,13,265.96,2.799578947368421,116.0,88,50,24.94,0.0,41.48,224.48000000000002,0.6146036998044819,183.00000000000003,0.08573392918528705,0.0,0,107.87,1,0,,,,,,,,,1
1220,3,29,737.9300000000002,2.2160060060060065,431.0,310,108,163.64000000000001,1.0,491.73000000000013,246.2,0.6046915019039745,-245.53000000000014,0.18150559579400377,0.034482758620689655,0,49.11,1,1,,,,,,,,,1
267,2,23,296.34000000000003,4.6303125000000005,7105.0,35,21,20.150000000000002,0.0,63.59,232.75,0.5263886076803671,169.16,0.06366709848652406,0.0,0,89.22,1,0,,,,,,,,,1
899,4,10,247.08999999999997,3.8607812499999996,91.0,62,36,41.379999999999995,0.0,185.67999999999998,61.410000000000004,0.29070379214051567,-124.26999999999998,0.14344645890387214,0.0,0,68.06,1,0,,,,,,,,,1
1647,11,7,35.589999999999996,2.0935294117647056,20.0,16,13,8.629999999999999,0.0,27.78,7.81,0.4973307108738411,-19.970000000000002,0.1951605608322026,0.0,0,14.9,1,0,,,,,,,,,1
2335,1,33,1456.1200000000001,2.872031558185405,695.0,399,108,338.49000000000007,3.0,349.02,1107.1,0.48763838145207805,758.0799999999999,0.18861479652960814,0.09090909090909091,0,499.1300000000001,1,0,,,,,,,,,1
1880,1,26,504.5300000000001,2.222599118942732,324.0,190,64,123.35999999999999,0.0,389.83000000000004,114.70000000000002,0.5622856916337977,-275.13,0.19646753412221882,0.0,0,268.86,1,0,,,,,,,,,1
819,6,5,149.92000000000002,3.331555555555556,70.0,43,28,25.94,0.0,67.76,82.16,0.34278281750266804,14.399999999999991,0.14750369612191516,0.0,0,11.83,1,1,,,,,,,,,1
247,0,47,950.0699999999999,2.5471045576407505,451.0,274,97,139.2,0.0,173.92000000000002,776.15,0.4815750418390224,602.23,0.1277920074912556,0.0,0,292.99,1,0,,,,,,,,,1
1706,12,7,158.16000000000003,2.510476190476191,77.0,63,39,44.19999999999999,4.0,90.82000000000001,67.34,0.6360647445624682,-23.480000000000004,0.21842261316465697,0.5714285714285714,0,201.91000000000003,1,0,,,,,,,,,1
310,10,5,111.07,2.5243181818181815,56.0,44,28,24.64,0.0,80.86,30.209999999999997,0.5185918789952283,-50.650000000000006,0.18156362832510503,0.0,0,72.95,1,0,,,,,,,,,1
1250,1,3,110.0,2.2,53.0,48,33,25.139999999999997,0.0,11.92,98.08,0.4710909090909091,86.16,0.18602930294509398,0.0,0,93.17000000000002,1,0,,,,,,,,,1
2454,0,25,319.38,2.514803149606299,178.0,88,47,36.830000000000005,0.0,71.83,247.55,0.6097438787651073,175.72000000000003,0.10339406529855986,0.0,0,73.49000000000001,1,0,,,,,,,,,1
2404,2,13,384.99,4.230659340659341,30070.0,70,35,94.60000000000001,0.0,145.76,239.23,0.6370035585339879,93.47,0.19725181926228655,0.0,0,174.76999999999998,1,0,,,,,,,,,1
829,0,26,1175.1299999999997,2.4430977130977123,14000.0,289,87,257.13,3.0,233.24,941.89,0.6121195101818524,708.65,0.17952746009802692,0.11538461538461539,0,460.08000000000004,1,0,,,,,,,,,1
326,2,18,483.55,5.494886363636364,120.0,69,30,110.00999999999999,1.0,237.44000000000005,246.10999999999996,0.4805294178471719,8.669999999999902,0.1853393085787452,0.05555555555555555,0,256.17,1,0,,,,,,,,,1
505,1,12,123.03999999999999,3.515428571428571,47.0,30,19,37.199999999999996,0.0,17.759999999999998,105.28,0.6115897269180754,87.52000000000001,0.23215177234148776,0.0,0,65.5,1,0,,,,,,,,,1
967,15,9,294.79999999999995,2.5413793103448272,145.0,107,47,69.56,0.0,292.79999999999995,2.0,0.612177747625509,-290.79999999999995,0.19091008892304318,0.0,0,4.58,1,1,,,,,,,,,1
1398,2,14,317.39,3.1424752475247524,134.0,99,43,63.480000000000004,3.0,50.45,266.93999999999994,0.6546204984404046,216.48999999999995,0.16667104261296506,0.21428571428571427,0,87.57,1,0,,,,,,,,,1
839,24,8,665.2700000000002,3.277192118226602,219.0,200,83,65.87,1.0,176.82999999999998,488.44000000000017,0.5828009680280185,311.6100000000002,0.09009218480728723,0.125,0,181.42999999999995,1,0,,,,,,,,,1
1539,2,6,52.16000000000001,4.346666666666668,17.0,10,10,5.63,0.0,6.0,46.16000000000001,0.5697852760736195,40.16000000000001,0.0974216992559266,0.0,0,27.25,1,0,,,,,,,,,1
2259,75,1,6.99,0.9985714285714286,10.0,7,7,5.13,0.0,6.99,0.0,0.7138769670958512,-6.99,0.4232673267326732,0.0,0,582.18,1,0,,,,,,,,,1
379,71,1,4.49,4.49,1.0,1,1,0.0,0.0,4.49,0.0,1.0,-4.49,0.0,0.0,0,51.150000000000006,1,0,,,,,,,,,1
252,24,8,77.79,2.991923076923077,28.0,24,14,6.909999999999999,0.0,46.84,30.950000000000003,0.41599177272142945,-15.89,0.08158205430932702,0.0,0,15.99,1,0,,,,,,,,,1
1967,0,61,1466.51,2.252703533026114,27932.0,510,117,225.82999999999996,2.0,322.93,1143.58,0.5879741699681557,820.6499999999999,0.13344245246227115,0.03278688524590164,0,336.4200000000001,1,0,,,,,,,,,1
658,3,41,944.7800000000001,2.5743324250681203,517.0,287,97,217.88000000000005,0.0,357.2099999999999,587.5699999999999,0.4879231143758335,230.36,0.18739786351985965,0.0,0,107.70000000000002,1,1,,,,,,,,,1
446,8,26,179.94,3.3950943396226414,57.0,49,36,7.7700000000000005,0.0,64.93,115.00999999999999,0.5166722240746916,50.079999999999984,0.04139363912418092,0.0,0,32.11,1,0,,,,,,,,,1
1877,3,60,1881.1100000000006,3.6036590038314187,764.0,413,99,402.44,0.0,760.47,1120.64,0.5852555140316087,360.1700000000001,0.17623437192091257,0.0,0,93.92999999999999,1,1,,,,,,,,,1
126,0,29,723.04,2.658235294117647,339.0,226,85,152.09,0.0,406.31000000000006,316.73,0.6116812347864572,-89.58000000000004,0.1737913224320958,0.0,0,130.41,1,0,,,,,,,,,1
240,26,16,157.26,4.032307692307692,58.0,35,23,66.41,0.0,152.76999999999998,4.49,0.5123998473864936,-148.27999999999997,0.2969106272633791,0.0,0,208.34999999999997,1,0,,,,,,,,,1
2152,0,23,136.17000000000002,2.521666666666667,12664.0,45,27,23.640000000000004,0.0,66.08,70.09,0.6029962546816477,4.010000000000005,0.1479256617232964,0.0,0,20.38,1,0,,,,,,,,,1
1891,2,31,1164.3200000000002,3.672933753943218,479.0,234,77,208.70999999999998,6.0,460.3399999999999,703.98,0.5690102377353304,243.6400000000001,0.1520068753049824,0.1935483870967742,0,180.39000000000001,1,0,,,,,,,,,1
1670,10,17,86.48,1.6630769230769231,61.0,50,34,11.27,0.0,48.67,37.81,0.44484273820536535,-10.86,0.11529411764705882,0.0,0,10.0,1,1,,,,,,,,,1
1994,4,33,855.57,2.616422018348624,418.0,269,89,192.24,2.0,418.79,436.78,0.5886251271082437,17.989999999999952,0.18346837690039228,0.06060606060606061,0,213.43,1,0,,,,,,,,,1
2253,2,25,376.35999999999996,2.3522499999999997,36086.0,148,60,89.71000000000002,0.0,260.60999999999996,115.75000000000001,0.4813742161760018,-144.85999999999996,0.19248181603621778,0.0,0,73.97,1,0,,,,,,,,,1
2313,1,9,84.72,3.025714285714286,13850.0,27,16,13.02,0.0,48.78,35.94,0.5059017941454202,-12.840000000000003,0.13321055862492326,0.0,0,20.97,1,0,,,,,,,,,1
2428,4,17,308.86,9.35939393939394,98637.0,21,14,20.62,0.0,109.5,199.35999999999999,0.7171534028362364,89.85999999999999,0.06258346485370887,0.0,0,14.41,1,1,,,,,,,,,1
904,0,24,654.79,3.2415346534653464,21888.0,174,75,99.13,0.0,255.43,399.36,0.5830113471494678,143.93,0.13148609932088284,0.0,0,235.45999999999998,1,0,,,,,,,,,1
485,0,141,4436.190000000001,3.618425774877652,597967.0,616,129,1226.96,28.0,2124.7400000000002,2311.4500000000003,0.4105640200261935,186.71000000000004,0.21665680760707376,0.19858156028368795,0,994.82,1,0,35-44,U,25-34K,Homeowner,Single Male,1,None/Unknown,485.0,1
914,0,44,1510.3300000000004,4.590668693009119,485.0,252,91,135.57,0.0,383.9599999999999,1126.3700000000001,0.46910939993246503,742.4100000000002,0.08236830913178199,0.0,0,323.75,1,0,45-54,B,15-24K,Homeowner,2 Adults No Kids,2,None/Unknown,914.0,1
417,1,73,2456.06,2.391489776046738,1370.0,714,162,499.80999999999995,4.0,1070.1000000000001,1385.96,0.5837235246695928,315.8599999999999,0.16909065689627756,0.0547945205479452,0,556.8999999999999,1,0,45-54,A,35-49K,Unknown,Single Female,2,None/Unknown,417.0,1
1267,0,56,1433.2600000000002,2.3768822553897184,19913.0,355,120,138.8,1.0,502.57000000000005,930.6899999999998,0.44650656545218587,428.1199999999998,0.08829179547854407,0.017857142857142856,0,256.5799999999999,1,0,25-34,U,75-99K,Unknown,Single Female,1,None/Unknown,1267.0,1
2023,1,82,1357.39,3.957405247813411,2514.0,215,64,413.75999999999993,6.0,280.47,1076.9199999999998,0.5165280427879975,796.4499999999998,0.23361093075120679,0.07317073170731707,0,448.23999999999995,1,0,45-54,U,35-49K,Homeowner,2 Adults Kids,3,1,2023.0,1
179,14,38,620.56,3.2153367875647665,288.0,143,52,142.10999999999996,0.0,315.51,305.05,0.6184575222379786,-10.45999999999998,0.18633222756893544,0.0,1,0.0,0,1,,,,,,,,,1
2051,22,288,4923.160000000001,3.687760299625469,250384.0,644,138,592.5900000000001,13.0,4824.710000000001,98.45,0.5199729442065665,-4726.260000000001,0.10743597878801614,0.04513888888888889,6,0.0,0,1,,,,,,,,,1
634,21,35,1555.1500000000005,3.3229700854700868,620.0,346,98,258.36,0.0,739.67,815.4800000000004,0.5655338713307397,75.8100000000004,0.1424640614057821,0.0,3,0.0,0,1,,,,,,,,,1
2329,5,100,2722.37,2.590266412940057,48499.0,689,148,527.1700000000001,7.0,1967.2800000000002,755.0900000000001,0.49459478322197203,-1212.19,0.16222911550557928,0.07,5,0.0,0,1,,,,,,,,,1
2164,31,40,1596.48,2.418909090909091,1034.0,484,123,713.5100000000001,7.0,1143.1599999999999,453.32,0.5308303267187813,-689.8399999999999,0.30888012502218626,0.175,3,0.0,0,1,,,,,,,,,1
1973,5,130,1683.5500000000002,4.395691906005222,418.0,179,74,157.83,3.0,1618.9,64.65,0.7759318107570313,-1554.25,0.0857128892461089,0.023076923076923078,0,0.0,0,1,,,,,,,,,1
1118,3,16,945.8900000000001,7.111954887218046,12776.0,103,45,157.01,0.0,414.13,531.76,0.4732051295605197,117.63,0.14236104814579742,0.0,0,0.0,0,1,,,,,,,,,1
649,9,55,1553.4500000000003,2.669158075601375,900.0,463,128,340.84000000000003,6.0,889.5900000000004,663.8600000000001,0.6300234960893493,-225.73000000000025,0.17993021131928055,0.10909090909090909,0,0.0,0,1,,,,,,,,,1
416,6,29,2177.0400000000004,2.5285017421602793,1061.0,578,138,389.89,2.0,1646.770000000001,530.27,0.6013486201447837,-1116.500000000001,0.15188961132559126,0.06896551724137931,0,0.0,0,1,,,,,,,,,1
2414,3,6,178.68000000000004,2.0304545454545457,110.0,85,47,36.5,0.0,26.0,152.68,0.4345757779270203,126.68,0.1696254298726647,0.0,0,0.0,0,1,,,,,,,,,1
1275,47,8,137.63,2.293833333333333,85.0,56,23,18.660000000000004,0.0,137.63,0.0,0.6396134563685243,-137.63,0.1193934352805682,0.0,0,0.0,0,1,,,,,,,,,1
1908,4,38,714.31,2.616520146520146,284.0,177,64,114.69000000000001,0.0,297.47,416.8399999999999,0.6578376335204603,119.36999999999989,0.13834740651387215,0.0,0,0.0,0,1,,,,,,,,,1
1199,48,7,163.57,3.4802127659574467,53.0,40,23,22.250000000000004,0.0,163.57,0.0,0.36681543070245154,-163.57,0.11973953288128299,0.0,0,0.0,0,1,,,,,,,,,1
1863,21,14,411.45000000000005,3.4868644067796613,157.0,110,39,111.50999999999999,0.0,405.46000000000004,5.99,0.42748815165876775,-399.47,0.21322854520422208,0.0,0,0.0,0,1,,,,,,,,,1
500,24,5,84.82000000000001,2.4234285714285715,58.0,33,19,6.78,0.0,16.22,68.60000000000001,0.3506248526290969,52.38000000000001,0.07401746724890829,0.0,0,0.0,0,1,,,,,,,,,1
571,2,16,1114.1600000000003,3.4601242236024854,13449.0,271,101,124.55999999999997,3.0,700.8700000000001,413.28999999999996,0.3971781431751273,-287.58000000000015,0.10055541203823297,0.1875,0,0.0,0,1,,,,,,,,,1
1059,9,5,72.91,2.083142857142857,36.0,34,26,11.52,0.0,40.519999999999996,32.39,0.28281442874777124,-8.129999999999995,0.1364443918038612,0.0,0,0.0,0,1,,,,,,,,,1
2201,78,2,27.509999999999998,2.2925,12.0,11,10,7.93,0.0,27.509999999999998,0.0,0.5656125045438024,-27.509999999999998,0.22375846501128668,0.0,0,0.0,0,1,,,,,,,,,1
1610,22,11,164.49,3.1035849056603775,64.0,52,34,21.64,1.0,112.00000000000001,52.49000000000001,0.7678278314791173,-59.510000000000005,0.11626282705635846,0.09090909090909091,0,0.0,0,1,,,,,,,,,1
2150,4,8,69.32,1.8242105263157893,56.0,36,24,15.310000000000002,0.0,52.12,17.2,0.45672244662435085,-34.92,0.1809051163889874,0.0,0,0.0,0,1,,,,,,,,,1
1411,25,6,131.52,3.3723076923076927,49.0,38,20,32.74,0.0,122.00000000000001,9.52,0.4571928223844282,-112.48000000000002,0.1993181541458663,0.0,0,0.0,0,1,,,,,,,,,1
1478,15,6,88.59,2.9530000000000003,33.0,28,20,31.810000000000002,0.0,62.38999999999999,26.200000000000003,0.5025397900440232,-36.18999999999999,0.26420265780730895,0.0,0,0.0,0,1,,,,,,,,,1
363,5,4,52.400000000000006,2.2782608695652176,33.0,22,14,26.48,0.0,11.0,41.400000000000006,0.5082061068702289,30.400000000000006,0.3356997971602434,0.0,0,0.0,0,1,,,,,,,,,1
1748,0,197,4056.4900000000007,3.0227198211624446,166044.0,817,140,910.29,8.0,1127.23,2929.26,0.5551548259702351,1802.0300000000002,0.18327568364211821,0.04060913705583756,0,1105.29,1,0,45-54,U,35-49K,Unknown,Single Male,1,None/Unknown,1748.0,1
2449,0,254,9677.780000000008,2.9415744680851086,21721.0,1405,187,1235.8799999999999,75.0,5135.650000000003,4542.130000000002,0.5943832159854839,-593.5200000000013,0.11324157065549037,0.2952755905511811,0,1189.0900000000006,1,1,35-44,A,175-199K,Homeowner,2 Adults Kids,5+,3+,2449.0,1
2435,0,38,2699.5000000000005,3.142607683352736,54781.0,584,115,917.8699999999999,2.0,751.4000000000001,1948.1000000000004,0.6785441748471939,1196.7000000000003,0.25373959534136675,0.05263157894736842,0,604.3500000000001,1,0,45-54,U,50-74K,Homeowner,1 Adult Kids,5+,3+,2435.0,1
1650,1,88,2003.0100000000004,3.3439232053422376,799.0,375,115,354.39,1.0,492.37000000000006,1510.64,0.33713261541380213,1018.27,0.15033087299567316,0.011363636363636364,0,256.15,1,1,45-54,A,75-99K,Homeowner,2 Adults Kids,3,1,1650.0,1
831,0,141,7546.640000000003,3.436539162112934,2599.0,1069,171,1221.0200000000002,7.0,3350.8100000000013,4195.830000000001,0.5346988858617873,845.0199999999995,0.13926406817782622,0.04964539007092199,0,1284.7100000000005,1,0,45-54,B,50-74K,Homeowner,1 Adult Kids,3,2,831.0,1
992,0,56,538.1600000000001,3.3219753086419757,173.0,137,67,42.230000000000004,0.0,204.96999999999997,333.19,0.5734911550468262,128.22000000000003,0.07276141904581401,0.0,0,285.18999999999994,1,0,45-54,A,35-49K,Homeowner,2 Adults Kids,3,1,992.0,1
1926,2,61,1751.87,3.9997031963470318,40253.0,266,76,737.85,12.0,756.42,995.4499999999999,0.5643284033632632,239.02999999999997,0.29635862667287893,0.19672131147540983,0,393.84000000000003,1,0,25-34,U,35-49K,Homeowner,2 Adults No Kids,2,None/Unknown,1926.0,1
2397,0,32,928.2,3.64,332.0,186,82,91.58,1.0,29.33,898.8700000000001,0.5281189398836458,869.5400000000001,0.08980368314734549,0.03125,0,166.90000000000003,1,0,65+,B,125-149K,Unknown,2 Adults No Kids,2,None/Unknown,2397.0,1
2292,0,85,1080.89,2.354880174291939,128485.0,245,84,168.53999999999996,2.0,91.9,988.99,0.5267603548927274,897.09,0.13489351144121717,0.023529411764705882,0,255.25000000000003,1,0,45-54,A,35-49K,Renter,2 Adults Kids,5+,3+,2292.0,1
2254,7,80,1270.3500000000001,3.1998740554156173,60411.0,338,125,209.68999999999997,0.0,610.74,659.6099999999999,0.43056637934427516,48.86999999999989,0.14167860328099235,0.0,2,0.0,0,1,19-24,U,35-49K,Unknown,Single Male,1,None/Unknown,2254.0,1
1031,9,146,4232.120000000002,3.768584149599289,382638.0,588,149,335.5,2.0,1790.9900000000007,2441.130000000001,0.37175458162812,650.1400000000003,0.0734518195471602,0.0136986301369863,2,0.0,0,1,35-44,A,75-99K,Homeowner,2 Adults No Kids,2,None/Unknown,1031.0,1
1122,17,77,1236.9799999999998,2.0754697986577177,26983.0,307,92,165.4,3.0,784.6799999999998,452.29999999999995,0.7126630988374913,-332.3799999999999,0.11794235513912066,0.03896103896103896,3,0.0,0,1,,,,,,,,,1
2178,1,152,3681.13,2.6256276747503566,111403.0,869,169,475.08,7.0,1359.3500000000001,2321.7800000000007,0.5037610733660587,962.4300000000005,0.11430606249443603,0.046052631578947366,12,0.0,0,1,,,,,,,,,1
778,1,123,2285.5899999999997,2.7907081807081804,93142.0,399,96,508.74999999999994,12.0,1883.25,402.3399999999999,0.6153947120874698,-1480.91,0.18206445887043093,0.0975609756097561,3,0.0,0,1,,,,,,,,,1
1063,0,57,1327.48,3.327017543859649,868.0,273,90,503.6,1.0,1071.78,255.7,0.7256907825353301,-816.0799999999999,0.2750289446665356,0.017543859649122806,0,0.0,0,1,,,,,,,,,1
54,18,11,103.08999999999999,3.0320588235294115,42.0,33,19,18.53,0.0,51.72,51.37,0.7646716461344457,-0.3500000000000014,0.152359809241901,0.0,0,0.0,0,1,,,,,,,,,1
1371,12,45,835.7099999999999,2.199236842105263,18354.0,301,78,206.73,2.0,459.84999999999997,375.86,0.6912565363583062,-83.98999999999995,0.19831357200414415,0.044444444444444446,0,0.0,0,1,,,,,,,,,1
559,18,27,249.33999999999995,2.83340909090909,102.0,80,48,140.87999999999997,0.0,166.90999999999997,82.43,0.43615143980107485,-84.47999999999996,0.36102711291066575,0.0,0,0.0,0,1,,,,,,,,,1
1516,17,15,189.66000000000003,2.789117647058824,71.0,65,36,24.470000000000002,0.0,55.46000000000001,134.20000000000002,0.6150479805968575,78.74000000000001,0.11427637416522674,0.0,0,0.0,0,1,,,,,,,,,1
912,0,20,1164.1100000000001,3.35478386167147,4516.0,300,104,187.99,0.0,520.4799999999999,643.6300000000001,0.4741991736176134,123.1500000000002,0.13903557429184232,0.0,0,0.0,0,1,,,,,,,,,1
833,2,34,1975.56,3.8064739884393064,19712.0,399,114,605.05,3.0,1158.1399999999999,817.4200000000002,0.48272894774139996,-340.7199999999997,0.2344600695184472,0.08823529411764706,0,0.0,0,1,,,,,,,,,1
2143,1,9,298.65,2.666517857142857,148.0,105,48,84.75,0.0,114.82000000000001,183.82999999999996,0.4468776159383895,69.00999999999995,0.22104851330203446,0.0,0,0.0,0,1,,,,,,,,,1
504,0,7,516.34,2.1878813559322037,355.0,193,77,158.14999999999998,0.0,157.41999999999996,358.9200000000001,0.6549754038036952,201.5000000000001,0.23447345401710917,0.0,0,0.0,0,1,,,,,,,,,1
921,2,9,101.3,2.6657894736842103,48.0,30,22,20.87,0.0,34.919999999999995,66.38000000000001,0.3561697926949655,31.460000000000015,0.17082753540148973,0.0,0,0.0,0,1,,,,,,,,,1
272,23,7,401.62,3.0893846153846156,10984.0,123,62,75.57,1.0,372.14000000000004,29.48,0.6820626462825555,-342.66,0.15836459271988096,0.14285714285714285,0,0.0,0,1,,,,,,,,,1
704,13,9,76.53000000000002,2.3190909090909098,3745.0,32,20,18.129999999999995,0.0,10.0,66.53000000000002,0.5434470142427805,56.530000000000015,0.19152757236425094,0.0,0,0.0,0,1,,,,,,,,,1
689,33,3,28.959999999999997,1.448,20.0,20,11,3.84,0.0,16.33,12.629999999999999,0.6629834254143648,-3.6999999999999993,0.11707317073170732,0.0,0,0.0,0,1,,,,,,,,,1
1844,0,73,1303.71,3.0893601895734597,550.0,292,109,103.91999999999997,9.0,514.9399999999999,788.77,0.3182839741967155,273.83000000000004,0.0738262185375418,0.1232876712328767,0,220.08999999999997,1,0,45-54,A,250K+,Homeowner,2 Adults No Kids,2,None/Unknown,1844.0,1
2465,0,145,1864.35,3.2367187499999996,105998.0,369,110,434.04999999999995,2.0,992.46,871.89,0.3975004693324751,-120.57000000000005,0.18884876435781414,0.013793103448275862,0,224.94,1,1,65+,A,15-24K,Homeowner,Single Female,2,None/Unknown,2465.0,1
1680,1,44,1892.09,2.6279027777777775,827.0,526,125,563.51,21.0,531.1700000000001,1360.9199999999998,0.6540756517924623,829.7499999999998,0.22947955693109628,0.4772727272727273,0,147.59,1,1,25-34,A,15-24K,Homeowner,2 Adults Kids,3,1,1680.0,1
1785,0,57,1180.29,2.1114311270125223,640.0,412,132,338.61000000000007,2.0,273.12,907.1699999999998,0.5192452702301977,634.0499999999998,0.22293106853644087,0.03508771929824561,0,375.40999999999997,1,0,25-34,A,35-49K,Homeowner,2 Adults Kids,5+,3+,1785.0,1
201,0,31,908.81,3.0293666666666663,456.0,192,65,251.56999999999994,2.0,15.119999999999997,893.6899999999999,0.576336087851146,878.5699999999999,0.21679966907392403,0.06451612903225806,0,526.3599999999999,1,0,45-54,A,15-24K,Homeowner,2 Adults Kids,5+,3+,201.0,1
1815,0,72,3346.76,3.3942799188640977,203155.0,721,162,605.2599999999999,6.0,540.05,2806.7100000000005,0.5641635492237268,2266.6600000000008,0.15315205894707007,0.08333333333333333,0,1058.71,1,0,45-54,U,25-34K,Unknown,2 Adults No Kids,2,None/Unknown,1815.0,1
584,12,56,1098.3,5.1322429906542055,119873.0,167,70,108.27000000000001,1.0,797.2499999999999,301.04999999999995,0.29959938086133114,-496.19999999999993,0.08973370794897935,0.017857142857142856,1,0.0,0,1,,,,,,,,,1
2316,6,27,751.8900000000001,3.6857352941176473,7571.0,180,86,99.65,0.0,610.25,141.64000000000001,0.4555320592107888,-468.61,0.1170232754773704,0.0,1,0.0,0,1,,,,,,,,,1
1582,2,37,1907.0199999999998,2.850553064275037,16323.0,454,123,216.27999999999997,2.0,1227.28,679.7400000000001,0.5567115184948245,-547.5399999999998,0.10186031177883484,0.05405405405405406,4,0.0,0,1,,,,,,,,,1
2356,0,98,2159.780000000001,1.9670127504553745,1250.0,659,127,676.1200000000002,7.0,1604.9100000000008,554.8700000000001,0.5806378427432423,-1050.0400000000006,0.23841461264501565,0.07142857142857142,2,0.0,0,1,,,,,,,,,1
990,7,16,247.12,4.051147540983607,32962.0,53,30,25.329999999999995,0.0,174.41,72.71000000000001,0.3770233085140822,-101.69999999999999,0.09297118737383005,0.0,0,0.0,0,1,,,,,,,,,1
645,11,49,429.06000000000006,2.8043137254901964,198.0,120,63,96.88,0.0,216.64000000000001,212.42000000000002,0.5429543653568264,-4.219999999999999,0.18420352131421833,0.0,0,0.0,0,1,,,,,,,,,1
2491,7,62,950.7700000000003,2.641027777777779,502.0,261,69,179.88000000000002,3.0,644.5600000000002,306.21000000000004,0.7577647590900006,-338.35000000000014,0.1590943262724981,0.04838709677419355,0,0.0,0,1,,,,,,,,,1
1022,5,36,263.27,2.0408527131782943,152.0,97,54,58.099999999999994,0.0,198.53,64.74,0.47821627986477766,-133.79000000000002,0.18078849923763884,0.0,0,0.0,0,1,,,,,,,,,1
2045,3,19,310.63999999999993,3.4903370786516845,13893.0,86,45,34.8,1.0,110.60000000000001,200.04000000000002,0.4238668555240794,89.44000000000001,0.10074108383510885,0.05263157894736842,0,0.0,0,1,,,,,,,,,1
1028,9,12,121.91000000000001,1.7415714285714288,94.0,46,29,16.1,1.0,83.06,38.85,0.590025428594865,-44.21,0.11665821317295848,0.08333333333333333,0,0.0,0,1,,,,,,,,,1
1561,1,6,401.40999999999997,3.8229523809523807,165.0,100,56,55.67999999999999,0.0,299.15,102.25999999999999,0.534067412371391,-196.89,0.12181408475354961,0.0,0,0.0,0,1,,,,,,,,,1
2422,25,5,368.07,3.439906542056075,13136.0,93,59,46.05,1.0,237.37,130.7,0.5759230581139456,-106.67000000000002,0.11119965227470298,0.2,0,0.0,0,1,,,,,,,,,1
1674,28,8,120.27999999999999,1.5034999999999998,103.0,53,25,80.44999999999999,0.0,105.68999999999998,14.59,0.7482540738277353,-91.09999999999998,0.4007871269864993,0.0,0,0.0,0,1,,,,,,,,,1
1888,14,11,135.61,2.152539682539683,4609.0,61,39,16.33,0.0,120.64000000000001,14.97,0.5256249539119533,-105.67000000000002,0.10747663551401868,0.0,0,0.0,0,1,,,,,,,,,1
1830,78,1,39.440000000000005,5.634285714285715,10.0,7,7,10.19,0.0,39.440000000000005,0.0,0.7269269776876267,-39.440000000000005,0.20531936328833364,0.0,0,0.0,0,1,,,,,,,,,1
522,18,3,29.34,3.6675,7.0,8,5,0.29,0.0,15.58,13.760000000000002,0.49693251533742333,-1.8199999999999985,0.009787377657779277,0.0,0,0.0,0,1,,,,,,,,,1
1504,60,3,66.33,9.475714285714286,9.0,7,6,31.68,0.0,66.33,0.0,0.825719885421378,-66.33,0.32323232323232326,0.0,0,0.0,0,1,,,,,,,,,1
683,3,9,170.06,2.12575,104.0,60,37,30.53,0.0,146.78,23.279999999999994,0.5498059508408797,-123.5,0.15220100702926367,0.0,0,0.0,0,1,,,,,,,,,1
1035,30,4,183.03999999999996,5.229714285714285,57.0,35,20,11.790000000000001,0.0,145.71999999999997,37.32,0.35128933566433573,-108.39999999999998,0.06051429451316534,0.0,0,0.0,0,1,,,,,,,,,1
1436,3,8,134.89,2.594038461538461,58.0,46,31,33.339999999999996,1.0,55.019999999999996,79.87,0.5337682556156869,24.85000000000001,0.1981810616417999,0.125,0,0.0,0,1,,,,,,,,,1
1626,26,2,42.959999999999994,5.369999999999999,8.0,8,3,2.1599999999999997,0.0,2.0,40.959999999999994,0.534683426443203,38.959999999999994,0.04787234042553192,0.0,0,0.0,0,1,,,,,,,,,1
1727,71,2,149.01,8.278333333333332,32645.0,18,16,6.390000000000001,0.0,149.01,0.0,0.50332192470304,-149.01,0.04111969111969113,0.0,0,0.0,0,1,,,,,,,,,1
