department,commodity_desc,quarter_like_period,sales,households,baskets
GROCERY,SHORTENING/OIL,1.0,1354.8200000000027,312,389
GROCERY,FLUID MILK PRODUCTS,1.0,9323.139999999763,1134,3311
GROCERY,BAKED BREAD/BUNS/ROLLS,1.0,7282.329999999843,1134,2986
PRODUCE,VEGETABLES - ALL OTHERS,1.0,1508.9699999999982,443,763
GROCERY,YOGURT,1.0,2838.2800000000284,432,862
GROCERY,CANNED JUICES,1.0,3728.980000000004,525,1002
GROCERY,BUTTER,1.0,741.0400000000004,144,214
GROCERY,CANNED MILK,1.0,145.73999999999998,63,79
GROCERY,DOMESTIC WINE,1.0,2071.0000000000014,100,167
DRUG GM,MAGAZINE,1.0,1434.990000000003,208,330
PASTRY,BREAKFAST SWEETS,1.0,1142.2000000000016,280,466
MEAT-PCKGD,DINNER SAUSAGE,1.0,2931.579999999988,432,644
DRUG GM,ANALGESICS,1.0,1042.5400000000006,153,193
DRUG GM,ORAL HYGIENE PRODUCTS,1.0,1733.1100000000033,272,379
GROCERY,COLD CEREAL,1.0,5513.079999999934,677,1243
GROCERY,VEGETABLES - SHELF STABLE,1.0,2362.610000000017,556,942
PRODUCE,VALUE ADDED FRUIT,1.0,1519.1000000000015,249,406
PRODUCE,POTATOES,1.0,1558.2100000000028,437,651
MEAT-PCKGD,HEAT/SERVE,1.0,1328.590000000002,182,262
GROCERY,WAREHOUSE SNACKS,1.0,716.0300000000011,206,296
PRODUCE,PEPPERS-ALL,1.0,855.2400000000013,288,440
GROCERY,DRY SAUCES/GRAVY,1.0,439.66000000000025,179,232
GROCERY,COCOA MIXES,1.0,447.83000000000027,143,174
NUTRITION,RICE CAKES,1.0,151.9099999999999,29,49
DRUG GM,DIETARY AID PRODUCTS,1.0,924.6200000000015,67,105
DELI,SANDWICHES,1.0,281.6800000000001,37,67
GROCERY,PICKLE/RELISH/PKLD VEG,1.0,796.5800000000003,252,321
DRUG GM,PLASTIC HOUSEWARES,1.0,448.2600000000003,109,119
DRUG GM,KITCHEN GADGETS,1.0,426.98000000000013,114,125
DELI,SERVICE BEVERAGE,1.0,40.969999999999985,15,38
DRUG GM,FILM AND CAMERA PRODUCTS,1.0,583.4400000000005,70,87
PRODUCE,SQUASH,1.0,137.42,64,75
DRUG GM,DOMESTIC GOODS,1.0,170.54999999999995,30,35
DELI,DELI SUPPLIES,1.0,45.67000000000001,9,10
PASTRY,DELI SUPPLIES,1.0,82.78,28,30
GROCERY,OLIVES,1.0,251.88000000000017,111,138
DRUG GM,DEODORANTS,2.0,2110.4200000000023,428,562
GROCERY,BEERS/ALES,2.0,21770.709999999654,746,2316
GROCERY,FRZN NOVELTIES/WTR ICE,2.0,6659.32,837,1772
MEAT-PCKGD,LUNCHMEAT,2.0,13220.049999999777,1256,3357
DELI,CHEESES,2.0,6353.189999999998,616,1450
COSMETICS,MAKEUP AND TREATMENT,2.0,2846.8000000000025,339,529
DRUG GM,SUNTAN,2.0,632.4100000000001,74,81
SEAFOOD-PCKGD,SEAFOOD - FROZEN,2.0,5988.8800000000065,483,781
MEAT-PCKGD,BREAKFAST SAUSAGE/SANDWICHES,2.0,5353.6799999999985,691,1282
GROCERY,PASTA SAUCE,2.0,4084.230000000006,843,1524
GROCERY,CONVENIENT BRKFST/WHLSM SNACKS,2.0,7056.060000000005,800,1820
GROCERY,COUPON/MISC ITEMS,2.0,868.4500000000002,210,243
PASTRY,BREAD,2.0,2075.4000000000037,420,893
GROCERY,FACIAL TISS/DNR NAPKIN,2.0,2241.2300000000014,478,806
DRUG GM,EYE AND EAR CARE PRODUCTS,2.0,939.7300000000002,124,153
DRUG GM,SOAP - LIQUID & BAR,2.0,2713.5200000000013,501,759
DRUG GM,AUDIO/VIDEO PRODUCTS,2.0,1413.1400000000006,84,91
GROCERY,BAKING NEEDS,2.0,3034.010000000005,624,1093
GROCERY,ISOTONIC DRINKS,2.0,4030.9600000000114,391,811
GROCERY,AIR CARE,2.0,2120.9800000000023,321,491
PRODUCE,PEARS,2.0,367.5900000000001,119,171
DRUG GM,VITAMINS,2.0,1943.8400000000008,167,207
NUTRITION,FITNESS&DIET,2.0,1102.9499999999998,98,176
DRUG GM,HOME FREEZING & CANNING SUPPLY,2.0,224.81999999999996,25,34
DRUG GM,BROOMS AND MOPS,2.0,1363.3400000000008,318,414
SEAFOOD-PCKGD,FROZEN - BOXED(GROCERY),2.0,635.1900000000003,91,102
DRUG GM,IRONING AND CHEMICALS,2.0,514.1700000000001,52,56
FLORAL,ROSES,2.0,707.3700000000001,46,58
NUTRITION,CHIPS&SNACKS,2.0,873.6200000000006,143,243
DRUG GM,PROPANE,2.0,318.89,11,11
DRUG GM,COOKWARE & BAKEWARE,2.0,796.4800000000002,132,153
FLORAL,FLORAL-ACCESSORIES,2.0,62.8,9,10
NUTRITION,BAKING,2.0,213.18,25,34
DRUG GM,SHOE CARE,2.0,46.699999999999996,19,19
FLORAL,FLORAL- HARD GOODS,2.0,51.74,13,14
RESTAURANT,QUICK SERVICE,2.0,81.19,11,17
DRUG GM,HOME HEALTH CARE,2.0,19.99,1,1
DELI,COFFEE SHOP,2.0,1.98,2,2
NUTRITION,NON EDIBLE PRODUCTS,2.0,57.730000000000004,4,6
DRUG GM,MISCELLANEOUS HBC,2.0,14.950000000000001,4,4
PRODUCE,POTATOES,6.0,6164.710000000004,963,2048
GROCERY,FLUID MILK PRODUCTS,6.0,28116.37999999964,1803,9681
GROCERY,YOGURT,6.0,8424.310000000001,862,2416
GROCERY,COLD CEREAL,6.0,15877.779999999859,1276,3613
MEAT-PCKGD,DINNER SAUSAGE,6.0,6640.419999999998,815,1544
GROCERY,CANNED JUICES,6.0,9511.729999999972,1010,2573
DRUG GM,ORAL HYGIENE PRODUCTS,6.0,5074.660000000007,694,1172
GROCERY,BAKED BREAD/BUNS/ROLLS,6.0,21211.370000000006,1792,8785
GROCERY,VEGETABLES - SHELF STABLE,6.0,6576.599999999999,1072,2653
NUTRITION,PREPARED/PKGD FOODS,6.0,352.43000000000006,53,89
GROCERY,SHORTENING/OIL,6.0,3599.7800000000016,698,1048
DRUG GM,DOMESTIC GOODS,6.0,544.9400000000002,130,165
PRODUCE,VEGETABLES - ALL OTHERS,6.0,4350.489999999997,940,2275
GROCERY,DRY SAUCES/GRAVY,6.0,1358.8400000000001,419,668
GROCERY,DOMESTIC WINE,6.0,8174.889999999985,223,589
PASTRY,BREAKFAST SWEETS,6.0,2868.660000000004,603,1271
GROCERY,WAREHOUSE SNACKS,6.0,2542.9600000000055,571,1029
DRUG GM,MAGAZINE,6.0,4407.48000000001,455,1028
PRODUCE,PEPPERS-ALL,6.0,2113.0400000000004,610,1148
GROCERY,BUTTER,6.0,2038.0799999999979,356,618
PRODUCE,VALUE ADDED FRUIT,6.0,2968.640000000001,527,1065
DRUG GM,ANALGESICS,6.0,3559.490000000004,393,573
MEAT-PCKGD,HEAT/SERVE,6.0,3717.4000000000037,370,682
GROCERY,PICKLE/RELISH/PKLD VEG,6.0,2263.2200000000007,575,916
DRUG GM,KITCHEN GADGETS,6.0,887.6700000000004,216,248
GROCERY,COCOA MIXES,6.0,907.05,263,355
DRUG GM,EASTER,6.0,5.24,4,4
GROCERY,OLIVES,6.0,796.2200000000004,220,339
DRUG GM,PLASTIC HOUSEWARES,6.0,973.8100000000001,271,310
DELI,SANDWICHES,6.0,965.1600000000002,66,138
GROCERY,CANNED MILK,6.0,430.2900000000001,139,190
PASTRY,DELI SUPPLIES,6.0,131.63000000000002,45,49
PRODUCE,SQUASH,6.0,476.8600000000001,193,304
DRUG GM,DIETARY AID PRODUCTS,6.0,2170.580000000001,125,230
NUTRITION,RICE CAKES,6.0,466.3,106,162
NUTRITION,BEVERAGE,6.0,145.51,28,41
DRUG GM,FILM AND CAMERA PRODUCTS,6.0,1003.1100000000002,111,129
RESTAURANT,COFFEE SHOP,6.0,165.63,16,42
DELI,DELI SUPPLIES,6.0,142.71000000000004,34,38
NUTRITION,CONDIMENTS,6.0,235.54,42,53
COSMETICS,FRAGRANCES,6.0,256.09999999999997,11,14
SALAD BAR,PROD SUPPLIES,6.0,4.71,4,4
DRUG GM,SMOKING CESSATIONS,6.0,480.86,6,11
DELI,SERVICE BEVERAGE,6.0,46.980000000000004,21,34
COSMETICS,COSMETIC ACCESSORIES,6.0,133.02,19,21
PASTRY,BREAD,3.0,2389.660000000003,480,1095
MEAT-PCKGD,LUNCHMEAT,3.0,12207.319999999905,1196,3182
MEAT-PCKGD,BREAKFAST SAUSAGE/SANDWICHES,3.0,6911.409999999993,818,1673
DELI,CHEESES,3.0,6880.609999999999,622,1529
GROCERY,PASTA SAUCE,3.0,4614.900000000009,895,1674
GROCERY,BEERS/ALES,3.0,19143.319999999756,685,2038
COSMETICS,MAKEUP AND TREATMENT,3.0,2825.0200000000036,336,490
GROCERY,AIR CARE,3.0,2540.61,353,554
GROCERY,CONVENIENT BRKFST/WHLSM SNACKS,3.0,6812.2900000000045,752,1767
DRUG GM,SOAP - LIQUID & BAR,3.0,2862.470000000001,503,769
PRODUCE,PEARS,3.0,795.6599999999999,215,354
GROCERY,ISOTONIC DRINKS,3.0,2124.1600000000026,239,425
DRUG GM,DEODORANTS,3.0,2072.130000000001,408,538
DRUG GM,BROOMS AND MOPS,3.0,1167.3600000000006,297,375
DRUG GM,AUDIO/VIDEO PRODUCTS,3.0,2669.010000000001,130,166
SEAFOOD-PCKGD,SEAFOOD - FROZEN,3.0,5790.600000000004,501,754
GROCERY,BAKING NEEDS,3.0,6008.109999999993,928,1906
GROCERY,FRZN NOVELTIES/WTR ICE,3.0,3975.6300000000024,544,997
DRUG GM,VITAMINS,3.0,2326.1700000000014,195,256
GROCERY,FACIAL TISS/DNR NAPKIN,3.0,2633.4900000000007,512,944
GROCERY,COUPON/MISC ITEMS,3.0,701.0100000000001,191,231
SEAFOOD-PCKGD,FROZEN - BOXED(GROCERY),3.0,664.4400000000002,80,100
DRUG GM,HOME FREEZING & CANNING SUPPLY,3.0,117.05,20,22
DRUG GM,COOKWARE & BAKEWARE,3.0,1040.5100000000007,141,162
NUTRITION,FITNESS&DIET,3.0,890.96,74,153
DRUG GM,EYE AND EAR CARE PRODUCTS,3.0,873.7100000000003,115,146
NUTRITION,CHIPS&SNACKS,3.0,744.7300000000002,134,236
DRUG GM,IRONING AND CHEMICALS,3.0,530.3600000000001,60,63
FLORAL,ROSES,3.0,912.2700000000003,59,70
DRUG GM,PROPANE,3.0,186.92000000000002,7,7
NUTRITION,BAKING,3.0,157.52000000000004,29,38
DRUG GM,SHOE CARE,3.0,106.33000000000001,35,38
NUTRITION,NON EDIBLE PRODUCTS,3.0,37.6,7,10
RESTAURANT,QUICK SERVICE,3.0,46.0,8,11
FLORAL,FLORAL- HARD GOODS,3.0,137.73000000000002,22,31
FLORAL,FLORAL-ACCESSORIES,3.0,102.46000000000001,7,10
DRUG GM,MISCELLANEOUS HBC,3.0,9.07,3,3
GROCERY,HISPANIC,5.0,6523.490000000014,928,1976
GROCERY,CHEESE,5.0,25885.31999999989,1633,6415
GROCERY,SPICES & EXTRACTS,5.0,3511.990000000007,766,1213
GROCERY,SALD DRSNG/SNDWCH SPRD,5.0,7466.390000000011,1214,2563
GROCERY,ICE CREAM/MILK/SHERBTS,5.0,11745.929999999953,1147,2878
PRODUCE,PROCESSED,5.0,2413.5400000000036,448,707
PRODUCE,GRAPES,5.0,4716.720000000001,809,1656
DRUG GM,TOYS AND GAMES,5.0,1624.2200000000018,254,369
DRUG GM,CANDY - CHECKLANE,5.0,4245.029999999999,1141,3491
GROCERY,TEAS,5.0,1525.8200000000004,316,452
GROCERY,PAPER TOWELS,5.0,4146.000000000004,679,1399
GROCERY,BEANS - CANNED GLASS & MW,5.0,2632.240000000006,743,1398
PRODUCE,VEGETABLES SALAD,5.0,2054.1000000000095,722,1523
GROCERY,FRUIT - SHELF STABLE,5.0,5664.769999999996,843,1814
GROCERY,CRACKERS/MISC BKD FD,5.0,8588.750000000025,1202,3031
GROCERY,FRZN MEAT/MEAT DINNERS,5.0,22194.02999999995,1052,3131
PASTRY,ROLLS,5.0,1446.9400000000014,398,730
GROCERY,FRZN BREAKFAST FOODS,5.0,3587.2199999999993,547,1079
GROCERY,DRY NOODLES/PASTA,5.0,3047.7099999999973,944,1862
GROCERY,PET CARE SUPPLIES,5.0,1565.6300000000015,219,325
DRUG GM,CANDLES/ACCESSORIES,5.0,369.01,64,85
DRUG GM,J-HOOKS,5.0,351.9999999999999,88,98
GROCERY,FRZN POTATOES,5.0,3094.3600000000015,650,1228
GROCERY,PWDR/CRYSTL DRNK MX,5.0,2730.2300000000014,488,837
DRUG GM,BATTERIES,5.0,1453.13,236,270
DRUG GM,FIRST AID PRODUCTS,5.0,1837.840000000002,298,396
DRUG GM,BABY HBC,5.0,2111.920000000003,301,512
SEAFOOD,SEAFOOD-FRESH,5.0,3016.0300000000007,221,410
PRODUCE,MUSHROOMS,5.0,1783.0700000000036,348,729
DELI,PARTY TRAYS,5.0,1086.8900000000003,50,66
NUTRITION,CEREAL/BREAKFAST,5.0,1006.4500000000007,102,210
SEAFOOD-PCKGD,SEAFOOD - MISC,5.0,329.3800000000001,126,156
DRUG GM,FOOT CARE PRODUCTS,5.0,586.07,65,80
DELI,SUSHI,5.0,626.9499999999999,39,76
MEAT,EXOTIC GAME/FOWL,5.0,102.37,14,14
DRUG GM,FIREWORKS,5.0,188.00000000000009,30,30
DRUG GM,GLASSWARE & DINNERWARE,5.0,133.44,31,31
GROCERY,NEW AGE,5.0,224.28999999999996,39,51
DRUG GM,COUPON/MISC ITEMS,5.0,8.98,2,2
SEAFOOD-PCKGD,PKG.SEAFOOD MISC,5.0,24.43,2,5
MEAT,BEEF,4.0,42933.09000000004,1397,5106
PRODUCE,CITRUS,4.0,4925.9300000000085,828,2004
PRODUCE,TROPICAL FRUIT,4.0,5578.549999999997,1254,4444
GROCERY,LAUNDRY DETERGENTS,4.0,7962.399999999974,704,1264
DRUG GM,CHARCOAL AND LIGHTER FLUID,4.0,985.22,121,177
GROCERY,DOG FOODS,4.0,7634.759999999991,390,1037
GROCERY,FRZN VEGETABLE/VEG DSH,4.0,6854.860000000016,875,1982
GROCERY,COFFEE,4.0,8906.659999999965,711,1601
MEAT-PCKGD,BACON,4.0,6306.229999999998,744,1519
DRUG GM,COLD AND FLU,4.0,4887.600000000008,541,926
DRUG GM,HAND/BODY/FACIAL PRODUCTS,4.0,3045.4600000000023,305,409
MEAT-PCKGD,FROZEN MEAT,4.0,7587.619999999986,642,1198
PRODUCE,ORGANICS FRUIT & VEGETABLES,4.0,2313.650000000003,430,769
GROCERY,SNACK NUTS,4.0,2534.4100000000017,367,681
MEAT,TURKEY,4.0,2130.3900000000012,224,329
PRODUCE,BROCCOLI/CAULIFLOWER,4.0,1579.4900000000032,390,718
DRUG GM,CHRISTMAS  SEASONAL,4.0,1881.750000000002,265,370
GROCERY,FROZEN PIE/DESSERTS,4.0,2745.350000000002,519,880
DRUG GM,OVERNIGHT PHOTOFINISHING,4.0,176.12,17,22
MEAT-PCKGD,MEAT - MISC,4.0,8718.849999999955,606,1090
DRUG GM,HAIR CARE ACCESSORIES,4.0,688.0500000000004,145,172
DRUG GM,STATIONERY & SCHOOL SUPPLIES,4.0,2409.2400000000034,445,667
DRUG GM,DISPOSIBLE FOILWARE,4.0,410.2499999999999,104,119
DRUG GM,IN-STORE PHOTOFINISHING,4.0,999.3200000000002,71,90
DRUG GM,LAXATIVES,4.0,1290.5100000000004,133,210
DRUG GM,TOBACCO OTHER,4.0,440.02,81,109
DELI,SNACKS,4.0,564.8700000000001,118,176
GROCERY,MISC WINE,4.0,1685.5000000000014,176,216
GROCERY,IMPORTED WINE,4.0,2853.850000000002,116,247
GROCERY,FRZN JCE CONC/DRNKS,4.0,925.7200000000003,164,281
DRUG GM,HARDWARE SUPPLIES,4.0,718.1400000000002,137,167
DRUG GM,AUTOMOTIVE PRODUCTS,4.0,474.01000000000005,130,147
MEAT,MEAT SUPPLIES,4.0,24.19,4,7
GROCERY,SYRUPS/TOPPINGS,4.0,319.39,120,135
GROCERY,FRZN FRUITS,4.0,935.96,102,190
DELI,DELI SPECIALTIES (RETAIL PK),4.0,141.13000000000002,41,54
SEAFOOD-PCKGD,SEAFOOD-FRESH,4.0,724.2300000000001,118,177
GROCERY,RESTRICTED DIET,4.0,5.38,2,2
GROCERY,BIRD SEED,4.0,127.67000000000002,20,32
AUTOMOTIVE,COUPON,4.0,82.78,11,11
DRUG GM,PERSONAL CARE APPLIANCES,4.0,221.8,19,19
DRUG GM,NATURAL HBC,6.0,16.15,4,5
DRUG GM,EASTER,1.0,100.05999999999997,25,28
NUTRITION,PREPARED/PKGD FOODS,1.0,85.88,13,22
NUTRITION,CONDIMENTS,1.0,68.44,14,17
NUTRITION,BEVERAGE,1.0,75.44,21,28
DRUG GM,SMOKING CESSATIONS,1.0,341.41,3,9
COSMETICS,FRAGRANCES,1.0,83.25,6,6
SALAD BAR,PROD SUPPLIES,1.0,41.21,4,4
DRUG GM,NATURAL HBC,1.0,35.15,3,3
COSMETICS,COSMETIC ACCESSORIES,1.0,79.84,15,16
MEAT,RW FRESH PROCESSED MEAT,4.0,14.5,6,8
TOYS,TOYS,5.0,4.17,2,2
DRUG GM,WATCHES/CALCULATORS/LOBBY,5.0,24.93,5,5
HBC,INFANT CARE PRODUCTS,2.0,9.42,4,4
DRUG GM,SUNTAN,3.0,35.96,5,5
PORK,PORK,3.0,7.74,1,1
PRODUCE,GRAPES,7.0,4649.710000000002,571,1096
GROCERY,CHEESE,7.0,27731.519999999822,1693,6870
GROCERY,TEAS,7.0,1643.3000000000006,332,501
GROCERY,HISPANIC,7.0,6645.070000000005,919,1968
GROCERY,SALD DRSNG/SNDWCH SPRD,7.0,5396.540000000019,1068,2038
PRODUCE,PROCESSED,7.0,2490.8900000000053,451,736
GROCERY,PAPER TOWELS,7.0,4305.240000000004,723,1503
PRODUCE,MUSHROOMS,7.0,1638.7500000000025,303,660
GROCERY,DRY NOODLES/PASTA,7.0,3436.6500000000024,1016,2041
GROCERY,ICE CREAM/MILK/SHERBTS,7.0,10939.45999999999,1119,2735
GROCERY,FRUIT - SHELF STABLE,7.0,6368.460000000021,964,2096
GROCERY,CRACKERS/MISC BKD FD,7.0,9751.740000000042,1308,3387
PRODUCE,VEGETABLES SALAD,7.0,1795.3900000000067,632,1327
GROCERY,PET CARE SUPPLIES,7.0,2081.060000000001,239,398
DRUG GM,CANDY - CHECKLANE,7.0,3551.070000000016,1081,2970
GROCERY,FRZN BREAKFAST FOODS,7.0,3911.999999999998,533,1054
GROCERY,FRZN MEAT/MEAT DINNERS,7.0,24962.83999999995,1130,3426
GROCERY,SPICES & EXTRACTS,7.0,4547.229999999996,912,1530
GROCERY,PWDR/CRYSTL DRNK MX,7.0,1930.0899999999958,374,611
DRUG GM,BATTERIES,7.0,2107.300000000001,278,355
DELI,SUSHI,7.0,800.5500000000001,46,101
DRUG GM,FOOT CARE PRODUCTS,7.0,390.64,48,57
GROCERY,FRZN POTATOES,7.0,2994.080000000005,587,1105
GROCERY,BEANS - CANNED GLASS & MW,7.0,2533.349999999999,751,1334
DRUG GM,FIRST AID PRODUCTS,7.0,1627.1000000000015,251,332
DRUG GM,BABY HBC,7.0,2259.3900000000017,328,550
PASTRY,ROLLS,7.0,1512.520000000001,416,706
DRUG GM,CANDLES/ACCESSORIES,7.0,1009.9600000000003,148,185
DELI,PARTY TRAYS,7.0,712.4200000000001,42,49
DRUG GM,GLASSWARE & DINNERWARE,7.0,199.06,18,22
SEAFOOD-PCKGD,SEAFOOD - MISC,7.0,269.13000000000005,116,138
SEAFOOD,SEAFOOD-FRESH,7.0,2589.79,199,341
DRUG GM,TOYS AND GAMES,7.0,1504.7900000000009,177,260
NUTRITION,CEREAL/BREAKFAST,7.0,963.4200000000003,106,208
DRUG GM,J-HOOKS,7.0,511.09000000000003,112,136
GROCERY,NEW AGE,7.0,371.01999999999987,74,120
MEAT,EXOTIC GAME/FOWL,7.0,387.7900000000001,46,53
CNTRL/STORE SUP,COUPON/MISC ITEMS,7.0,18.95,8,9
DRUG GM,WATCHES/CALCULATORS/LOBBY,7.0,26.94,5,5
DRUG GM,HOME HEALTH CARE,3.0,36.269999999999996,3,3
TRAVEL & LEISUR,MELONS,6.0,2.4,1,1
DELI,COFFEE SHOP,3.0,0.99,1,1
TRAVEL & LEISUR,BERRIES,3.0,3.0,1,1
NUTRITION,BULK FOODS,6.0,0.0,1,1
DRUG GM,COUPON/MISC ITEMS,7.0,0.27,1,1
GROCERY,FRZN MEAT/MEAT DINNERS,8.0,20893.50999999993,1052,2749
GROCERY,SPICES & EXTRACTS,8.0,3671.530000000005,747,1213
GROCERY,CRACKERS/MISC BKD FD,8.0,8705.990000000002,1252,2954
GROCERY,DRY NOODLES/PASTA,8.0,3161.6699999999973,954,1824
DRUG GM,CANDY - CHECKLANE,8.0,2766.66000000001,959,2353
GROCERY,CHEESE,8.0,23967.909999999898,1627,5879
GROCERY,TEAS,8.0,1461.1300000000006,312,442
GROCERY,PAPER TOWELS,8.0,3799.0300000000016,643,1264
GROCERY,SALD DRSNG/SNDWCH SPRD,8.0,5783.2700000000095,1066,1989
PASTRY,ROLLS,8.0,1145.21,350,570
GROCERY,FRUIT - SHELF STABLE,8.0,5381.950000000021,818,1726
DRUG GM,J-HOOKS,8.0,463.17999999999995,111,127
PRODUCE,GRAPES,8.0,3778.1900000000005,630,1132
GROCERY,ICE CREAM/MILK/SHERBTS,8.0,8740.049999999985,1022,2176
GROCERY,FRZN POTATOES,8.0,2877.7399999999984,580,1010
PRODUCE,VEGETABLES SALAD,8.0,1754.5100000000068,599,1198
GROCERY,HISPANIC,8.0,6588.040000000008,906,1901
GROCERY,BEANS - CANNED GLASS & MW,8.0,2187.3999999999996,689,1156
GROCERY,NEW AGE,8.0,590.1500000000001,83,155
GROCERY,FRZN BREAKFAST FOODS,8.0,3085.5200000000013,512,869
DELI,SUSHI,8.0,787.29,45,103
SEAFOOD,SEAFOOD-FRESH,8.0,2781.2,211,344
PRODUCE,PROCESSED,8.0,1833.7900000000022,340,546
DRUG GM,FIRST AID PRODUCTS,8.0,1340.97,250,306
PRODUCE,MUSHROOMS,8.0,1603.3800000000017,317,609
DRUG GM,CANDLES/ACCESSORIES,8.0,984.0100000000002,134,175
DRUG GM,BABY HBC,8.0,2148.170000000002,326,516
GROCERY,PWDR/CRYSTL DRNK MX,8.0,1800.9599999999964,351,573
DELI,PARTY TRAYS,8.0,1125.6200000000003,70,76
GROCERY,PET CARE SUPPLIES,8.0,1660.1600000000017,197,298
DRUG GM,TOYS AND GAMES,8.0,1411.630000000001,182,252
SEAFOOD-PCKGD,SEAFOOD - MISC,8.0,379.26,150,181
DRUG GM,BATTERIES,8.0,1782.9200000000003,243,296
NUTRITION,CEREAL/BREAKFAST,8.0,1086.9200000000005,100,191
DRUG GM,GLASSWARE & DINNERWARE,8.0,185.24,13,17
DRUG GM,FOOT CARE PRODUCTS,8.0,407.5,50,57
MEAT,EXOTIC GAME/FOWL,8.0,255.45000000000007,34,36
TOYS,TOYS,8.0,0.99,1,1
CNTRL/STORE SUP,COUPON/MISC ITEMS,8.0,26.0,5,5
DRUG GM,FIREWORKS,8.0,164.26,18,18
DRUG GM,WATCHES/CALCULATORS/LOBBY,8.0,32.46,3,3
PRODUCE,PROD SUPPLIES,4.0,1.79,1,1
DRUG GM,GREETING CARDS/WRAP/PARTY SPLY,1.0,2297.6500000000024,333,483
GROCERY,REFRGRATD JUICES/DRNKS,1.0,3681.5099999999693,644,1402
NUTRITION,DRIED FRUIT,1.0,369.40000000000026,96,122
KIOSK-GAS,COUPON/MISC ITEMS,1.0,11936.16,253,614
GROCERY,WATER - CARBONATED/FLVRD DRINK,1.0,3660.459999999964,478,968
PRODUCE,MELONS,1.0,898.9900000000007,220,293
DRUG GM,CIGARETTES,1.0,4930.309999999996,239,569
PASTRY,CAKES,1.0,2178.2900000000004,199,242
GROCERY,DINNER MXS:DRY,1.0,2258.0700000000047,395,611
NUTRITION,FROZEN,1.0,454.70000000000033,50,84
GROCERY,PAPER HOUSEWARES,1.0,1343.6600000000026,296,418
GROCERY,SOUP,1.0,2978.380000000001,512,858
DRUG GM,APPAREL,1.0,172.47,25,28
DRUG GM,INFANT CARE PRODUCTS,1.0,386.52000000000004,57,71
GROCERY,DRY BN/VEG/POTATO/RICE,1.0,1764.1400000000126,434,635
PRODUCE,CORN,1.0,640.1600000000003,200,272
GROCERY,SUGARS/SWEETNERS,1.0,1250.4900000000036,362,504
DRUG GM,PREPAID WIRELESS&ACCESSORIES,1.0,1236.8600000000001,32,61
PRODUCE,HERBS,1.0,254.56000000000026,108,153
GROCERY,FROZEN BREAD/DOUGH,1.0,869.7400000000001,253,343
FLORAL,FLORAL-FRESH CUT,1.0,1093.6200000000006,99,125
DRUG GM,ELECTRICAL SUPPPLIES,1.0,497.8800000000001,100,116
GROCERY,CAT FOOD,1.0,1413.1199999999976,138,278
NUTRITION,JUICE,1.0,211.76,36,57
MEAT,SMOKED MEATS,1.0,830.1099999999997,113,145
GROCERY,BLEACH,1.0,463.0400000000002,162,205
GROCERY,MOLASSES/SYRUP/PANCAKE MIXS,1.0,710.2000000000014,186,229
SEAFOOD,SEAFOOD - FROZEN,1.0,397.23,35,38
DRUG GM,DIAPERS & DISPOSABLES,1.0,2954.429999999994,134,236
PASTRY,PIES,1.0,473.89000000000067,81,116
DRUG GM,GLASSES/VISION AIDS,1.0,47.96,4,4
NUTRITION,BREAD,1.0,12.96,4,4
GROCERY,CHEESE,2.0,23801.13999999989,1676,5928
GROCERY,FRZN MEAT/MEAT DINNERS,2.0,19059.83999999995,1069,2896
NUTRITION,CEREAL/BREAKFAST,2.0,867.4400000000005,94,196
GROCERY,DRY NOODLES/PASTA,2.0,2741.019999999998,897,1707
GROCERY,CRACKERS/MISC BKD FD,2.0,7482.249999999991,1120,2590
GROCERY,SALD DRSNG/SNDWCH SPRD,2.0,6553.719999999989,1193,2324
GROCERY,FRZN POTATOES,2.0,2662.2300000000027,590,1038
GROCERY,SPICES & EXTRACTS,2.0,3310.5200000000013,700,1097
PRODUCE,GRAPES,2.0,4951.559999999998,854,1683
GROCERY,PAPER TOWELS,2.0,3874.500000000001,668,1313
DRUG GM,CANDY - CHECKLANE,2.0,3947.2299999999923,1133,3441
GROCERY,ICE CREAM/MILK/SHERBTS,2.0,12023.489999999958,1176,2886
GROCERY,BEANS - CANNED GLASS & MW,2.0,2307.6900000000005,706,1215
DRUG GM,BABY HBC,2.0,1914.530000000002,301,512
GROCERY,FRZN BREAKFAST FOODS,2.0,2974.7900000000036,532,943
SEAFOOD,SEAFOOD-FRESH,2.0,2424.5899999999997,199,352
GROCERY,FRUIT - SHELF STABLE,2.0,4575.350000000007,776,1514
PRODUCE,VEGETABLES SALAD,2.0,1953.7500000000089,763,1613
GROCERY,HISPANIC,2.0,6178.750000000012,887,1771
DELI,PARTY TRAYS,2.0,444.62999999999994,35,39
PRODUCE,PROCESSED,2.0,1750.3400000000029,388,544
GROCERY,TEAS,2.0,1438.2900000000004,326,454
DRUG GM,TOYS AND GAMES,2.0,1087.8600000000008,181,220
DRUG GM,BATTERIES,2.0,1437.8000000000002,204,252
GROCERY,PET CARE SUPPLIES,2.0,1754.3300000000022,205,321
DRUG GM,FIRST AID PRODUCTS,2.0,1744.5400000000027,291,385
PASTRY,ROLLS,2.0,1321.100000000002,375,733
GROCERY,PWDR/CRYSTL DRNK MX,2.0,2354.320000000006,472,806
PRODUCE,MUSHROOMS,2.0,1498.890000000003,325,610
DRUG GM,FOOT CARE PRODUCTS,2.0,556.53,64,71
DRUG GM,CANDLES/ACCESSORIES,2.0,496.79,125,171
DELI,SUSHI,2.0,661.8199999999998,34,77
SEAFOOD-PCKGD,SEAFOOD - MISC,2.0,261.73,110,127
DRUG GM,J-HOOKS,2.0,519.49,129,151
DRUG GM,WATCHES/CALCULATORS/LOBBY,2.0,65.79,10,12
DRUG GM,COUPON/MISC ITEMS,2.0,153.63,4,5
DRUG GM,FIREWORKS,2.0,234.35000000000005,34,37
DRUG GM,GLASSWARE & DINNERWARE,2.0,197.56,26,28
GROCERY,NEW AGE,2.0,5.75,5,5
MEAT,EXOTIC GAME/FOWL,2.0,40.370000000000005,6,7
CNTRL/STORE SUP,COUPON/MISC ITEMS,2.0,0.0,1,1
NUTRITION,JUICE,6.0,479.45,72,131
KIOSK-GAS,COUPON/MISC ITEMS,6.0,89183.71999999988,721,3126
DRUG GM,CIGARETTES,6.0,14425.700000000003,431,1599
GROCERY,REFRGRATD JUICES/DRNKS,6.0,9702.559999999994,1160,3547
DRUG GM,SINUS AND ALLERGY,6.0,1765.090000000001,177,229
GROCERY,SOUP,6.0,9149.870000000008,1085,2619
GROCERY,BLEACH,6.0,1618.360000000001,367,540
GROCERY,WATER - CARBONATED/FLVRD DRINK,6.0,10109.519999999935,952,2948
GROCERY,DRY BN/VEG/POTATO/RICE,6.0,5103.720000000008,881,1745
DRUG GM,DIAPERS & DISPOSABLES,6.0,8144.9399999999905,260,629
GROCERY,DINNER MXS:DRY,6.0,6108.2500000000155,860,1709
PRODUCE,MELONS,6.0,4239.26000000001,619,1207
GROCERY,PAPER HOUSEWARES,6.0,3537.0600000000063,640,1111
GROCERY,CAT FOOD,6.0,4910.620000000004,340,977
PRODUCE,CORN,6.0,1027.7300000000002,364,632
GROCERY,SUGARS/SWEETNERS,6.0,3708.8900000000017,723,1290
PASTRY,CAKES,6.0,5366.720000000005,454,679
MEAT,SMOKED MEATS,6.0,2369.100000000001,321,484
DRUG GM,ELECTRICAL SUPPPLIES,6.0,1143.1299999999999,220,275
NUTRITION,DRIED FRUIT,6.0,1059.5000000000005,221,327
GROCERY,FROZEN BREAD/DOUGH,6.0,2324.140000000001,518,837
GROCERY,MOLASSES/SYRUP/PANCAKE MIXS,6.0,1832.2700000000011,422,608
DRUG GM,GREETING CARDS/WRAP/PARTY SPLY,6.0,3613.9200000000087,557,878
SEAFOOD,SEAFOOD - FROZEN,6.0,1913.9100000000003,111,176
PASTRY,PIES,6.0,1519.7400000000018,248,383
DRUG GM,PREPAID WIRELESS&ACCESSORIES,6.0,2410.42,63,117
FLORAL,FLORAL-FRESH CUT,6.0,2049.650000000001,210,286
PRODUCE,HERBS,6.0,545.4600000000002,269,433
NUTRITION,FROZEN,6.0,1553.1800000000017,106,227
DRUG GM,INFANT CARE PRODUCTS,6.0,958.4100000000007,123,162
FLORAL,GIFT & FRUIT BASKETS,6.0,2.03,1,1
FROZEN GROCERY,UNKNOWN,6.0,81.77,33,35
GM MERCH EXP,COUPON/MISC ITEMS,6.0,35.57,17,20
DRUG GM,APPAREL,6.0,601.96,58,65
PASTRY,BAKERY PARTY TRAYS,6.0,81.16000000000001,9,9
NUTRITION,BREAD,6.0,74.17,21,23
DRUG GM,GLASSES/VISION AIDS,6.0,186.38,19,20
MEAT,(CORP USE ONLY),6.0,46.13,9,9
NUTRITION,NON-DAIRY BEVERAGES,6.0,305.86,33,77
DRUG GM,DOLLAR VALUE PRODUCTS,6.0,69.89,15,15
DRUG GM,CANDY - CHECKLANE,3.0,3620.980000000021,1065,2908
GROCERY,ICE CREAM/MILK/SHERBTS,3.0,10822.939999999966,1086,2632
PRODUCE,PROCESSED,3.0,2255.0400000000036,409,648
GROCERY,CHEESE,3.0,26180.899999999863,1637,6457
GROCERY,SALD DRSNG/SNDWCH SPRD,3.0,5813.720000000014,1067,2051
PRODUCE,GRAPES,3.0,4333.67,649,1157
GROCERY,HISPANIC,3.0,5892.420000000018,876,1837
GROCERY,FRZN POTATOES,3.0,3139.160000000001,634,1228
GROCERY,FRZN MEAT/MEAT DINNERS,3.0,21155.689999999897,1128,3165
GROCERY,BEANS - CANNED GLASS & MW,3.0,2442.570000000002,735,1305
GROCERY,CRACKERS/MISC BKD FD,3.0,9170.240000000005,1270,3344
SEAFOOD,SEAFOOD-FRESH,3.0,2199.62,188,317
DRUG GM,CANDLES/ACCESSORIES,3.0,1243.0800000000008,160,223
DRUG GM,TOYS AND GAMES,3.0,1569.2600000000011,163,214
GROCERY,PAPER TOWELS,3.0,3820.5600000000027,649,1286
GROCERY,DRY NOODLES/PASTA,3.0,3353.600000000003,1025,2057
GROCERY,SPICES & EXTRACTS,3.0,4228.340000000001,854,1449
GROCERY,FRUIT - SHELF STABLE,3.0,5628.149999999989,930,1941
NUTRITION,CEREAL/BREAKFAST,3.0,767.7900000000002,80,176
DRUG GM,BATTERIES,3.0,1843.3600000000004,256,318
DRUG GM,FIRST AID PRODUCTS,3.0,1336.4300000000003,228,307
DRUG GM,GLASSWARE & DINNERWARE,3.0,128.31,31,32
PRODUCE,MUSHROOMS,3.0,1424.4400000000026,311,589
GROCERY,TEAS,3.0,1633.5000000000005,349,481
PRODUCE,VEGETABLES SALAD,3.0,1681.1400000000076,646,1369
PASTRY,ROLLS,3.0,1429.8900000000017,376,671
GROCERY,PWDR/CRYSTL DRNK MX,3.0,1918.9999999999925,336,621
GROCERY,FRZN BREAKFAST FOODS,3.0,3237.7800000000034,524,1009
DRUG GM,BABY HBC,3.0,1953.1100000000022,304,531
DELI,PARTY TRAYS,3.0,859.6000000000001,41,47
GROCERY,PET CARE SUPPLIES,3.0,1819.820000000002,226,340
DRUG GM,FOOT CARE PRODUCTS,3.0,550.5800000000002,56,68
SEAFOOD-PCKGD,SEAFOOD - MISC,3.0,254.12,102,120
DELI,SUSHI,3.0,692.65,35,85
DRUG GM,J-HOOKS,3.0,376.2199999999999,95,110
GROCERY,NEW AGE,3.0,168.86999999999998,47,84
DRUG GM,WATCHES/CALCULATORS/LOBBY,3.0,90.91,12,12
MEAT,EXOTIC GAME/FOWL,3.0,298.42999999999995,33,39
DRUG GM,COUPON/MISC ITEMS,3.0,13.08,3,3
DRUG GM,DEODORANTS,5.0,2196.44,459,600
MEAT-PCKGD,BREAKFAST SAUSAGE/SANDWICHES,5.0,5986.719999999999,732,1479
MEAT-PCKGD,LUNCHMEAT,5.0,12627.759999999873,1171,3195
NUTRITION,FITNESS&DIET,5.0,1497.9000000000003,102,243
GROCERY,PASTA SAUCE,5.0,4518.170000000011,811,1542
GROCERY,FRZN NOVELTIES/WTR ICE,5.0,6537.81999999999,803,1701
GROCERY,FACIAL TISS/DNR NAPKIN,5.0,2508.930000000004,489,879
PASTRY,BREAD,5.0,2328.5800000000036,465,1049
GROCERY,CONVENIENT BRKFST/WHLSM SNACKS,5.0,8055.610000000011,806,1993
GROCERY,BAKING NEEDS,5.0,3340.730000000008,729,1258
RESTAURANT,QUICK SERVICE,5.0,64.57,12,14
DRUG GM,SUNTAN,5.0,1012.3800000000006,110,126
GROCERY,BEERS/ALES,5.0,20656.86999999971,716,2139
SEAFOOD-PCKGD,SEAFOOD - FROZEN,5.0,7256.12999999999,543,937
DRUG GM,VITAMINS,5.0,2887.130000000002,208,288
DELI,CHEESES,5.0,6939.019999999993,646,1590
DRUG GM,SOAP - LIQUID & BAR,5.0,3064.9500000000025,541,807
FLORAL,FLORAL- HARD GOODS,5.0,460.13000000000005,36,53
DRUG GM,EYE AND EAR CARE PRODUCTS,5.0,1083.7600000000007,140,173
DRUG GM,BROOMS AND MOPS,5.0,1264.360000000001,317,404
GROCERY,AIR CARE,5.0,2060.100000000003,306,466
NUTRITION,CHIPS&SNACKS,5.0,857.3400000000006,145,243
PRODUCE,PEARS,5.0,472.85,140,233
GROCERY,COUPON/MISC ITEMS,5.0,528.8500000000001,167,184
COSMETICS,MAKEUP AND TREATMENT,5.0,3533.5800000000036,368,580
GROCERY,ISOTONIC DRINKS,5.0,4263.959999999998,410,898
FLORAL,ROSES,5.0,655.48,48,49
DRUG GM,COOKWARE & BAKEWARE,5.0,791.4900000000005,94,101
NUTRITION,BAKING,5.0,249.24,41,55
DRUG GM,IRONING AND CHEMICALS,5.0,429.0,42,50
DRUG GM,SHOE CARE,5.0,73.09,24,27
SEAFOOD-PCKGD,FROZEN - BOXED(GROCERY),5.0,828.8800000000006,115,139
DRUG GM,AUDIO/VIDEO PRODUCTS,5.0,1438.6100000000006,96,110
FLORAL,FLORAL-ACCESSORIES,5.0,161.87,14,15
DRUG GM,PROPANE,5.0,329.35999999999996,15,15
NUTRITION,NON EDIBLE PRODUCTS,5.0,38.54,5,5
DRUG GM,HOME FREEZING & CANNING SUPPLY,5.0,80.52000000000001,10,11
GROCERY,EGGS,4.0,5981.940000000013,1412,4083
DELI,PREPARED FOOD,4.0,3047.880000000001,273,686
GROCERY,LAUNDRY ADDITIVES,4.0,2957.500000000002,408,637
GROCERY,BATH TISSUES,4.0,8506.859999999966,897,1857
GROCERY,CAT LITTER,4.0,2278.810000000001,217,390
 , ,4.0,0.0,426,878
DRUG GM,COFFEE FILTERS,4.0,706.2700000000002,201,242
MEAT,CHICKEN,4.0,14002.669999999995,935,2145
TRAVEL & LEISUR,APPLES,4.0,207.8,62,72
PRODUCE,APPLES,4.0,5272.020000000004,816,1884
DELI,CHICKEN/POULTRY,4.0,4112.730000000001,422,798
PRODUCE,POPCORN,4.0,1917.4200000000021,379,596
DRUG GM,INFANT FORMULA,4.0,6855.330000000001,137,400
DRUG GM,ETHNIC PERSONAL CARE,4.0,180.73,40,49
COSMETICS,BATH,4.0,653.5900000000001,137,164
PRODUCE,NUTS,4.0,1228.0000000000007,174,258
PRODUCE,VALUE ADDED VEGETABLES,4.0,1298.8600000000013,215,350
NUTRITION,WATER,4.0,728.0300000000002,123,258
DRUG GM,FAMILY PLANNING,4.0,758.1200000000001,79,89
NUTRITION,PACKAGED NATURAL SNACKS,4.0,180.54000000000005,40,57
NUTRITION,SOUP,4.0,234.38,38,55
COUP/STR & MFG,COUPONS/STORE & MFG,4.0,144.31,74,98
DRUG GM,SPORTS MEMORABLILIA,4.0,19.44,7,7
MEAT,VEAL,4.0,91.61,12,14
DRUG GM,CIGARS,4.0,75.87,15,21
DRUG GM,PORTABLE ELECTRIC APPLIANCES,4.0,129.91,13,13
RESTAURANT,COFFEE SHOP SWEET GOODS&RETAIL,4.0,46.96,7,9
NUTRITION,NATURAL VITAMINS,4.0,16.97,3,3
DRUG GM,MISCELLANEOUS HBC,5.0,9.56,3,4
DRUG GM,VALENTINE,1.0,3.7199999999999998,3,3
DRUG GM,DOLLAR VALUE PRODUCTS,1.0,1.0,1,1
NUTRITION,NON-DAIRY BEVERAGES,1.0,63.63000000000001,13,20
DRUG GM,SINUS AND ALLERGY,1.0,745.7500000000003,86,99
FROZEN GROCERY,UNKNOWN,1.0,35.05,12,15
MEAT,(CORP USE ONLY),1.0,11.51,6,6
PASTRY,BAKERY PARTY TRAYS,1.0,3.99,1,1
DRUG GM,HOME HEALTH CARE,5.0,34.28,2,2
FLORAL,PROD SUPPLIES,2.0,2.99,1,1
GROCERY,CONVENIENT BRKFST/WHLSM SNACKS,7.0,7943.350000000003,796,1963
GROCERY,FACIAL TISS/DNR NAPKIN,7.0,2636.260000000003,533,972
GROCERY,BAKING NEEDS,7.0,6165.289999999995,937,1946
DRUG GM,DEODORANTS,7.0,2418.2900000000022,460,644
GROCERY,PASTA SAUCE,7.0,4969.529999999998,858,1621
SEAFOOD-PCKGD,SEAFOOD - FROZEN,7.0,6645.980000000001,536,926
MEAT-PCKGD,BREAKFAST SAUSAGE/SANDWICHES,7.0,6489.749999999997,765,1537
GROCERY,BEERS/ALES,7.0,19000.42999999976,666,2001
PRODUCE,PEARS,7.0,984.7299999999998,245,414
GROCERY,FRZN NOVELTIES/WTR ICE,7.0,4053.460000000003,550,984
MEAT-PCKGD,LUNCHMEAT,7.0,12128.369999999875,1161,3199
DRUG GM,AUDIO/VIDEO PRODUCTS,7.0,2649.8100000000004,129,166
PASTRY,BREAD,7.0,2538.1600000000026,506,1138
COSMETICS,MAKEUP AND TREATMENT,7.0,3527.4900000000007,344,567
DELI,CHEESES,7.0,7487.869999999997,667,1529
GROCERY,AIR CARE,7.0,3166.0800000000036,402,622
DRUG GM,SOAP - LIQUID & BAR,7.0,3230.840000000002,556,853
NUTRITION,FITNESS&DIET,7.0,1442.3,100,235
DRUG GM,EYE AND EAR CARE PRODUCTS,7.0,1240.9300000000003,136,172
RESTAURANT,QUICK SERVICE,7.0,114.87,11,16
DRUG GM,VITAMINS,7.0,3209.3900000000017,221,313
DRUG GM,COOKWARE & BAKEWARE,7.0,1353.3200000000006,164,192
DRUG GM,BROOMS AND MOPS,7.0,1349.3800000000012,316,423
SEAFOOD-PCKGD,FROZEN - BOXED(GROCERY),7.0,759.4700000000003,97,121
GROCERY,ISOTONIC DRINKS,7.0,2543.97,295,617
DRUG GM,IRONING AND CHEMICALS,7.0,325.26,35,37
GROCERY,COUPON/MISC ITEMS,7.0,592.26,143,154
NUTRITION,CHIPS&SNACKS,7.0,694.34,110,192
DRUG GM,SHOE CARE,7.0,88.25,35,35
FLORAL,ROSES,7.0,995.4100000000002,67,79
DRUG GM,SUNTAN,7.0,106.61,10,11
FLORAL,FLORAL- HARD GOODS,7.0,192.7,31,35
NUTRITION,BAKING,7.0,297.97,33,58
FLORAL,FLORAL-ACCESSORIES,7.0,75.86,13,13
NUTRITION,NON EDIBLE PRODUCTS,7.0,108.27,12,18
DRUG GM,MISCELLANEOUS HBC,7.0,11.96,4,4
DRUG GM,HOME FREEZING & CANNING SUPPLY,7.0,158.23000000000002,19,21
DRUG GM,PROPANE,7.0,109.94999999999999,5,5
DAIRY DELI,EGGS,3.0,67.45000000000003,49,52
TOYS,TOYS,3.0,4.68,2,2
CNTRL/STORE SUP,COUPON/MISC ITEMS,3.0,3.1,4,4
DRUG GM,LAWN AND GARDEN SHOP,4.0,12.99,1,1
DRUG GM,VALENTINE,6.0,9.99,1,1
PRODUCE,SALAD BAR,6.0,4.09,1,1
AUTOMOTIVE,NEWSPAPER,6.0,0.5,1,1
RX,COUPON/MISC ITEMS,5.0,12.0,1,1
GROCERY,PASTA SAUCE,8.0,4546.220000000009,847,1532
GROCERY,CONVENIENT BRKFST/WHLSM SNACKS,8.0,6890.539999999983,784,1802
NUTRITION,NON EDIBLE PRODUCTS,8.0,112.96000000000002,10,18
GROCERY,AIR CARE,8.0,2119.8200000000033,326,452
GROCERY,BEERS/ALES,8.0,16101.85999999981,614,1747
MEAT-PCKGD,LUNCHMEAT,8.0,11402.729999999872,1147,2864
NUTRITION,FITNESS&DIET,8.0,1094.18,90,193
GROCERY,ISOTONIC DRINKS,8.0,2431.569999999999,276,539
DELI,CHEESES,8.0,7005.049999999997,647,1397
DRUG GM,IRONING AND CHEMICALS,8.0,240.40999999999994,34,35
MEAT-PCKGD,BREAKFAST SAUSAGE/SANDWICHES,8.0,6313.639999999992,762,1535
GROCERY,FACIAL TISS/DNR NAPKIN,8.0,2653.560000000004,536,972
SEAFOOD-PCKGD,SEAFOOD - FROZEN,8.0,7348.319999999983,593,982
GROCERY,BAKING NEEDS,8.0,3974.360000000005,738,1305
PRODUCE,PEARS,8.0,642.5699999999999,168,257
DRUG GM,VITAMINS,8.0,3219.6500000000015,208,301
DRUG GM,SOAP - LIQUID & BAR,8.0,2551.0200000000013,496,719
PASTRY,BREAD,8.0,2382.720000000004,546,1079
COSMETICS,MAKEUP AND TREATMENT,8.0,3119.2500000000023,328,500
DRUG GM,BROOMS AND MOPS,8.0,1431.5800000000008,299,380
DRUG GM,DEODORANTS,8.0,1800.1700000000005,389,484
DRUG GM,AUDIO/VIDEO PRODUCTS,8.0,1588.3600000000006,94,120
NUTRITION,CHIPS&SNACKS,8.0,695.1300000000001,121,191
GROCERY,FRZN NOVELTIES/WTR ICE,8.0,3771.570000000003,547,984
DRUG GM,COOKWARE & BAKEWARE,8.0,870.2700000000002,122,144
GROCERY,COUPON/MISC ITEMS,8.0,416.28000000000003,124,134
FLORAL,ROSES,8.0,1286.0300000000004,57,62
DRUG GM,EYE AND EAR CARE PRODUCTS,8.0,1007.3700000000001,89,106
SEAFOOD-PCKGD,FROZEN - BOXED(GROCERY),8.0,1047.710000000001,125,155
FLORAL,FLORAL- HARD GOODS,8.0,411.9700000000001,34,36
DRUG GM,SHOE CARE,8.0,107.95000000000002,30,31
NUTRITION,BAKING,8.0,154.78000000000003,31,41
DRUG GM,HOME HEALTH CARE,8.0,20.29,1,1
RESTAURANT,QUICK SERVICE,8.0,191.69,24,32
FLORAL,FLORAL-ACCESSORIES,8.0,73.44999999999999,9,9
DRUG GM,SUNTAN,8.0,140.54,7,8
DRUG GM,HOME FREEZING & CANNING SUPPLY,8.0,52.239999999999995,10,10
DRUG GM,PROPANE,8.0,18.49,1,1
PRODUCE,SEASONAL,4.0,2.99,1,1
DRUG GM,MISCELLANEOUS HBC,8.0,8.97,3,3
GROCERY,DRY NOODLES/PASTA,1.0,1062.430000000001,440,662
GROCERY,FRUIT - SHELF STABLE,1.0,1947.0500000000013,392,611
GROCERY,CHEESE,1.0,9159.129999999932,974,2184
GROCERY,BEANS - CANNED GLASS & MW,1.0,1017.9099999999978,356,486
GROCERY,SPICES & EXTRACTS,1.0,1433.8300000000008,348,459
GROCERY,CRACKERS/MISC BKD FD,1.0,3131.989999999979,620,1066
GROCERY,FRZN MEAT/MEAT DINNERS,1.0,7463.949999999952,590,1112
GROCERY,HISPANIC,1.0,2211.810000000002,416,661
PRODUCE,MUSHROOMS,1.0,595.6900000000011,163,239
GROCERY,FRZN BREAKFAST FOODS,1.0,1127.2000000000016,203,329
GROCERY,SALD DRSNG/SNDWCH SPRD,1.0,2775.58,600,962
DRUG GM,CANDY - CHECKLANE,1.0,1670.4800000000037,608,1396
DRUG GM,CANDLES/ACCESSORIES,1.0,253.52,43,56
DRUG GM,J-HOOKS,1.0,132.75999999999996,29,37
GROCERY,ICE CREAM/MILK/SHERBTS,1.0,4191.439999999983,580,999
DRUG GM,BATTERIES,1.0,544.8299999999999,91,104
GROCERY,PET CARE SUPPLIES,1.0,655.2500000000003,95,125
GROCERY,PAPER TOWELS,1.0,1376.660000000002,314,465
SEAFOOD-PCKGD,SEAFOOD - MISC,1.0,115.04,54,58
GROCERY,FRZN POTATOES,1.0,903.3500000000024,248,354
DRUG GM,GLASSWARE & DINNERWARE,1.0,35.300000000000004,8,8
DRUG GM,FOOT CARE PRODUCTS,1.0,313.24000000000007,37,39
DRUG GM,FIRST AID PRODUCTS,1.0,660.0600000000005,117,134
GROCERY,PWDR/CRYSTL DRNK MX,1.0,920.9000000000021,230,297
NUTRITION,CEREAL/BREAKFAST,1.0,283.54,34,59
DRUG GM,FIREWORKS,1.0,67.13,16,21
DRUG GM,TOYS AND GAMES,1.0,594.1100000000008,96,114
PASTRY,ROLLS,1.0,566.3700000000008,171,271
DRUG GM,BABY HBC,1.0,830.0600000000002,151,210
SEAFOOD,SEAFOOD-FRESH,1.0,1021.4200000000003,103,152
PRODUCE,VEGETABLES SALAD,1.0,798.4000000000041,372,608
PRODUCE,GRAPES,1.0,1556.6000000000001,349,503
GROCERY,TEAS,1.0,698.6500000000007,157,204
PRODUCE,PROCESSED,1.0,633.4300000000005,161,197
DELI,SUSHI,1.0,178.84999999999997,12,24
DRUG GM,CIGARETTES,2.0,14852.389999999981,461,1680
GROCERY,BLEACH,2.0,1230.6200000000003,359,495
GROCERY,SOUP,2.0,8229.14,1065,2415
GROCERY,REFRGRATD JUICES/DRNKS,2.0,9553.529999999942,1216,3847
KIOSK-GAS,COUPON/MISC ITEMS,2.0,68004.62999999995,704,2729
GROCERY,DRY BN/VEG/POTATO/RICE,2.0,4838.490000000018,895,1690
GROCERY,SUGARS/SWEETNERS,2.0,3470.220000000011,757,1361
GROCERY,WATER - CARBONATED/FLVRD DRINK,2.0,9773.179999999913,950,2756
GROCERY,PAPER HOUSEWARES,2.0,2925.6600000000035,582,977
GROCERY,FROZEN BREAD/DOUGH,2.0,2204.6000000000004,516,836
DRUG GM,DIAPERS & DISPOSABLES,2.0,7587.7599999999875,224,580
DRUG GM,GREETING CARDS/WRAP/PARTY SPLY,2.0,3288.5900000000092,549,856
MEAT,SMOKED MEATS,2.0,2340.6900000000005,297,421
GROCERY,DINNER MXS:DRY,2.0,6099.780000000008,805,1620
NUTRITION,FROZEN,2.0,1348.51,84,202
PRODUCE,CORN,2.0,1883.070000000001,470,816
FLORAL,FLORAL-FRESH CUT,2.0,2491.950000000001,198,320
PRODUCE,HERBS,2.0,853.3300000000013,273,505
PASTRY,CAKES,2.0,4881.570000000002,388,542
PRODUCE,MELONS,2.0,3559.9500000000044,596,1204
GROCERY,CAT FOOD,2.0,4112.179999999994,309,832
NUTRITION,DRIED FRUIT,2.0,933.0400000000004,217,309
DRUG GM,PREPAID WIRELESS&ACCESSORIES,2.0,3215.75,98,172
DRUG GM,ELECTRICAL SUPPPLIES,2.0,1137.04,226,282
GROCERY,MOLASSES/SYRUP/PANCAKE MIXS,2.0,1645.3000000000025,419,569
NUTRITION,NON-DAIRY BEVERAGES,2.0,194.26000000000005,29,53
NUTRITION,JUICE,2.0,586.83,64,109
DRUG GM,INFANT CARE PRODUCTS,2.0,759.2000000000003,89,134
SEAFOOD,SEAFOOD - FROZEN,2.0,1052.04,90,110
PASTRY,PIES,2.0,1207.3100000000015,190,262
FROZEN GROCERY,UNKNOWN,2.0,26.42,15,16
DRUG GM,APPAREL,2.0,417.53000000000003,80,91
DRUG GM,SINUS AND ALLERGY,2.0,1620.1400000000008,155,217
MEAT,(CORP USE ONLY),2.0,10.26,7,7
DRUG GM,GLASSES/VISION AIDS,2.0,190.13,16,18
PASTRY,BAKERY PARTY TRAYS,2.0,58.54,4,4
NUTRITION,BREAD,2.0,39.900000000000006,7,9
DRUG GM,DOLLAR VALUE PRODUCTS,2.0,8.33,4,4
TRAVEL & LEISUR,TROPICAL FRUIT,2.0,0.71,1,1
SEAFOOD,SEAFOOD-FRESH,6.0,2737.38,218,385
DRUG GM,CANDY - CHECKLANE,6.0,4066.820000000001,1129,3434
GROCERY,ICE CREAM/MILK/SHERBTS,6.0,12995.399999999938,1210,3148
GROCERY,CRACKERS/MISC BKD FD,6.0,8655.419999999993,1238,3116
GROCERY,SPICES & EXTRACTS,6.0,3445.6200000000013,751,1189
GROCERY,CHEESE,6.0,25010.56999999973,1628,6541
GROCERY,PWDR/CRYSTL DRNK MX,6.0,2698.2000000000044,490,918
PRODUCE,PROCESSED,6.0,2044.6700000000033,416,634
DRUG GM,FIRST AID PRODUCTS,6.0,1846.7100000000014,311,433
PRODUCE,VEGETABLES SALAD,6.0,2204.5400000000086,753,1669
GROCERY,FRUIT - SHELF STABLE,6.0,4911.77000000001,774,1610
PRODUCE,GRAPES,6.0,5487.890000000001,732,1471
GROCERY,BEANS - CANNED GLASS & MW,6.0,2495.530000000001,741,1369
GROCERY,SALD DRSNG/SNDWCH SPRD,6.0,6663.040000000006,1196,2436
GROCERY,DRY NOODLES/PASTA,6.0,3085.049999999998,929,1839
GROCERY,HISPANIC,6.0,6617.890000000009,924,1997
PRODUCE,MUSHROOMS,6.0,1547.9000000000028,324,603
DELI,SUSHI,6.0,747.6499999999999,49,91
GROCERY,FRZN POTATOES,6.0,2742.640000000005,531,972
GROCERY,FRZN MEAT/MEAT DINNERS,6.0,21403.219999999954,1088,3043
GROCERY,FRZN BREAKFAST FOODS,6.0,3347.080000000001,500,946
GROCERY,PAPER TOWELS,6.0,4769.740000000006,739,1578
GROCERY,TEAS,6.0,1549.6700000000003,328,474
DRUG GM,J-HOOKS,6.0,427.5599999999999,117,131
SEAFOOD-PCKGD,SEAFOOD - MISC,6.0,355.0100000000001,125,150
DRUG GM,BATTERIES,6.0,1576.4400000000007,245,297
PASTRY,ROLLS,6.0,1524.970000000001,418,727
GROCERY,PET CARE SUPPLIES,6.0,1666.520000000001,240,357
GROCERY,NEW AGE,6.0,329.55999999999995,68,105
DRUG GM,FOOT CARE PRODUCTS,6.0,602.9599999999999,67,86
DRUG GM,TOYS AND GAMES,6.0,1206.7700000000011,188,258
NUTRITION,CEREAL/BREAKFAST,6.0,1057.3000000000006,110,218
DRUG GM,BABY HBC,6.0,2141.690000000002,329,570
DRUG GM,CANDLES/ACCESSORIES,6.0,334.61999999999995,67,73
DELI,PARTY TRAYS,6.0,727.5000000000001,35,44
MEAT,EXOTIC GAME/FOWL,6.0,113.45000000000002,18,24
DRUG GM,GLASSWARE & DINNERWARE,6.0,159.2,29,29
GROCERY,WATER - CARBONATED/FLVRD DRINK,3.0,7470.139999999972,793,2199
PRODUCE,HERBS,3.0,776.960000000001,287,486
GROCERY,DINNER MXS:DRY,3.0,7081.050000000014,964,2025
GROCERY,DRY BN/VEG/POTATO/RICE,3.0,4936.570000000006,923,1836
DRUG GM,DIAPERS & DISPOSABLES,3.0,7644.129999999992,233,600
GROCERY,SOUP,3.0,13269.419999999973,1348,3687
GROCERY,REFRGRATD JUICES/DRNKS,3.0,9517.089999999962,1162,3513
GROCERY,PAPER HOUSEWARES,3.0,3004.320000000004,555,956
SEAFOOD,SEAFOOD - FROZEN,3.0,1009.8799999999999,85,121
FLORAL,FLORAL-FRESH CUT,3.0,2666.170000000001,204,274
NUTRITION,FROZEN,3.0,1348.3600000000006,84,177
GROCERY,MOLASSES/SYRUP/PANCAKE MIXS,3.0,1939.7300000000027,466,647
GROCERY,SUGARS/SWEETNERS,3.0,4142.779999999999,877,1644
MEAT,SMOKED MEATS,3.0,5101.890000000001,422,597
NUTRITION,DRIED FRUIT,3.0,1434.9700000000012,305,459
DRUG GM,GREETING CARDS/WRAP/PARTY SPLY,3.0,4165.7300000000105,575,972
GROCERY,CAT FOOD,3.0,4582.909999999998,307,895
PASTRY,CAKES,3.0,5059.900000000003,374,536
KIOSK-GAS,COUPON/MISC ITEMS,3.0,69242.13999999998,674,2817
PASTRY,PIES,3.0,2974.690000000004,355,567
PRODUCE,MELONS,3.0,730.6000000000001,133,206
DRUG GM,CIGARETTES,3.0,12779.439999999997,429,1518
GROCERY,FROZEN BREAD/DOUGH,3.0,2972.2000000000007,633,1106
DRUG GM,INFANT CARE PRODUCTS,3.0,746.2300000000001,113,147
GROCERY,BLEACH,3.0,1207.9000000000003,307,448
DRUG GM,SINUS AND ALLERGY,3.0,1877.590000000001,180,260
DRUG GM,ELECTRICAL SUPPPLIES,3.0,1676.7600000000002,322,420
TRAVEL & LEISUR,TROPICAL FRUIT,3.0,0.92,1,1
NUTRITION,BREAD,3.0,19.950000000000003,4,5
PRODUCE,CORN,3.0,352.92999999999995,86,107
DRUG GM,PREPAID WIRELESS&ACCESSORIES,3.0,2552.86,62,136
NUTRITION,NON-DAIRY BEVERAGES,3.0,224.29,31,60
DRUG GM,APPAREL,3.0,402.86,49,53
PASTRY,BAKERY PARTY TRAYS,3.0,131.29000000000002,20,20
FROZEN GROCERY,UNKNOWN,3.0,52.97,20,22
DRUG GM,GLASSES/VISION AIDS,3.0,165.17000000000002,13,16
NUTRITION,JUICE,3.0,408.15999999999997,72,103
MEAT,(CORP USE ONLY),3.0,45.83,9,9
FLORAL,GIFT & FRUIT BASKETS,3.0,350.73,3,3
PRODUCE,PEPPERS-ALL,5.0,2473.6800000000003,643,1261
GROCERY,VEGETABLES - SHELF STABLE,5.0,7041.130000000019,1147,2953
GROCERY,SHORTENING/OIL,5.0,3824.0099999999998,686,1093
GROCERY,CANNED JUICES,5.0,10374.519999999971,991,2723
DRUG GM,PLASTIC HOUSEWARES,5.0,1107.9900000000002,252,303
PRODUCE,VEGETABLES - ALL OTHERS,5.0,4751.680000000016,923,2367
GROCERY,FLUID MILK PRODUCTS,5.0,28386.7599999998,1806,9657
MEAT-PCKGD,DINNER SAUSAGE,5.0,6734.909999999996,780,1556
GROCERY,BAKED BREAD/BUNS/ROLLS,5.0,20855.039999999753,1765,8665
DRUG GM,MAGAZINE,5.0,4456.3100000000095,455,1018
GROCERY,COLD CEREAL,5.0,15880.099999999884,1229,3571
GROCERY,BUTTER,5.0,1982.8099999999977,342,589
DRUG GM,ORAL HYGIENE PRODUCTS,5.0,5267.370000000006,654,1074
GROCERY,DRY SAUCES/GRAVY,5.0,1376.6800000000003,437,695
GROCERY,COCOA MIXES,5.0,1064.7,287,400
DELI,DELI SUPPLIES,5.0,75.19,25,26
GROCERY,YOGURT,5.0,9090.109999999959,893,2575
GROCERY,DOMESTIC WINE,5.0,9092.169999999964,220,599
PRODUCE,POTATOES,5.0,6767.539999999997,989,2198
PRODUCE,VALUE ADDED FRUIT,5.0,3300.3399999999997,524,1005
DELI,SANDWICHES,5.0,779.9700000000004,86,140
COSMETICS,FRAGRANCES,5.0,344.87,16,17
PASTRY,BREAKFAST SWEETS,5.0,2881.9300000000035,576,1151
DRUG GM,ANALGESICS,5.0,3383.2900000000036,379,555
GROCERY,WAREHOUSE SNACKS,5.0,2225.4500000000016,489,890
GROCERY,PICKLE/RELISH/PKLD VEG,5.0,2475.8699999999985,609,967
DRUG GM,KITCHEN GADGETS,5.0,933.9700000000007,246,282
PRODUCE,SQUASH,5.0,455.83,189,313
DRUG GM,FILM AND CAMERA PRODUCTS,5.0,1004.2000000000003,117,140
MEAT-PCKGD,HEAT/SERVE,5.0,3982.5500000000056,425,762
GROCERY,CANNED MILK,5.0,409.2200000000001,134,191
NUTRITION,RICE CAKES,5.0,604.4299999999998,125,202
NUTRITION,PREPARED/PKGD FOODS,5.0,416.16999999999996,54,93
DRUG GM,DOMESTIC GOODS,5.0,308.19000000000017,110,137
PASTRY,DELI SUPPLIES,5.0,176.25000000000003,40,47
DRUG GM,DIETARY AID PRODUCTS,5.0,2775.8600000000015,122,267
GROCERY,OLIVES,5.0,897.0900000000005,244,388
RESTAURANT,COFFEE SHOP,5.0,223.86,20,62
COSMETICS,COSMETIC ACCESSORIES,5.0,466.98,52,63
NUTRITION,BEVERAGE,5.0,123.79999999999998,32,45
DELI,SERVICE BEVERAGE,5.0,62.760000000000005,31,52
NUTRITION,CONDIMENTS,5.0,194.26999999999998,36,46
DRUG GM,SMOKING CESSATIONS,5.0,345.26,7,7
GROCERY,DRY MIX DESSERTS,4.0,2045.5399999999977,517,856
GROCERY,BAKED SWEET GOODS,4.0,7766.459999999972,958,2644
GROCERY,SEAFOOD - SHELF STABLE,4.0,4056.789999999999,683,1314
GROCERY,SOFT DRINKS,4.0,46739.700000000754,1783,10244
PRODUCE,ONIONS,4.0,3370.380000000002,941,2091
GROCERY,CONDIMENTS/SAUCES,4.0,6084.840000000006,1150,2493
GROCERY,MILK BY-PRODUCTS,4.0,5999.180000000017,1102,2721
NUTRITION,REFRIGERATED,4.0,3335.7000000000053,254,674
PRODUCE,CARROTS,4.0,2513.4700000000107,700,1344
NUTRITION,SNKS/CKYS/CRKR/CNDY,4.0,458.91,87,133
DRUG GM,FEMININE HYGIENE,4.0,2762.5500000000015,414,601
PRODUCE,BERRIES,4.0,4736.260000000006,595,1271
PRODUCE,SALAD MIX,4.0,7032.859999999999,926,2426
DRUG GM,HALLOWEEN,4.0,48.36,15,15
MEAT-PCKGD,HOT DOGS,4.0,4032.5299999999984,673,1299
GROCERY,PNT BTR/JELLY/JAMS,4.0,4352.3000000000075,810,1403
MEAT,PORK,4.0,12860.589999999987,840,1763
DRUG GM,BABY FOODS,4.0,3558.950000000005,208,632
GROCERY,MISC. DAIRY,4.0,3395.3300000000045,600,1112
SPIRITS,LIQUOR,4.0,3057.1400000000017,147,268
DRUG GM,SEWING,4.0,45.489999999999995,22,22
DRUG GM,SHAVING CARE PRODUCTS,4.0,3214.8200000000015,301,430
DELI,SALADS/DIPS,4.0,2858.0100000000025,436,729
SALAD BAR,SALAD BAR,4.0,4551.73,423,1255
DRUG GM,BOOKSTORE,4.0,1859.8500000000008,142,174
GROCERY,FRZN ICE,4.0,531.2900000000002,142,228
PRODUCE,STONE FRUIT,4.0,540.1,208,270
MISC. TRANS.,NO COMMODITY DESCRIPTION,4.0,1200.3500000000004,206,327
FLORAL,FLORAL-FLOWERING PLANTS,4.0,500.49,60,63
DRUG GM,INSECTICIDES,4.0,171.39,27,27
GROCERY,LIQUOR,4.0,244.93999999999997,55,68
NUTRITION,DRY TEA/COFFEE/COCO MIX,4.0,161.72000000000003,23,30
FLORAL,FLORAL BALLOONS,4.0,388.96000000000004,61,69
COSMETICS,COUPON/MISC ITEMS,4.0,29.97,11,11
GROCERY,BOTTLE DEPOSITS,4.0,20.4,3,8
MEAT,LAMB,4.0,213.38000000000002,13,18
GROCERY,FRZN SEAFOOD,4.0,42.900000000000006,8,9
GARDEN CENTER,GARDEN CENTER,4.0,445.55000000000007,8,11
PHOTO,REFRGRATD DOUGH PRODUCTS,4.0,6.38,2,2
SEAFOOD-PCKGD,PKG.SEAFOOD MISC,6.0,3.49,1,1
DRUG GM,FIREWORKS,6.0,548.5900000000003,42,45
DELI,PARTY TRAYS,1.0,315.86000000000007,11,11
MEAT,EXOTIC GAME/FOWL,1.0,32.55,5,5
DRUG GM,COUPON/MISC ITEMS,1.0,2.99,1,1
GARDEN CENTER,UNKNOWN,4.0,12.99,1,1
DRUG GM,EASTER,5.0,950.0300000000019,245,297
DRUG GM,NATURAL HBC,5.0,3.49,1,1
CHARITABLE CONT,UNKNOWN,2.0,7.74,2,2
PRODUCE,SALAD BAR,2.0,11.65,1,1
DRUG GM,VALENTINE,2.0,7.470000000000001,2,2
GROCERY,COLD CEREAL,7.0,15588.79999999992,1221,3496
GROCERY,SHORTENING/OIL,7.0,4365.169999999996,797,1247
GROCERY,BAKED BREAD/BUNS/ROLLS,7.0,20329.02000000001,1775,8309
PRODUCE,VEGETABLES - ALL OTHERS,7.0,4738.970000000002,963,2307
GROCERY,FLUID MILK PRODUCTS,7.0,29888.889999999858,1858,9991
PASTRY,BREAKFAST SWEETS,7.0,2726.410000000004,580,1101
GROCERY,YOGURT,7.0,8058.069999999984,829,2359
PRODUCE,PEPPERS-ALL,7.0,2267.5199999999986,585,1092
GROCERY,VEGETABLES - SHELF STABLE,7.0,9321.52000000005,1295,3538
PRODUCE,POTATOES,7.0,6756.159999999992,1065,2281
PRODUCE,SQUASH,7.0,521.7400000000001,193,303
GROCERY,CANNED JUICES,7.0,10472.590000000004,1044,2824
DRUG GM,ORAL HYGIENE PRODUCTS,7.0,5631.430000000007,696,1176
DRUG GM,MAGAZINE,7.0,4309.48000000001,423,937
GROCERY,OLIVES,7.0,846.0799999999997,257,388
GROCERY,COCOA MIXES,7.0,1663.4400000000005,445,644
GROCERY,DRY SAUCES/GRAVY,7.0,2250.339999999999,668,1173
GROCERY,WAREHOUSE SNACKS,7.0,2022.6400000000024,490,838
DRUG GM,ANALGESICS,7.0,4012.3400000000056,441,656
GROCERY,BUTTER,7.0,2935.5899999999974,491,897
MEAT-PCKGD,HEAT/SERVE,7.0,4226.230000000006,403,774
MEAT-PCKGD,DINNER SAUSAGE,7.0,5224.500000000006,701,1217
DRUG GM,PLASTIC HOUSEWARES,7.0,1189.3300000000002,226,286
PRODUCE,VALUE ADDED FRUIT,7.0,1976.1900000000003,305,557
GROCERY,CANNED MILK,7.0,863.3499999999999,297,393
GROCERY,PICKLE/RELISH/PKLD VEG,7.0,1987.4299999999998,520,792
GROCERY,DOMESTIC WINE,7.0,9892.07999999995,272,732
NUTRITION,PREPARED/PKGD FOODS,7.0,406.89,54,96
DRUG GM,DOMESTIC GOODS,7.0,393.9200000000001,62,74
DRUG GM,KITCHEN GADGETS,7.0,1245.4500000000005,214,241
DRUG GM,DIETARY AID PRODUCTS,7.0,1968.6100000000013,119,229
NUTRITION,RICE CAKES,7.0,545.7099999999998,130,191
NUTRITION,CONDIMENTS,7.0,240.46000000000004,45,59
DRUG GM,FILM AND CAMERA PRODUCTS,7.0,989.2300000000001,98,108
NUTRITION,BEVERAGE,7.0,121.73000000000002,21,30
COSMETICS,FRAGRANCES,7.0,406.14,20,22
DELI,SANDWICHES,7.0,755.4200000000002,63,127
RESTAURANT,COFFEE SHOP,7.0,95.8,17,32
DELI,SERVICE BEVERAGE,7.0,47.96,19,32
PASTRY,DELI SUPPLIES,7.0,82.32000000000001,31,32
DELI,DELI SUPPLIES,7.0,113.70000000000002,27,29
DRUG GM,SMOKING CESSATIONS,7.0,516.84,9,14
COSMETICS,COSMETIC ACCESSORIES,7.0,197.79,13,14
DRUG GM,NATURAL HBC,7.0,26.430000000000003,4,4
NUTRITION,BULK FOODS,7.0,20.060000000000002,4,4
DRUG GM,VALENTINE,3.0,25.53,7,9
DRUG GM,DOLLAR VALUE PRODUCTS,3.0,10.0,5,5
RX,PHARMACY,4.0,7.99,1,1
DRUG GM,EASTER,7.0,4.98,1,1
SALAD BAR,PROD SUPPLIES,7.0,0.0,2,2
MEAT,MISCELLANEOUS,6.0,0.95,1,1
DRUG GM,WATCHES/CALCULATORS/LOBBY,6.0,3.99,2,2
SALAD BAR,PROD SUPPLIES,5.0,0.0,1,1
TRAVEL & LEISUR,MELONS,5.0,2.0,1,1
GROCERY,COLD CEREAL,8.0,14072.430000000004,1208,3130
GROCERY,VEGETABLES - SHELF STABLE,8.0,8035.510000000058,1220,3088
NUTRITION,RICE CAKES,8.0,633.1799999999998,146,227
PRODUCE,POTATOES,8.0,6029.310000000004,970,1953
MEAT-PCKGD,HEAT/SERVE,8.0,3523.6600000000044,386,657
DRUG GM,PLASTIC HOUSEWARES,8.0,1121.6599999999999,235,280
DRUG GM,ORAL HYGIENE PRODUCTS,8.0,4191.3800000000065,606,939
GROCERY,FLUID MILK PRODUCTS,8.0,26971.399999999918,1837,8417
DRUG GM,KITCHEN GADGETS,8.0,903.9500000000004,176,196
GROCERY,COCOA MIXES,8.0,1466.49,392,576
GROCERY,OLIVES,8.0,681.7699999999996,225,296
GROCERY,BAKED BREAD/BUNS/ROLLS,8.0,17926.290000000037,1735,7163
PASTRY,BREAKFAST SWEETS,8.0,2358.540000000003,521,977
DRUG GM,MAGAZINE,8.0,3944.6800000000076,408,855
GROCERY,WAREHOUSE SNACKS,8.0,1583.0300000000007,395,683
GROCERY,CANNED JUICES,8.0,9934.890000000012,1063,2709
GROCERY,SHORTENING/OIL,8.0,3787.2400000000016,698,1057
GROCERY,BUTTER,8.0,2026.139999999999,354,623
PRODUCE,VEGETABLES - ALL OTHERS,8.0,4747.130000000012,884,2052
MEAT-PCKGD,DINNER SAUSAGE,8.0,4405.510000000004,639,1045
DELI,SANDWICHES,8.0,482.6400000000001,65,91
GROCERY,YOGURT,8.0,7254.349999999997,854,2134
PRODUCE,PEPPERS-ALL,8.0,2188.170000000003,560,996
GROCERY,DOMESTIC WINE,8.0,8269.829999999965,263,615
PASTRY,DELI SUPPLIES,8.0,201.29,39,41
GROCERY,DRY SAUCES/GRAVY,8.0,1888.6299999999997,566,944
GROCERY,PICKLE/RELISH/PKLD VEG,8.0,1796.5600000000004,458,668
DRUG GM,ANALGESICS,8.0,4120.0300000000025,447,660
DRUG GM,DOMESTIC GOODS,8.0,658.0800000000002,67,79
PRODUCE,VALUE ADDED FRUIT,8.0,1631.62,262,441
DELI,SERVICE BEVERAGE,8.0,43.129999999999995,18,27
DRUG GM,DIETARY AID PRODUCTS,8.0,2326.550000000001,134,248
PRODUCE,SQUASH,8.0,454.53999999999996,149,230
DRUG GM,SMOKING CESSATIONS,8.0,467.86,8,12
GROCERY,CANNED MILK,8.0,434.6399999999998,164,217
DELI,DELI SUPPLIES,8.0,100.57000000000001,20,24
DRUG GM,FILM AND CAMERA PRODUCTS,8.0,570.19,79,85
NUTRITION,CONDIMENTS,8.0,208.57000000000005,41,53
NUTRITION,PREPARED/PKGD FOODS,8.0,340.7699999999999,42,76
DRUG GM,NATURAL HBC,8.0,42.440000000000005,10,11
RESTAURANT,COFFEE SHOP,8.0,121.64000000000001,7,20
COSMETICS,COSMETIC ACCESSORIES,8.0,118.82000000000001,19,20
COSMETICS,FRAGRANCES,8.0,641.8200000000002,19,22
NUTRITION,BEVERAGE,8.0,40.05,11,14
DRUG GM,EASTER,8.0,241.71,48,50
SALAD BAR,PROD SUPPLIES,8.0,7.85,2,2
NUTRITION,BULK FOODS,8.0,20.96,3,4
PRODUCE,APPLES,1.0,1529.9000000000026,339,543
PRODUCE,POPCORN,1.0,479.9300000000007,131,153
NUTRITION,WATER,1.0,167.54000000000002,56,78
GROCERY,EGGS,1.0,1827.9200000000083,687,1270
PRODUCE,VALUE ADDED VEGETABLES,1.0,376.0100000000003,75,95
DRUG GM,INFANT FORMULA,1.0,2507.7299999999987,64,136
COSMETICS,BATH,1.0,285.65000000000015,60,76
 , ,1.0,0.0,266,364
DELI,CHICKEN/POULTRY,1.0,1999.73,187,319
GROCERY,BATH TISSUES,1.0,2994.089999999982,433,693
MEAT,CHICKEN,1.0,5219.38,485,792
MEAT,VEAL,1.0,45.32,6,10
TRAVEL & LEISUR,APPLES,1.0,116.30000000000001,30,34
GROCERY,LAUNDRY ADDITIVES,1.0,1062.9700000000016,193,243
NUTRITION,SOUP,1.0,22.130000000000003,6,8
DRUG GM,COFFEE FILTERS,1.0,187.23,89,98
DELI,PREPARED FOOD,1.0,970.7000000000003,130,239
NUTRITION,PACKAGED NATURAL SNACKS,1.0,27.99,14,14
DRUG GM,LAWN AND GARDEN SHOP,1.0,470.4200000000001,28,30
DRUG GM,ETHNIC PERSONAL CARE,1.0,80.45,19,21
DRUG GM,FAMILY PLANNING,1.0,306.40999999999997,35,38
GROCERY,CAT LITTER,1.0,658.1200000000005,83,130
PRODUCE,NUTS,1.0,301.02000000000015,52,65
GROCERY,SOFT DRINKS,2.0,46383.52000000066,1798,10287
PRODUCE,STONE FRUIT,2.0,5513.290000000001,804,1918
PRODUCE,SALAD MIX,2.0,5430.56000000001,826,1913
GROCERY,MILK BY-PRODUCTS,2.0,5365.160000000005,1060,2577
MEAT,PORK,2.0,13025.389999999985,868,1778
SALAD BAR,SALAD BAR,2.0,4107.66,428,1102
GROCERY,FRZN ICE,2.0,1409.4400000000028,302,477
MEAT-PCKGD,HOT DOGS,2.0,5198.4300000000085,876,1728
GROCERY,BAKED SWEET GOODS,2.0,6858.70999999999,969,2466
GROCERY,CONDIMENTS/SAUCES,2.0,6000.890000000032,1183,2460
DRUG GM,BOOKSTORE,2.0,2530.1400000000017,168,233
PRODUCE,ONIONS,2.0,2859.390000000005,939,2008
DRUG GM,SHAVING CARE PRODUCTS,2.0,2777.460000000001,339,437
PRODUCE,CARROTS,2.0,1705.370000000002,582,953
MISC. TRANS.,NO COMMODITY DESCRIPTION,2.0,810.5800000000002,157,240
DRUG GM,BABY FOODS,2.0,3112.4899999999943,186,536
GROCERY,PNT BTR/JELLY/JAMS,2.0,4008.070000000005,794,1334
PRODUCE,BERRIES,2.0,5182.17,632,1462
NUTRITION,REFRIGERATED,2.0,2775.880000000003,226,609
DRUG GM,FEMININE HYGIENE,2.0,2549.3499999999995,420,583
GROCERY,SEAFOOD - SHELF STABLE,2.0,3247.3399999999992,576,1006
GROCERY,MISC. DAIRY,2.0,2714.4600000000037,541,913
DRUG GM,INSECTICIDES,2.0,769.8600000000001,138,155
GROCERY,DRY MIX DESSERTS,2.0,1342.2699999999995,439,650
DELI,SALADS/DIPS,2.0,3687.4100000000044,490,882
GROCERY,LIQUOR,2.0,299.07000000000005,52,72
FLORAL,FLORAL-FLOWERING PLANTS,2.0,363.85999999999996,35,40
DRUG GM,HALLOWEEN,2.0,222.83999999999997,18,18
GARDEN CENTER,GARDEN CENTER,2.0,485.78999999999996,38,47
SPIRITS,LIQUOR,2.0,2518.340000000002,125,240
MEAT,LAMB,2.0,158.54000000000002,17,22
GROCERY,BOTTLE DEPOSITS,2.0,21.4,9,18
NUTRITION,DRY TEA/COFFEE/COCO MIX,2.0,37.7,9,10
GARDEN CENTER,UNKNOWN,2.0,66.94,6,7
NUTRITION,SNKS/CKYS/CRKR/CNDY,2.0,487.9399999999998,69,118
DRUG GM,SEWING,2.0,61.29,25,26
FLORAL,FLORAL BALLOONS,2.0,189.17000000000002,34,37
GROCERY,FRZN SEAFOOD,2.0,36.93,4,6
 , ,6.0,0.0,563,1167
PRODUCE,VALUE ADDED VEGETABLES,6.0,840.0000000000005,172,277
DELI,CHICKEN/POULTRY,6.0,5438.550000000003,506,1003
GROCERY,BATH TISSUES,6.0,8213.049999999981,894,1970
MEAT,CHICKEN,6.0,12756.250000000002,920,2134
GROCERY,EGGS,6.0,5042.659999999995,1331,3729
PRODUCE,POPCORN,6.0,1503.6400000000015,333,462
DELI,PREPARED FOOD,6.0,3033.6500000000005,342,704
GROCERY,CAT LITTER,6.0,2455.4400000000014,216,436
PRODUCE,APPLES,6.0,4467.220000000001,709,1490
DRUG GM,COFFEE FILTERS,6.0,678.34,188,215
DRUG GM,INFANT FORMULA,6.0,6234.970000000001,120,315
GROCERY,LAUNDRY ADDITIVES,6.0,2772.000000000002,408,596
DRUG GM,SPORTS MEMORABLILIA,6.0,308.0299999999999,31,37
COSMETICS,BATH,6.0,637.4600000000002,134,153
NUTRITION,WATER,6.0,474.94999999999993,93,177
DRUG GM,FAMILY PLANNING,6.0,571.5799999999999,64,68
DRUG GM,LAWN AND GARDEN SHOP,6.0,1039.0000000000002,70,105
PRODUCE,NUTS,6.0,963.4200000000004,135,191
TRAVEL & LEISUR,APPLES,6.0,302.04,88,104
RESTAURANT,COFFEE SHOP SWEET GOODS&RETAIL,6.0,38.89999999999999,7,15
COUP/STR & MFG,COUPONS/STORE & MFG,6.0,152.9,96,114
NUTRITION,PACKAGED NATURAL SNACKS,6.0,284.49000000000007,40,55
DRUG GM,CIGARS,6.0,101.43,16,20
NUTRITION,SOUP,6.0,130.39,27,34
DRUG GM,ETHNIC PERSONAL CARE,6.0,172.35000000000002,36,44
DRUG GM,PORTABLE ELECTRIC APPLIANCES,6.0,216.13,14,14
NUTRITION,NATURAL VITAMINS,6.0,39.17,3,3
PROD-WHS SALES,PROD SUPPLIES,6.0,1.56,1,2
GROCERY,SEAFOOD - SHELF STABLE,3.0,3419.459999999999,596,1064
PRODUCE,CARROTS,3.0,2276.180000000007,703,1275
GROCERY,BAKED SWEET GOODS,3.0,7172.999999999991,912,2449
MEAT-PCKGD,HOT DOGS,3.0,3940.3900000000012,639,1192
GROCERY,SOFT DRINKS,3.0,44776.93000000044,1734,9745
GROCERY,MILK BY-PRODUCTS,3.0,5527.010000000012,1116,2678
GROCERY,CONDIMENTS/SAUCES,3.0,5408.510000000023,1075,2233
PRODUCE,SALAD MIX,3.0,5555.250000000012,832,1955
NUTRITION,REFRIGERATED,3.0,3104.160000000004,220,605
GARDEN CENTER,GARDEN CENTER,3.0,564.5700000000002,46,52
PRODUCE,ONIONS,3.0,3564.6300000000047,953,2149
GROCERY,FRZN ICE,3.0,626.5700000000002,161,236
GROCERY,MISC. DAIRY,3.0,2978.1900000000014,586,1003
DRUG GM,SHAVING CARE PRODUCTS,3.0,2794.890000000002,306,428
GROCERY,PNT BTR/JELLY/JAMS,3.0,4348.160000000006,828,1391
DELI,SALADS/DIPS,3.0,2565.0800000000027,398,649
MEAT,PORK,3.0,11333.339999999993,792,1626
GROCERY,DRY MIX DESSERTS,3.0,1596.729999999999,491,741
SALAD BAR,SALAD BAR,3.0,3346.99,374,966
PRODUCE,STONE FRUIT,3.0,632.5899999999998,161,230
DRUG GM,INSECTICIDES,3.0,291.82000000000005,41,50
DRUG GM,FEMININE HYGIENE,3.0,2539.679999999999,395,572
MISC. TRANS.,NO COMMODITY DESCRIPTION,3.0,2536.830000000001,197,293
DRUG GM,BABY FOODS,3.0,3595.380000000007,184,637
DRUG GM,HALLOWEEN,3.0,1646.4000000000024,228,300
PRODUCE,BERRIES,3.0,2778.770000000004,357,703
GROCERY,LIQUOR,3.0,179.63,38,45
SPIRITS,LIQUOR,3.0,2874.2900000000013,144,242
NUTRITION,SNKS/CKYS/CRKR/CNDY,3.0,457.4200000000001,77,124
GROCERY,BOTTLE DEPOSITS,3.0,9.700000000000001,4,11
COSMETICS,COUPON/MISC ITEMS,3.0,65.34,8,8
FLORAL,FLORAL BALLOONS,3.0,241.99,36,42
MEAT,LAMB,3.0,78.2,10,13
DRUG GM,BOOKSTORE,3.0,2363.6100000000006,152,218
DRUG GM,SEWING,3.0,36.35,17,18
FLORAL,FLORAL-FLOWERING PLANTS,3.0,630.7100000000002,63,73
NUTRITION,DRY TEA/COFFEE/COCO MIX,3.0,88.68,16,21
NUTRITION,NDAIRY/TEAS/JUICE/SOD,3.0,2.38,1,1
GROCERY,FD WRAPS/BAGS/TRSH BG,5.0,6275.260000000013,864,1530
GROCERY,DISHWASH DETERGENTS,5.0,2543.5800000000017,557,845
PRODUCE,TOMATOES,5.0,6938.299999999997,1041,2835
GROCERY,REFRGRATD DOUGH PRODUCTS,5.0,4988.840000000013,815,1706
GROCERY,MEAT - SHELF STABLE,5.0,7153.029999999993,877,1846
GROCERY,FLOUR & MEALS,5.0,638.3200000000004,277,351
GROCERY,BAKING MIXES,5.0,4284.240000000005,789,1518
GROCERY,MARGARINES,5.0,3327.5000000000064,946,1902
GROCERY,COOKIES/CONES,5.0,7700.540000000008,1054,2437
DELI,DELI MEATS,5.0,14698.90999999997,837,2395
GROCERY,HOUSEHOLD CLEANG NEEDS,5.0,4686.960000000009,588,945
MEAT-PCKGD,MISCELLANEOUS,5.0,821.7200000000004,240,323
DRUG GM,CANDY - PACKAGED,5.0,11557.009999999898,1171,3150
GROCERY,HOT CEREAL,5.0,2197.439999999999,411,682
GROCERY,FROZEN PIZZA,5.0,18520.929999999884,1084,2981
GROCERY,BAG SNACKS,5.0,21571.049999999937,1557,6009
DRUG GM,HAIR CARE PRODUCTS,5.0,6422.640000000002,630,1112
DRUG GM,SPRING/SUMMER SEASONAL,5.0,5136.699999999999,275,344
MISC SALES TRAN,COUPON/MISC ITEMS,5.0,17287.589999999982,408,840
PASTRY,COOKIES,5.0,2116.1200000000017,358,516
DRUG GM,ANTACIDS,5.0,1467.4500000000012,181,241
FLORAL,FLORAL-FOLIAGE PLANTS,5.0,533.02,36,41
DRUG GM,NEWSPAPER,5.0,789.9000000000004,265,670
GROCERY,FROZEN CHICKEN,5.0,455.31,32,47
PASTRY,SWEET GOODS & SNACKS,5.0,743.0800000000006,157,230
KIOSK-GAS,FUEL,5.0,4645.01,105,277
DRUG GM,TICKETS,5.0,781.1000000000004,75,89
CHEF SHOPPE,UNKNOWN,5.0,361.61000000000024,110,132
DRUG GM,HOSIERY/SOCKS,5.0,448.53000000000003,76,89
SEAFOOD,MEAT SUPPLIES,5.0,31.21,4,4
DRUG GM,CONTINUITIES,5.0,177.78000000000003,36,43
DRUG GM,ADULT INCONTINENCE,5.0,833.1100000000001,39,82
DRUG GM,HOME FURNISHINGS,5.0,59.73000000000001,8,8
NUTRITION,BABYFOOD,5.0,77.72999999999999,12,20
DRUG GM,FALL AND WINTER SEASONAL,5.0,44.150000000000006,8,8
DRUG GM,LONG DISTANCE CALLING CARDS,5.0,115.52000000000001,7,12
MEAT,MEAT - MISC,5.0,31.690000000000005,5,6
GROCERY,REFRGRATD JUICES/DRNKS,4.0,10738.549999999987,1194,3778
GROCERY,DRY BN/VEG/POTATO/RICE,4.0,5798.070000000007,954,1991
GROCERY,SOUP,4.0,13868.31999999993,1289,3617
GROCERY,WATER - CARBONATED/FLVRD DRINK,4.0,7599.249999999973,777,2153
GROCERY,DINNER MXS:DRY,4.0,6988.820000000014,919,1975
GROCERY,CAT FOOD,4.0,4459.949999999998,314,861
NUTRITION,NON-DAIRY BEVERAGES,4.0,375.84,31,98
GROCERY,SUGARS/SWEETNERS,4.0,3489.4300000000094,763,1363
MEAT,SMOKED MEATS,4.0,3440.54,369,498
GROCERY,PAPER HOUSEWARES,4.0,3168.020000000003,566,989
DRUG GM,CIGARETTES,4.0,13022.010000000011,416,1453
GROCERY,FROZEN BREAD/DOUGH,4.0,3011.060000000002,624,1091
GROCERY,MOLASSES/SYRUP/PANCAKE MIXS,4.0,1736.170000000002,424,573
DRUG GM,GREETING CARDS/WRAP/PARTY SPLY,4.0,5408.029999999996,682,1172
PASTRY,BAKERY PARTY TRAYS,4.0,129.82999999999998,21,21
KIOSK-GAS,COUPON/MISC ITEMS,4.0,64727.08,632,2676
DRUG GM,DIAPERS & DISPOSABLES,4.0,8277.42999999999,244,650
PRODUCE,HERBS,4.0,557.3600000000002,293,460
PASTRY,PIES,4.0,1340.9800000000014,196,296
FLORAL,FLORAL-FRESH CUT,4.0,2592.1200000000017,201,278
DRUG GM,INFANT CARE PRODUCTS,4.0,890.1400000000002,122,166
PASTRY,CAKES,4.0,5212.080000000003,399,566
DRUG GM,PREPAID WIRELESS&ACCESSORIES,4.0,4079.6600000000003,87,163
NUTRITION,JUICE,4.0,610.3000000000002,96,162
DRUG GM,VALENTINE,4.0,964.0100000000014,164,201
NUTRITION,DRIED FRUIT,4.0,1506.4800000000016,275,454
DRUG GM,DOLLAR VALUE PRODUCTS,4.0,109.78999999999999,58,68
NUTRITION,FROZEN,4.0,1626.5100000000011,99,218
DRUG GM,ELECTRICAL SUPPPLIES,4.0,1713.0299999999997,331,445
SEAFOOD,SEAFOOD - FROZEN,4.0,1301.6299999999999,97,139
PRODUCE,MELONS,4.0,565.4600000000002,113,173
DRUG GM,SINUS AND ALLERGY,4.0,1633.050000000001,152,225
GROCERY,BLEACH,4.0,1309.5900000000008,339,488
PRODUCE,CORN,4.0,187.82,85,115
DRUG GM,GLASSES/VISION AIDS,4.0,179.85999999999999,18,20
DRUG GM,APPAREL,4.0,602.8200000000002,57,65
FROZEN GROCERY,UNKNOWN,4.0,97.75,26,32
FLORAL,GIFT & FRUIT BASKETS,4.0,126.92,7,7
NUTRITION,BREAD,4.0,67.83000000000001,15,17
MEAT,(CORP USE ONLY),4.0,56.66,8,8
POSTAL CENTER,CANDY - PACKAGED,6.0,4.08,3,3
COUP/STR & MFG,COUPONS/STORE & MFG,1.0,14.27,34,39
DRUG GM,CIGARS,1.0,74.06,10,21
RESTAURANT,COFFEE SHOP SWEET GOODS&RETAIL,1.0,3.9,3,3
DRUG GM,PORTABLE ELECTRIC APPLIANCES,1.0,39.96,4,4
DRUG GM,SPORTS MEMORABLILIA,1.0,10.01,6,6
DELI/SNACK BAR,DELI SUPPLIES,5.0,3.31,1,1
RX,PHARMACY,2.0,9.98,1,1
GROCERY,BAG SNACKS,7.0,20662.059999999958,1545,5728
PRODUCE,TOMATOES,7.0,6426.369999999999,769,1775
GROCERY,FD WRAPS/BAGS/TRSH BG,7.0,6580.350000000002,925,1738
DRUG GM,ADULT INCONTINENCE,7.0,810.9200000000002,34,79
DRUG GM,CANDY - PACKAGED,7.0,13094.649999999929,1222,3251
PASTRY,COOKIES,7.0,2503.7300000000014,367,559
GROCERY,MARGARINES,7.0,3422.1399999999962,988,1994
GROCERY,FROZEN PIZZA,7.0,21067.639999999898,1157,3303
GROCERY,BAKING MIXES,7.0,4747.8300000000145,895,1773
GROCERY,COOKIES/CONES,7.0,7423.100000000007,999,2304
GROCERY,REFRGRATD DOUGH PRODUCTS,7.0,7346.230000000019,1039,2349
CHEF SHOPPE,UNKNOWN,7.0,451.78,87,136
GROCERY,DISHWASH DETERGENTS,7.0,2561.85,550,825
GROCERY,MEAT - SHELF STABLE,7.0,7500.129999999998,931,1971
DRUG GM,NEWSPAPER,7.0,980.8500000000001,250,753
GROCERY,HOT CEREAL,7.0,2889.2599999999957,578,921
MEAT-PCKGD,MISCELLANEOUS,7.0,753.74,213,272
MISC SALES TRAN,COUPON/MISC ITEMS,7.0,19251.719999999987,388,848
DELI,DELI MEATS,7.0,14767.799999999972,813,2342
FLORAL,FLORAL-FOLIAGE PLANTS,7.0,256.09999999999997,25,25
DRUG GM,HOSIERY/SOCKS,7.0,781.6200000000001,113,149
KIOSK-GAS,FUEL,7.0,5312.34,130,335
GROCERY,HOUSEHOLD CLEANG NEEDS,7.0,5737.130000000009,616,1039
GROCERY,FLOUR & MEALS,7.0,1011.2900000000009,402,561
DRUG GM,HAIR CARE PRODUCTS,7.0,6560.430000000006,635,1115
DRUG GM,LONG DISTANCE CALLING CARDS,7.0,130.67999999999998,7,9
DRUG GM,HOME FURNISHINGS,7.0,255.29,6,7
DRUG GM,ANTACIDS,7.0,1736.900000000001,178,250
PASTRY,SWEET GOODS & SNACKS,7.0,737.2000000000004,148,216
DRUG GM,FALL AND WINTER SEASONAL,7.0,460.32000000000016,46,51
DRUG GM,TICKETS,7.0,1863.4499999999991,97,123
DRUG GM,SPRING/SUMMER SEASONAL,7.0,877.2500000000002,194,224
NUTRITION,BABYFOOD,7.0,70.75000000000003,7,17
DRUG GM,FD WRAPS/BAGS/TRSH BG,7.0,8.79,2,2
GROCERY,FROZEN CHICKEN,7.0,696.6200000000001,61,83
SEAFOOD,MEAT SUPPLIES,7.0,38.67,5,5
NUTRITION,ORGANICS FRUIT & VEGETABLES,7.0,5.98,2,2
DELI/SNACK BAR,DELI SUPPLIES,7.0,11.14,4,4
GROCERY,FRZN SEAFOOD,3.0,21.96,5,5
RX,PHARMACY,3.0,9.99,1,1
DRUG GM,CONTINUITIES,7.0,49.900000000000006,9,10
TRAVEL & LEISUR,TROPICAL FRUIT,4.0,1.99,1,1
ELECT &PLUMBING,COUPON,6.0,1.0,1,1
PRODUCE,SEASONAL,6.0,19.96,2,2
MEAT,VEAL,6.0,2.49,1,1
DRUG GM,FD WRAPS/BAGS/TRSH BG,5.0,11.370000000000001,2,2
GROCERY,FD WRAPS/BAGS/TRSH BG,8.0,5472.230000000007,802,1377
DELI,DELI MEATS,8.0,12579.059999999989,792,1979
GROCERY,HOUSEHOLD CLEANG NEEDS,8.0,4884.2600000000075,553,865
PRODUCE,TOMATOES,8.0,5394.660000000005,797,1748
GROCERY,FROZEN PIZZA,8.0,18834.8699999999,1118,2896
DRUG GM,CANDY - PACKAGED,8.0,10250.659999999889,1142,2919
GROCERY,DISHWASH DETERGENTS,8.0,2432.510000000001,537,799
GROCERY,BAG SNACKS,8.0,18691.989999999976,1521,5162
NUTRITION,BABYFOOD,8.0,147.18999999999994,9,25
DRUG GM,NEWSPAPER,8.0,640.9500000000006,234,630
GROCERY,COOKIES/CONES,8.0,6704.550000000005,929,1937
GROCERY,MEAT - SHELF STABLE,8.0,6786.109999999995,867,1752
GROCERY,BAKING MIXES,8.0,3757.1900000000046,754,1372
GROCERY,HOT CEREAL,8.0,2646.310000000004,533,849
DRUG GM,FALL AND WINTER SEASONAL,8.0,751.2700000000002,85,93
GROCERY,FROZEN CHICKEN,8.0,1640.9900000000011,144,189
GROCERY,REFRGRATD DOUGH PRODUCTS,8.0,5708.190000000017,891,1844
MEAT-PCKGD,MISCELLANEOUS,8.0,878.5600000000003,236,321
GROCERY,MARGARINES,8.0,2921.7300000000014,904,1614
PASTRY,COOKIES,8.0,1675.4300000000003,294,423
MISC SALES TRAN,COUPON/MISC ITEMS,8.0,16017.529999999986,376,700
DRUG GM,HAIR CARE PRODUCTS,8.0,5639.360000000002,580,959
PASTRY,SWEET GOODS & SNACKS,8.0,435.6399999999999,127,155
DRUG GM,TICKETS,8.0,870.1900000000003,72,83
KIOSK-GAS,FUEL,8.0,4140.59,98,260
DRUG GM,SPRING/SUMMER SEASONAL,8.0,380.59000000000015,100,108
CHEF SHOPPE,UNKNOWN,8.0,489.5400000000001,94,141
GROCERY,FLOUR & MEALS,8.0,669.9300000000005,294,366
DRUG GM,ANTACIDS,8.0,1767.050000000001,195,251
DRUG GM,HOSIERY/SOCKS,8.0,473.92999999999995,77,89
DRUG GM,ADULT INCONTINENCE,8.0,605.33,40,67
DRUG GM,HOME FURNISHINGS,8.0,496.89000000000004,21,25
SEAFOOD,MEAT SUPPLIES,8.0,3.91,1,1
FLORAL,FLORAL-FOLIAGE PLANTS,8.0,216.25,22,23
DRUG GM,LONG DISTANCE CALLING CARDS,8.0,115.18999999999998,4,8
NUTRITION,ORGANICS FRUIT & VEGETABLES,8.0,5.98,2,2
COSMETICS,COUPON/MISC ITEMS,2.0,15.190000000000001,2,2
DRUG GM,CONTINUITIES,8.0,29.359999999999992,9,11
DRUG GM,FD WRAPS/BAGS/TRSH BG,8.0,8.29,3,3
DELI/SNACK BAR,DELI SUPPLIES,8.0,6.98,2,2
MEAT,BEEF,1.0,17814.509999999995,824,1941
MEAT-PCKGD,BACON,1.0,2452.899999999995,361,550
PRODUCE,TROPICAL FRUIT,1.0,2137.360000000002,741,1720
DRUG GM,COLD AND FLU,1.0,828.0200000000009,125,162
MEAT-PCKGD,MEAT - MISC,1.0,3851.949999999962,329,480
MEAT-PCKGD,FROZEN MEAT,1.0,2169.9400000000014,293,393
PRODUCE,BROCCOLI/CAULIFLOWER,1.0,460.25999999999993,149,204
GROCERY,FRZN JCE CONC/DRNKS,1.0,219.30999999999992,59,85
GROCERY,COFFEE,1.0,2884.77999999999,339,537
GROCERY,DOG FOODS,1.0,2312.9899999999966,172,309
GROCERY,FRZN VEGETABLE/VEG DSH,1.0,1544.820000000003,314,480
PRODUCE,CITRUS,1.0,1005.3300000000007,304,479
PRODUCE,ORGANICS FRUIT & VEGETABLES,1.0,690.3600000000014,147,204
DRUG GM,HAIR CARE ACCESSORIES,1.0,210.52000000000007,56,61
DRUG GM,IN-STORE PHOTOFINISHING,1.0,445.47,24,38
GROCERY,FROZEN PIE/DESSERTS,1.0,716.3900000000017,192,260
GROCERY,LAUNDRY DETERGENTS,1.0,2788.0599999999936,314,431
DELI,SNACKS,1.0,163.4,42,54
DRUG GM,CHARCOAL AND LIGHTER FLUID,1.0,730.6500000000012,114,141
DRUG GM,STATIONERY & SCHOOL SUPPLIES,1.0,673.1700000000009,132,168
GROCERY,SNACK NUTS,1.0,823.93,170,230
DRUG GM,LAXATIVES,1.0,488.65000000000026,51,73
MEAT,TURKEY,1.0,481.3100000000001,75,105
DRUG GM,TOBACCO OTHER,1.0,177.72000000000003,43,51
DRUG GM,OVERNIGHT PHOTOFINISHING,1.0,99.13999999999997,9,11
DRUG GM,HARDWARE SUPPLIES,1.0,276.7400000000001,46,55
GROCERY,SYRUPS/TOPPINGS,1.0,184.46999999999989,61,70
SEAFOOD-PCKGD,SEAFOOD-FRESH,1.0,210.58000000000007,38,49
GROCERY,IMPORTED WINE,1.0,1394.5000000000011,51,106
DRUG GM,HAND/BODY/FACIAL PRODUCTS,1.0,1044.8700000000008,123,151
DELI,DELI SPECIALTIES (RETAIL PK),1.0,132.68,30,32
GROCERY,MISC WINE,1.0,511.18000000000046,61,71
GROCERY,FRZN FRUITS,1.0,249.73000000000008,34,48
DRUG GM,DISPOSIBLE FOILWARE,1.0,130.31,41,42
DRUG GM,AUTOMOTIVE PRODUCTS,1.0,288.2000000000001,57,66
GROCERY,FROZEN PIZZA,2.0,19142.769999999895,1128,3072
GROCERY,BAG SNACKS,2.0,18964.739999999998,1600,5613
DELI,DELI MEATS,2.0,14764.499999999958,844,2396
DRUG GM,FALL AND WINTER SEASONAL,2.0,42.269999999999996,12,21
MISC SALES TRAN,COUPON/MISC ITEMS,2.0,13683.269999999993,415,789
DRUG GM,HAIR CARE PRODUCTS,2.0,5658.830000000002,639,1060
GROCERY,COOKIES/CONES,2.0,7790.790000000007,1098,2568
PRODUCE,TOMATOES,2.0,4489.580000000003,893,2054
PASTRY,COOKIES,2.0,2081.4100000000008,388,571
GROCERY,MARGARINES,2.0,2786.710000000002,960,1749
CHEF SHOPPE,UNKNOWN,2.0,72.09,16,20
DRUG GM,CANDY - PACKAGED,2.0,7288.379999999981,1007,2490
GROCERY,FD WRAPS/BAGS/TRSH BG,2.0,4837.740000000012,796,1365
DRUG GM,NEWSPAPER,2.0,732.19,272,603
GROCERY,REFRGRATD DOUGH PRODUCTS,2.0,4722.860000000016,775,1537
GROCERY,BAKING MIXES,2.0,3617.4700000000075,726,1314
GROCERY,MEAT - SHELF STABLE,2.0,7038.229999999992,852,1799
GROCERY,HOUSEHOLD CLEANG NEEDS,2.0,5409.200000000015,598,1019
PASTRY,SWEET GOODS & SNACKS,2.0,826.9400000000005,162,236
GROCERY,HOT CEREAL,2.0,1603.4900000000005,367,540
DRUG GM,SPRING/SUMMER SEASONAL,2.0,2313.8200000000015,298,393
FLORAL,FLORAL-FOLIAGE PLANTS,2.0,548.46,46,54
DRUG GM,ADULT INCONTINENCE,2.0,441.29,28,52
GROCERY,DISHWASH DETERGENTS,2.0,2353.9500000000016,554,817
DRUG GM,TICKETS,2.0,1175.7099999999998,80,96
MEAT-PCKGD,MISCELLANEOUS,2.0,712.7500000000003,187,258
DRUG GM,ANTACIDS,2.0,1191.9800000000005,151,196
GROCERY,FLOUR & MEALS,2.0,729.8300000000002,295,376
KIOSK-GAS,FUEL,2.0,1993.1599999999999,64,138
DRUG GM,HOME FURNISHINGS,2.0,270.14,19,21
DRUG GM,HOSIERY/SOCKS,2.0,373.69999999999993,58,70
NUTRITION,BABYFOOD,2.0,44.55,7,14
VIDEO RENTAL,UNKNOWN,2.0,13.47,2,2
DRUG GM,CONTINUITIES,2.0,434.57000000000016,45,66
GROCERY,FROZEN CHICKEN,2.0,98.89000000000001,9,11
DRUG GM,LONG DISTANCE CALLING CARDS,2.0,17.89,2,2
SEAFOOD,MEAT SUPPLIES,2.0,14.28,3,3
PRODUCE,TROPICAL FRUIT,6.0,5920.2200000000075,1293,4710
MEAT-PCKGD,BACON,6.0,6778.959999999998,752,1616
DRUG GM,HAND/BODY/FACIAL PRODUCTS,6.0,2687.370000000002,275,390
MEAT,BEEF,6.0,44938.92999999996,1455,5193
PRODUCE,ORGANICS FRUIT & VEGETABLES,6.0,3118.830000000004,510,929
DELI,SNACKS,6.0,533.8000000000001,99,151
MEAT-PCKGD,MEAT - MISC,6.0,10495.349999999928,718,1340
DRUG GM,STATIONERY & SCHOOL SUPPLIES,6.0,3112.2800000000034,473,736
PRODUCE,CITRUS,6.0,2241.850000000003,568,1080
GROCERY,IMPORTED WINE,6.0,2595.0800000000013,109,212
GROCERY,FRZN FRUITS,6.0,554.75,71,106
GROCERY,DOG FOODS,6.0,6829.550000000003,413,977
MEAT-PCKGD,FROZEN MEAT,6.0,6770.219999999996,590,1110
GROCERY,FRZN VEGETABLE/VEG DSH,6.0,5623.030000000006,763,1597
GROCERY,COFFEE,6.0,8582.039999999975,665,1500
DRUG GM,CHARCOAL AND LIGHTER FLUID,6.0,1703.8300000000017,223,324
DRUG GM,LAXATIVES,6.0,1348.1400000000006,125,203
GROCERY,SNACK NUTS,6.0,2247.1300000000024,356,627
GROCERY,FROZEN PIE/DESSERTS,6.0,2385.160000000002,470,808
GROCERY,LAUNDRY DETERGENTS,6.0,7577.709999999982,648,1158
DRUG GM,COLD AND FLU,6.0,1964.2100000000005,263,364
GROCERY,MISC WINE,6.0,1093.8000000000004,117,155
GROCERY,FRZN JCE CONC/DRNKS,6.0,816.7199999999996,150,267
DRUG GM,HARDWARE SUPPLIES,6.0,731.0800000000002,140,157
DRUG GM,DISPOSIBLE FOILWARE,6.0,400.13999999999993,96,108
PRODUCE,BROCCOLI/CAULIFLOWER,6.0,1367.3000000000025,339,601
DRUG GM,HAIR CARE ACCESSORIES,6.0,646.3200000000003,149,174
MEAT,TURKEY,6.0,1268.160000000001,156,258
DRUG GM,TOBACCO OTHER,6.0,521.0899999999998,108,146
DRUG GM,AUTOMOTIVE PRODUCTS,6.0,374.46,84,97
GROCERY,SYRUPS/TOPPINGS,6.0,418.2599999999999,134,161
SEAFOOD-PCKGD,SEAFOOD-FRESH,6.0,470.35,80,115
DRUG GM,CHRISTMAS  SEASONAL,6.0,55.980000000000004,30,32
DRUG GM,IN-STORE PHOTOFINISHING,6.0,1456.8400000000004,91,129
DELI,DELI SPECIALTIES (RETAIL PK),6.0,132.91000000000003,40,49
GROCERY,RESTRICTED DIET,6.0,27.119999999999997,5,8
GROCERY,BIRD SEED,6.0,221.00999999999996,27,49
DRUG GM,PERSONAL CARE APPLIANCES,6.0,233.36999999999998,14,16
PHARMACY SUPPLY,COUPON/MISC ITEMS,6.0,16.92,4,6
DRUG GM,OVERNIGHT PHOTOFINISHING,6.0,437.3,21,23
AUTOMOTIVE,COUPON,6.0,31.18,5,5
MEAT,RW FRESH PROCESSED MEAT,6.0,6.720000000000001,2,2
GROCERY,REFRGRATD DOUGH PRODUCTS,3.0,7586.670000000038,986,2399
DELI,DELI MEATS,3.0,13690.239999999976,821,2300
GROCERY,BAG SNACKS,3.0,18561.089999999887,1494,5379
GROCERY,MEAT - SHELF STABLE,3.0,7243.159999999983,885,1908
GROCERY,FROZEN PIZZA,3.0,20389.679999999902,1158,3255
DRUG GM,CANDY - PACKAGED,3.0,12585.95999999989,1186,3184
GROCERY,HOT CEREAL,3.0,2528.9199999999996,531,862
MISC SALES TRAN,COUPON/MISC ITEMS,3.0,15235.89999999999,406,851
GROCERY,MARGARINES,3.0,3264.130000000002,1001,1995
GROCERY,COOKIES/CONES,3.0,7299.239999999998,988,2288
GROCERY,FD WRAPS/BAGS/TRSH BG,3.0,5710.030000000004,873,1606
GROCERY,HOUSEHOLD CLEANG NEEDS,3.0,5555.640000000012,625,1098
FLORAL,FLORAL-FOLIAGE PLANTS,3.0,310.65999999999997,32,35
PASTRY,COOKIES,3.0,2169.1400000000012,334,476
PRODUCE,TOMATOES,3.0,4585.940000000008,746,1703
DRUG GM,HAIR CARE PRODUCTS,3.0,5831.970000000001,610,1050
GROCERY,BAKING MIXES,3.0,4947.720000000007,883,1789
PASTRY,SWEET GOODS & SNACKS,3.0,850.1500000000005,137,241
MEAT-PCKGD,MISCELLANEOUS,3.0,916.76,204,301
GROCERY,DISHWASH DETERGENTS,3.0,2737.990000000004,567,873
GROCERY,FLOUR & MEALS,3.0,994.5600000000009,436,584
DRUG GM,ANTACIDS,3.0,1255.7900000000004,159,222
DRUG GM,NEWSPAPER,3.0,886.4000000000002,272,705
KIOSK-GAS,FUEL,3.0,3420.6000000000004,96,210
DRUG GM,SPRING/SUMMER SEASONAL,3.0,852.9500000000003,176,213
NUTRITION,BABYFOOD,3.0,68.78999999999999,7,17
NUTRITION,ORGANICS FRUIT & VEGETABLES,3.0,13.48,5,5
DRUG GM,HOSIERY/SOCKS,3.0,641.2,100,134
DRUG GM,ADULT INCONTINENCE,3.0,600.6600000000001,37,65
CHEF SHOPPE,UNKNOWN,3.0,13.260000000000002,4,4
DRUG GM,TICKETS,3.0,1552.4999999999995,81,102
DRUG GM,CONTINUITIES,3.0,49.89,13,13
GROCERY,FROZEN CHICKEN,3.0,186.76,17,18
SEAFOOD,MEAT SUPPLIES,3.0,4.58,2,2
DRUG GM,LONG DISTANCE CALLING CARDS,3.0,85.2,8,9
DRUG GM,HOME FURNISHINGS,3.0,53.67,5,5
DRUG GM,FALL AND WINTER SEASONAL,3.0,582.8500000000003,64,68
GROCERY,SEAFOOD - SHELF STABLE,5.0,3582.5599999999986,637,1148
PRODUCE,ONIONS,5.0,2877.5800000000004,1030,2294
GROCERY,CONDIMENTS/SAUCES,5.0,7256.270000000015,1223,2757
GROCERY,MISC. DAIRY,5.0,3323.9900000000102,557,1025
FROZEN GROCERY,MISCELLANEOUS CROUTONS,5.0,6.39,1,1
PRODUCE,SALAD MIX,5.0,6947.059999999985,990,2465
GROCERY,SOFT DRINKS,5.0,48128.640000000436,1756,9978
NUTRITION,SNKS/CKYS/CRKR/CNDY,5.0,578.3200000000002,90,148
SALAD BAR,SALAD BAR,5.0,4556.789999999999,429,1266
GROCERY,MILK BY-PRODUCTS,5.0,5970.220000000029,1137,2786
PRODUCE,BERRIES,5.0,7072.299999999978,822,1953
MEAT-PCKGD,HOT DOGS,5.0,5578.929999999998,875,1850
MEAT,PORK,5.0,12848.98999999999,823,1772
MISC. TRANS.,NO COMMODITY DESCRIPTION,5.0,1098.8100000000002,147,225
GROCERY,BAKED SWEET GOODS,5.0,7996.529999999998,966,2704
GROCERY,PNT BTR/JELLY/JAMS,5.0,4388.930000000006,795,1403
DRUG GM,FEMININE HYGIENE,5.0,2759.1100000000015,399,591
DELI,SALADS/DIPS,5.0,3997.710000000005,521,944
MEAT,LAMB,5.0,296.39,16,33
GROCERY,DRY MIX DESSERTS,5.0,1701.699999999997,459,732
DRUG GM,SHAVING CARE PRODUCTS,5.0,3287.7400000000025,352,485
GARDEN CENTER,GARDEN CENTER,5.0,3169.94,156,219
DRUG GM,BOOKSTORE,5.0,1772.2100000000003,146,190
GROCERY,FRZN ICE,5.0,1078.5000000000005,244,393
NUTRITION,REFRIGERATED,5.0,3720.810000000004,269,779
DRUG GM,BABY FOODS,5.0,3889.7500000000114,181,628
PRODUCE,CARROTS,5.0,2132.260000000005,628,1161
SPIRITS,LIQUOR,5.0,3151.9000000000015,151,267
GARDEN CENTER,UNKNOWN,5.0,245.86,44,50
FLORAL,FLORAL-FLOWERING PLANTS,5.0,1151.3700000000003,87,107
FLORAL,FLORAL BALLOONS,5.0,406.79999999999995,56,70
GROCERY,LIQUOR,5.0,308.73,50,72
DRUG GM,INSECTICIDES,5.0,596.7600000000001,112,128
DRUG GM,SEWING,5.0,55.650000000000006,18,22
PRODUCE,STONE FRUIT,5.0,628.86,209,278
GROCERY,FRZN SEAFOOD,5.0,35.92,6,7
NUTRITION,DRY TEA/COFFEE/COCO MIX,5.0,56.260000000000005,12,14
DRUG GM,HALLOWEEN,5.0,30.43,6,6
COSMETICS,COUPON/MISC ITEMS,5.0,16.93,6,6
GROCERY,BOTTLE DEPOSITS,5.0,3.4,1,3
GROCERY,FLUID MILK PRODUCTS,4.0,28819.329999999954,1807,9619
GROCERY,CANNED JUICES,4.0,11269.589999999938,1058,3048
GROCERY,COLD CEREAL,4.0,15227.939999999873,1190,3393
NUTRITION,PREPARED/PKGD FOODS,4.0,544.1,63,119
GROCERY,SHORTENING/OIL,4.0,3972.0300000000016,754,1188
GROCERY,BAKED BREAD/BUNS/ROLLS,4.0,19475.30999999976,1729,8071
GROCERY,VEGETABLES - SHELF STABLE,4.0,8874.669999999975,1218,3393
DRUG GM,MAGAZINE,4.0,5023.05000000001,463,1067
GROCERY,YOGURT,4.0,8720.469999999925,910,2667
GROCERY,BUTTER,4.0,2205.7200000000016,348,631
PRODUCE,VEGETABLES - ALL OTHERS,4.0,4890.020000000012,985,2410
PRODUCE,VALUE ADDED FRUIT,4.0,2579.749999999999,354,659
DRUG GM,DIETARY AID PRODUCTS,4.0,2725.8300000000027,145,284
GROCERY,COCOA MIXES,4.0,1465.9499999999996,397,561
DRUG GM,KITCHEN GADGETS,4.0,980.8700000000006,228,269
PASTRY,BREAKFAST SWEETS,4.0,2538.7900000000027,514,1054
GROCERY,WAREHOUSE SNACKS,4.0,1948.3700000000024,480,778
GROCERY,CANNED MILK,4.0,430.1700000000001,159,221
DELI,SANDWICHES,4.0,490.19,68,116
DRUG GM,ORAL HYGIENE PRODUCTS,4.0,5102.1500000000115,629,1053
MEAT-PCKGD,HEAT/SERVE,4.0,4338.070000000006,416,788
PRODUCE,PEPPERS-ALL,4.0,2381.430000000009,620,1197
PRODUCE,POTATOES,4.0,6550.130000000005,956,2136
GROCERY,DOMESTIC WINE,4.0,8370.049999999981,255,659
MEAT-PCKGD,DINNER SAUSAGE,4.0,5249.680000000006,704,1212
DRUG GM,EASTER,4.0,611.7200000000005,139,194
DRUG GM,ANALGESICS,4.0,3730.380000000004,453,649
PRODUCE,SQUASH,4.0,394.77,141,254
GROCERY,OLIVES,4.0,926.0600000000002,246,379
GROCERY,DRY SAUCES/GRAVY,4.0,1868.6999999999994,552,955
DRUG GM,PLASTIC HOUSEWARES,4.0,1315.9900000000002,221,274
DRUG GM,FILM AND CAMERA PRODUCTS,4.0,928.6200000000001,123,134
GROCERY,PICKLE/RELISH/PKLD VEG,4.0,2247.4100000000026,515,834
DELI,DELI SUPPLIES,4.0,99.77,24,27
DRUG GM,DOMESTIC GOODS,4.0,937.0300000000002,100,112
NUTRITION,RICE CAKES,4.0,449.6899999999998,101,153
PASTRY,DELI SUPPLIES,4.0,131.15,49,53
NUTRITION,BEVERAGE,4.0,220.98,30,63
DELI,SERVICE BEVERAGE,4.0,34.29,22,26
COSMETICS,COSMETIC ACCESSORIES,4.0,144.35000000000002,27,28
NUTRITION,CONDIMENTS,4.0,263.07,47,61
RESTAURANT,COFFEE SHOP,4.0,75.38,12,17
DRUG GM,SMOKING CESSATIONS,4.0,205.57999999999998,4,6
DRUG GM,NATURAL HBC,4.0,45.81,6,6
COSMETICS,FRAGRANCES,4.0,409.34,14,14
MEAT,MEAT SUPPLIES,6.0,9.969999999999999,2,3
AUTOMOTIVE,COUPON,1.0,44.42,6,6
DRUG GM,CHRISTMAS  SEASONAL,1.0,2.68,4,4
GROCERY,RESTRICTED DIET,1.0,6.28,2,2
GROCERY,BIRD SEED,1.0,20.83,6,6
DRUG GM,PERSONAL CARE APPLIANCES,1.0,156.1,10,10
HOUSEWARES,UNKNOWN,1.0,2.99,1,1
MEAT,RW FRESH PROCESSED MEAT,1.0,3.2,1,1
PRODUCE,PROD SUPPLIES,1.0,0.99,1,1
PHOTO,REFRGRATD DOUGH PRODUCTS,5.0,6.0,3,3
RX,PHARMACY,5.0,5.89,1,1
GROCERY,SOFT DRINKS,7.0,39068.860000000415,1701,9354
PRODUCE,STONE FRUIT,7.0,982.6100000000002,225,340
PRODUCE,BERRIES,7.0,3102.770000000005,344,718
PRODUCE,SALAD MIX,7.0,5437.800000000009,782,1925
MEAT,PORK,7.0,11642.48999999999,785,1594
SALAD BAR,SALAD BAR,7.0,4324.55,433,1203
PRODUCE,ONIONS,7.0,3400.1500000000024,999,2197
GROCERY,MISC. DAIRY,7.0,3126.100000000002,543,983
NUTRITION,REFRIGERATED,7.0,3826.2700000000027,254,755
DELI,SALADS/DIPS,7.0,3284.5600000000027,457,809
GROCERY,CONDIMENTS/SAUCES,7.0,5580.560000000024,1124,2254
GROCERY,PNT BTR/JELLY/JAMS,7.0,4690.660000000007,830,1483
GROCERY,MILK BY-PRODUCTS,7.0,5616.9900000000225,1101,2712
GROCERY,BAKED SWEET GOODS,7.0,7616.870000000004,926,2536
DRUG GM,SHAVING CARE PRODUCTS,7.0,3401.850000000003,325,468
PRODUCE,CARROTS,7.0,2309.0000000000045,649,1137
GROCERY,DRY MIX DESSERTS,7.0,1619.4499999999996,531,801
GROCERY,SEAFOOD - SHELF STABLE,7.0,2913.4499999999985,563,925
SPIRITS,LIQUOR,7.0,3081.6000000000017,133,291
DRUG GM,BABY FOODS,7.0,3278.689999999993,193,589
MEAT-PCKGD,HOT DOGS,7.0,3886.34,672,1232
DRUG GM,HALLOWEEN,7.0,1777.5900000000024,206,271
NUTRITION,SNKS/CKYS/CRKR/CNDY,7.0,603.9,87,135
GROCERY,LIQUOR,7.0,308.99,52,64
GARDEN CENTER,GARDEN CENTER,7.0,984.6800000000001,45,54
DRUG GM,FEMININE HYGIENE,7.0,2962.520000000001,399,611
DRUG GM,BOOKSTORE,7.0,2548.7300000000014,163,222
FLORAL,FLORAL-FLOWERING PLANTS,7.0,644.7700000000002,64,69
GROCERY,FRZN ICE,7.0,544.2400000000001,137,211
MISC. TRANS.,NO COMMODITY DESCRIPTION,7.0,1330.6800000000005,277,410
DRUG GM,INSECTICIDES,7.0,325.1400000000001,52,61
FLORAL,FLORAL BALLOONS,7.0,189.94000000000003,36,39
MEAT,LAMB,7.0,260.65999999999997,20,38
COSMETICS,COUPON/MISC ITEMS,7.0,119.95,5,6
GROCERY,BOTTLE DEPOSITS,7.0,33.99999999999999,6,13
NUTRITION,DRY TEA/COFFEE/COCO MIX,7.0,100.32000000000002,18,24
GROCERY,FRZN SEAFOOD,7.0,37.410000000000004,8,8
DRUG GM,SEWING,7.0,45.629999999999995,24,24
PRODUCE,DRIED FRUIT,7.0,36.849999999999994,17,18
PHOTO,REFRGRATD DOUGH PRODUCTS,7.0,6.970000000000001,3,3
NUTRITION,NDAIRY/TEAS/JUICE/SOD,7.0,9.4,1,1
SEAFOOD,SEAFOOD - MISC,7.0,1.0,1,1
RX,PHARMACY,7.0,32.870000000000005,3,3
SALAD BAR,PROD SUPPLIES,4.0,1.76,2,2
PRODUCE,PROD SUPPLIES,6.0,1.99,2,2
MEAT,MEAT - MISC,3.0,1.48,1,1
PRODUCE,DRIED FRUIT,5.0,1.69,1,1
GROCERY,SEAFOOD - SHELF STABLE,8.0,3191.500000000002,591,1038
DELI,SALADS/DIPS,8.0,2632.7100000000028,426,684
DRUG GM,BABY FOODS,8.0,2745.6399999999985,178,480
PRODUCE,CARROTS,8.0,2065.5000000000045,633,1104
GROCERY,SOFT DRINKS,8.0,38217.09000000038,1727,8204
MEAT,PORK,8.0,10640.689999999995,774,1483
PRODUCE,ONIONS,8.0,3487.3200000000043,936,1947
GROCERY,MISC. DAIRY,8.0,3107.590000000001,546,957
GROCERY,PNT BTR/JELLY/JAMS,8.0,4252.690000000008,814,1375
GROCERY,BAKED SWEET GOODS,8.0,6945.17,925,2325
NUTRITION,REFRIGERATED,8.0,3598.900000000006,244,698
GROCERY,DRY MIX DESSERTS,8.0,1392.9499999999985,429,648
PRODUCE,SALAD MIX,8.0,5640.000000000001,771,1831
GROCERY,MILK BY-PRODUCTS,8.0,5240.5200000000095,1063,2470
GROCERY,CONDIMENTS/SAUCES,8.0,5333.660000000016,1080,2089
MEAT-PCKGD,HOT DOGS,8.0,3367.1000000000017,629,1076
MEAT,LAMB,8.0,136.94,15,20
SALAD BAR,SALAD BAR,8.0,3898.3199999999997,374,971
DRUG GM,SHAVING CARE PRODUCTS,8.0,2830.260000000003,298,379
PRODUCE,STONE FRUIT,8.0,491.59000000000003,134,170
DRUG GM,FEMININE HYGIENE,8.0,2601.720000000002,372,521
FLORAL,FLORAL BALLOONS,8.0,252.95,52,56
MISC. TRANS.,NO COMMODITY DESCRIPTION,8.0,1671.6700000000005,229,312
SPIRITS,LIQUOR,8.0,2728.4300000000017,125,246
PRODUCE,BERRIES,8.0,3346.1800000000053,389,749
NUTRITION,SNKS/CKYS/CRKR/CNDY,8.0,456.36,76,123
DRUG GM,BOOKSTORE,8.0,2050.180000000001,156,213
NUTRITION,DRY TEA/COFFEE/COCO MIX,8.0,159.01,23,31
GROCERY,FRZN ICE,8.0,316.53,120,168
PHOTO,REFRGRATD DOUGH PRODUCTS,8.0,4.73,2,2
COSMETICS,COUPON/MISC ITEMS,8.0,30.96,6,6
DRUG GM,INSECTICIDES,8.0,150.0,27,33
SEAFOOD,SEAFOOD - MISC,8.0,15.43,3,3
FLORAL,FLORAL-FLOWERING PLANTS,8.0,546.9700000000001,56,62
GROCERY,LIQUOR,8.0,279.16999999999996,58,69
DRUG GM,SEWING,8.0,34.81,17,17
GROCERY,FRZN SEAFOOD,8.0,91.28000000000002,19,21
GROCERY,BOTTLE DEPOSITS,8.0,6.9,4,8
PRODUCE,DRIED FRUIT,8.0,10.120000000000001,4,4
DRUG GM,HALLOWEEN,8.0,1.79,3,3
GARDEN CENTER,GARDEN CENTER,8.0,25.090000000000003,3,3
RX,PHARMACY,8.0,69.85,5,5
GROCERY,FROZEN PIZZA,1.0,7123.7799999999515,588,1107
GROCERY,BAG SNACKS,1.0,7705.159999999994,928,2129
GROCERY,FD WRAPS/BAGS/TRSH BG,1.0,2106.3600000000038,412,583
GROCERY,BAKING MIXES,1.0,1375.460000000005,320,501
GROCERY,MEAT - SHELF STABLE,1.0,2523.6700000000005,387,619
PRODUCE,TOMATOES,1.0,2364.6599999999985,497,909
DRUG GM,ANTACIDS,1.0,671.2300000000005,73,95
MISC SALES TRAN,COUPON/MISC ITEMS,1.0,2917.9799999999996,149,230
DRUG GM,SPRING/SUMMER SEASONAL,1.0,1857.2000000000007,137,158
GROCERY,COOKIES/CONES,1.0,3174.979999999994,562,990
DRUG GM,NEWSPAPER,1.0,238.19999999999996,110,184
DELI,DELI MEATS,1.0,5601.489999999988,445,910
GROCERY,MARGARINES,1.0,1067.270000000004,464,651
GROCERY,HOT CEREAL,1.0,640.3200000000008,148,222
PASTRY,COOKIES,1.0,887.740000000001,166,207
GROCERY,REFRGRATD DOUGH PRODUCTS,1.0,1729.5300000000054,349,565
MEAT-PCKGD,MISCELLANEOUS,1.0,317.01,93,117
DRUG GM,CANDY - PACKAGED,1.0,3015.1699999999814,534,984
DRUG GM,HAIR CARE PRODUCTS,1.0,2071.0000000000036,278,389
PASTRY,SWEET GOODS & SNACKS,1.0,271.6700000000003,70,95
GROCERY,FLOUR & MEALS,1.0,252.22999999999996,117,132
GROCERY,HOUSEHOLD CLEANG NEEDS,1.0,2011.6100000000058,259,380
KIOSK-GAS,FUEL,1.0,369.92,15,35
GROCERY,DISHWASH DETERGENTS,1.0,828.630000000001,242,302
DRUG GM,HOSIERY/SOCKS,1.0,189.89,33,38
FLORAL,FLORAL-FOLIAGE PLANTS,1.0,169.80999999999997,14,14
DRUG GM,TICKETS,1.0,278.18,26,30
GROCERY,FROZEN CHICKEN,1.0,87.91999999999999,7,7
PRODUCE,CITRUS,2.0,1931.370000000003,508,918
MEAT,BEEF,2.0,41603.65999999998,1457,4874
GROCERY,SNACK NUTS,2.0,2218.1500000000005,365,605
PRODUCE,TROPICAL FRUIT,2.0,5081.570000000001,1230,4116
GROCERY,SYRUPS/TOPPINGS,2.0,357.39,131,150
GROCERY,LAUNDRY DETERGENTS,2.0,6462.440000000001,678,1091
MEAT-PCKGD,BACON,2.0,6033.679999999995,753,1445
DRUG GM,STATIONERY & SCHOOL SUPPLIES,2.0,2914.680000000003,508,766
GROCERY,COFFEE,2.0,7749.319999999983,653,1343
GROCERY,FRZN VEGETABLE/VEG DSH,2.0,4341.040000000003,716,1346
MEAT-PCKGD,FROZEN MEAT,2.0,5965.719999999998,600,1005
MEAT-PCKGD,MEAT - MISC,2.0,9559.399999999932,695,1237
GROCERY,FROZEN PIE/DESSERTS,2.0,1994.0300000000016,397,655
GROCERY,FRZN JCE CONC/DRNKS,2.0,678.4899999999994,149,249
PRODUCE,ORGANICS FRUIT & VEGETABLES,2.0,1617.3600000000015,319,535
GROCERY,DOG FOODS,2.0,6345.580000000007,353,847
DRUG GM,COLD AND FLU,2.0,1448.390000000001,234,309
DELI,SNACKS,2.0,515.4300000000001,107,162
GROCERY,IMPORTED WINE,2.0,2629.290000000002,94,208
DRUG GM,OVERNIGHT PHOTOFINISHING,2.0,369.78999999999996,23,27
DRUG GM,HAND/BODY/FACIAL PRODUCTS,2.0,2300.3700000000013,247,323
DRUG GM,HARDWARE SUPPLIES,2.0,709.5200000000003,151,183
PRODUCE,BROCCOLI/CAULIFLOWER,2.0,1081.3400000000029,304,574
MEAT,TURKEY,2.0,1159.6600000000003,148,217
DRUG GM,AUTOMOTIVE PRODUCTS,2.0,545.31,93,106
DRUG GM,HAIR CARE ACCESSORIES,2.0,549.65,121,149
GROCERY,MISC WINE,2.0,944.4700000000006,120,160
DRUG GM,CHARCOAL AND LIGHTER FLUID,2.0,1479.4600000000012,217,302
GROCERY,FRZN FRUITS,2.0,541.9,79,112
DELI,DELI SPECIALTIES (RETAIL PK),2.0,264.5900000000001,67,87
DRUG GM,LAXATIVES,2.0,944.0300000000002,101,144
SEAFOOD-PCKGD,SEAFOOD-FRESH,2.0,599.1200000000002,96,156
DRUG GM,TOBACCO OTHER,2.0,545.9499999999999,88,125
DRUG GM,IN-STORE PHOTOFINISHING,2.0,1156.6300000000003,80,107
DRUG GM,DISPOSIBLE FOILWARE,2.0,376.59000000000003,95,102
MEAT,RW FRESH PROCESSED MEAT,2.0,12.14,5,5
GROCERY,BIRD SEED,2.0,130.03000000000003,22,33
DRUG GM,PERSONAL CARE APPLIANCES,2.0,329.51,25,26
DRUG GM,CHRISTMAS  SEASONAL,2.0,10.649999999999999,6,6
AUTOMOTIVE,COUPON,2.0,24.21,6,6
PRODUCE,PROD SUPPLIES,2.0,1.49,2,2
GROCERY,RESTRICTED DIET,2.0,7.87,3,3
GROCERY,MARGARINES,6.0,3054.7499999999977,942,1775
GROCERY,BAKING MIXES,6.0,3839.140000000003,732,1348
DRUG GM,CANDY - PACKAGED,6.0,8024.0799999999845,1035,2521
MISC SALES TRAN,COUPON/MISC ITEMS,6.0,19849.589999999997,396,850
GROCERY,BAG SNACKS,6.0,21294.09999999984,1598,6066
GROCERY,FD WRAPS/BAGS/TRSH BG,6.0,5977.27000000001,842,1508
GROCERY,DISHWASH DETERGENTS,6.0,2692.4900000000016,589,889
PRODUCE,TOMATOES,6.0,5578.700000000002,945,2334
GROCERY,HOUSEHOLD CLEANG NEEDS,6.0,5726.590000000007,619,1037
GROCERY,FROZEN PIZZA,6.0,18987.199999999935,1102,3091
GROCERY,COOKIES/CONES,6.0,7699.969999999987,1048,2435
PASTRY,SWEET GOODS & SNACKS,6.0,688.3800000000001,152,214
DELI,DELI MEATS,6.0,16076.029999999973,859,2506
GROCERY,MEAT - SHELF STABLE,6.0,7337.249999999998,872,1853
PASTRY,COOKIES,6.0,2040.4100000000014,352,506
GROCERY,REFRGRATD DOUGH PRODUCTS,6.0,4991.010000000007,766,1683
DRUG GM,HAIR CARE PRODUCTS,6.0,6332.550000000007,637,1130
DRUG GM,SPRING/SUMMER SEASONAL,6.0,2646.820000000003,261,343
GROCERY,FLOUR & MEALS,6.0,670.9800000000002,286,358
DRUG GM,NEWSPAPER,6.0,818.3699999999999,237,632
CHEF SHOPPE,UNKNOWN,6.0,804.3200000000003,201,292
GROCERY,HOT CEREAL,6.0,1911.889999999998,415,625
DRUG GM,TICKETS,6.0,942.8800000000002,79,93
FLORAL,FLORAL-FOLIAGE PLANTS,6.0,484.91999999999996,38,45
DRUG GM,ANTACIDS,6.0,1652.5500000000009,167,224
MEAT-PCKGD,MISCELLANEOUS,6.0,728.1899999999999,203,275
KIOSK-GAS,FUEL,6.0,6446.86,135,337
DRUG GM,HOSIERY/SOCKS,6.0,257.1700000000001,47,58
DRUG GM,ADULT INCONTINENCE,6.0,979.7000000000002,32,84
DELI/SNACK BAR,DELI SUPPLIES,6.0,14.649999999999999,3,4
GROCERY,FROZEN CHICKEN,6.0,637.5400000000001,55,74
DRUG GM,HOME FURNISHINGS,6.0,216.91000000000003,16,16
NUTRITION,BABYFOOD,6.0,63.28000000000001,9,20
DRUG GM,LONG DISTANCE CALLING CARDS,6.0,100.19999999999999,7,10
GROCERY,IMPORTED WINE,3.0,2879.380000000002,125,221
MEAT,BEEF,3.0,41100.20000000001,1456,4992
PRODUCE,CITRUS,3.0,3025.830000000003,623,1194
PRODUCE,TROPICAL FRUIT,3.0,5093.600000000001,1235,4279
GROCERY,FRZN VEGETABLE/VEG DSH,3.0,5814.370000000013,858,1792
GROCERY,COFFEE,3.0,9003.539999999955,739,1653
GROCERY,LAUNDRY DETERGENTS,3.0,7508.069999999995,673,1176
DRUG GM,STATIONERY & SCHOOL SUPPLIES,3.0,2342.010000000003,429,647
DRUG GM,HAIR CARE ACCESSORIES,3.0,468.07999999999987,117,130
DRUG GM,HAND/BODY/FACIAL PRODUCTS,3.0,2797.6500000000024,274,370
MEAT-PCKGD,BACON,3.0,6097.149999999999,760,1509
GROCERY,DOG FOODS,3.0,6498.740000000011,371,894
MEAT-PCKGD,MEAT - MISC,3.0,7456.729999999989,545,940
PRODUCE,ORGANICS FRUIT & VEGETABLES,3.0,1520.4400000000012,285,482
GROCERY,SYRUPS/TOPPINGS,3.0,386.97999999999985,121,158
DRUG GM,COLD AND FLU,3.0,3630.350000000003,522,786
MEAT-PCKGD,FROZEN MEAT,3.0,6939.619999999995,624,1165
MEAT,TURKEY,3.0,6250.05,429,608
GROCERY,SNACK NUTS,3.0,2341.010000000001,378,630
GROCERY,FRZN JCE CONC/DRNKS,3.0,736.2199999999998,146,262
GROCERY,FROZEN PIE/DESSERTS,3.0,3391.83,629,1001
PRODUCE,BROCCOLI/CAULIFLOWER,3.0,1307.4500000000012,341,643
GROCERY,MISC WINE,3.0,1296.730000000001,125,192
DRUG GM,CHARCOAL AND LIGHTER FLUID,3.0,1551.4800000000005,151,248
DRUG GM,HARDWARE SUPPLIES,3.0,616.8000000000002,126,152
DRUG GM,TOBACCO OTHER,3.0,399.23,78,113
SEAFOOD-PCKGD,SEAFOOD-FRESH,3.0,703.3900000000001,107,174
DRUG GM,IN-STORE PHOTOFINISHING,3.0,1013.9100000000001,59,75
GROCERY,FRZN FRUITS,3.0,710.15,90,140
DRUG GM,CHRISTMAS  SEASONAL,3.0,3639.349999999987,358,536
DRUG GM,AUTOMOTIVE PRODUCTS,3.0,583.2500000000002,130,151
DELI,SNACKS,3.0,534.09,116,166
GROCERY,BIRD SEED,3.0,92.85000000000001,17,22
DRUG GM,LAXATIVES,3.0,920.8300000000002,98,156
DRUG GM,PERSONAL CARE APPLIANCES,3.0,208.64999999999998,16,16
DELI,DELI SPECIALTIES (RETAIL PK),3.0,315.0200000000001,74,86
DRUG GM,DISPOSIBLE FOILWARE,3.0,769.8700000000006,199,228
DRUG GM,OVERNIGHT PHOTOFINISHING,3.0,261.29999999999995,20,28
PRODUCE,PROD SUPPLIES,3.0,6.96,4,4
AUTOMOTIVE,COUPON,3.0,64.9,10,10
GROCERY,RESTRICTED DIET,3.0,36.650000000000006,6,8
GROCERY,EGGS,5.0,5461.129999999999,1376,3862
PRODUCE,APPLES,5.0,4811.9500000000035,786,1738
PRODUCE,VALUE ADDED VEGETABLES,5.0,1126.2400000000014,216,360
DRUG GM,LAWN AND GARDEN SHOP,5.0,1033.4900000000002,80,92
PRODUCE,POPCORN,5.0,1714.100000000002,356,550
MEAT,CHICKEN,5.0,13490.880000000001,951,2208
 , ,5.0,0.0,529,1115
DRUG GM,COFFEE FILTERS,5.0,638.69,195,232
DELI,CHICKEN/POULTRY,5.0,4334.830000000004,409,749
GROCERY,BATH TISSUES,5.0,8601.93999999998,863,1895
DRUG GM,INFANT FORMULA,5.0,6185.6600000000035,121,315
NUTRITION,WATER,5.0,584.0999999999999,121,229
NUTRITION,PACKAGED NATURAL SNACKS,5.0,135.22,38,52
GROCERY,LAUNDRY ADDITIVES,5.0,2909.5900000000024,400,625
DELI,PREPARED FOOD,5.0,2492.9500000000007,283,657
GROCERY,CAT LITTER,5.0,2489.1300000000015,216,423
TRAVEL & LEISUR,APPLES,5.0,210.27,53,66
DRUG GM,FAMILY PLANNING,5.0,713.24,64,81
PRODUCE,NUTS,5.0,1200.7100000000014,175,263
COSMETICS,BATH,5.0,558.3700000000001,115,134
COUP/STR & MFG,COUPONS/STORE & MFG,5.0,199.72,91,121
DRUG GM,ETHNIC PERSONAL CARE,5.0,214.36999999999998,40,50
DRUG GM,PORTABLE ELECTRIC APPLIANCES,5.0,171.21999999999997,10,10
NUTRITION,SOUP,5.0,140.67999999999998,24,33
DRUG GM,SPORTS MEMORABLILIA,5.0,341.3400000000002,24,25
DRUG GM,CIGARS,5.0,111.04,15,19
MEAT,VEAL,5.0,30.310000000000006,7,7
RESTAURANT,COFFEE SHOP SWEET GOODS&RETAIL,5.0,95.44,11,12
MEAT,BACON,5.0,0.3,1,1
GROCERY,CONVENIENT BRKFST/WHLSM SNACKS,4.0,7659.6800000000185,822,1989
DELI,CHEESES,4.0,7436.94999999999,642,1598
PASTRY,BREAD,4.0,2765.8400000000015,567,1301
GROCERY,PASTA SAUCE,4.0,5124.720000000008,857,1701
MEAT-PCKGD,LUNCHMEAT,4.0,12963.869999999875,1191,3302
FLORAL,FLORAL-ACCESSORIES,4.0,82.88000000000002,16,19
COSMETICS,MAKEUP AND TREATMENT,4.0,3529.840000000002,353,566
SEAFOOD-PCKGD,SEAFOOD - FROZEN,4.0,9209.299999999963,641,1176
GROCERY,BAKING NEEDS,4.0,3942.8900000000067,769,1396
SEAFOOD-PCKGD,FROZEN - BOXED(GROCERY),4.0,852.0500000000003,113,144
DRUG GM,DEODORANTS,4.0,2139.7799999999997,425,583
GROCERY,ISOTONIC DRINKS,4.0,3099.100000000003,346,678
GROCERY,BEERS/ALES,4.0,19421.32999999977,700,2036
NUTRITION,FITNESS&DIET,4.0,1363.4799999999998,100,251
GROCERY,FACIAL TISS/DNR NAPKIN,4.0,2926.1100000000015,560,1064
MEAT-PCKGD,BREAKFAST SAUSAGE/SANDWICHES,4.0,7068.519999999991,837,1617
GROCERY,FRZN NOVELTIES/WTR ICE,4.0,5129.159999999996,635,1273
GROCERY,AIR CARE,4.0,2662.220000000004,364,567
DRUG GM,IRONING AND CHEMICALS,4.0,465.59000000000003,71,77
DRUG GM,SHOE CARE,4.0,103.53999999999999,34,39
PRODUCE,PEARS,4.0,638.0400000000002,167,288
DRUG GM,AUDIO/VIDEO PRODUCTS,4.0,2137.350000000001,109,136
NUTRITION,CHIPS&SNACKS,4.0,810.1500000000003,132,245
DRUG GM,SOAP - LIQUID & BAR,4.0,2946.5800000000027,532,798
DRUG GM,VITAMINS,4.0,2984.3700000000017,226,303
GROCERY,COUPON/MISC ITEMS,4.0,575.71,164,192
DRUG GM,BROOMS AND MOPS,4.0,1536.2200000000007,314,413
DRUG GM,EYE AND EAR CARE PRODUCTS,4.0,967.8799999999999,119,150
NUTRITION,NON EDIBLE PRODUCTS,4.0,38.519999999999996,6,7
FLORAL,ROSES,4.0,1489.6900000000003,77,84
DRUG GM,COOKWARE & BAKEWARE,4.0,970.7800000000003,141,156
NUTRITION,BAKING,4.0,197.2,33,53
FLORAL,FLORAL- HARD GOODS,4.0,268.05999999999995,28,31
RESTAURANT,QUICK SERVICE,4.0,63.47,10,14
DRUG GM,SUNTAN,4.0,97.17000000000002,10,11
DRUG GM,CONTINUITIES,6.0,16.770000000000003,2,2
DRUG GM,FD WRAPS/BAGS/TRSH BG,6.0,7.58,2,2
SEAFOOD,MEAT SUPPLIES,6.0,58.480000000000004,8,8
NUTRITION,ORGANICS FRUIT & VEGETABLES,6.0,2.99,1,1
MEAT,MEAT - MISC,6.0,3.12,1,1
VIDEO RENTAL,UNKNOWN,1.0,7.99,2,2
DRUG GM,ADULT INCONTINENCE,1.0,158.78,12,19
CHEF SHOPPE,UNKNOWN,1.0,67.81,6,13
NUTRITION,BABYFOOD,1.0,29.54,4,4
DRUG GM,FALL AND WINTER SEASONAL,1.0,41.849999999999994,13,13
DRUG GM,CONTINUITIES,1.0,39.730000000000004,8,9
SEAFOOD,MEAT SUPPLIES,1.0,5.0600000000000005,2,2
DRUG GM,HOME FURNISHINGS,1.0,93.92,5,5
NUTRITION,ORGANICS FRUIT & VEGETABLES,1.0,8.97,2,3
DRUG GM,FRAGRANCES,1.0,29.99,1,1
DRUG GM,LONG DISTANCE CALLING CARDS,1.0,41.4,3,3
MEAT,MEAT - MISC,1.0,1.54,1,1
NUTRITION,NATURAL VITAMINS,5.0,55.16,4,5
MEAT,MEAT SUPPLIES,2.0,6.62,2,2
DELI,PREPARED FOOD,7.0,3502.0000000000005,326,650
GROCERY,BATH TISSUES,7.0,9349.779999999982,921,1988
DELI,CHICKEN/POULTRY,7.0,4096.050000000004,402,706
GROCERY,EGGS,7.0,5719.900000000015,1410,3965
PRODUCE,APPLES,7.0,6194.889999999999,854,2022
PRODUCE,NUTS,7.0,1692.6000000000022,219,336
PRODUCE,POPCORN,7.0,1843.730000000001,401,597
NUTRITION,WATER,7.0,484.84000000000015,100,203
RESTAURANT,COFFEE SHOP SWEET GOODS&RETAIL,7.0,100.25,10,15
COUP/STR & MFG,COUPONS/STORE & MFG,7.0,151.02,70,83
MEAT,CHICKEN,7.0,12587.529999999988,886,1986
NUTRITION,NATURAL VITAMINS,7.0,83.16,10,10
 , ,7.0,0.0,596,1257
DRUG GM,INFANT FORMULA,7.0,7612.840000000001,131,355
DRUG GM,COFFEE FILTERS,7.0,657.65,193,227
PRODUCE,VALUE ADDED VEGETABLES,7.0,882.4000000000003,172,256
GROCERY,CAT LITTER,7.0,2670.1600000000008,222,463
PRODUCE,SEASONAL,7.0,811.5200000000004,117,123
DRUG GM,FAMILY PLANNING,7.0,564.73,57,66
GROCERY,LAUNDRY ADDITIVES,7.0,2898.0100000000034,416,627
TRAVEL & LEISUR,APPLES,7.0,683.7899999999997,169,224
NUTRITION,PACKAGED NATURAL SNACKS,7.0,250.70999999999998,31,51
COSMETICS,BATH,7.0,683.8000000000001,118,140
NUTRITION,SOUP,7.0,331.64,44,73
DRUG GM,SPORTS MEMORABLILIA,7.0,576.57,43,45
DRUG GM,PORTABLE ELECTRIC APPLIANCES,7.0,396.54,25,27
DRUG GM,CIGARS,7.0,73.17,13,17
MEAT,VEAL,7.0,51.85000000000001,9,10
DRUG GM,ETHNIC PERSONAL CARE,7.0,93.75,29,30
MEAT,RW FRESH PROCESSED MEAT,3.0,1.51,1,1
MEAT,MEAT SUPPLIES,3.0,7.99,1,1
DRUG GM,HOME FREEZING & CANNING SUPPLY,4.0,58.019999999999996,7,7
DRUG GM,MISCELLANEOUS HBC,4.0,2.99,1,1
DRUG GM,LAWN AND GARDEN SHOP,7.0,14.9,1,1
POSTAL CENTER,CANDY - PACKAGED,7.0,2.49,2,2
PROD-WHS SALES,PROD SUPPLIES,5.0,0.96,1,1
DELI,CHICKEN/POULTRY,8.0,4003.170000000003,391,698
GROCERY,EGGS,8.0,5711.070000000026,1346,3570
MEAT,CHICKEN,8.0,10512.139999999996,825,1694
GROCERY,BATH TISSUES,8.0,8079.47999999998,839,1710
PRODUCE,APPLES,8.0,4955.289999999999,742,1634
PRODUCE,POPCORN,8.0,1622.6100000000015,378,517
DRUG GM,COFFEE FILTERS,8.0,612.73,194,222
 , ,8.0,0.0,498,884
DRUG GM,FAMILY PLANNING,8.0,647.07,60,68
DELI,PREPARED FOOD,8.0,3069.5300000000007,285,520
GROCERY,LAUNDRY ADDITIVES,8.0,2488.1200000000026,377,531
DRUG GM,INFANT FORMULA,8.0,6219.76,134,304
COSMETICS,BATH,8.0,606.6400000000001,123,139
DRUG GM,ETHNIC PERSONAL CARE,8.0,180.81,36,44
NUTRITION,WATER,8.0,783.3900000000001,96,186
TRAVEL & LEISUR,APPLES,8.0,232.61999999999998,50,69
PRODUCE,VALUE ADDED VEGETABLES,8.0,1093.900000000001,169,266
GROCERY,CAT LITTER,8.0,2479.1100000000006,211,374
POSTAL CENTER,CANDY - CHECKLANE,8.0,6.6000000000000005,5,13
PRODUCE,NUTS,8.0,1262.3400000000015,166,258
RESTAURANT,COFFEE SHOP SWEET GOODS&RETAIL,8.0,123.52,12,14
NUTRITION,PACKAGED NATURAL SNACKS,8.0,134.94000000000003,26,38
COUP/STR & MFG,COUPONS/STORE & MFG,8.0,127.59,66,75
DRUG GM,PORTABLE ELECTRIC APPLIANCES,8.0,407.81,25,25
NUTRITION,SOUP,8.0,343.47,33,65
DRUG GM,CIGARS,8.0,71.34,11,17
DRUG GM,SPORTS MEMORABLILIA,8.0,431.30000000000007,32,36
MEAT-PCKGD,FROZEN PACKAGE MEAT,8.0,12.99,1,1
MEAT,VEAL,8.0,47.510000000000005,10,11
NUTRITION,NATURAL VITAMINS,8.0,84.35,7,7
DRUG GM,LAWN AND GARDEN SHOP,8.0,1.98,1,1
DRUG GM,PROPANE,4.0,67.96,4,4
POSTAL CENTER,CANDY - PACKAGED,8.0,8.95,1,1
GROCERY,FRZN NOVELTIES/WTR ICE,1.0,2619.2899999999954,387,629
GROCERY,BEERS/ALES,1.0,8525.079999999876,418,900
GROCERY,BAKING NEEDS,1.0,1090.6100000000029,269,413
MEAT-PCKGD,LUNCHMEAT,1.0,4749.179999999944,623,1166
GROCERY,CONVENIENT BRKFST/WHLSM SNACKS,1.0,2802.6900000000014,398,702
COSMETICS,MAKEUP AND TREATMENT,1.0,1040.5000000000014,147,187
PASTRY,BREAD,1.0,683.790000000001,193,289
MEAT-PCKGD,BREAKFAST SAUSAGE/SANDWICHES,1.0,2291.0699999999974,328,499
SEAFOOD-PCKGD,SEAFOOD - FROZEN,1.0,2331.34,240,317
GROCERY,PASTA SAUCE,1.0,1519.0199999999984,390,577
DRUG GM,DEODORANTS,1.0,835.4900000000018,210,245
GROCERY,AIR CARE,1.0,819.3700000000016,151,195
GROCERY,FACIAL TISS/DNR NAPKIN,1.0,748.9200000000009,212,321
NUTRITION,FITNESS&DIET,1.0,326.6200000000002,50,73
GROCERY,COUPON/MISC ITEMS,1.0,377.81000000000006,78,88
DRUG GM,VITAMINS,1.0,720.1300000000005,68,84
GROCERY,ISOTONIC DRINKS,1.0,1484.3699999999976,192,299
DRUG GM,EYE AND EAR CARE PRODUCTS,1.0,463.4500000000003,59,69
DRUG GM,SOAP - LIQUID & BAR,1.0,1162.7600000000018,229,290
DELI,CHEESES,1.0,2360.9599999999955,304,535
PRODUCE,PEARS,1.0,155.37000000000003,62,72
NUTRITION,BAKING,1.0,19.810000000000002,6,7
DRUG GM,BROOMS AND MOPS,1.0,645.5600000000005,156,188
DRUG GM,COOKWARE & BAKEWARE,1.0,270.1300000000001,33,35
DRUG GM,AUDIO/VIDEO PRODUCTS,1.0,386.77000000000015,26,30
SEAFOOD-PCKGD,FROZEN - BOXED(GROCERY),1.0,141.42999999999998,25,27
NUTRITION,CHIPS&SNACKS,1.0,291.6000000000003,62,90
DRUG GM,PROPANE,1.0,102.95,4,4
FLORAL,ROSES,1.0,484.7000000000001,33,39
DRUG GM,SHOE CARE,1.0,36.809999999999995,13,13
DRUG GM,IRONING AND CHEMICALS,1.0,315.1600000000001,23,27
DRUG GM,SUNTAN,1.0,369.4600000000002,44,47
GROCERY,VEGETABLES - SHELF STABLE,2.0,6446.740000000007,1118,2626
GROCERY,FLUID MILK PRODUCTS,2.0,25437.169999999274,1852,8956
GROCERY,PICKLE/RELISH/PKLD VEG,2.0,2074.340000000002,567,886
DRUG GM,DIETARY AID PRODUCTS,2.0,1990.2700000000013,113,241
GROCERY,BAKED BREAD/BUNS/ROLLS,2.0,19884.79999999959,1819,8229
DELI,SERVICE BEVERAGE,2.0,81.77999999999999,32,72
MEAT-PCKGD,DINNER SAUSAGE,2.0,6802.559999999985,800,1517
GROCERY,SHORTENING/OIL,2.0,3479.6900000000032,704,1076
MEAT-PCKGD,HEAT/SERVE,2.0,3242.150000000004,385,647
GROCERY,YOGURT,2.0,7645.470000000054,823,2344
PASTRY,BREAKFAST SWEETS,2.0,2516.870000000004,565,1089
GROCERY,COLD CEREAL,2.0,14989.809999999856,1256,3407
GROCERY,CANNED JUICES,2.0,9704.549999999983,1058,2589
GROCERY,WAREHOUSE SNACKS,2.0,2502.5100000000057,598,1083
PRODUCE,POTATOES,2.0,4892.96000000001,934,1894
DRUG GM,ANALGESICS,2.0,2553.220000000002,344,455
DRUG GM,MAGAZINE,2.0,4622.2800000000125,446,1012
PRODUCE,VEGETABLES - ALL OTHERS,2.0,3886.8299999999963,887,2068
GROCERY,BUTTER,2.0,1924.9100000000014,318,549
GROCERY,DOMESTIC WINE,2.0,6511.759999999996,218,523
GROCERY,DRY SAUCES/GRAVY,2.0,1327.1299999999999,420,686
PRODUCE,VALUE ADDED FRUIT,2.0,3139.8199999999997,540,1087
DRUG GM,ORAL HYGIENE PRODUCTS,2.0,4560.690000000006,609,991
DRUG GM,PLASTIC HOUSEWARES,2.0,1226.1100000000004,287,361
DRUG GM,KITCHEN GADGETS,2.0,895.2500000000005,253,295
GROCERY,OLIVES,2.0,693.3600000000001,220,329
PRODUCE,PEPPERS-ALL,2.0,1912.8400000000038,592,1093
DRUG GM,FILM AND CAMERA PRODUCTS,2.0,1245.8100000000004,153,185
NUTRITION,RICE CAKES,2.0,422.8699999999999,85,150
PRODUCE,SQUASH,2.0,382.72,172,263
DELI,SANDWICHES,2.0,415.5799999999999,71,103
DRUG GM,DOMESTIC GOODS,2.0,583.32,78,88
GROCERY,COCOA MIXES,2.0,880.3499999999993,258,346
NUTRITION,CONDIMENTS,2.0,210.25000000000003,37,53
DELI,DELI SUPPLIES,2.0,115.59,29,32
NUTRITION,BEVERAGE,2.0,301.5799999999999,32,95
PASTRY,DELI SUPPLIES,2.0,117.63000000000001,47,49
NUTRITION,PREPARED/PKGD FOODS,2.0,344.25000000000006,51,83
COSMETICS,COSMETIC ACCESSORIES,2.0,175.03,26,27
DRUG GM,SMOKING CESSATIONS,2.0,308.02,6,10
GROCERY,CANNED MILK,2.0,337.52,121,170
COSMETICS,FRAGRANCES,2.0,120.75,6,6
GM MERCH EXP,UNKNOWN,2.0,9.04,2,2
DRUG GM,NATURAL HBC,2.0,40.330000000000005,5,5
RESTAURANT,COFFEE SHOP,2.0,13.83,3,3
DAIRY DELI,MILK BY-PRODUCTS,2.0,5.78,1,1
GROCERY,ISOTONIC DRINKS,6.0,4775.239999999989,467,1087
MEAT-PCKGD,LUNCHMEAT,6.0,13764.959999999839,1206,3467
MEAT-PCKGD,BREAKFAST SAUSAGE/SANDWICHES,6.0,5670.429999999999,692,1362
GROCERY,CONVENIENT BRKFST/WHLSM SNACKS,6.0,7849.090000000019,846,1962
GROCERY,FRZN NOVELTIES/WTR ICE,6.0,7583.929999999989,869,2018
NUTRITION,FITNESS&DIET,6.0,1616.8100000000009,129,327
GROCERY,BAKING NEEDS,6.0,2977.710000000004,655,1085
GROCERY,PASTA SAUCE,6.0,4616.610000000006,824,1554
DRUG GM,BROOMS AND MOPS,6.0,1491.9900000000011,327,450
GROCERY,FACIAL TISS/DNR NAPKIN,6.0,2480.430000000002,491,899
GROCERY,BEERS/ALES,6.0,22690.079999999674,778,2350
DELI,CHEESES,6.0,7835.349999999996,668,1703
DRUG GM,SOAP - LIQUID & BAR,6.0,3149.380000000003,563,873
SEAFOOD-PCKGD,SEAFOOD - FROZEN,6.0,5990.430000000005,486,816
DRUG GM,DEODORANTS,6.0,2324.400000000002,437,603
PRODUCE,PEARS,6.0,462.35999999999996,142,202
DRUG GM,EYE AND EAR CARE PRODUCTS,6.0,840.9300000000003,108,141
PASTRY,BREAD,6.0,2320.270000000003,473,1028
COSMETICS,MAKEUP AND TREATMENT,6.0,3091.3300000000017,354,543
GROCERY,COUPON/MISC ITEMS,6.0,503.96000000000004,133,145
GROCERY,AIR CARE,6.0,2210.1300000000024,316,478
DRUG GM,SHOE CARE,6.0,74.82,22,22
DRUG GM,HOME FREEZING & CANNING SUPPLY,6.0,264.37999999999994,29,45
SEAFOOD-PCKGD,FROZEN - BOXED(GROCERY),6.0,724.0300000000002,83,105
NUTRITION,CHIPS&SNACKS,6.0,873.9200000000004,140,254
DRUG GM,SUNTAN,6.0,631.4600000000002,76,79
DRUG GM,COOKWARE & BAKEWARE,6.0,614.5900000000001,85,91
DRUG GM,VITAMINS,6.0,2446.350000000001,189,249
DRUG GM,AUDIO/VIDEO PRODUCTS,6.0,1386.8100000000002,80,100
FLORAL,ROSES,6.0,894.3200000000003,55,64
DRUG GM,IRONING AND CHEMICALS,6.0,526.06,50,56
NUTRITION,BAKING,6.0,236.65,33,48
FLORAL,FLORAL- HARD GOODS,6.0,181.89999999999998,26,28
RESTAURANT,QUICK SERVICE,6.0,119.70000000000002,17,22
NUTRITION,NON EDIBLE PRODUCTS,6.0,110.13000000000002,9,12
DRUG GM,PROPANE,6.0,166.40999999999997,8,8
GROCERY,FLUID MILK PRODUCTS,3.0,28412.979999999396,1815,9646
GROCERY,COLD CEREAL,3.0,14552.479999999898,1194,3313
GROCERY,BAKED BREAD/BUNS/ROLLS,3.0,18966.689999999617,1731,8103
DRUG GM,ANALGESICS,3.0,3024.9200000000037,375,517
PRODUCE,POTATOES,3.0,6450.599999999991,1052,2169
GROCERY,SHORTENING/OIL,3.0,3714.909999999998,735,1168
GROCERY,YOGURT,3.0,7310.1599999999735,799,2247
DRUG GM,MAGAZINE,3.0,4587.380000000011,436,1012
GROCERY,CANNED MILK,3.0,732.8899999999994,252,354
GROCERY,CANNED JUICES,3.0,9738.330000000005,1018,2740
PASTRY,BREAKFAST SWEETS,3.0,2630.970000000004,567,1085
DRUG GM,ORAL HYGIENE PRODUCTS,3.0,4862.660000000005,620,1030
GROCERY,COCOA MIXES,3.0,1883.1300000000006,521,770
GROCERY,WAREHOUSE SNACKS,3.0,2307.5000000000027,522,957
GROCERY,VEGETABLES - SHELF STABLE,3.0,9031.269999999975,1241,3408
PRODUCE,PEPPERS-ALL,3.0,1958.740000000002,557,1030
PASTRY,DELI SUPPLIES,3.0,205.70000000000002,56,65
PRODUCE,VEGETABLES - ALL OTHERS,3.0,4263.47000000001,930,2178
GROCERY,DRY SAUCES/GRAVY,3.0,2232.9600000000014,644,1138
GROCERY,PICKLE/RELISH/PKLD VEG,3.0,1928.4199999999996,502,782
DRUG GM,DIETARY AID PRODUCTS,3.0,1457.6100000000006,85,186
MEAT-PCKGD,DINNER SAUSAGE,3.0,4900.0400000000045,640,1157
GROCERY,BUTTER,3.0,3033.6500000000015,447,831
MEAT-PCKGD,HEAT/SERVE,3.0,3881.520000000006,375,716
PRODUCE,VALUE ADDED FRUIT,3.0,1893.5500000000002,337,638
GROCERY,DOMESTIC WINE,3.0,9210.509999999958,249,653
PRODUCE,SQUASH,3.0,551.06,186,312
DRUG GM,FILM AND CAMERA PRODUCTS,3.0,892.2000000000003,121,134
GROCERY,OLIVES,3.0,795.6000000000004,284,390
DELI,SANDWICHES,3.0,494.60999999999996,65,116
NUTRITION,RICE CAKES,3.0,336.52,67,114
DRUG GM,KITCHEN GADGETS,3.0,1023.2900000000009,225,269
DRUG GM,DOMESTIC GOODS,3.0,392.48999999999995,59,63
NUTRITION,BEVERAGE,3.0,209.45,26,62
DRUG GM,PLASTIC HOUSEWARES,3.0,1128.88,223,264
NUTRITION,CONDIMENTS,3.0,209.81,29,47
DELI,SERVICE BEVERAGE,3.0,35.760000000000005,22,32
DELI,DELI SUPPLIES,3.0,107.84,29,31
NUTRITION,PREPARED/PKGD FOODS,3.0,371.86,52,94
DRUG GM,NATURAL HBC,3.0,4.69,1,1
RESTAURANT,COFFEE SHOP,3.0,78.71,16,23
COSMETICS,COSMETIC ACCESSORIES,3.0,149.53,15,15
DRUG GM,SMOKING CESSATIONS,3.0,364.84000000000003,5,10
COSMETICS,FRAGRANCES,3.0,273.34000000000003,11,11
MEAT,SMOKED MEATS,5.0,3642.0799999999995,388,559
PRODUCE,HERBS,5.0,515.4000000000003,270,384
GROCERY,REFRGRATD JUICES/DRNKS,5.0,10299.85000000001,1173,3692
GROCERY,PAPER HOUSEWARES,5.0,3784.8900000000076,645,1164
GROCERY,WATER - CARBONATED/FLVRD DRINK,5.0,9030.229999999941,940,2597
NUTRITION,DRIED FRUIT,5.0,1278.430000000001,279,439
NUTRITION,FROZEN,5.0,1415.4200000000003,101,215
PRODUCE,MELONS,5.0,2777.9700000000066,456,793
NUTRITION,NON-DAIRY BEVERAGES,5.0,300.33,30,82
GROCERY,SOUP,5.0,9526.319999999963,1119,2756
GROCERY,MOLASSES/SYRUP/PANCAKE MIXS,5.0,1778.7300000000014,425,603
GROCERY,DINNER MXS:DRY,5.0,6310.920000000011,870,1830
PRODUCE,CORN,5.0,1200.9300000000005,414,731
GROCERY,FROZEN BREAD/DOUGH,5.0,2565.3000000000034,586,983
DRUG GM,CIGARETTES,5.0,13188.250000000007,426,1522
DRUG GM,GREETING CARDS/WRAP/PARTY SPLY,5.0,6021.719999999999,726,1311
GROCERY,DRY BN/VEG/POTATO/RICE,5.0,5236.220000000008,925,1842
GROCERY,SUGARS/SWEETNERS,5.0,3550.3499999999985,762,1337
PASTRY,PIES,5.0,1546.6800000000017,221,348
KIOSK-GAS,COUPON/MISC ITEMS,5.0,84723.36999999985,708,3036
GROCERY,CAT FOOD,5.0,4929.670000000001,348,985
DRUG GM,PREPAID WIRELESS&ACCESSORIES,5.0,2589.9,74,144
DRUG GM,ELECTRICAL SUPPPLIES,5.0,1146.0199999999995,252,319
DRUG GM,DIAPERS & DISPOSABLES,5.0,8604.119999999977,258,634
DRUG GM,INFANT CARE PRODUCTS,5.0,774.0200000000002,113,151
GROCERY,BLEACH,5.0,1362.37,373,505
PASTRY,CAKES,5.0,6182.519999999997,489,760
DRUG GM,SINUS AND ALLERGY,5.0,1935.7700000000013,175,238
FLORAL,FLORAL-FRESH CUT,5.0,3539.6600000000026,262,370
DRUG GM,GLASSES/VISION AIDS,5.0,147.05,22,26
DRUG GM,APPAREL,5.0,450.73,53,67
DRUG GM,DOLLAR VALUE PRODUCTS,5.0,17.74,15,15
NUTRITION,JUICE,5.0,585.1300000000001,84,154
PASTRY,BAKERY PARTY TRAYS,5.0,91.16,11,14
SEAFOOD,SEAFOOD - FROZEN,5.0,1282.2599999999998,90,137
FROZEN GROCERY,UNKNOWN,5.0,64.63999999999999,23,28
NUTRITION,BREAD,5.0,57.050000000000004,14,15
DRUG GM,VALENTINE,5.0,15.2,5,5
MEAT,(CORP USE ONLY),5.0,20.07,6,6
GM MERCH EXP,COUPON/MISC ITEMS,5.0,9.7,7,9
TRAVEL & LEISUR,TROPICAL FRUIT,5.0,2.1,2,2
DRUG GM,CANDY - PACKAGED,4.0,10052.909999999956,1086,3086
GROCERY,FROZEN PIZZA,4.0,21970.37999999984,1165,3469
GROCERY,HOT CEREAL,4.0,2755.3099999999986,542,906
GROCERY,MEAT - SHELF STABLE,4.0,8026.499999999991,924,2057
GROCERY,FD WRAPS/BAGS/TRSH BG,4.0,5836.95000000001,830,1535
GROCERY,BAG SNACKS,4.0,20924.969999999976,1552,5951
GROCERY,MARGARINES,4.0,3279.029999999999,986,1879
PRODUCE,TOMATOES,4.0,6083.580000000002,818,1964
PASTRY,SWEET GOODS & SNACKS,4.0,746.9900000000004,146,226
DRUG GM,HAIR CARE PRODUCTS,4.0,6323.740000000001,629,1134
DELI,DELI MEATS,4.0,14361.909999999973,780,2294
GROCERY,REFRGRATD DOUGH PRODUCTS,4.0,6403.800000000016,938,2046
GROCERY,BAKING MIXES,4.0,4510.71000000001,870,1677
GROCERY,COOKIES/CONES,4.0,6887.790000000012,949,2178
GROCERY,DISHWASH DETERGENTS,4.0,2740.5900000000024,569,884
DRUG GM,SPRING/SUMMER SEASONAL,4.0,978.6300000000003,130,146
PASTRY,COOKIES,4.0,1729.0500000000004,313,444
KIOSK-GAS,FUEL,4.0,3208.08,70,196
GROCERY,HOUSEHOLD CLEANG NEEDS,4.0,5353.220000000011,589,1022
MISC SALES TRAN,COUPON/MISC ITEMS,4.0,15716.459999999988,461,884
GROCERY,FLOUR & MEALS,4.0,756.4599999999998,318,409
DRUG GM,NEWSPAPER,4.0,824.8399999999999,267,640
DRUG GM,HOSIERY/SOCKS,4.0,589.4900000000001,96,124
DRUG GM,TICKETS,4.0,779.0700000000002,77,93
MEAT-PCKGD,MISCELLANEOUS,4.0,847.9600000000002,258,340
DRUG GM,ANTACIDS,4.0,1765.8100000000009,197,274
FLORAL,FLORAL-FOLIAGE PLANTS,4.0,250.23,25,29
GROCERY,FROZEN CHICKEN,4.0,397.61,17,37
DRUG GM,ADULT INCONTINENCE,4.0,566.1800000000001,31,61
CHEF SHOPPE,UNKNOWN,4.0,30.389999999999997,10,11
NUTRITION,BABYFOOD,4.0,131.66000000000003,9,23
DRUG GM,FALL AND WINTER SEASONAL,4.0,271.56,29,32
DRUG GM,LONG DISTANCE CALLING CARDS,4.0,84.49000000000001,8,8
DRUG GM,HOME FURNISHINGS,4.0,107.53,5,5
FLORAL,FLORAL-ACCESSORIES,6.0,11.370000000000001,3,3
DRUG GM,MISCELLANEOUS HBC,6.0,5.98,2,2
FLORAL,FLORAL- HARD GOODS,1.0,68.93,11,11
DRUG GM,MISCELLANEOUS HBC,1.0,23.92,6,7
RESTAURANT,QUICK SERVICE,1.0,38.050000000000004,6,6
FLORAL,FLORAL-ACCESSORIES,1.0,33.46,3,3
NUTRITION,NON EDIBLE PRODUCTS,1.0,3.89,1,1
PORK,PORK,1.0,7.96,1,1
DRUG GM,HOME FREEZING & CANNING SUPPLY,1.0,8.27,2,2
MEAT,MEAT - MISC,4.0,4.85,2,2
FLORAL,GIFT & FRUIT BASKETS,5.0,6.99,1,1
FLORAL,EASTER LILY,5.0,31.98,1,1
PRODUCE,SALAD BAR,5.0,12.510000000000002,2,3
SALAD BAR,PROD SUPPLIES,2.0,4.69,1,1
GROCERY,DINNER MXS:DRY,7.0,6877.360000000008,950,1957
GROCERY,REFRGRATD JUICES/DRNKS,7.0,9684.849999999988,1121,3315
DRUG GM,GREETING CARDS/WRAP/PARTY SPLY,7.0,4244.280000000009,578,981
NUTRITION,DRIED FRUIT,7.0,1633.2500000000007,315,495
GROCERY,SOUP,7.0,15259.849999999939,1371,3978
KIOSK-GAS,COUPON/MISC ITEMS,7.0,69904.68000000001,716,2957
FLORAL,FLORAL-FRESH CUT,7.0,3051.3700000000017,236,337
GROCERY,DRY BN/VEG/POTATO/RICE,7.0,5170.810000000009,911,1867
DRUG GM,DIAPERS & DISPOSABLES,7.0,8934.399999999976,266,707
SEAFOOD,SEAFOOD - FROZEN,7.0,1245.13,86,132
PRODUCE,MELONS,7.0,847.7300000000002,169,261
PASTRY,PIES,7.0,2608.2200000000034,349,551
GROCERY,FROZEN BREAD/DOUGH,7.0,2984.7100000000023,634,1120
GROCERY,WATER - CARBONATED/FLVRD DRINK,7.0,8304.15999999996,778,2262
GROCERY,PAPER HOUSEWARES,7.0,3890.750000000007,640,1136
GROCERY,MOLASSES/SYRUP/PANCAKE MIXS,7.0,2070.9200000000005,501,683
MEAT,SMOKED MEATS,7.0,5654.399999999998,451,696
NUTRITION,JUICE,7.0,471.8399999999999,67,113
PASTRY,CAKES,7.0,5499.570000000002,416,629
DRUG GM,CIGARETTES,7.0,13148.710000000012,414,1463
GROCERY,CAT FOOD,7.0,5031.340000000004,352,978
GROCERY,SUGARS/SWEETNERS,7.0,4442.040000000015,862,1590
DRUG GM,PREPAID WIRELESS&ACCESSORIES,7.0,2639.5600000000004,71,131
GROCERY,BLEACH,7.0,1421.6300000000022,355,493
DRUG GM,APPAREL,7.0,584.96,43,49
PRODUCE,HERBS,7.0,542.2599999999999,274,443
DRUG GM,ELECTRICAL SUPPPLIES,7.0,1802.1499999999996,322,445
PASTRY,BAKERY PARTY TRAYS,7.0,282.99,30,34
DRUG GM,SINUS AND ALLERGY,7.0,1570.2200000000007,169,228
PRODUCE,CORN,7.0,111.94,45,61
FROZEN GROCERY,UNKNOWN,7.0,161.36,37,43
DRUG GM,INFANT CARE PRODUCTS,7.0,925.9800000000004,105,157
NUTRITION,FROZEN,7.0,1656.9800000000014,105,227
NUTRITION,NON-DAIRY BEVERAGES,7.0,295.46000000000004,29,67
NUTRITION,BREAD,7.0,31.790000000000003,10,11
DRUG GM,DOLLAR VALUE PRODUCTS,7.0,15.85,4,5
FLORAL,BOUQUET (NON ROSE),7.0,53.93000000000001,7,7
DRUG GM,GLASSES/VISION AIDS,7.0,136.89999999999998,12,12
FLORAL,GIFT & FRUIT BASKETS,7.0,34.43,3,4
MEAT,(CORP USE ONLY),7.0,63.269999999999996,8,10
VIDEO,BEERS/ALES,7.0,12.79,1,1
DRUG GM,VALENTINE,7.0,1.0,1,1
GM MERCH EXP,COUPON/MISC ITEMS,7.0,11.13,4,6
NUTRITION,ORGANICS FRUIT & VEGETABLES,4.0,2.99,1,1
DRUG GM,CONTINUITIES,4.0,7.99,2,2
DRUG GM,HOME HEALTH CARE,6.0,15.24,2,2
SALAD BAR,PROD SUPPLIES,3.0,14.25,2,2
GROCERY,SOUP,8.0,13958.389999999914,1280,3417
GROCERY,DINNER MXS:DRY,8.0,5485.330000000011,821,1582
GROCERY,SUGARS/SWEETNERS,8.0,3451.42,741,1210
GROCERY,PAPER HOUSEWARES,8.0,3297.8600000000088,543,945
GROCERY,REFRGRATD JUICES/DRNKS,8.0,9001.260000000015,1024,2844
GROCERY,MOLASSES/SYRUP/PANCAKE MIXS,8.0,1791.0199999999998,435,602
GROCERY,BLEACH,8.0,1057.7800000000004,287,379
DRUG GM,GREETING CARDS/WRAP/PARTY SPLY,8.0,4356.670000000008,590,954
GROCERY,WATER - CARBONATED/FLVRD DRINK,8.0,7926.15999999996,807,2136
NUTRITION,FROZEN,8.0,1317.670000000001,92,196
DRUG GM,DIAPERS & DISPOSABLES,8.0,7516.489999999987,247,548
DRUG GM,VALENTINE,8.0,1026.3200000000015,187,223
KIOSK-GAS,COUPON/MISC ITEMS,8.0,56963.93999999997,609,2316
PRODUCE,MELONS,8.0,574.8599999999999,149,214
DRUG GM,CIGARETTES,8.0,10041.020000000028,373,1156
GROCERY,DRY BN/VEG/POTATO/RICE,8.0,4676.200000000013,903,1664
GROCERY,FROZEN BREAD/DOUGH,8.0,2423.420000000001,542,879
FROZEN GROCERY,UNKNOWN,8.0,126.91000000000001,42,54
NUTRITION,DRIED FRUIT,8.0,1333.0100000000011,260,396
PASTRY,CAKES,8.0,4310.000000000003,374,509
PRODUCE,HERBS,8.0,623.4000000000001,270,426
DRUG GM,SINUS AND ALLERGY,8.0,1211.9600000000005,138,189
MEAT,SMOKED MEATS,8.0,3747.4100000000003,376,532
GROCERY,CAT FOOD,8.0,4150.889999999997,304,757
FLORAL,FLORAL-FRESH CUT,8.0,2300.030000000001,185,230
DRUG GM,PREPAID WIRELESS&ACCESSORIES,8.0,2919.46,72,128
DRUG GM,ELECTRICAL SUPPPLIES,8.0,1418.9199999999998,288,353
DRUG GM,INFANT CARE PRODUCTS,8.0,949.2800000000004,118,156
NUTRITION,JUICE,8.0,500.86000000000007,65,102
NUTRITION,BREAD,8.0,73.25,21,23
PASTRY,PIES,8.0,1223.0600000000013,183,264
SEAFOOD,SEAFOOD - FROZEN,8.0,1237.6799999999998,105,140
DRUG GM,DOLLAR VALUE PRODUCTS,8.0,122.03,53,57
PASTRY,BAKERY PARTY TRAYS,8.0,193.47,21,24
MEAT,(CORP USE ONLY),8.0,29.67,6,6
NUTRITION,NON-DAIRY BEVERAGES,8.0,313.90999999999997,31,71
GM MERCH EXP,COUPON/MISC ITEMS,8.0,35.66,10,12
PRODUCE,CORN,8.0,30.8,17,20
DRUG GM,GLASSES/VISION AIDS,8.0,222.72999999999996,12,16
FLORAL,GIFT & FRUIT BASKETS,8.0,78.77,5,5
DRUG GM,APPAREL,8.0,318.39000000000004,35,40
FLORAL,BOUQUET (NON ROSE),8.0,26.97,3,3
VIDEO,BEERS/ALES,8.0,21.98,2,2
SEAFOOD,MEAT SUPPLIES,4.0,45.760000000000005,3,3
AUTOMOTIVE,NEWSPAPER,8.0,0.5,1,1
GROCERY,CONDIMENTS/SAUCES,1.0,2935.390000000004,637,1088
PRODUCE,BERRIES,1.0,2033.2200000000016,397,672
MEAT,PORK,1.0,4712.279999999994,427,629
GROCERY,SOFT DRINKS,1.0,17467.05000000036,1100,3838
GROCERY,LIQUOR,1.0,130.28999999999996,28,34
SPIRITS,LIQUOR,1.0,1275.200000000001,56,105
GROCERY,SEAFOOD - SHELF STABLE,1.0,1254.1099999999994,269,376
GROCERY,PNT BTR/JELLY/JAMS,1.0,1786.2600000000018,369,529
MEAT-PCKGD,HOT DOGS,1.0,2252.9399999999955,468,708
GROCERY,BAKED SWEET GOODS,1.0,2591.5099999999998,492,902
PRODUCE,ONIONS,1.0,1076.2100000000019,461,750
PRODUCE,SALAD MIX,1.0,2190.750000000003,421,741
PRODUCE,STONE FRUIT,1.0,675.9800000000001,179,233
GROCERY,MISC. DAIRY,1.0,1351.829999999999,281,422
GROCERY,FRZN ICE,1.0,498.170000000001,131,189
DELI,SALADS/DIPS,1.0,1410.1400000000021,251,344
PRODUCE,CARROTS,1.0,722.0800000000036,286,357
GROCERY,MILK BY-PRODUCTS,1.0,2053.2700000000013,529,937
GARDEN CENTER,GARDEN CENTER,1.0,1013.7500000000005,66,83
DRUG GM,FEMININE HYGIENE,1.0,928.1799999999996,167,208
SALAD BAR,SALAD BAR,1.0,1948.1399999999999,241,494
NUTRITION,SNKS/CKYS/CRKR/CNDY,1.0,141.29,23,41
NUTRITION,REFRIGERATED,1.0,1066.750000000001,125,278
GROCERY,DRY MIX DESSERTS,1.0,508.73999999999995,173,233
DRUG GM,SHAVING CARE PRODUCTS,1.0,1087.69,138,162
DRUG GM,INSECTICIDES,1.0,292.9400000000001,53,55
DRUG GM,BABY FOODS,1.0,1070.1099999999954,93,198
DRUG GM,BOOKSTORE,1.0,775.1900000000003,57,71
MISC. TRANS.,NO COMMODITY DESCRIPTION,1.0,672.3500000000003,62,70
FLORAL,FLORAL BALLOONS,1.0,190.71000000000004,19,19
GROCERY,EGGS,2.0,4576.290000000027,1339,3494
GROCERY,BATH TISSUES,2.0,7218.809999999974,856,1748
PRODUCE,VALUE ADDED VEGETABLES,2.0,945.7900000000008,156,249
 , ,2.0,0.0,539,942
NUTRITION,WATER,2.0,479.94000000000005,117,199
POSTAL CENTER,CANDY - PACKAGED,2.0,1.89,1,1
COSMETICS,BATH,2.0,492.35,95,112
DELI,CHICKEN/POULTRY,2.0,4414.090000000002,425,901
MEAT,CHICKEN,2.0,13232.52,969,2131
DRUG GM,INFANT FORMULA,2.0,7949.509999999996,137,419
PRODUCE,APPLES,2.0,3479.220000000003,672,1294
PRODUCE,NUTS,2.0,839.0700000000004,116,178
PRODUCE,POPCORN,2.0,1686.9400000000023,343,506
GROCERY,LAUNDRY ADDITIVES,2.0,2585.300000000003,408,587
DRUG GM,ETHNIC PERSONAL CARE,2.0,109.58,33,36
DELI,PREPARED FOOD,2.0,2453.0600000000004,303,588
DRUG GM,LAWN AND GARDEN SHOP,2.0,580.01,49,66
NUTRITION,PACKAGED NATURAL SNACKS,2.0,96.03999999999999,34,38
DRUG GM,COFFEE FILTERS,2.0,440.47,150,168
GROCERY,CAT LITTER,2.0,1942.2600000000016,195,354
NUTRITION,SOUP,2.0,135.92000000000002,23,34
DRUG GM,FAMILY PLANNING,2.0,622.81,66,74
COUP/STR & MFG,COUPONS/STORE & MFG,2.0,133.06,102,154
MEAT,VEAL,2.0,125.02000000000001,20,26
TRAVEL & LEISUR,APPLES,2.0,319.52,93,109
DRUG GM,CIGARS,2.0,81.62,16,24
DRUG GM,SPORTS MEMORABLILIA,2.0,131.50999999999996,25,26
PRODUCE,SEASONAL,2.0,19.950000000000003,5,5
DRUG GM,PORTABLE ELECTRIC APPLIANCES,2.0,236.76999999999998,13,14
RESTAURANT,COFFEE SHOP SWEET GOODS&RETAIL,2.0,25.75,5,5
PROD-WHS SALES,PROD SUPPLIES,2.0,5.0,1,1
PRODUCE,BERRIES,6.0,5890.640000000003,731,1599
PRODUCE,SALAD MIX,6.0,6572.750000000009,898,2279
DRUG GM,BABY FOODS,6.0,2822.5899999999983,173,538
MEAT-PCKGD,HOT DOGS,6.0,5726.570000000004,927,1913
DELI,SALADS/DIPS,6.0,4165.370000000006,542,997
GROCERY,MILK BY-PRODUCTS,6.0,5977.050000000017,1126,2826
MISC. TRANS.,NO COMMODITY DESCRIPTION,6.0,1357.4200000000005,264,378
PRODUCE,ONIONS,6.0,3136.200000000003,1000,2198
NUTRITION,REFRIGERATED,6.0,3894.5500000000015,263,779
GROCERY,CONDIMENTS/SAUCES,6.0,6256.020000000019,1176,2505
PRODUCE,STONE FRUIT,6.0,7163.980000000001,823,2084
GROCERY,SOFT DRINKS,6.0,46865.51000000012,1776,10049
PRODUCE,CARROTS,6.0,2142.5600000000045,617,1077
GROCERY,PNT BTR/JELLY/JAMS,6.0,4340.860000000004,833,1455
GROCERY,SEAFOOD - SHELF STABLE,6.0,3326.5300000000007,573,1020
MEAT,PORK,6.0,13199.590000000002,843,1739
GROCERY,BAKED SWEET GOODS,6.0,8143.230000000003,962,2691
DRUG GM,SHAVING CARE PRODUCTS,6.0,3533.8600000000024,369,508
DRUG GM,SEWING,6.0,31.88,16,16
NUTRITION,SNKS/CKYS/CRKR/CNDY,6.0,518.0400000000001,84,132
GROCERY,DRY MIX DESSERTS,6.0,1583.6499999999974,499,791
GROCERY,MISC. DAIRY,6.0,2934.0400000000022,542,927
DRUG GM,INSECTICIDES,6.0,884.7800000000002,152,171
SALAD BAR,SALAD BAR,6.0,4144.650000000002,422,1145
DRUG GM,FEMININE HYGIENE,6.0,2957.7000000000003,413,618
GROCERY,FRZN ICE,6.0,1571.510000000001,317,505
GARDEN CENTER,GARDEN CENTER,6.0,475.28999999999996,34,43
GROCERY,BOTTLE DEPOSITS,6.0,6.699999999999999,3,5
GROCERY,LIQUOR,6.0,398.82999999999987,69,82
FLORAL,FLORAL-FLOWERING PLANTS,6.0,448.88,46,51
SPIRITS,LIQUOR,6.0,2983.9800000000023,141,263
DRUG GM,BOOKSTORE,6.0,1783.9200000000005,142,190
FLORAL,FLORAL BALLOONS,6.0,229.64,29,30
GROCERY,FRZN SEAFOOD,6.0,29.94,4,4
NUTRITION,DRY TEA/COFFEE/COCO MIX,6.0,81.50999999999999,12,15
PHOTO,REFRGRATD DOUGH PRODUCTS,6.0,17.32,7,7
MEAT,LAMB,6.0,108.14999999999999,8,22
GARDEN CENTER,UNKNOWN,6.0,24.48,7,7
COSMETICS,COUPON/MISC ITEMS,6.0,28.16,7,7
RX,PHARMACY,6.0,10.99,1,1
GROCERY,BATH TISSUES,3.0,7656.219999999987,831,1774
GROCERY,EGGS,3.0,5607.260000000026,1365,3863
PRODUCE,APPLES,3.0,5450.260000000003,823,1938
COUP/STR & MFG,COUPONS/STORE & MFG,3.0,104.85,73,132
MEAT,CHICKEN,3.0,12541.479999999996,893,1980
DRUG GM,ETHNIC PERSONAL CARE,3.0,132.75,22,28
GROCERY,LAUNDRY ADDITIVES,3.0,2592.250000000002,392,609
DELI,CHICKEN/POULTRY,3.0,3896.8300000000017,384,741
GROCERY,CAT LITTER,3.0,2075.2700000000013,201,382
NUTRITION,SOUP,3.0,221.64,35,49
TRAVEL & LEISUR,APPLES,3.0,464.91999999999996,141,167
DRUG GM,COFFEE FILTERS,3.0,581.4200000000001,202,243
 , ,3.0,0.0,418,785
DELI,PREPARED FOOD,3.0,3336.670000000001,303,682
DRUG GM,INFANT FORMULA,3.0,7295.989999999997,127,392
PRODUCE,NUTS,3.0,1543.3200000000015,187,294
PRODUCE,VALUE ADDED VEGETABLES,3.0,1101.1700000000008,164,248
PRODUCE,POPCORN,3.0,1758.2800000000016,376,553
NUTRITION,WATER,3.0,201.60000000000002,63,95
PRODUCE,SEASONAL,3.0,686.8400000000003,101,112
COSMETICS,BATH,3.0,614.49,112,136
PRODUCE,MISCELLANEOUS(CORP USE ONLY),3.0,2.29,1,1
DRUG GM,FAMILY PLANNING,3.0,669.5300000000001,69,78
NUTRITION,PACKAGED NATURAL SNACKS,3.0,154.6,46,62
DRUG GM,SPORTS MEMORABLILIA,3.0,195.78,19,20
MEAT,VEAL,3.0,143.85,21,24
DRUG GM,CIGARS,3.0,80.22000000000001,19,26
DRUG GM,PORTABLE ELECTRIC APPLIANCES,3.0,179.68,18,18
NUTRITION,NATURAL VITAMINS,3.0,14.98,2,2
GROCERY,LAUNDRY DETERGENTS,5.0,7807.439999999965,695,1213
MEAT-PCKGD,MEAT - MISC,5.0,10313.849999999915,708,1334
GROCERY,FRZN VEGETABLE/VEG DSH,5.0,6077.790000000019,826,1800
GROCERY,FRZN FRUITS,5.0,950.94,111,184
DELI,DELI SPECIALTIES (RETAIL PK),5.0,137.34000000000003,47,51
GROCERY,COFFEE,5.0,8583.599999999959,678,1536
GROCERY,SNACK NUTS,5.0,2237.6100000000015,360,615
DRUG GM,HAIR CARE ACCESSORIES,5.0,628.4500000000004,166,192
PRODUCE,TROPICAL FRUIT,5.0,6285.500000000002,1238,4706
DRUG GM,CHARCOAL AND LIGHTER FLUID,5.0,2292.2000000000025,270,390
DRUG GM,COLD AND FLU,5.0,2914.1600000000026,357,531
MEAT,BEEF,5.0,46937.620000000024,1444,5355
PRODUCE,CITRUS,5.0,3292.920000000001,684,1538
PRODUCE,ORGANICS FRUIT & VEGETABLES,5.0,2637.8800000000024,421,819
GROCERY,FRZN JCE CONC/DRNKS,5.0,831.7899999999997,149,257
MEAT-PCKGD,FROZEN MEAT,5.0,7009.919999999989,585,1155
MEAT-PCKGD,BACON,5.0,6078.7199999999975,740,1467
PRODUCE,BROCCOLI/CAULIFLOWER,5.0,1309.0100000000027,326,628
MEAT,TURKEY,5.0,1470.7100000000012,158,254
GROCERY,FROZEN PIE/DESSERTS,5.0,3123.2400000000025,541,927
GROCERY,IMPORTED WINE,5.0,2791.720000000002,119,223
DRUG GM,HAND/BODY/FACIAL PRODUCTS,5.0,2860.380000000003,292,406
GROCERY,DOG FOODS,5.0,7651.04999999999,415,1037
DRUG GM,TOBACCO OTHER,5.0,501.1299999999999,82,125
DRUG GM,STATIONERY & SCHOOL SUPPLIES,5.0,2122.8300000000017,367,540
DRUG GM,AUTOMOTIVE PRODUCTS,5.0,439.04999999999995,87,102
DRUG GM,IN-STORE PHOTOFINISHING,5.0,1140.39,77,115
GROCERY,MISC WINE,5.0,966.0800000000006,114,142
DRUG GM,HARDWARE SUPPLIES,5.0,684.2000000000004,127,160
GROCERY,SYRUPS/TOPPINGS,5.0,383.18999999999994,127,151
GROCERY,BIRD SEED,5.0,240.26999999999998,33,53
DRUG GM,LAXATIVES,5.0,1295.2800000000007,129,209
DELI,SNACKS,5.0,540.1500000000001,118,169
GRO BAKERY,SNACK NUTS,5.0,2.18,1,1
DRUG GM,DISPOSIBLE FOILWARE,5.0,478.6,99,117
SEAFOOD-PCKGD,SEAFOOD-FRESH,5.0,498.10999999999996,98,149
DRUG GM,PERSONAL CARE APPLIANCES,5.0,623.0200000000001,43,45
DRUG GM,CHRISTMAS  SEASONAL,5.0,94.93,25,28
DRUG GM,OVERNIGHT PHOTOFINISHING,5.0,91.29,11,15
AUTOMOTIVE,COUPON,5.0,98.74999999999999,10,10
PRODUCE,PROD SUPPLIES,5.0,9.97,2,3
GROCERY,RESTRICTED DIET,5.0,17.150000000000002,6,6
MEAT,RW FRESH PROCESSED MEAT,5.0,4.279999999999999,3,4
DRUG GM,CANDY - CHECKLANE,4.0,4248.3900000000085,1092,3329
GROCERY,FRZN MEAT/MEAT DINNERS,4.0,23384.089999999887,1143,3255
GROCERY,BEANS - CANNED GLASS & MW,4.0,2388.6399999999994,687,1238
GROCERY,HISPANIC,4.0,7242.430000000007,958,2155
GROCERY,SPICES & EXTRACTS,4.0,4071.0500000000065,813,1319
GROCERY,DRY NOODLES/PASTA,4.0,3473.3500000000067,992,2029
GROCERY,CHEESE,4.0,27791.6899999999,1650,6624
DRUG GM,TOYS AND GAMES,4.0,1879.9800000000012,181,249
GROCERY,SALD DRSNG/SNDWCH SPRD,4.0,7133.610000000004,1131,2406
GROCERY,CRACKERS/MISC BKD FD,4.0,9042.17999999999,1255,3234
GROCERY,FRUIT - SHELF STABLE,4.0,6448.030000000015,899,1994
GROCERY,ICE CREAM/MILK/SHERBTS,4.0,10967.889999999945,1094,2636
GROCERY,FRZN BREAKFAST FOODS,4.0,3656.1099999999983,541,1075
GROCERY,PET CARE SUPPLIES,4.0,1683.8700000000015,209,351
PRODUCE,GRAPES,4.0,4564.350000000002,789,1460
PRODUCE,VEGETABLES SALAD,4.0,1791.0500000000086,668,1440
PASTRY,ROLLS,4.0,1454.5900000000015,366,697
DRUG GM,CANDLES/ACCESSORIES,4.0,1235.8900000000008,173,239
GROCERY,TEAS,4.0,1674.9900000000002,343,490
DRUG GM,BABY HBC,4.0,2348.040000000004,317,585
GROCERY,PAPER TOWELS,4.0,4162.810000000001,666,1370
PRODUCE,PROCESSED,4.0,2176.090000000003,410,684
PRODUCE,MUSHROOMS,4.0,1781.9000000000033,355,703
DRUG GM,FIRST AID PRODUCTS,4.0,1555.420000000001,272,354
SEAFOOD,SEAFOOD-FRESH,4.0,3068.75,230,398
DRUG GM,BATTERIES,4.0,2423.85,285,368
NUTRITION,CEREAL/BREAKFAST,4.0,989.9800000000002,98,206
GROCERY,PWDR/CRYSTL DRNK MX,4.0,2012.4999999999955,371,663
GROCERY,FRZN POTATOES,4.0,3165.739999999994,624,1179
DRUG GM,J-HOOKS,4.0,384.9199999999999,114,124
SEAFOOD-PCKGD,SEAFOOD - MISC,4.0,391.07,171,203
GROCERY,NEW AGE,4.0,104.75999999999998,30,44
DRUG GM,FOOT CARE PRODUCTS,4.0,421.38,59,66
DELI,PARTY TRAYS,4.0,1425.9700000000003,63,72
DELI,SUSHI,4.0,667.0899999999999,36,73
MEAT,EXOTIC GAME/FOWL,4.0,156.75,23,23
DRUG GM,GLASSWARE & DINNERWARE,4.0,78.96000000000001,10,10
MEAT,LAMB,1.0,55.17,7,12
GROCERY,BOTTLE DEPOSITS,1.0,14.099999999999996,7,15
FLORAL,FLORAL-FLOWERING PLANTS,1.0,203.79000000000005,23,24
NUTRITION,DRY TEA/COFFEE/COCO MIX,1.0,25.630000000000003,4,4
GROCERY,FRZN SEAFOOD,1.0,17.950000000000003,4,4
DRUG GM,SEWING,1.0,52.15,4,6
GARDEN CENTER,UNKNOWN,1.0,152.89,7,8
COSMETICS,COUPON/MISC ITEMS,1.0,6.74,2,2
MEAT,MEAT SUPPLIES,5.0,17.080000000000002,2,2
NUTRITION,NATURAL VITAMINS,2.0,34.38,2,2
DRUG GM,LAWN AND GARDEN SHOP,3.0,34.76,5,5
RESTAURANT,COFFEE SHOP SWEET GOODS&RETAIL,3.0,57.64999999999999,6,6
GROCERY,FRZN VEGETABLE/VEG DSH,7.0,6931.719999999999,900,2022
PRODUCE,ORGANICS FRUIT & VEGETABLES,7.0,2734.0600000000027,434,833
DRUG GM,STATIONERY & SCHOOL SUPPLIES,7.0,2349.4000000000033,404,596
PRODUCE,CITRUS,7.0,3789.4200000000023,663,1356
GROCERY,FRZN JCE CONC/DRNKS,7.0,757.6399999999994,144,266
PRODUCE,TROPICAL FRUIT,7.0,5816.699999999997,1244,4571
PRODUCE,BROCCOLI/CAULIFLOWER,7.0,1527.1500000000024,341,619
MEAT,BEEF,7.0,40759.97999999991,1437,4957
GROCERY,DOG FOODS,7.0,8742.299999999974,412,1099
MEAT-PCKGD,MEAT - MISC,7.0,8114.369999999975,616,1081
MEAT-PCKGD,FROZEN MEAT,7.0,7515.109999999986,631,1169
MEAT,TURKEY,7.0,5731.869999999994,445,644
DRUG GM,OVERNIGHT PHOTOFINISHING,7.0,323.15999999999997,16,22
GROCERY,SNACK NUTS,7.0,2503.630000000003,384,665
GROCERY,COFFEE,7.0,10521.709999999941,800,1848
DRUG GM,COLD AND FLU,7.0,4732.1000000000095,579,913
DRUG GM,HAND/BODY/FACIAL PRODUCTS,7.0,3081.430000000003,284,405
GROCERY,LAUNDRY DETERGENTS,7.0,8598.999999999964,685,1201
DRUG GM,HARDWARE SUPPLIES,7.0,772.3300000000002,148,161
GROCERY,FROZEN PIE/DESSERTS,7.0,4132.0199999999995,676,1200
MEAT-PCKGD,BACON,7.0,5985.110000000001,743,1458
GROCERY,IMPORTED WINE,7.0,3069.600000000002,133,254
DRUG GM,LAXATIVES,7.0,1232.8800000000003,123,189
GROCERY,MISC WINE,7.0,1191.9300000000005,120,154
SEAFOOD-PCKGD,SEAFOOD-FRESH,7.0,657.0200000000002,100,125
DRUG GM,CHARCOAL AND LIGHTER FLUID,7.0,1235.1800000000003,142,200
DRUG GM,IN-STORE PHOTOFINISHING,7.0,1122.73,78,106
DRUG GM,CHRISTMAS  SEASONAL,7.0,3512.4499999999953,390,557
GROCERY,FRZN FRUITS,7.0,898.7800000000002,91,153
GROCERY,SYRUPS/TOPPINGS,7.0,381.1999999999999,119,137
DRUG GM,TOBACCO OTHER,7.0,583.5299999999999,99,151
DRUG GM,DISPOSIBLE FOILWARE,7.0,638.1900000000003,166,184
DRUG GM,HAIR CARE ACCESSORIES,7.0,606.8700000000003,143,171
GROCERY,BIRD SEED,7.0,105.65000000000002,17,22
DRUG GM,AUTOMOTIVE PRODUCTS,7.0,505.30999999999995,91,110
DELI,SNACKS,7.0,711.9100000000001,132,205
AUTOMOTIVE,COUPON,7.0,64.05,8,8
MEAT,MEAT SUPPLIES,7.0,5.79,1,1
DELI,DELI SPECIALTIES (RETAIL PK),7.0,118.89,36,38
DRUG GM,PERSONAL CARE APPLIANCES,7.0,280.62,16,17
GROCERY,RESTRICTED DIET,7.0,14.94,6,6
PRODUCE,PROD SUPPLIES,7.0,0.5,1,1
DRUG GM,WATCHES/CALCULATORS/LOBBY,4.0,13.73,3,3
MEAT-WHSE,COUPON,6.0,7.0,5,6
DRUG GM,HALLOWEEN,6.0,119.98000000000002,21,21
MEAT,RW FRESH PROCESSED MEAT,7.0,6.76,3,3
PRODUCE,TROPICAL FRUIT,8.0,4637.729999999999,1194,3957
MEAT-PCKGD,MEAT - MISC,8.0,7327.099999999975,566,935
GROCERY,COFFEE,8.0,8323.82999999996,710,1463
GROCERY,FRZN VEGETABLE/VEG DSH,8.0,6222.550000000003,805,1718
GROCERY,IMPORTED WINE,8.0,3285.2600000000025,130,258
DELI,SNACKS,8.0,614.5000000000005,112,187
PRODUCE,ORGANICS FRUIT & VEGETABLES,8.0,2421.2900000000027,415,724
GROCERY,LAUNDRY DETERGENTS,8.0,6365.130000000003,583,942
PRODUCE,BROCCOLI/CAULIFLOWER,8.0,1379.030000000003,286,511
DRUG GM,STATIONERY & SCHOOL SUPPLIES,8.0,2381.6500000000024,380,549
PRODUCE,CITRUS,8.0,4315.250000000002,736,1594
DRUG GM,HAND/BODY/FACIAL PRODUCTS,8.0,3073.610000000002,287,402
MEAT,BEEF,8.0,36015.22999999993,1385,4315
GROCERY,FROZEN PIE/DESSERTS,8.0,2347.300000000002,458,705
GROCERY,SNACK NUTS,8.0,2419.9500000000016,380,632
DRUG GM,DISPOSIBLE FOILWARE,8.0,370.7500000000001,99,112
DRUG GM,COLD AND FLU,8.0,5237.610000000008,560,902
MEAT-PCKGD,BACON,8.0,5703.66,685,1316
MEAT-PCKGD,FROZEN MEAT,8.0,6952.86999999999,571,1038
DRUG GM,LAXATIVES,8.0,1393.3200000000002,140,199
DRUG GM,CHARCOAL AND LIGHTER FLUID,8.0,1715.610000000001,119,206
GROCERY,DOG FOODS,8.0,7395.999999999986,401,921
DRUG GM,HAIR CARE ACCESSORIES,8.0,547.3800000000002,133,150
GROCERY,FRZN JCE CONC/DRNKS,8.0,758.6199999999994,130,231
GROCERY,SYRUPS/TOPPINGS,8.0,277.04999999999995,86,102
GROCERY,FRZN FRUITS,8.0,884.1400000000003,117,167
DRUG GM,AUTOMOTIVE PRODUCTS,8.0,507.2600000000002,123,147
GROCERY,BIRD SEED,8.0,181.72000000000003,33,45
SEAFOOD-PCKGD,SEAFOOD-FRESH,8.0,633.9800000000001,108,133
MEAT,TURKEY,8.0,2766.5200000000013,236,384
DRUG GM,HARDWARE SUPPLIES,8.0,698.76,129,155
GROCERY,MISC WINE,8.0,1764.0500000000015,142,203
DRUG GM,CHRISTMAS  SEASONAL,8.0,1914.4800000000018,301,383
DRUG GM,TOBACCO OTHER,8.0,379.25999999999993,81,111
DELI,DELI SPECIALTIES (RETAIL PK),8.0,79.22,26,28
DRUG GM,IN-STORE PHOTOFINISHING,8.0,717.3500000000001,47,65
DRUG GM,PERSONAL CARE APPLIANCES,8.0,181.26999999999998,14,15
AUTOMOTIVE,COUPON,8.0,41.370000000000005,7,7
GROCERY,RESTRICTED DIET,8.0,15.66,3,3
DRUG GM,OVERNIGHT PHOTOFINISHING,8.0,179.2,13,15
MEAT,LUNCHMEAT,7.0,2.2,1,1
MEAT,RW FRESH PROCESSED MEAT,8.0,9.66,3,3
DRUG GM,FIREWORKS,4.0,115.55,11,12
CNTRL/STORE SUP,COUPON/MISC ITEMS,4.0,1.0,2,2
DRUG GM,COUPON/MISC ITEMS,4.0,6.25,1,1
